date,period,offer_gbp_mwh,bid_gbp_mwh
2025-01-01,1,87.8,-4.82
2025-01-01,2,123.03,7.55
2025-01-01,3,91.92,0.52
2025-01-01,4,127.17,2.01
2025-01-01,5,89.31,25.74
2025-01-01,6,97.1,-21.58
2025-01-01,7,95.68,17.59
2025-01-01,8,121.86,-6.11
2025-01-01,9,90.0,34.45
2025-01-01,10,104.46,24.38
2025-01-01,11,126.79,16.72
2025-01-01,12,126.36,24.99
2025-01-01,13,146.5,-5.92
2025-01-01,14,156.74,11.71
2025-01-01,15,121.58,55.83
2025-01-01,16,117.59,43.1
2025-01-01,17,162.19,24.57
2025-01-01,18,146.2,31.65
2025-01-01,19,142.31,71.94
2025-01-01,20,123.22,64.06
2025-01-01,21,165.08,34.33
2025-01-01,22,113.43,9.66
2025-01-01,23,124.98,46.23
2025-01-01,24,147.62,42.76
2025-01-01,25,145.34,45.37
2025-01-01,26,168.12,65.41
2025-01-01,27,161.3,62.45
2025-01-01,28,168.17,74.43
2025-01-01,29,130.95,50.6
2025-01-01,30,177.21,68.73
2025-01-01,31,172.99,84.31
2025-01-01,32,143.22,69.65
2025-01-01,33,188.35,48.73
2025-01-01,34,169.5,60.8
2025-01-01,35,166.9,71.9
2025-01-01,36,177.28,111.66
2025-01-01,37,165.09,74.27
2025-01-01,38,187.72,41.65
2025-01-01,39,136.27,76.73
2025-01-01,40,138.07,55.98
2025-01-01,41,133.48,29.24
2025-01-01,42,121.15,61.52
2025-01-01,43,119.52,28.65
2025-01-01,44,117.5,1.26
2025-01-01,45,132.3,46.08
2025-01-01,46,147.75,13.85
2025-01-01,47,120.11,2.32
2025-01-01,48,134.92,-3.5
2025-01-02,1,139.48,16.71
2025-01-02,2,118.03,-13.55
2025-01-02,3,102.19,-22.71
2025-01-02,4,88.16,-14.38
2025-01-02,5,110.01,-8.51
2025-01-02,6,129.24,21.13
2025-01-02,7,91.64,-25.08
2025-01-02,8,138.03,-14.56
2025-01-02,9,86.03,-24.77
2025-01-02,10,92.18,-11.61
2025-01-02,11,95.9,-3.57
2025-01-02,12,132.02,48.76
2025-01-02,13,129.64,3.23
2025-01-02,14,95.86,-0.35
2025-01-02,15,142.94,9.27
2025-01-02,16,139.93,9.21
2025-01-02,17,122.23,50.36
2025-01-02,18,155.29,73.39
2025-01-02,19,167.18,30.98
2025-01-02,20,122.85,8.95
2025-01-02,21,145.96,31.62
2025-01-02,22,131.68,35.43
2025-01-02,23,162.49,56.85
2025-01-02,24,140.27,62.03
2025-01-02,25,136.51,49.07
2025-01-02,26,147.59,55.41
2025-01-02,27,142.15,77.55
2025-01-02,28,127.76,36.0
2025-01-02,29,164.19,44.4
2025-01-02,30,161.61,60.53
2025-01-02,31,166.05,48.65
2025-01-02,32,176.65,72.73
2025-01-02,33,187.14,66.43
2025-01-02,34,199.43,104.79
2025-01-02,35,171.23,97.89
2025-01-02,36,198.79,56.91
2025-01-02,37,194.75,109.52
2025-01-02,38,204.66,58.58
2025-01-02,39,181.09,74.02
2025-01-02,40,138.07,50.06
2025-01-02,41,168.85,18.51
2025-01-02,42,170.59,62.63
2025-01-02,43,111.04,16.31
2025-01-02,44,110.11,45.97
2025-01-02,45,110.92,35.59
2025-01-02,46,117.48,40.3
2025-01-02,47,125.46,6.44
2025-01-02,48,91.06,20.86
2025-01-03,1,118.91,2.21
2025-01-03,2,103.17,31.1
2025-01-03,3,123.81,-11.78
2025-01-03,4,138.02,-2.16
2025-01-03,5,109.28,27.25
2025-01-03,6,106.49,7.31
2025-01-03,7,90.91,37.78
2025-01-03,8,100.98,-0.02
2025-01-03,9,77.47,3.26
2025-01-03,10,100.4,25.89
2025-01-03,11,95.37,43.56
2025-01-03,12,115.03,12.71
2025-01-03,13,128.63,-9.77
2025-01-03,14,111.15,24.02
2025-01-03,15,121.92,2.91
2025-01-03,16,148.41,55.25
2025-01-03,17,159.84,63.75
2025-01-03,18,124.09,35.8
2025-01-03,19,150.64,22.21
2025-01-03,20,143.7,54.88
2025-01-03,21,131.87,17.76
2025-01-03,22,177.42,56.57
2025-01-03,23,160.34,35.34
2025-01-03,24,133.07,65.91
2025-01-03,25,119.06,63.08
2025-01-03,26,163.48,58.83
2025-01-03,27,122.37,61.82
2025-01-03,28,153.16,20.75
2025-01-03,29,180.47,45.77
2025-01-03,30,187.02,61.43
2025-01-03,31,138.37,54.91
2025-01-03,32,195.24,103.16
2025-01-03,33,193.08,84.8
2025-01-03,34,179.73,72.28
2025-01-03,35,202.45,56.74
2025-01-03,36,156.94,63.49
2025-01-03,37,161.79,58.23
2025-01-03,38,161.6,50.69
2025-01-03,39,184.94,37.95
2025-01-03,40,162.51,24.47
2025-01-03,41,160.4,30.74
2025-01-03,42,114.06,9.07
2025-01-03,43,109.89,47.13
2025-01-03,44,154.48,33.0
2025-01-03,45,111.97,26.12
2025-01-03,46,109.9,6.29
2025-01-03,47,103.78,25.33
2025-01-03,48,95.39,0.36
2025-01-04,1,126.66,32.72
2025-01-04,2,112.7,-33.04
2025-01-04,3,90.92,-27.56
2025-01-04,4,99.43,-1.45
2025-01-04,5,126.03,5.98
2025-01-04,6,95.48,1.63
2025-01-04,7,112.31,-8.73
2025-01-04,8,92.26,17.43
2025-01-04,9,91.47,-7.16
2025-01-04,10,83.29,13.65
2025-01-04,11,86.43,-2.23
2025-01-04,12,114.8,20.94
2025-01-04,13,126.05,3.38
2025-01-04,14,112.56,-6.95
2025-01-04,15,131.03,-16.69
2025-01-04,16,118.74,8.86
2025-01-04,17,153.97,3.34
2025-01-04,18,146.55,14.7
2025-01-04,19,124.47,39.95
2025-01-04,20,114.94,20.6
2025-01-04,21,153.51,11.99
2025-01-04,22,119.65,8.32
2025-01-04,23,155.24,60.7
2025-01-04,24,115.36,50.53
2025-01-04,25,159.15,3.99
2025-01-04,26,157.77,53.04
2025-01-04,27,116.22,15.11
2025-01-04,28,137.87,32.46
2025-01-04,29,168.12,8.59
2025-01-04,30,157.22,13.59
2025-01-04,31,139.71,68.26
2025-01-04,32,169.63,31.39
2025-01-04,33,148.1,40.49
2025-01-04,34,191.62,88.87
2025-01-04,35,150.8,65.32
2025-01-04,36,141.35,70.14
2025-01-04,37,174.53,44.27
2025-01-04,38,180.82,39.09
2025-01-04,39,131.76,57.99
2025-01-04,40,152.71,36.08
2025-01-04,41,123.25,44.86
2025-01-04,42,111.31,54.61
2025-01-04,43,138.55,24.37
2025-01-04,44,120.97,13.1
2025-01-04,45,142.72,-8.31
2025-01-04,46,122.38,23.95
2025-01-04,47,106.13,-18.88
2025-01-04,48,83.38,-0.43
2025-01-05,1,107.59,-24.84
2025-01-05,2,84.78,-6.19
2025-01-05,3,112.05,-6.46
2025-01-05,4,106.25,2.35
2025-01-05,5,72.98,-26.21
2025-01-05,6,92.8,-21.37
2025-01-05,7,103.66,-8.25
2025-01-05,8,89.9,-12.94
2025-01-05,9,103.07,16.49
2025-01-05,10,90.57,20.83
2025-01-05,11,118.73,-29.23
2025-01-05,12,130.96,-0.02
2025-01-05,13,85.95,6.9
2025-01-05,14,98.25,8.68
2025-01-05,15,94.75,-8.88
2025-01-05,16,148.65,48.39
2025-01-05,17,133.62,33.57
2025-01-05,18,160.18,43.26
2025-01-05,19,155.32,51.62
2025-01-05,20,149.12,-0.09
2025-01-05,21,109.71,9.99
2025-01-05,22,149.25,-3.49
2025-01-05,23,131.48,38.2
2025-01-05,24,112.37,57.79
2025-01-05,25,159.83,26.91
2025-01-05,26,125.34,10.47
2025-01-05,27,166.89,11.77
2025-01-05,28,118.52,61.27
2025-01-05,29,165.73,38.31
2025-01-05,30,158.94,32.84
2025-01-05,31,141.1,71.53
2025-01-05,32,177.03,57.32
2025-01-05,33,149.99,75.69
2025-01-05,34,164.25,81.62
2025-01-05,35,192.94,85.15
2025-01-05,36,175.88,71.81
2025-01-05,37,157.22,56.8
2025-01-05,38,157.22,65.92
2025-01-05,39,181.42,54.3
2025-01-05,40,118.96,21.3
2025-01-05,41,131.79,24.96
2025-01-05,42,114.22,10.34
2025-01-05,43,115.29,24.38
2025-01-05,44,139.26,26.17
2025-01-05,45,97.85,33.72
2025-01-05,46,134.37,23.81
2025-01-05,47,88.73,23.38
2025-01-05,48,126.76,-12.43
2025-01-06,1,133.44,-9.8
2025-01-06,2,98.98,23.62
2025-01-06,3,103.4,22.8
2025-01-06,4,84.05,27.4
2025-01-06,5,88.95,-22.7
2025-01-06,6,87.99,27.44
2025-01-06,7,110.19,-14.45
2025-01-06,8,129.31,-11.01
2025-01-06,9,105.46,-13.23
2025-01-06,10,89.83,24.05
2025-01-06,11,120.18,19.43
2025-01-06,12,96.06,-6.7
2025-01-06,13,104.07,0.98
2025-01-06,14,148.82,-5.72
2025-01-06,15,132.48,2.21
2025-01-06,16,158.32,48.12
2025-01-06,17,162.02,10.11
2025-01-06,18,129.35,29.44
2025-01-06,19,117.73,58.18
2025-01-06,20,147.18,71.61
2025-01-06,21,108.12,37.63
2025-01-06,22,157.85,56.16
2025-01-06,23,132.52,43.77
2025-01-06,24,129.22,69.89
2025-01-06,25,155.93,31.33
2025-01-06,26,142.51,34.36
2025-01-06,27,166.73,56.11
2025-01-06,28,171.8,19.14
2025-01-06,29,127.55,60.54
2025-01-06,30,139.12,30.81
2025-01-06,31,178.07,52.76
2025-01-06,32,189.51,57.68
2025-01-06,33,168.75,78.38
2025-01-06,34,194.02,89.57
2025-01-06,35,205.35,94.22
2025-01-06,36,161.36,66.18
2025-01-06,37,195.57,58.09
2025-01-06,38,166.53,72.33
2025-01-06,39,174.81,87.41
2025-01-06,40,167.65,80.66
2025-01-06,41,130.95,67.84
2025-01-06,42,120.87,13.05
2025-01-06,43,131.71,30.77
2025-01-06,44,132.69,28.93
2025-01-06,45,106.26,26.36
2025-01-06,46,115.46,15.22
2025-01-06,47,99.87,31.91
2025-01-06,48,117.85,2.94
2025-01-07,1,88.33,-4.58
2025-01-07,2,110.09,18.32
2025-01-07,3,98.4,22.62
2025-01-07,4,129.17,-11.72
2025-01-07,5,94.14,-22.77
2025-01-07,6,133.98,22.54
2025-01-07,7,95.46,36.88
2025-01-07,8,89.88,12.45
2025-01-07,9,93.06,-21.11
2025-01-07,10,110.19,-16.54
2025-01-07,11,139.62,16.58
2025-01-07,12,124.86,39.2
2025-01-07,13,118.3,24.18
2025-01-07,14,92.99,9.36
2025-01-07,15,112.14,60.33
2025-01-07,16,127.68,12.39
2025-01-07,17,147.43,68.48
2025-01-07,18,132.85,58.66
2025-01-07,19,119.72,37.41
2025-01-07,20,163.27,37.02
2025-01-07,21,114.52,40.5
2025-01-07,22,129.23,6.48
2025-01-07,23,153.66,42.88
2025-01-07,24,142.24,63.27
2025-01-07,25,121.48,46.08
2025-01-07,26,167.86,53.91
2025-01-07,27,149.08,62.66
2025-01-07,28,152.25,19.47
2025-01-07,29,125.09,54.87
2025-01-07,30,139.24,43.78
2025-01-07,31,160.04,52.85
2025-01-07,32,192.18,65.97
2025-01-07,33,168.08,101.89
2025-01-07,34,171.52,68.57
2025-01-07,35,206.69,73.77
2025-01-07,36,214.81,94.71
2025-01-07,37,186.15,101.15
2025-01-07,38,197.99,86.09
2025-01-07,39,154.25,79.6
2025-01-07,40,146.91,57.98
2025-01-07,41,126.9,75.45
2025-01-07,42,168.85,13.65
2025-01-07,43,111.62,2.88
2025-01-07,44,155.17,34.86
2025-01-07,45,102.06,-15.66
2025-01-07,46,133.93,40.98
2025-01-07,47,137.68,2.36
2025-01-07,48,92.81,25.87
2025-01-08,1,133.45,-6.24
2025-01-08,2,146.06,5.1
2025-01-08,3,101.56,37.74
2025-01-08,4,84.79,-4.25
2025-01-08,5,102.89,2.79
2025-01-08,6,104.82,5.25
2025-01-08,7,134.85,30.4
2025-01-08,8,100.35,18.74
2025-01-08,9,101.04,-26.41
2025-01-08,10,104.22,32.23
2025-01-08,11,96.83,28.45
2025-01-08,12,119.97,20.44
2025-01-08,13,113.98,4.03
2025-01-08,14,128.36,47.99
2025-01-08,15,144.46,42.14
2025-01-08,16,158.11,15.54
2025-01-08,17,119.55,20.23
2025-01-08,18,143.74,27.56
2025-01-08,19,169.59,61.18
2025-01-08,20,140.35,15.9
2025-01-08,21,131.61,47.01
2025-01-08,22,143.2,53.16
2025-01-08,23,134.32,60.25
2025-01-08,24,127.75,33.76
2025-01-08,25,131.07,77.27
2025-01-08,26,180.16,78.17
2025-01-08,27,162.34,39.41
2025-01-08,28,154.18,16.97
2025-01-08,29,134.6,49.47
2025-01-08,30,173.0,33.03
2025-01-08,31,166.81,73.39
2025-01-08,32,177.84,36.86
2025-01-08,33,170.66,92.43
2025-01-08,34,160.06,55.47
2025-01-08,35,198.89,105.98
2025-01-08,36,164.26,73.97
2025-01-08,37,198.67,65.02
2025-01-08,38,182.86,42.09
2025-01-08,39,164.32,49.91
2025-01-08,40,140.99,52.5
2025-01-08,41,124.99,53.03
2025-01-08,42,157.09,32.72
2025-01-08,43,141.49,29.88
2025-01-08,44,118.16,26.49
2025-01-08,45,97.99,12.48
2025-01-08,46,134.44,8.32
2025-01-08,47,122.12,0.73
2025-01-08,48,105.29,37.01
2025-01-09,1,106.83,-10.69
2025-01-09,2,131.12,27.34
2025-01-09,3,132.23,-9.5
2025-01-09,4,139.29,27.81
2025-01-09,5,107.62,5.76
2025-01-09,6,99.5,36.29
2025-01-09,7,116.09,5.17
2025-01-09,8,95.45,-10.44
2025-01-09,9,121.77,0.48
2025-01-09,10,128.87,-8.38
2025-01-09,11,138.68,-12.45
2025-01-09,12,130.75,17.63
2025-01-09,13,128.02,45.56
2025-01-09,14,121.63,31.18
2025-01-09,15,147.14,4.11
2025-01-09,16,136.09,28.53
2025-01-09,17,145.77,39.89
2025-01-09,18,163.21,28.49
2025-01-09,19,156.51,55.35
2025-01-09,20,155.74,55.76
2025-01-09,21,150.65,20.62
2025-01-09,22,168.8,17.02
2025-01-09,23,110.59,40.22
2025-01-09,24,154.15,56.57
2025-01-09,25,147.4,23.09
2025-01-09,26,155.81,17.14
2025-01-09,27,168.55,62.64
2025-01-09,28,129.95,50.89
2025-01-09,29,145.15,55.99
2025-01-09,30,179.33,82.97
2025-01-09,31,138.99,75.91
2025-01-09,32,158.93,71.36
2025-01-09,33,189.32,70.93
2025-01-09,34,164.96,64.45
2025-01-09,35,175.45,107.91
2025-01-09,36,169.13,68.29
2025-01-09,37,198.38,57.01
2025-01-09,38,188.49,74.91
2025-01-09,39,147.45,77.97
2025-01-09,40,155.71,45.7
2025-01-09,41,130.54,28.67
2025-01-09,42,152.42,44.66
2025-01-09,43,123.49,56.1
2025-01-09,44,136.12,34.96
2025-01-09,45,133.18,18.06
2025-01-09,46,138.83,43.35
2025-01-09,47,145.92,19.58
2025-01-09,48,119.19,-9.4
2025-01-10,1,106.65,-0.27
2025-01-10,2,113.43,-15.46
2025-01-10,3,94.8,26.96
2025-01-10,4,139.05,26.44
2025-01-10,5,99.33,13.64
2025-01-10,6,136.21,-13.98
2025-01-10,7,81.99,-25.95
2025-01-10,8,90.17,35.83
2025-01-10,9,89.46,3.39
2025-01-10,10,96.31,16.68
2025-01-10,11,111.17,1.32
2025-01-10,12,116.31,-5.68
2025-01-10,13,140.48,3.59
2025-01-10,14,112.53,25.68
2025-01-10,15,101.88,20.61
2025-01-10,16,163.85,26.04
2025-01-10,17,141.41,37.07
2025-01-10,18,173.82,69.08
2025-01-10,19,133.79,30.58
2025-01-10,20,144.44,60.35
2025-01-10,21,133.53,19.06
2025-01-10,22,130.3,27.44
2025-01-10,23,136.21,59.19
2025-01-10,24,144.31,38.99
2025-01-10,25,138.41,27.15
2025-01-10,26,164.52,72.2
2025-01-10,27,176.26,34.7
2025-01-10,28,139.51,46.24
2025-01-10,29,172.19,58.29
2025-01-10,30,185.07,74.63
2025-01-10,31,169.72,42.08
2025-01-10,32,147.19,80.91
2025-01-10,33,171.94,87.97
2025-01-10,34,178.13,84.02
2025-01-10,35,187.78,117.14
2025-01-10,36,203.94,67.0
2025-01-10,37,189.38,74.25
2025-01-10,38,160.99,70.17
2025-01-10,39,162.3,87.59
2025-01-10,40,180.86,32.82
2025-01-10,41,169.81,43.83
2025-01-10,42,140.03,58.1
2025-01-10,43,116.59,3.28
2025-01-10,44,138.94,36.87
2025-01-10,45,147.6,32.92
2025-01-10,46,126.68,18.5
2025-01-10,47,122.46,24.19
2025-01-10,48,109.6,26.44
2025-01-11,1,89.97,0.73
2025-01-11,2,83.32,14.22
2025-01-11,3,81.86,-9.27
2025-01-11,4,89.63,12.32
2025-01-11,5,125.39,19.65
2025-01-11,6,105.16,-17.73
2025-01-11,7,96.72,-6.88
2025-01-11,8,104.57,21.0
2025-01-11,9,88.84,-4.97
2025-01-11,10,83.91,7.95
2025-01-11,11,110.9,4.56
2025-01-11,12,129.59,13.17
2025-01-11,13,135.38,19.39
2025-01-11,14,104.78,54.85
2025-01-11,15,144.82,-7.73
2025-01-11,16,116.03,51.13
2025-01-11,17,105.35,36.97
2025-01-11,18,144.35,12.35
2025-01-11,19,129.99,11.71
2025-01-11,20,155.36,41.93
2025-01-11,21,130.69,44.44
2025-01-11,22,120.41,28.09
2025-01-11,23,113.7,53.82
2025-01-11,24,145.17,21.04
2025-01-11,25,109.97,56.2
2025-01-11,26,134.82,41.19
2025-01-11,27,144.69,22.39
2025-01-11,28,140.89,27.92
2025-01-11,29,163.16,41.14
2025-01-11,30,165.7,69.42
2025-01-11,31,144.21,45.85
2025-01-11,32,149.92,22.64
2025-01-11,33,184.28,55.14
2025-01-11,34,171.57,39.7
2025-01-11,35,152.43,57.91
2025-01-11,36,186.28,44.94
2025-01-11,37,174.94,53.01
2025-01-11,38,163.1,34.88
2025-01-11,39,149.4,60.92
2025-01-11,40,149.4,60.13
2025-01-11,41,120.27,44.87
2025-01-11,42,99.01,-0.16
2025-01-11,43,135.68,30.28
2025-01-11,44,98.43,-4.03
2025-01-11,45,122.36,12.97
2025-01-11,46,115.72,20.09
2025-01-11,47,118.06,24.43
2025-01-11,48,92.94,-24.84
2025-01-12,1,95.06,6.42
2025-01-12,2,121.64,16.13
2025-01-12,3,115.46,-19.18
2025-01-12,4,128.45,-14.93
2025-01-12,5,114.41,8.99
2025-01-12,6,115.02,20.48
2025-01-12,7,123.98,-21.81
2025-01-12,8,86.15,17.57
2025-01-12,9,124.6,27.91
2025-01-12,10,79.32,9.83
2025-01-12,11,113.56,-18.68
2025-01-12,12,107.98,33.29
2025-01-12,13,121.4,25.55
2025-01-12,14,131.88,16.48
2025-01-12,15,126.38,34.64
2025-01-12,16,132.85,29.97
2025-01-12,17,143.7,40.48
2025-01-12,18,118.26,56.24
2025-01-12,19,110.25,17.04
2025-01-12,20,117.9,7.76
2025-01-12,21,114.79,40.59
2025-01-12,22,106.86,28.11
2025-01-12,23,110.14,-1.06
2025-01-12,24,120.26,36.85
2025-01-12,25,135.67,35.22
2025-01-12,26,129.87,47.82
2025-01-12,27,119.98,22.98
2025-01-12,28,158.1,62.26
2025-01-12,29,128.21,67.39
2025-01-12,30,145.33,43.61
2025-01-12,31,126.02,43.39
2025-01-12,32,148.57,84.26
2025-01-12,33,167.55,49.92
2025-01-12,34,152.2,48.77
2025-01-12,35,192.8,54.58
2025-01-12,36,181.19,39.38
2025-01-12,37,190.01,65.09
2025-01-12,38,184.34,66.65
2025-01-12,39,177.53,64.69
2025-01-12,40,165.17,14.26
2025-01-12,41,120.24,7.54
2025-01-12,42,148.3,33.06
2025-01-12,43,147.54,24.79
2025-01-12,44,108.2,-3.14
2025-01-12,45,96.52,16.16
2025-01-12,46,113.16,21.97
2025-01-12,47,134.27,28.34
2025-01-12,48,85.18,20.4
2025-01-13,1,91.89,-0.74
2025-01-13,2,134.78,1.72
2025-01-13,3,93.38,29.5
2025-01-13,4,119.56,3.98
2025-01-13,5,127.25,0.96
2025-01-13,6,105.51,-17.52
2025-01-13,7,91.74,-1.15
2025-01-13,8,105.64,23.9
2025-01-13,9,124.87,16.67
2025-01-13,10,126.65,27.75
2025-01-13,11,120.65,12.8
2025-01-13,12,104.71,24.66
2025-01-13,13,101.26,46.75
2025-01-13,14,132.6,43.48
2025-01-13,15,114.94,12.39
2025-01-13,16,166.88,12.47
2025-01-13,17,148.58,11.6
2025-01-13,18,141.59,55.88
2025-01-13,19,134.56,53.81
2025-01-13,20,138.05,60.68
2025-01-13,21,138.83,53.31
2025-01-13,22,120.16,63.78
2025-01-13,23,123.1,46.84
2025-01-13,24,142.2,72.42
2025-01-13,25,169.74,10.48
2025-01-13,26,121.65,52.8
2025-01-13,27,129.88,52.45
2025-01-13,28,164.15,58.34
2025-01-13,29,149.95,64.29
2025-01-13,30,142.08,51.46
2025-01-13,31,180.51,81.8
2025-01-13,32,153.11,67.16
2025-01-13,33,167.59,98.8
2025-01-13,34,207.28,61.66
2025-01-13,35,181.6,55.89
2025-01-13,36,194.24,81.25
2025-01-13,37,203.23,88.93
2025-01-13,38,197.65,103.09
2025-01-13,39,151.83,78.05
2025-01-13,40,179.73,42.36
2025-01-13,41,171.86,30.33
2025-01-13,42,132.55,17.82
2025-01-13,43,117.92,28.87
2025-01-13,44,110.87,8.69
2025-01-13,45,118.36,12.92
2025-01-13,46,89.14,18.15
2025-01-13,47,95.72,15.09
2025-01-13,48,132.3,28.61
2025-01-14,1,111.0,34.48
2025-01-14,2,121.62,35.0
2025-01-14,3,84.15,28.31
2025-01-14,4,92.85,-16.53
2025-01-14,5,110.76,19.79
2025-01-14,6,119.85,-11.81
2025-01-14,7,106.87,-11.36
2025-01-14,8,118.59,-19.17
2025-01-14,9,117.46,17.17
2025-01-14,10,83.18,-20.6
2025-01-14,11,93.73,6.61
2025-01-14,12,89.1,14.52
2025-01-14,13,144.5,-6.52
2025-01-14,14,141.57,28.14
2025-01-14,15,152.32,18.29
2025-01-14,16,122.39,63.23
2025-01-14,17,128.59,25.69
2025-01-14,18,154.07,67.43
2025-01-14,19,166.47,58.45
2025-01-14,20,117.41,63.86
2025-01-14,21,153.18,39.47
2025-01-14,22,143.03,27.42
2025-01-14,23,174.0,53.13
2025-01-14,24,156.93,60.83
2025-01-14,25,147.88,26.38
2025-01-14,26,151.87,16.7
2025-01-14,27,139.91,23.62
2025-01-14,28,130.51,70.18
2025-01-14,29,161.61,25.43
2025-01-14,30,185.59,84.85
2025-01-14,31,143.94,93.97
2025-01-14,32,189.5,92.22
2025-01-14,33,201.36,58.16
2025-01-14,34,204.22,102.47
2025-01-14,35,163.62,62.21
2025-01-14,36,174.5,83.06
2025-01-14,37,193.7,79.33
2025-01-14,38,173.83,67.36
2025-01-14,39,158.25,90.5
2025-01-14,40,152.23,64.56
2025-01-14,41,174.52,78.65
2025-01-14,42,130.59,44.91
2025-01-14,43,122.95,52.02
2025-01-14,44,114.61,12.94
2025-01-14,45,119.44,28.33
2025-01-14,46,100.25,-0.08
2025-01-14,47,94.61,32.16
2025-01-14,48,136.16,18.07
2025-01-15,1,93.44,3.52
2025-01-15,2,84.56,35.1
2025-01-15,3,105.46,24.41
2025-01-15,4,120.11,18.17
2025-01-15,5,79.73,-5.91
2025-01-15,6,124.99,-5.79
2025-01-15,7,128.01,13.99
2025-01-15,8,95.6,2.14
2025-01-15,9,112.45,2.44
2025-01-15,10,96.94,21.14
2025-01-15,11,126.26,31.34
2025-01-15,12,122.61,-7.12
2025-01-15,13,126.1,-2.01
2025-01-15,14,135.83,2.41
2025-01-15,15,145.67,48.36
2025-01-15,16,132.49,52.68
2025-01-15,17,144.39,9.74
2025-01-15,18,149.55,46.74
2025-01-15,19,122.17,12.92
2025-01-15,20,151.32,41.17
2025-01-15,21,120.26,34.82
2025-01-15,22,133.51,20.35
2025-01-15,23,121.81,33.43
2025-01-15,24,133.2,61.56
2025-01-15,25,134.81,55.61
2025-01-15,26,140.55,35.44
2025-01-15,27,133.63,77.54
2025-01-15,28,133.29,13.59
2025-01-15,29,150.66,60.79
2025-01-15,30,138.11,78.7
2025-01-15,31,188.3,88.34
2025-01-15,32,177.85,40.13
2025-01-15,33,181.21,79.84
2025-01-15,34,200.84,91.3
2025-01-15,35,166.94,103.15
2025-01-15,36,167.72,108.65
2025-01-15,37,199.78,68.74
2025-01-15,38,201.64,65.82
2025-01-15,39,184.14,47.88
2025-01-15,40,154.5,58.78
2025-01-15,41,168.2,42.78
2025-01-15,42,125.88,59.36
2025-01-15,43,121.19,9.53
2025-01-15,44,153.8,25.22
2025-01-15,45,130.6,22.73
2025-01-15,46,118.5,27.59
2025-01-15,47,109.12,-2.65
2025-01-15,48,105.41,18.87
2025-01-16,1,89.04,26.04
2025-01-16,2,100.64,-5.8
2025-01-16,3,96.18,20.77
2025-01-16,4,105.07,21.56
2025-01-16,5,110.78,3.95
2025-01-16,6,104.39,16.27
2025-01-16,7,112.84,14.27
2025-01-16,8,90.7,-2.0
2025-01-16,9,96.73,9.77
2025-01-16,10,112.48,27.78
2025-01-16,11,127.0,8.49
2025-01-16,12,130.07,-5.85
2025-01-16,13,101.55,8.91
2025-01-16,14,127.92,34.07
2025-01-16,15,152.38,17.63
2025-01-16,16,134.57,43.75
2025-01-16,17,161.17,39.32
2025-01-16,18,139.56,24.89
2025-01-16,19,153.36,26.46
2025-01-16,20,126.21,50.93
2025-01-16,21,123.6,16.77
2025-01-16,22,174.02,43.02
2025-01-16,23,155.66,28.26
2025-01-16,24,155.85,55.77
2025-01-16,25,138.58,29.04
2025-01-16,26,163.62,69.79
2025-01-16,27,134.79,62.24
2025-01-16,28,143.72,79.34
2025-01-16,29,132.4,64.49
2025-01-16,30,143.38,47.81
2025-01-16,31,183.44,33.53
2025-01-16,32,151.75,79.48
2025-01-16,33,159.01,48.41
2025-01-16,34,204.2,69.95
2025-01-16,35,176.89,109.49
2025-01-16,36,192.9,100.97
2025-01-16,37,161.43,104.64
2025-01-16,38,186.19,63.28
2025-01-16,39,167.46,80.95
2025-01-16,40,144.82,53.4
2025-01-16,41,143.01,18.79
2025-01-16,42,155.92,38.2
2025-01-16,43,114.91,16.67
2025-01-16,44,146.61,51.98
2025-01-16,45,108.33,-1.32
2025-01-16,46,133.03,31.62
2025-01-16,47,116.84,35.21
2025-01-16,48,137.77,37.54
2025-01-17,1,80.45,4.97
2025-01-17,2,99.21,32.84
2025-01-17,3,132.34,38.35
2025-01-17,4,109.93,-3.06
2025-01-17,5,119.09,-15.85
2025-01-17,6,102.28,-6.87
2025-01-17,7,84.44,19.76
2025-01-17,8,75.82,26.61
2025-01-17,9,91.98,15.89
2025-01-17,10,134.37,14.98
2025-01-17,11,85.78,21.13
2025-01-17,12,116.12,34.34
2025-01-17,13,116.06,38.48
2025-01-17,14,107.62,1.63
2025-01-17,15,131.06,21.04
2025-01-17,16,113.25,36.07
2025-01-17,17,134.67,55.18
2025-01-17,18,150.42,38.94
2025-01-17,19,157.53,38.57
2025-01-17,20,158.56,24.23
2025-01-17,21,128.27,34.41
2025-01-17,22,147.16,60.69
2025-01-17,23,118.17,50.76
2025-01-17,24,147.64,18.29
2025-01-17,25,158.74,43.55
2025-01-17,26,165.07,69.82
2025-01-17,27,142.74,21.92
2025-01-17,28,136.24,37.96
2025-01-17,29,161.14,62.74
2025-01-17,30,172.5,45.0
2025-01-17,31,144.18,70.16
2025-01-17,32,179.69,57.4
2025-01-17,33,181.68,41.99
2025-01-17,34,165.07,79.04
2025-01-17,35,174.54,86.8
2025-01-17,36,182.73,95.67
2025-01-17,37,200.7,105.72
2025-01-17,38,183.71,50.31
2025-01-17,39,174.4,42.72
2025-01-17,40,140.58,29.37
2025-01-17,41,171.22,63.97
2025-01-17,42,163.72,35.99
2025-01-17,43,141.74,12.02
2025-01-17,44,151.53,11.11
2025-01-17,45,151.25,0.81
2025-01-17,46,115.87,1.72
2025-01-17,47,99.76,-7.07
2025-01-17,48,116.74,1.17
2025-01-18,1,133.8,17.39
2025-01-18,2,79.59,-5.24
2025-01-18,3,120.34,5.47
2025-01-18,4,113.56,-10.16
2025-01-18,5,98.7,8.32
2025-01-18,6,88.57,22.32
2025-01-18,7,104.74,20.36
2025-01-18,8,84.76,-30.65
2025-01-18,9,94.28,-20.08
2025-01-18,10,123.12,-13.19
2025-01-18,11,98.79,33.41
2025-01-18,12,114.62,0.72
2025-01-18,13,138.96,3.23
2025-01-18,14,111.85,47.16
2025-01-18,15,135.23,1.08
2025-01-18,16,131.6,40.77
2025-01-18,17,111.0,49.95
2025-01-18,18,143.95,53.16
2025-01-18,19,113.71,59.44
2025-01-18,20,126.36,55.74
2025-01-18,21,150.97,14.06
2025-01-18,22,122.04,16.18
2025-01-18,23,135.73,41.78
2025-01-18,24,120.47,4.53
2025-01-18,25,137.53,23.17
2025-01-18,26,137.04,31.95
2025-01-18,27,154.46,5.49
2025-01-18,28,120.73,36.69
2025-01-18,29,118.93,28.68
2025-01-18,30,152.05,58.94
2025-01-18,31,153.2,70.77
2025-01-18,32,164.19,47.03
2025-01-18,33,178.16,46.62
2025-01-18,34,159.08,80.12
2025-01-18,35,148.84,57.49
2025-01-18,36,148.99,67.58
2025-01-18,37,174.86,64.21
2025-01-18,38,156.65,76.78
2025-01-18,39,155.33,56.21
2025-01-18,40,165.28,22.16
2025-01-18,41,128.5,59.55
2025-01-18,42,112.73,14.42
2025-01-18,43,139.03,7.95
2025-01-18,44,109.54,11.7
2025-01-18,45,97.77,9.01
2025-01-18,46,140.37,25.27
2025-01-18,47,103.11,34.07
2025-01-18,48,129.53,-11.3
2025-01-19,1,109.47,-11.96
2025-01-19,2,103.23,14.33
2025-01-19,3,106.49,11.4
2025-01-19,4,117.53,19.87
2025-01-19,5,98.67,-1.14
2025-01-19,6,106.33,25.33
2025-01-19,7,98.23,15.29
2025-01-19,8,78.0,-15.93
2025-01-19,9,126.85,16.9
2025-01-19,10,134.01,-17.52
2025-01-19,11,80.75,-15.88
2025-01-19,12,112.93,22.29
2025-01-19,13,118.18,-6.42
2025-01-19,14,127.25,-6.13
2025-01-19,15,132.2,34.8
2025-01-19,16,115.06,32.28
2025-01-19,17,145.94,44.89
2025-01-19,18,139.18,-6.6
2025-01-19,19,112.56,43.75
2025-01-19,20,153.66,20.19
2025-01-19,21,98.56,5.41
2025-01-19,22,132.66,54.89
2025-01-19,23,113.14,12.66
2025-01-19,24,134.28,16.92
2025-01-19,25,162.47,58.31
2025-01-19,26,125.03,29.83
2025-01-19,27,155.43,45.07
2025-01-19,28,152.2,47.98
2025-01-19,29,151.57,12.46
2025-01-19,30,170.91,56.46
2025-01-19,31,152.56,62.78
2025-01-19,32,174.35,41.8
2025-01-19,33,180.15,88.03
2025-01-19,34,176.87,73.06
2025-01-19,35,166.62,69.07
2025-01-19,36,179.25,66.23
2025-01-19,37,160.46,97.61
2025-01-19,38,149.64,45.91
2025-01-19,39,141.56,43.55
2025-01-19,40,117.47,37.77
2025-01-19,41,117.03,14.54
2025-01-19,42,139.33,27.65
2025-01-19,43,111.47,7.93
2025-01-19,44,113.26,-9.53
2025-01-19,45,125.46,-15.17
2025-01-19,46,104.14,3.6
2025-01-19,47,125.89,8.52
2025-01-19,48,105.34,-6.41
2025-01-20,1,97.28,19.36
2025-01-20,2,88.74,6.96
2025-01-20,3,90.89,2.21
2025-01-20,4,113.08,5.97
2025-01-20,5,129.88,-2.64
2025-01-20,6,96.11,22.05
2025-01-20,7,83.61,-17.5
2025-01-20,8,95.54,-2.45
2025-01-20,9,118.55,12.8
2025-01-20,10,149.6,25.16
2025-01-20,11,99.64,-28.2
2025-01-20,12,112.17,20.89
2025-01-20,13,131.12,1.86
2025-01-20,14,140.63,40.31
2025-01-20,15,150.56,51.2
2025-01-20,16,113.32,40.96
2025-01-20,17,135.75,6.07
2025-01-20,18,127.26,33.52
2025-01-20,19,112.37,14.88
2025-01-20,20,134.57,66.62
2025-01-20,21,124.56,42.63
2025-01-20,22,140.87,56.04
2025-01-20,23,149.14,58.74
2025-01-20,24,166.97,42.64
2025-01-20,25,145.94,77.07
2025-01-20,26,171.75,46.7
2025-01-20,27,121.59,27.05
2025-01-20,28,176.21,21.83
2025-01-20,29,174.12,71.01
2025-01-20,30,187.92,37.54
2025-01-20,31,164.98,78.74
2025-01-20,32,146.72,56.47
2025-01-20,33,153.21,56.04
2025-01-20,34,181.26,97.61
2025-01-20,35,167.14,76.56
2025-01-20,36,201.5,111.7
2025-01-20,37,176.24,104.62
2025-01-20,38,174.5,43.63
2025-01-20,39,176.8,36.51
2025-01-20,40,130.97,30.97
2025-01-20,41,132.38,14.14
2025-01-20,42,157.99,67.92
2025-01-20,43,124.48,17.7
2025-01-20,44,156.44,49.91
2025-01-20,45,116.7,0.08
2025-01-20,46,109.11,28.7
2025-01-20,47,123.52,34.6
2025-01-20,48,109.03,26.87
2025-01-21,1,121.84,6.0
2025-01-21,2,124.87,24.54
2025-01-21,3,95.6,-7.29
2025-01-21,4,106.6,3.08
2025-01-21,5,91.06,37.01
2025-01-21,6,91.43,12.0
2025-01-21,7,128.64,-8.22
2025-01-21,8,98.02,-0.52
2025-01-21,9,90.91,-8.33
2025-01-21,10,129.47,37.11
2025-01-21,11,101.43,0.67
2025-01-21,12,116.86,-12.65
2025-01-21,13,143.3,43.65
2025-01-21,14,144.49,47.33
2025-01-21,15,112.1,30.71
2025-01-21,16,119.33,44.51
2025-01-21,17,116.72,56.1
2025-01-21,18,112.87,35.65
2025-01-21,19,172.7,30.84
2025-01-21,20,129.91,68.09
2025-01-21,21,155.95,16.56
2025-01-21,22,143.05,54.03
2025-01-21,23,148.29,29.22
2025-01-21,24,122.38,13.77
2025-01-21,25,142.01,24.81
2025-01-21,26,145.78,60.99
2025-01-21,27,174.15,50.92
2025-01-21,28,152.07,42.48
2025-01-21,29,160.04,47.04
2025-01-21,30,172.52,66.55
2025-01-21,31,193.36,46.33
2025-01-21,32,144.15,60.62
2025-01-21,33,205.29,55.29
2025-01-21,34,204.44,95.24
2025-01-21,35,177.12,111.81
2025-01-21,36,161.87,94.28
2025-01-21,37,163.29,60.52
2025-01-21,38,144.39,55.92
2025-01-21,39,150.46,40.21
2025-01-21,40,172.32,65.79
2025-01-21,41,135.34,75.14
2025-01-21,42,158.84,25.29
2025-01-21,43,142.37,18.24
2025-01-21,44,139.04,14.63
2025-01-21,45,136.4,5.14
2025-01-21,46,136.88,34.51
2025-01-21,47,92.19,37.38
2025-01-21,48,98.4,-3.37
2025-01-22,1,116.59,20.16
2025-01-22,2,98.72,-4.43
2025-01-22,3,112.54,12.58
2025-01-22,4,126.36,12.33
2025-01-22,5,117.72,2.82
2025-01-22,6,92.94,4.14
2025-01-22,7,121.17,10.07
2025-01-22,8,118.75,-0.33
2025-01-22,9,123.03,24.61
2025-01-22,10,83.61,2.69
2025-01-22,11,92.92,30.05
2025-01-22,12,145.42,19.52
2025-01-22,13,130.33,53.72
2025-01-22,14,135.66,20.07
2025-01-22,15,156.86,34.26
2025-01-22,16,144.99,6.0
2025-01-22,17,170.86,28.01
2025-01-22,18,113.32,50.63
2025-01-22,19,162.4,5.22
2025-01-22,20,140.29,64.49
2025-01-22,21,125.62,49.68
2025-01-22,22,163.36,63.43
2025-01-22,23,136.13,40.57
2025-01-22,24,149.89,33.04
2025-01-22,25,137.56,59.71
2025-01-22,26,137.28,33.56
2025-01-22,27,161.91,57.17
2025-01-22,28,178.68,55.51
2025-01-22,29,159.69,42.8
2025-01-22,30,143.24,77.42
2025-01-22,31,138.92,57.05
2025-01-22,32,178.8,63.06
2025-01-22,33,197.9,63.24
2025-01-22,34,181.21,71.02
2025-01-22,35,198.12,67.44
2025-01-22,36,193.98,96.23
2025-01-22,37,198.86,85.15
2025-01-22,38,157.63,87.7
2025-01-22,39,188.92,75.82
2025-01-22,40,172.65,50.68
2025-01-22,41,154.5,74.43
2025-01-22,42,138.14,33.06
2025-01-22,43,151.15,20.18
2025-01-22,44,151.06,21.36
2025-01-22,45,134.96,12.19
2025-01-22,46,118.95,21.82
2025-01-22,47,100.33,11.08
2025-01-22,48,119.57,11.23
2025-01-23,1,117.87,19.88
2025-01-23,2,101.79,43.25
2025-01-23,3,113.92,33.73
2025-01-23,4,121.5,7.13
2025-01-23,5,132.53,-0.22
2025-01-23,6,123.9,-19.24
2025-01-23,7,87.74,-9.02
2025-01-23,8,135.86,-13.8
2025-01-23,9,95.08,5.11
2025-01-23,10,105.57,-4.15
2025-01-23,11,102.27,-0.35
2025-01-23,12,128.48,34.98
2025-01-23,13,128.91,36.12
2025-01-23,14,117.0,7.51
2025-01-23,15,138.99,19.19
2025-01-23,16,153.23,19.09
2025-01-23,17,123.71,58.16
2025-01-23,18,147.97,23.69
2025-01-23,19,155.3,59.01
2025-01-23,20,139.44,34.02
2025-01-23,21,134.89,69.84
2025-01-23,22,169.99,54.76
2025-01-23,23,149.68,45.32
2025-01-23,24,130.02,51.2
2025-01-23,25,142.26,52.04
2025-01-23,26,168.19,22.05
2025-01-23,27,161.01,35.69
2025-01-23,28,175.48,40.07
2025-01-23,29,130.28,72.63
2025-01-23,30,169.96,42.15
2025-01-23,31,136.19,45.98
2025-01-23,32,147.8,79.21
2025-01-23,33,152.95,60.93
2025-01-23,34,178.91,104.84
2025-01-23,35,169.09,100.07
2025-01-23,36,204.95,95.07
2025-01-23,37,199.45,73.75
2025-01-23,38,196.99,78.96
2025-01-23,39,146.02,42.98
2025-01-23,40,157.63,33.16
2025-01-23,41,122.82,48.24
2025-01-23,42,124.26,23.42
2025-01-23,43,109.74,29.76
2025-01-23,44,133.38,-0.99
2025-01-23,45,150.54,53.76
2025-01-23,46,144.22,34.05
2025-01-23,47,125.38,-3.42
2025-01-23,48,92.63,-15.62
2025-01-24,1,119.96,2.74
2025-01-24,2,135.16,14.21
2025-01-24,3,91.25,18.41
2025-01-24,4,94.66,-20.16
2025-01-24,5,128.08,-17.96
2025-01-24,6,85.15,32.19
2025-01-24,7,97.47,19.37
2025-01-24,8,120.98,-11.89
2025-01-24,9,121.13,1.63
2025-01-24,10,96.1,8.72
2025-01-24,11,112.04,-6.45
2025-01-24,12,129.78,19.93
2025-01-24,13,141.16,-10.85
2025-01-24,14,108.37,6.58
2025-01-24,15,145.77,34.79
2025-01-24,16,142.22,39.74
2025-01-24,17,167.28,42.15
2025-01-24,18,134.98,26.41
2025-01-24,19,127.26,72.12
2025-01-24,20,165.55,26.48
2025-01-24,21,149.58,66.74
2025-01-24,22,122.33,40.35
2025-01-24,23,174.09,25.15
2025-01-24,24,153.37,42.49
2025-01-24,25,155.39,40.25
2025-01-24,26,140.7,74.57
2025-01-24,27,146.78,66.35
2025-01-24,28,163.22,29.01
2025-01-24,29,134.44,78.11
2025-01-24,30,148.11,27.07
2025-01-24,31,139.81,71.61
2025-01-24,32,172.56,33.33
2025-01-24,33,172.69,95.15
2025-01-24,34,203.0,69.09
2025-01-24,35,196.96,59.22
2025-01-24,36,203.48,57.9
2025-01-24,37,165.38,87.37
2025-01-24,38,150.53,65.48
2025-01-24,39,177.29,39.54
2025-01-24,40,128.9,24.55
2025-01-24,41,117.72,49.71
2025-01-24,42,156.04,34.29
2025-01-24,43,155.76,18.81
2025-01-24,44,153.09,9.0
2025-01-24,45,142.33,30.54
2025-01-24,46,130.68,-7.21
2025-01-24,47,121.38,-9.02
2025-01-24,48,96.5,28.55
2025-01-25,1,99.82,0.13
2025-01-25,2,125.99,-16.31
2025-01-25,3,111.05,13.33
2025-01-25,4,85.33,-28.54
2025-01-25,5,115.35,13.13
2025-01-25,6,100.11,2.93
2025-01-25,7,84.56,-13.99
2025-01-25,8,90.04,-34.39
2025-01-25,9,82.12,26.73
2025-01-25,10,93.21,12.66
2025-01-25,11,116.83,-12.84
2025-01-25,12,92.84,12.84
2025-01-25,13,134.53,10.53
2025-01-25,14,116.07,32.92
2025-01-25,15,137.8,37.77
2025-01-25,16,112.97,41.35
2025-01-25,17,130.34,45.39
2025-01-25,18,116.38,-4.0
2025-01-25,19,125.9,6.43
2025-01-25,20,122.68,26.93
2025-01-25,21,129.98,21.03
2025-01-25,22,118.98,0.79
2025-01-25,23,109.69,8.37
2025-01-25,24,148.52,60.38
2025-01-25,25,122.99,43.78
2025-01-25,26,127.55,11.98
2025-01-25,27,144.97,60.56
2025-01-25,28,134.2,60.55
2025-01-25,29,158.97,32.91
2025-01-25,30,158.35,57.97
2025-01-25,31,156.64,34.1
2025-01-25,32,161.12,43.84
2025-01-25,33,145.28,54.82
2025-01-25,34,143.08,80.01
2025-01-25,35,161.56,70.87
2025-01-25,36,195.99,82.43
2025-01-25,37,172.91,85.36
2025-01-25,38,143.94,44.51
2025-01-25,39,170.45,69.17
2025-01-25,40,149.89,33.77
2025-01-25,41,122.4,39.09
2025-01-25,42,134.5,-4.23
2025-01-25,43,135.0,13.87
2025-01-25,44,104.86,27.45
2025-01-25,45,142.45,-9.56
2025-01-25,46,107.13,-0.52
2025-01-25,47,116.7,-10.71
2025-01-25,48,105.89,36.38
2025-01-26,1,112.38,17.36
2025-01-26,2,109.1,14.57
2025-01-26,3,115.3,9.24
2025-01-26,4,83.0,-27.73
2025-01-26,5,81.02,-3.42
2025-01-26,6,74.54,14.5
2025-01-26,7,89.2,-4.29
2025-01-26,8,79.33,-21.72
2025-01-26,9,102.54,25.97
2025-01-26,10,89.67,-29.29
2025-01-26,11,87.33,6.33
2025-01-26,12,86.6,19.87
2025-01-26,13,122.5,37.48
2025-01-26,14,124.76,10.58
2025-01-26,15,145.45,4.72
2025-01-26,16,135.33,38.3
2025-01-26,17,120.93,20.51
2025-01-26,18,163.88,45.57
2025-01-26,19,145.98,41.09
2025-01-26,20,148.75,10.28
2025-01-26,21,135.81,57.7
2025-01-26,22,123.41,47.31
2025-01-26,23,132.19,18.91
2025-01-26,24,144.98,48.96
2025-01-26,25,142.81,13.1
2025-01-26,26,156.83,51.02
2025-01-26,27,130.17,30.46
2025-01-26,28,132.53,26.23
2025-01-26,29,115.58,35.88
2025-01-26,30,149.15,39.19
2025-01-26,31,153.19,39.49
2025-01-26,32,145.02,40.7
2025-01-26,33,159.31,36.65
2025-01-26,34,185.2,56.0
2025-01-26,35,194.65,44.56
2025-01-26,36,161.1,79.3
2025-01-26,37,155.69,60.85
2025-01-26,38,156.98,70.0
2025-01-26,39,152.75,25.77
2025-01-26,40,136.85,75.03
2025-01-26,41,123.2,6.69
2025-01-26,42,116.83,-1.46
2025-01-26,43,130.36,37.19
2025-01-26,44,104.08,33.85
2025-01-26,45,136.5,35.73
2025-01-26,46,120.27,16.13
2025-01-26,47,140.77,19.19
2025-01-26,48,83.85,25.95
2025-01-27,1,126.69,12.14
2025-01-27,2,100.76,7.88
2025-01-27,3,93.69,23.97
2025-01-27,4,140.25,6.75
2025-01-27,5,120.73,12.84
2025-01-27,6,80.53,-0.22
2025-01-27,7,130.57,-16.22
2025-01-27,8,111.62,-15.79
2025-01-27,9,86.2,-11.95
2025-01-27,10,116.44,3.72
2025-01-27,11,92.55,-7.0
2025-01-27,12,109.66,40.68
2025-01-27,13,125.32,-13.75
2025-01-27,14,145.21,42.72
2025-01-27,15,107.13,60.19
2025-01-27,16,158.05,24.04
2025-01-27,17,167.6,60.7
2025-01-27,18,137.6,50.16
2025-01-27,19,141.86,32.19
2025-01-27,20,127.95,16.1
2025-01-27,21,162.31,11.39
2025-01-27,22,165.12,30.23
2025-01-27,23,151.47,40.32
2025-01-27,24,144.71,49.32
2025-01-27,25,143.26,73.82
2025-01-27,26,166.58,50.98
2025-01-27,27,124.99,68.48
2025-01-27,28,166.44,28.6
2025-01-27,29,168.43,36.95
2025-01-27,30,157.83,37.34
2025-01-27,31,146.46,37.82
2025-01-27,32,139.51,46.84
2025-01-27,33,186.12,86.9
2025-01-27,34,200.66,52.01
2025-01-27,35,187.14,57.0
2025-01-27,36,210.02,104.17
2025-01-27,37,187.57,86.66
2025-01-27,38,162.36,59.83
2025-01-27,39,175.56,73.49
2025-01-27,40,142.59,30.83
2025-01-27,41,134.55,26.49
2025-01-27,42,126.27,70.78
2025-01-27,43,124.45,30.38
2025-01-27,44,137.31,11.72
2025-01-27,45,135.6,4.03
2025-01-27,46,129.48,2.99
2025-01-27,47,101.7,-8.74
2025-01-27,48,105.88,-13.24
2025-01-28,1,99.81,25.07
2025-01-28,2,105.35,12.18
2025-01-28,3,110.02,13.53
2025-01-28,4,86.17,18.21
2025-01-28,5,126.8,-4.43
2025-01-28,6,96.2,37.1
2025-01-28,7,126.8,8.08
2025-01-28,8,102.62,-25.77
2025-01-28,9,95.9,22.18
2025-01-28,10,107.6,12.96
2025-01-28,11,112.55,17.88
2025-01-28,12,84.99,-0.08
2025-01-28,13,126.61,26.32
2025-01-28,14,140.71,20.16
2025-01-28,15,149.53,11.39
2025-01-28,16,127.79,57.98
2025-01-28,17,144.17,60.32
2025-01-28,18,133.07,40.86
2025-01-28,19,148.63,67.81
2025-01-28,20,150.77,23.27
2025-01-28,21,140.26,22.72
2025-01-28,22,142.38,55.18
2025-01-28,23,154.58,55.75
2025-01-28,24,137.8,25.6
2025-01-28,25,139.12,31.26
2025-01-28,26,143.42,36.15
2025-01-28,27,127.38,55.8
2025-01-28,28,167.59,46.59
2025-01-28,29,179.6,31.75
2025-01-28,30,165.0,29.99
2025-01-28,31,181.63,41.6
2025-01-28,32,164.8,74.67
2025-01-28,33,203.73,57.79
2025-01-28,34,166.13,54.29
2025-01-28,35,157.78,73.74
2025-01-28,36,196.08,71.57
2025-01-28,37,173.82,110.73
2025-01-28,38,186.12,62.47
2025-01-28,39,182.88,35.43
2025-01-28,40,135.39,47.1
2025-01-28,41,168.5,17.58
2025-01-28,42,124.39,44.38
2025-01-28,43,113.98,36.88
2025-01-28,44,123.42,17.33
2025-01-28,45,144.71,55.78
2025-01-28,46,131.3,38.01
2025-01-28,47,141.13,6.52
2025-01-28,48,88.42,4.88
2025-01-29,1,132.85,2.36
2025-01-29,2,134.0,25.91
2025-01-29,3,107.94,-7.13
2025-01-29,4,124.05,32.17
2025-01-29,5,136.53,17.17
2025-01-29,6,95.91,-19.02
2025-01-29,7,86.5,32.4
2025-01-29,8,110.67,13.81
2025-01-29,9,108.99,-18.03
2025-01-29,10,115.53,-16.61
2025-01-29,11,137.77,3.52
2025-01-29,12,135.03,-7.31
2025-01-29,13,134.63,34.6
2025-01-29,14,131.71,13.39
2025-01-29,15,120.66,18.13
2025-01-29,16,120.69,19.62
2025-01-29,17,131.25,39.79
2025-01-29,18,120.95,63.07
2025-01-29,19,154.31,32.61
2025-01-29,20,138.34,55.67
2025-01-29,21,150.41,44.71
2025-01-29,22,163.65,46.44
2025-01-29,23,156.16,27.93
2025-01-29,24,142.04,23.67
2025-01-29,25,138.22,43.3
2025-01-29,26,168.5,67.67
2025-01-29,27,169.65,41.28
2025-01-29,28,132.77,17.0
2025-01-29,29,159.51,64.04
2025-01-29,30,173.11,62.54
2025-01-29,31,180.91,67.9
2025-01-29,32,157.15,78.0
2025-01-29,33,180.95,95.79
2025-01-29,34,178.81,86.91
2025-01-29,35,172.23,76.65
2025-01-29,36,215.88,92.9
2025-01-29,37,182.15,95.22
2025-01-29,38,181.53,75.25
2025-01-29,39,146.32,84.72
2025-01-29,40,171.53,87.8
2025-01-29,41,179.23,50.11
2025-01-29,42,118.39,45.78
2025-01-29,43,161.57,17.24
2025-01-29,44,132.87,9.17
2025-01-29,45,116.12,23.82
2025-01-29,46,105.04,18.08
2025-01-29,47,117.6,35.4
2025-01-29,48,106.38,40.25
2025-01-30,1,85.08,14.78
2025-01-30,2,133.04,17.24
2025-01-30,3,89.12,23.73
2025-01-30,4,94.25,0.42
2025-01-30,5,130.42,-2.33
2025-01-30,6,105.36,11.65
2025-01-30,7,95.0,-26.07
2025-01-30,8,79.5,13.9
2025-01-30,9,106.94,-12.04
2025-01-30,10,125.36,-10.46
2025-01-30,11,86.81,-4.65
2025-01-30,12,97.52,-19.35
2025-01-30,13,101.64,19.31
2025-01-30,14,148.76,24.03
2025-01-30,15,157.14,52.78
2025-01-30,16,154.7,30.06
2025-01-30,17,151.72,35.99
2025-01-30,18,149.88,28.25
2025-01-30,19,139.0,25.91
2025-01-30,20,115.53,21.45
2025-01-30,21,128.16,48.76
2025-01-30,22,150.51,33.32
2025-01-30,23,118.08,37.08
2025-01-30,24,163.99,67.72
2025-01-30,25,157.04,36.4
2025-01-30,26,142.95,26.63
2025-01-30,27,158.13,40.57
2025-01-30,28,175.44,35.95
2025-01-30,29,146.99,53.89
2025-01-30,30,148.28,27.61
2025-01-30,31,172.51,58.85
2025-01-30,32,157.94,67.88
2025-01-30,33,152.33,89.52
2025-01-30,34,165.17,95.14
2025-01-30,35,172.17,74.53
2025-01-30,36,160.61,89.18
2025-01-30,37,198.76,92.96
2025-01-30,38,169.95,45.33
2025-01-30,39,147.1,49.65
2025-01-30,40,179.12,60.57
2025-01-30,41,151.43,69.03
2025-01-30,42,119.81,10.25
2025-01-30,43,143.89,26.01
2025-01-30,44,137.06,23.43
2025-01-30,45,99.71,15.21
2025-01-30,46,141.81,41.85
2025-01-30,47,107.19,24.05
2025-01-30,48,117.58,36.16
2025-01-31,1,126.68,-6.77
2025-01-31,2,89.64,-13.87
2025-01-31,3,125.33,22.72
2025-01-31,4,119.18,-24.51
2025-01-31,5,97.16,-21.18
2025-01-31,6,101.57,27.9
2025-01-31,7,100.56,8.98
2025-01-31,8,143.29,28.21
2025-01-31,9,121.74,-22.18
2025-01-31,10,110.82,30.04
2025-01-31,11,111.64,13.43
2025-01-31,12,97.4,30.76
2025-01-31,13,157.25,41.68
2025-01-31,14,136.47,-5.52
2025-01-31,15,146.41,32.43
2025-01-31,16,109.75,35.39
2025-01-31,17,156.58,64.56
2025-01-31,18,145.4,51.62
2025-01-31,19,126.82,53.57
2025-01-31,20,134.32,50.3
2025-01-31,21,113.68,29.06
2025-01-31,22,141.71,22.92
2025-01-31,23,146.14,30.85
2025-01-31,24,146.9,11.68
2025-01-31,25,176.92,25.8
2025-01-31,26,147.15,42.63
2025-01-31,27,131.31,19.9
2025-01-31,28,141.95,53.73
2025-01-31,29,160.56,38.09
2025-01-31,30,165.69,36.45
2025-01-31,31,149.96,91.95
2025-01-31,32,182.95,82.29
2025-01-31,33,160.51,72.19
2025-01-31,34,174.95,96.31
2025-01-31,35,168.47,114.72
2025-01-31,36,194.56,115.05
2025-01-31,37,174.33,104.22
2025-01-31,38,187.01,88.33
2025-01-31,39,140.79,66.23
2025-01-31,40,152.54,48.78
2025-01-31,41,124.26,68.06
2025-01-31,42,168.31,25.49
2025-01-31,43,127.11,34.28
2025-01-31,44,127.92,28.33
2025-01-31,45,104.53,4.59
2025-01-31,46,88.88,33.18
2025-01-31,47,140.37,6.59
2025-01-31,48,119.57,26.8
2025-02-01,1,134.09,14.74
2025-02-01,2,124.43,-10.02
2025-02-01,3,87.45,26.27
2025-02-01,4,108.22,-27.74
2025-02-01,5,89.31,5.54
2025-02-01,6,96.05,22.33
2025-02-01,7,88.54,16.61
2025-02-01,8,118.57,-8.75
2025-02-01,9,87.4,16.27
2025-02-01,10,89.8,15.71
2025-02-01,11,81.2,24.08
2025-02-01,12,114.38,-13.09
2025-02-01,13,95.25,23.83
2025-02-01,14,101.5,36.95
2025-02-01,15,143.54,11.15
2025-02-01,16,137.38,45.82
2025-02-01,17,132.95,22.36
2025-02-01,18,129.36,19.46
2025-02-01,19,122.76,13.66
2025-02-01,20,145.34,61.46
2025-02-01,21,120.46,2.4
2025-02-01,22,123.14,12.63
2025-02-01,23,132.45,12.06
2025-02-01,24,158.52,38.91
2025-02-01,25,104.47,22.17
2025-02-01,26,151.0,51.83
2025-02-01,27,120.54,22.83
2025-02-01,28,123.64,58.3
2025-02-01,29,163.39,32.06
2025-02-01,30,140.87,28.51
2025-02-01,31,147.95,15.96
2025-02-01,32,183.4,76.66
2025-02-01,33,173.06,29.45
2025-02-01,34,146.81,66.54
2025-02-01,35,160.72,73.55
2025-02-01,36,194.08,101.11
2025-02-01,37,163.26,61.38
2025-02-01,38,153.7,90.92
2025-02-01,39,136.91,74.64
2025-02-01,40,136.26,17.41
2025-02-01,41,148.31,23.43
2025-02-01,42,137.57,33.36
2025-02-01,43,139.4,29.71
2025-02-01,44,135.0,38.85
2025-02-01,45,135.41,24.67
2025-02-01,46,100.82,16.03
2025-02-01,47,123.13,15.57
2025-02-01,48,114.14,15.8
2025-02-02,1,103.7,23.71
2025-02-02,2,125.55,13.17
2025-02-02,3,115.22,4.1
2025-02-02,4,92.49,-0.36
2025-02-02,5,113.83,-15.28
2025-02-02,6,103.76,12.15
2025-02-02,7,106.28,-30.15
2025-02-02,8,94.51,-0.08
2025-02-02,9,116.39,-4.57
2025-02-02,10,87.75,30.57
2025-02-02,11,99.73,-18.99
2025-02-02,12,106.81,30.8
2025-02-02,13,114.07,-19.93
2025-02-02,14,131.8,-14.2
2025-02-02,15,118.83,2.01
2025-02-02,16,113.29,-1.18
2025-02-02,17,131.46,11.1
2025-02-02,18,128.85,17.6
2025-02-02,19,115.78,19.37
2025-02-02,20,146.61,31.94
2025-02-02,21,113.36,54.26
2025-02-02,22,147.5,16.02
2025-02-02,23,129.68,55.09
2025-02-02,24,104.27,9.05
2025-02-02,25,134.24,18.21
2025-02-02,26,141.98,3.39
2025-02-02,27,146.61,39.61
2025-02-02,28,161.73,18.92
2025-02-02,29,143.63,35.72
2025-02-02,30,154.52,57.91
2025-02-02,31,136.66,53.42
2025-02-02,32,149.61,73.67
2025-02-02,33,135.63,69.93
2025-02-02,34,167.77,59.72
2025-02-02,35,162.06,56.99
2025-02-02,36,153.35,63.13
2025-02-02,37,188.92,38.63
2025-02-02,38,157.85,32.53
2025-02-02,39,131.67,33.83
2025-02-02,40,131.87,43.2
2025-02-02,41,126.06,47.87
2025-02-02,42,108.01,29.65
2025-02-02,43,124.32,41.95
2025-02-02,44,141.87,26.42
2025-02-02,45,93.54,20.36
2025-02-02,46,126.93,12.15
2025-02-02,47,107.49,26.82
2025-02-02,48,81.8,-13.8
2025-02-03,1,124.04,24.55
2025-02-03,2,88.35,0.5
2025-02-03,3,124.56,-15.27
2025-02-03,4,105.55,-18.15
2025-02-03,5,120.31,23.52
2025-02-03,6,114.53,26.24
2025-02-03,7,114.13,-3.93
2025-02-03,8,127.4,0.43
2025-02-03,9,129.73,-8.28
2025-02-03,10,104.46,11.92
2025-02-03,11,101.7,0.48
2025-02-03,12,91.39,18.34
2025-02-03,13,139.93,25.81
2025-02-03,14,135.69,-7.45
2025-02-03,15,135.56,38.59
2025-02-03,16,114.4,52.0
2025-02-03,17,158.09,14.52
2025-02-03,18,158.46,66.38
2025-02-03,19,160.12,20.56
2025-02-03,20,147.51,23.66
2025-02-03,21,169.22,17.52
2025-02-03,22,124.47,20.54
2025-02-03,23,145.49,14.52
2025-02-03,24,140.36,64.4
2025-02-03,25,148.46,13.74
2025-02-03,26,151.49,19.4
2025-02-03,27,134.74,43.18
2025-02-03,28,164.14,75.92
2025-02-03,29,148.43,85.98
2025-02-03,30,179.78,36.67
2025-02-03,31,184.1,58.63
2025-02-03,32,193.12,78.48
2025-02-03,33,166.15,56.39
2025-02-03,34,196.18,106.09
2025-02-03,35,194.03,90.81
2025-02-03,36,168.15,95.61
2025-02-03,37,161.67,68.15
2025-02-03,38,167.04,39.58
2025-02-03,39,169.06,73.44
2025-02-03,40,142.24,66.12
2025-02-03,41,160.26,69.47
2025-02-03,42,142.61,56.43
2025-02-03,43,122.31,6.45
2025-02-03,44,134.24,39.48
2025-02-03,45,108.22,53.87
2025-02-03,46,144.74,23.46
2025-02-03,47,113.72,26.98
2025-02-03,48,132.61,33.74
2025-02-04,1,124.37,-7.52
2025-02-04,2,94.86,-4.06
2025-02-04,3,134.66,-0.46
2025-02-04,4,100.1,-26.13
2025-02-04,5,124.11,6.33
2025-02-04,6,143.56,25.14
2025-02-04,7,132.74,-22.49
2025-02-04,8,130.97,18.56
2025-02-04,9,114.36,-0.72
2025-02-04,10,141.09,7.98
2025-02-04,11,136.69,-11.82
2025-02-04,12,109.13,21.71
2025-02-04,13,125.66,28.58
2025-02-04,14,111.12,15.75
2025-02-04,15,155.75,40.22
2025-02-04,16,149.3,31.32
2025-02-04,17,159.7,48.18
2025-02-04,18,170.46,27.29
2025-02-04,19,169.87,27.07
2025-02-04,20,147.98,47.03
2025-02-04,21,161.51,29.39
2025-02-04,22,139.0,31.59
2025-02-04,23,143.4,34.81
2025-02-04,24,161.73,59.96
2025-02-04,25,161.75,41.68
2025-02-04,26,133.03,13.86
2025-02-04,27,174.99,48.77
2025-02-04,28,175.99,26.48
2025-02-04,29,144.4,47.05
2025-02-04,30,162.73,70.86
2025-02-04,31,157.45,40.06
2025-02-04,32,183.48,84.89
2025-02-04,33,153.87,79.51
2025-02-04,34,164.85,91.08
2025-02-04,35,185.94,92.13
2025-02-04,36,155.31,51.55
2025-02-04,37,169.84,102.53
2025-02-04,38,189.03,63.18
2025-02-04,39,173.88,71.23
2025-02-04,40,158.75,29.25
2025-02-04,41,139.3,40.56
2025-02-04,42,118.46,30.27
2025-02-04,43,149.59,51.68
2025-02-04,44,146.14,43.07
2025-02-04,45,114.94,24.66
2025-02-04,46,101.96,25.58
2025-02-04,47,109.43,17.89
2025-02-04,48,110.38,-5.48
2025-02-05,1,98.06,13.6
2025-02-05,2,97.54,3.83
2025-02-05,3,134.44,8.5
2025-02-05,4,88.53,2.34
2025-02-05,5,89.88,15.53
2025-02-05,6,82.83,22.87
2025-02-05,7,86.48,10.07
2025-02-05,8,116.16,7.82
2025-02-05,9,95.12,-23.22
2025-02-05,10,99.25,-8.41
2025-02-05,11,119.34,14.64
2025-02-05,12,133.68,-3.59
2025-02-05,13,153.46,-3.4
2025-02-05,14,130.27,37.92
2025-02-05,15,116.8,35.07
2025-02-05,16,119.28,58.32
2025-02-05,17,113.94,26.62
2025-02-05,18,122.71,28.58
2025-02-05,19,133.2,27.94
2025-02-05,20,162.19,27.83
2025-02-05,21,143.55,69.35
2025-02-05,22,146.82,45.06
2025-02-05,23,128.2,53.66
2025-02-05,24,143.52,25.94
2025-02-05,25,166.82,65.42
2025-02-05,26,124.92,44.1
2025-02-05,27,179.95,72.17
2025-02-05,28,146.19,22.92
2025-02-05,29,167.8,61.71
2025-02-05,30,179.03,79.08
2025-02-05,31,194.03,92.47
2025-02-05,32,164.64,67.28
2025-02-05,33,163.0,79.88
2025-02-05,34,173.01,105.76
2025-02-05,35,174.48,93.2
2025-02-05,36,173.7,52.9
2025-02-05,37,194.19,100.87
2025-02-05,38,181.35,94.94
2025-02-05,39,160.27,51.82
2025-02-05,40,137.56,72.91
2025-02-05,41,145.46,13.08
2025-02-05,42,151.92,5.54
2025-02-05,43,148.14,60.1
2025-02-05,44,153.62,53.17
2025-02-05,45,103.64,49.26
2025-02-05,46,122.59,16.9
2025-02-05,47,127.99,-9.51
2025-02-05,48,105.18,42.42
2025-02-06,1,95.6,-1.31
2025-02-06,2,126.72,19.72
2025-02-06,3,136.43,-8.63
2025-02-06,4,96.91,15.03
2025-02-06,5,116.2,9.3
2025-02-06,6,108.78,-5.23
2025-02-06,7,79.34,11.58
2025-02-06,8,78.57,-10.3
2025-02-06,9,71.4,21.44
2025-02-06,10,127.81,-11.41
2025-02-06,11,95.14,24.88
2025-02-06,12,110.55,16.82
2025-02-06,13,106.53,32.41
2025-02-06,14,132.88,10.3
2025-02-06,15,111.28,29.28
2025-02-06,16,153.91,15.14
2025-02-06,17,123.75,50.24
2025-02-06,18,127.84,37.88
2025-02-06,19,162.27,46.08
2025-02-06,20,150.93,62.17
2025-02-06,21,149.1,59.33
2025-02-06,22,135.44,49.41
2025-02-06,23,150.23,27.05
2025-02-06,24,148.84,40.53
2025-02-06,25,159.56,71.53
2025-02-06,26,166.87,39.46
2025-02-06,27,150.24,28.32
2025-02-06,28,171.97,68.74
2025-02-06,29,168.1,74.85
2025-02-06,30,138.0,60.13
2025-02-06,31,171.87,48.5
2025-02-06,32,177.99,77.64
2025-02-06,33,166.78,67.08
2025-02-06,34,187.55,69.86
2025-02-06,35,182.58,67.69
2025-02-06,36,198.73,79.55
2025-02-06,37,183.66,72.97
2025-02-06,38,146.9,71.81
2025-02-06,39,142.21,35.78
2025-02-06,40,138.83,37.15
2025-02-06,41,166.32,55.15
2025-02-06,42,139.71,11.78
2025-02-06,43,156.11,44.11
2025-02-06,44,131.29,-7.06
2025-02-06,45,122.5,6.17
2025-02-06,46,113.99,31.94
2025-02-06,47,114.85,39.64
2025-02-06,48,89.31,5.15
2025-02-07,1,102.61,-20.58
2025-02-07,2,118.93,31.97
2025-02-07,3,114.81,-12.94
2025-02-07,4,130.64,-14.58
2025-02-07,5,136.22,-11.96
2025-02-07,6,131.64,6.07
2025-02-07,7,119.36,-11.0
2025-02-07,8,100.93,-10.52
2025-02-07,9,119.95,-4.18
2025-02-07,10,132.36,-0.02
2025-02-07,11,107.39,5.4
2025-02-07,12,105.05,11.99
2025-02-07,13,124.52,24.44
2025-02-07,14,105.22,-3.86
2025-02-07,15,138.52,44.23
2025-02-07,16,132.69,50.12
2025-02-07,17,132.13,66.65
2025-02-07,18,159.66,66.22
2025-02-07,19,171.47,55.44
2025-02-07,20,122.7,45.51
2025-02-07,21,144.51,57.06
2025-02-07,22,120.36,47.49
2025-02-07,23,170.14,33.54
2025-02-07,24,158.53,44.66
2025-02-07,25,115.85,43.28
2025-02-07,26,142.61,47.9
2025-02-07,27,134.67,64.74
2025-02-07,28,165.14,50.69
2025-02-07,29,175.7,77.93
2025-02-07,30,184.78,29.98
2025-02-07,31,145.64,58.44
2025-02-07,32,174.55,56.65
2025-02-07,33,164.4,69.75
2025-02-07,34,190.74,94.18
2025-02-07,35,183.62,78.91
2025-02-07,36,157.6,60.54
2025-02-07,37,163.29,69.51
2025-02-07,38,179.33,62.47
2025-02-07,39,137.34,61.09
2025-02-07,40,146.17,26.94
2025-02-07,41,132.33,36.68
2025-02-07,42,124.79,35.74
2025-02-07,43,111.19,22.51
2025-02-07,44,120.5,52.82
2025-02-07,45,124.18,-3.86
2025-02-07,46,143.76,-3.45
2025-02-07,47,137.19,-2.56
2025-02-07,48,91.98,6.09
2025-02-08,1,116.9,1.28
2025-02-08,2,87.33,25.33
2025-02-08,3,120.61,-9.14
2025-02-08,4,80.37,21.42
2025-02-08,5,113.9,16.58
2025-02-08,6,113.18,17.74
2025-02-08,7,115.22,-10.78
2025-02-08,8,99.58,0.47
2025-02-08,9,112.14,23.85
2025-02-08,10,112.71,28.74
2025-02-08,11,103.28,7.18
2025-02-08,12,115.5,24.64
2025-02-08,13,90.08,33.93
2025-02-08,14,103.75,35.16
2025-02-08,15,154.3,17.54
2025-02-08,16,101.08,-3.19
2025-02-08,17,134.98,43.3
2025-02-08,18,156.48,39.43
2025-02-08,19,113.64,18.74
2025-02-08,20,150.24,47.83
2025-02-08,21,109.5,28.75
2025-02-08,22,137.67,33.32
2025-02-08,23,132.18,30.07
2025-02-08,24,129.87,17.81
2025-02-08,25,126.05,23.66
2025-02-08,26,127.98,53.97
2025-02-08,27,119.19,28.99
2025-02-08,28,141.48,49.48
2025-02-08,29,127.6,60.79
2025-02-08,30,143.97,27.06
2025-02-08,31,165.65,24.24
2025-02-08,32,134.47,25.58
2025-02-08,33,159.72,59.34
2025-02-08,34,157.12,32.25
2025-02-08,35,196.27,93.48
2025-02-08,36,176.0,37.43
2025-02-08,37,148.5,59.22
2025-02-08,38,151.22,86.47
2025-02-08,39,132.61,72.53
2025-02-08,40,126.88,20.89
2025-02-08,41,122.03,25.38
2025-02-08,42,127.54,5.28
2025-02-08,43,125.14,5.78
2025-02-08,44,107.63,28.53
2025-02-08,45,121.0,-8.45
2025-02-08,46,132.78,-7.22
2025-02-08,47,112.82,-3.38
2025-02-08,48,122.21,-30.06
2025-02-09,1,117.81,-14.03
2025-02-09,2,79.74,-2.57
2025-02-09,3,120.57,16.96
2025-02-09,4,109.21,12.23
2025-02-09,5,116.16,-4.92
2025-02-09,6,103.54,9.86
2025-02-09,7,117.41,-25.04
2025-02-09,8,93.66,4.41
2025-02-09,9,108.93,-28.26
2025-02-09,10,103.7,1.18
2025-02-09,11,87.4,-1.06
2025-02-09,12,104.83,-18.42
2025-02-09,13,83.83,7.33
2025-02-09,14,119.19,-13.3
2025-02-09,15,128.23,3.62
2025-02-09,16,129.96,25.75
2025-02-09,17,149.32,44.34
2025-02-09,18,135.26,1.25
2025-02-09,19,140.12,45.78
2025-02-09,20,108.9,7.53
2025-02-09,21,112.75,-6.43
2025-02-09,22,144.43,22.11
2025-02-09,23,135.24,45.22
2025-02-09,24,122.38,15.24
2025-02-09,25,107.78,17.43
2025-02-09,26,134.87,31.57
2025-02-09,27,117.76,38.06
2025-02-09,28,116.98,45.05
2025-02-09,29,118.28,20.29
2025-02-09,30,126.82,38.76
2025-02-09,31,169.38,58.92
2025-02-09,32,154.73,36.95
2025-02-09,33,139.34,48.79
2025-02-09,34,156.42,40.93
2025-02-09,35,153.56,80.72
2025-02-09,36,151.33,59.13
2025-02-09,37,137.2,81.71
2025-02-09,38,175.05,71.31
2025-02-09,39,139.73,43.66
2025-02-09,40,142.41,20.82
2025-02-09,41,150.46,30.57
2025-02-09,42,135.08,11.5
2025-02-09,43,112.2,44.87
2025-02-09,44,126.04,30.71
2025-02-09,45,91.19,22.3
2025-02-09,46,104.4,23.53
2025-02-09,47,87.28,-17.49
2025-02-09,48,101.08,-6.85
2025-02-10,1,130.49,8.24
2025-02-10,2,93.08,25.19
2025-02-10,3,90.51,-9.96
2025-02-10,4,129.16,27.5
2025-02-10,5,102.66,13.92
2025-02-10,6,113.81,14.23
2025-02-10,7,98.48,-16.04
2025-02-10,8,96.1,19.18
2025-02-10,9,121.75,-11.8
2025-02-10,10,109.5,-5.27
2025-02-10,11,133.88,24.41
2025-02-10,12,126.33,-19.15
2025-02-10,13,137.49,8.29
2025-02-10,14,124.58,34.52
2025-02-10,15,154.4,27.79
2025-02-10,16,142.46,29.2
2025-02-10,17,124.5,11.31
2025-02-10,18,119.29,66.34
2025-02-10,19,150.26,45.33
2025-02-10,20,134.86,55.29
2025-02-10,21,134.01,29.26
2025-02-10,22,165.95,44.51
2025-02-10,23,142.88,53.76
2025-02-10,24,126.78,60.28
2025-02-10,25,135.22,57.82
2025-02-10,26,163.05,62.59
2025-02-10,27,163.66,47.09
2025-02-10,28,127.99,57.74
2025-02-10,29,171.13,29.88
2025-02-10,30,167.9,56.06
2025-02-10,31,149.77,88.17
2025-02-10,32,178.6,40.82
2025-02-10,33,147.57,62.13
2025-02-10,34,170.59,66.96
2025-02-10,35,175.54,60.65
2025-02-10,36,192.92,61.99
2025-02-10,37,180.98,69.11
2025-02-10,38,170.03,63.79
2025-02-10,39,147.58,79.21
2025-02-10,40,145.59,66.98
2025-02-10,41,148.75,63.57
2025-02-10,42,132.74,39.16
2025-02-10,43,112.83,46.42
2025-02-10,44,103.15,16.12
2025-02-10,45,105.6,-4.07
2025-02-10,46,97.06,2.88
2025-02-10,47,124.6,8.62
2025-02-10,48,97.32,-5.76
2025-02-11,1,92.45,-22.99
2025-02-11,2,93.28,28.26
2025-02-11,3,94.88,34.03
2025-02-11,4,88.47,-30.75
2025-02-11,5,98.91,3.29
2025-02-11,6,85.96,15.86
2025-02-11,7,110.25,20.33
2025-02-11,8,93.06,-27.0
2025-02-11,9,122.46,16.43
2025-02-11,10,124.0,22.18
2025-02-11,11,120.3,10.65
2025-02-11,12,120.71,26.83
2025-02-11,13,126.94,14.03
2025-02-11,14,120.61,17.39
2025-02-11,15,144.55,45.96
2025-02-11,16,119.13,54.27
2025-02-11,17,165.73,56.74
2025-02-11,18,162.25,50.54
2025-02-11,19,158.21,70.54
2025-02-11,20,153.33,68.65
2025-02-11,21,109.49,8.08
2025-02-11,22,129.72,51.98
2025-02-11,23,148.09,42.27
2025-02-11,24,132.41,33.49
2025-02-11,25,153.96,17.99
2025-02-11,26,136.97,41.06
2025-02-11,27,180.04,65.79
2025-02-11,28,171.27,18.53
2025-02-11,29,165.66,72.98
2025-02-11,30,153.64,71.04
2025-02-11,31,172.32,37.62
2025-02-11,32,176.13,84.67
2025-02-11,33,160.44,88.05
2025-02-11,34,156.81,64.4
2025-02-11,35,172.94,90.28
2025-02-11,36,165.51,108.36
2025-02-11,37,189.58,72.89
2025-02-11,38,146.87,67.62
2025-02-11,39,157.77,68.54
2025-02-11,40,124.7,21.48
2025-02-11,41,118.07,60.91
2025-02-11,42,126.85,22.34
2025-02-11,43,135.4,13.19
2025-02-11,44,147.38,17.92
2025-02-11,45,109.02,47.23
2025-02-11,46,101.63,45.88
2025-02-11,47,104.58,24.28
2025-02-11,48,124.35,4.22
2025-02-12,1,116.46,26.37
2025-02-12,2,94.82,-4.48
2025-02-12,3,100.23,12.83
2025-02-12,4,85.47,-21.61
2025-02-12,5,104.06,1.74
2025-02-12,6,109.01,20.81
2025-02-12,7,121.05,29.22
2025-02-12,8,117.04,24.36
2025-02-12,9,118.39,14.46
2025-02-12,10,98.62,-14.93
2025-02-12,11,91.69,21.65
2025-02-12,12,137.72,20.77
2025-02-12,13,104.81,4.05
2025-02-12,14,144.09,40.98
2025-02-12,15,159.15,24.34
2025-02-12,16,149.49,38.23
2025-02-12,17,142.02,65.2
2025-02-12,18,131.29,64.32
2025-02-12,19,150.27,25.78
2025-02-12,20,157.98,48.98
2025-02-12,21,149.57,29.94
2025-02-12,22,142.38,24.38
2025-02-12,23,118.79,32.02
2025-02-12,24,137.28,25.02
2025-02-12,25,148.68,66.53
2025-02-12,26,129.75,34.48
2025-02-12,27,147.1,62.43
2025-02-12,28,153.52,32.99
2025-02-12,29,182.27,82.08
2025-02-12,30,158.56,36.02
2025-02-12,31,168.65,46.84
2025-02-12,32,165.67,85.67
2025-02-12,33,149.25,53.68
2025-02-12,34,166.26,55.64
2025-02-12,35,198.0,87.97
2025-02-12,36,200.33,74.23
2025-02-12,37,184.77,66.74
2025-02-12,38,171.08,85.08
2025-02-12,39,164.42,56.36
2025-02-12,40,154.31,22.85
2025-02-12,41,131.16,34.7
2025-02-12,42,157.12,20.45
2025-02-12,43,110.81,22.01
2025-02-12,44,118.01,22.57
2025-02-12,45,105.2,50.33
2025-02-12,46,100.41,15.41
2025-02-12,47,102.96,40.37
2025-02-12,48,96.07,27.6
2025-02-13,1,131.46,34.2
2025-02-13,2,127.84,21.88
2025-02-13,3,80.69,7.72
2025-02-13,4,128.1,-8.73
2025-02-13,5,84.89,-2.22
2025-02-13,6,113.73,20.57
2025-02-13,7,125.95,18.03
2025-02-13,8,91.39,9.9
2025-02-13,9,132.18,17.96
2025-02-13,10,106.46,-13.3
2025-02-13,11,88.22,27.08
2025-02-13,12,100.54,-6.51
2025-02-13,13,145.42,-2.56
2025-02-13,14,113.16,42.41
2025-02-13,15,142.21,47.3
2025-02-13,16,135.67,28.77
2025-02-13,17,152.84,60.35
2025-02-13,18,160.11,37.6
2025-02-13,19,135.92,48.88
2025-02-13,20,131.23,26.49
2025-02-13,21,110.19,6.03
2025-02-13,22,138.62,46.63
2025-02-13,23,159.94,60.75
2025-02-13,24,132.14,11.73
2025-02-13,25,141.57,13.18
2025-02-13,26,145.24,58.88
2025-02-13,27,163.44,38.58
2025-02-13,28,162.98,51.13
2025-02-13,29,160.17,23.5
2025-02-13,30,164.39,68.12
2025-02-13,31,175.89,85.07
2025-02-13,32,189.0,46.92
2025-02-13,33,202.63,66.31
2025-02-13,34,195.38,99.61
2025-02-13,35,200.49,78.29
2025-02-13,36,185.2,75.18
2025-02-13,37,201.92,94.11
2025-02-13,38,151.57,48.11
2025-02-13,39,194.83,41.85
2025-02-13,40,172.34,40.84
2025-02-13,41,120.16,12.03
2025-02-13,42,111.43,32.92
2025-02-13,43,117.28,42.34
2025-02-13,44,127.05,21.75
2025-02-13,45,109.49,48.83
2025-02-13,46,144.75,-11.67
2025-02-13,47,106.03,-10.85
2025-02-13,48,112.01,21.48
2025-02-14,1,133.22,20.21
2025-02-14,2,128.05,22.5
2025-02-14,3,86.75,14.71
2025-02-14,4,125.74,-10.46
2025-02-14,5,119.39,-10.81
2025-02-14,6,101.81,3.47
2025-02-14,7,123.31,-14.72
2025-02-14,8,111.3,22.02
2025-02-14,9,129.12,11.51
2025-02-14,10,131.27,5.9
2025-02-14,11,91.66,18.48
2025-02-14,12,134.61,2.81
2025-02-14,13,135.19,36.01
2025-02-14,14,137.78,27.56
2025-02-14,15,113.56,16.85
2025-02-14,16,117.72,12.81
2025-02-14,17,135.65,56.47
2025-02-14,18,141.48,15.98
2025-02-14,19,133.89,20.3
2025-02-14,20,164.15,64.77
2025-02-14,21,140.23,20.17
2025-02-14,22,124.96,57.04
2025-02-14,23,142.52,27.21
2025-02-14,24,117.33,19.47
2025-02-14,25,147.0,33.41
2025-02-14,26,141.59,27.53
2025-02-14,27,119.53,19.21
2025-02-14,28,144.37,49.36
2025-02-14,29,159.66,68.88
2025-02-14,30,164.36,35.29
2025-02-14,31,159.25,29.8
2025-02-14,32,187.92,63.94
2025-02-14,33,157.31,64.54
2025-02-14,34,164.54,64.95
2025-02-14,35,189.84,108.21
2025-02-14,36,207.35,88.83
2025-02-14,37,166.61,92.21
2025-02-14,38,202.24,65.17
2025-02-14,39,198.21,73.7
2025-02-14,40,162.11,71.55
2025-02-14,41,154.86,36.39
2025-02-14,42,134.88,12.81
2025-02-14,43,135.56,17.38
2025-02-14,44,126.37,17.93
2025-02-14,45,148.13,38.31
2025-02-14,46,99.2,47.9
2025-02-14,47,111.89,-6.47
2025-02-14,48,117.15,21.01
2025-02-15,1,91.86,27.72
2025-02-15,2,98.14,-16.84
2025-02-15,3,72.01,-3.79
2025-02-15,4,117.66,9.32
2025-02-15,5,76.77,-26.44
2025-02-15,6,107.25,-22.16
2025-02-15,7,77.57,-21.23
2025-02-15,8,90.56,-35.06
2025-02-15,9,102.63,-22.8
2025-02-15,10,111.63,20.08
2025-02-15,11,129.94,-25.75
2025-02-15,12,112.53,0.69
2025-02-15,13,116.54,18.62
2025-02-15,14,130.09,-16.83
2025-02-15,15,141.37,34.68
2025-02-15,16,100.28,15.02
2025-02-15,17,138.4,38.09
2025-02-15,18,151.84,16.51
2025-02-15,19,156.05,58.76
2025-02-15,20,94.92,42.63
2025-02-15,21,102.19,28.86
2025-02-15,22,138.04,54.09
2025-02-15,23,120.02,27.36
2025-02-15,24,138.73,6.92
2025-02-15,25,104.96,35.87
2025-02-15,26,128.55,51.32
2025-02-15,27,117.31,21.1
2025-02-15,28,118.45,11.57
2025-02-15,29,143.28,14.86
2025-02-15,30,132.14,32.74
2025-02-15,31,169.93,24.47
2025-02-15,32,161.57,68.68
2025-02-15,33,167.4,38.3
2025-02-15,34,179.76,30.54
2025-02-15,35,174.05,55.64
2025-02-15,36,158.94,75.4
2025-02-15,37,137.2,68.16
2025-02-15,38,135.56,45.99
2025-02-15,39,168.56,23.22
2025-02-15,40,145.6,27.51
2025-02-15,41,112.04,14.23
2025-02-15,42,131.42,6.67
2025-02-15,43,141.64,9.64
2025-02-15,44,130.13,36.75
2025-02-15,45,129.34,-15.27
2025-02-15,46,88.37,11.2
2025-02-15,47,84.12,-26.62
2025-02-15,48,93.6,-3.99
2025-02-16,1,117.79,-16.0
2025-02-16,2,101.86,-4.92
2025-02-16,3,114.9,-11.4
2025-02-16,4,81.98,17.25
2025-02-16,5,99.06,25.27
2025-02-16,6,120.29,8.3
2025-02-16,7,73.53,-3.9
2025-02-16,8,94.74,-0.24
2025-02-16,9,94.57,-25.88
2025-02-16,10,121.99,24.44
2025-02-16,11,94.19,-8.07
2025-02-16,12,123.7,5.67
2025-02-16,13,111.82,34.87
2025-02-16,14,101.65,1.28
2025-02-16,15,104.32,21.37
2025-02-16,16,135.24,12.75
2025-02-16,17,146.45,17.74
2025-02-16,18,109.82,23.01
2025-02-16,19,120.23,49.14
2025-02-16,20,124.77,55.4
2025-02-16,21,130.63,-0.89
2025-02-16,22,125.7,15.8
2025-02-16,23,109.59,13.16
2025-02-16,24,107.24,51.18
2025-02-16,25,134.49,9.35
2025-02-16,26,168.44,47.19
2025-02-16,27,134.73,14.41
2025-02-16,28,114.54,31.21
2025-02-16,29,116.92,44.53
2025-02-16,30,146.51,59.46
2025-02-16,31,137.76,54.1
2025-02-16,32,126.69,66.63
2025-02-16,33,172.96,54.97
2025-02-16,34,155.68,75.29
2025-02-16,35,160.87,41.46
2025-02-16,36,159.79,86.39
2025-02-16,37,188.19,91.96
2025-02-16,38,173.12,72.55
2025-02-16,39,156.88,65.47
2025-02-16,40,110.72,35.79
2025-02-16,41,137.97,8.92
2025-02-16,42,132.43,25.33
2025-02-16,43,138.1,27.87
2025-02-16,44,88.18,-18.46
2025-02-16,45,129.07,20.42
2025-02-16,46,126.67,-1.83
2025-02-16,47,84.58,-10.29
2025-02-16,48,132.8,2.39
2025-02-17,1,94.25,8.3
2025-02-17,2,107.76,-16.86
2025-02-17,3,110.28,32.19
2025-02-17,4,106.81,22.42
2025-02-17,5,125.8,7.39
2025-02-17,6,83.29,17.6
2025-02-17,7,83.44,-12.49
2025-02-17,8,113.4,33.99
2025-02-17,9,131.07,31.33
2025-02-17,10,85.6,-22.3
2025-02-17,11,128.95,29.77
2025-02-17,12,101.21,8.45
2025-02-17,13,111.6,9.41
2025-02-17,14,113.24,17.64
2025-02-17,15,136.9,49.62
2025-02-17,16,144.98,40.16
2025-02-17,17,157.96,47.71
2025-02-17,18,125.29,40.4
2025-02-17,19,139.35,2.65
2025-02-17,20,163.34,60.0
2025-02-17,21,130.46,47.86
2025-02-17,22,149.26,6.66
2025-02-17,23,135.55,52.23
2025-02-17,24,155.02,34.53
2025-02-17,25,159.24,27.86
2025-02-17,26,155.5,56.9
2025-02-17,27,165.43,77.85
2025-02-17,28,160.63,39.23
2025-02-17,29,142.45,61.33
2025-02-17,30,163.05,28.95
2025-02-17,31,133.45,31.56
2025-02-17,32,181.08,78.72
2025-02-17,33,156.32,48.83
2025-02-17,34,195.8,88.69
2025-02-17,35,202.91,107.21
2025-02-17,36,196.4,101.11
2025-02-17,37,170.4,52.11
2025-02-17,38,163.88,108.37
2025-02-17,39,143.71,91.05
2025-02-17,40,136.23,46.82
2025-02-17,41,123.75,20.98
2025-02-17,42,162.52,65.62
2025-02-17,43,114.64,48.05
2025-02-17,44,140.44,28.38
2025-02-17,45,126.09,10.5
2025-02-17,46,99.02,36.24
2025-02-17,47,91.38,27.58
2025-02-17,48,100.38,2.81
2025-02-18,1,122.77,20.46
2025-02-18,2,106.94,-23.05
2025-02-18,3,128.42,-10.38
2025-02-18,4,102.85,7.95
2025-02-18,5,99.81,20.2
2025-02-18,6,80.91,-32.52
2025-02-18,7,103.83,10.99
2025-02-18,8,121.24,30.31
2025-02-18,9,131.57,35.52
2025-02-18,10,94.9,13.52
2025-02-18,11,117.65,11.85
2025-02-18,12,93.47,24.32
2025-02-18,13,117.97,33.15
2025-02-18,14,102.69,14.7
2025-02-18,15,143.24,55.75
2025-02-18,16,122.81,21.04
2025-02-18,17,132.85,59.13
2025-02-18,18,135.4,7.72
2025-02-18,19,161.8,24.47
2025-02-18,20,113.06,27.24
2025-02-18,21,125.38,31.36
2025-02-18,22,154.24,62.67
2025-02-18,23,111.92,21.86
2025-02-18,24,154.74,35.3
2025-02-18,25,159.49,56.83
2025-02-18,26,120.72,38.7
2025-02-18,27,175.34,56.93
2025-02-18,28,146.41,23.5
2025-02-18,29,146.45,37.08
2025-02-18,30,160.0,58.26
2025-02-18,31,170.2,41.55
2025-02-18,32,192.33,90.75
2025-02-18,33,199.48,70.05
2025-02-18,34,174.89,79.21
2025-02-18,35,201.3,87.43
2025-02-18,36,172.59,51.16
2025-02-18,37,178.77,103.8
2025-02-18,38,154.97,55.95
2025-02-18,39,148.88,79.87
2025-02-18,40,126.54,48.81
2025-02-18,41,119.18,70.14
2025-02-18,42,145.23,46.87
2025-02-18,43,104.32,24.42
2025-02-18,44,123.64,37.0
2025-02-18,45,118.13,20.19
2025-02-18,46,133.6,-10.03
2025-02-18,47,103.82,-11.39
2025-02-18,48,129.81,41.76
2025-02-19,1,99.08,35.07
2025-02-19,2,104.05,-16.98
2025-02-19,3,106.48,22.82
2025-02-19,4,109.59,-4.62
2025-02-19,5,110.77,21.52
2025-02-19,6,81.92,-26.39
2025-02-19,7,83.74,2.46
2025-02-19,8,106.15,33.41
2025-02-19,9,124.31,-6.62
2025-02-19,10,85.33,6.5
2025-02-19,11,130.01,45.29
2025-02-19,12,114.34,12.51
2025-02-19,13,127.43,-11.49
2025-02-19,14,105.95,10.73
2025-02-19,15,145.81,41.71
2025-02-19,16,125.78,56.21
2025-02-19,17,138.46,44.9
2025-02-19,18,144.89,39.99
2025-02-19,19,113.3,14.25
2025-02-19,20,145.78,65.94
2025-02-19,21,156.64,6.49
2025-02-19,22,148.51,44.67
2025-02-19,23,127.11,45.24
2025-02-19,24,166.7,48.89
2025-02-19,25,134.01,7.7
2025-02-19,26,132.46,40.39
2025-02-19,27,169.52,51.55
2025-02-19,28,125.92,46.87
2025-02-19,29,173.09,63.82
2025-02-19,30,161.95,22.44
2025-02-19,31,183.97,45.96
2025-02-19,32,158.96,73.16
2025-02-19,33,185.76,51.07
2025-02-19,34,154.55,83.19
2025-02-19,35,183.99,54.93
2025-02-19,36,160.58,102.43
2025-02-19,37,172.75,59.81
2025-02-19,38,143.4,64.29
2025-02-19,39,158.14,33.03
2025-02-19,40,165.43,27.96
2025-02-19,41,125.24,59.13
2025-02-19,42,152.2,61.2
2025-02-19,43,147.73,5.92
2025-02-19,44,109.74,17.44
2025-02-19,45,145.53,29.11
2025-02-19,46,122.18,1.45
2025-02-19,47,127.43,31.89
2025-02-19,48,100.73,43.53
2025-02-20,1,111.13,40.87
2025-02-20,2,120.66,-4.63
2025-02-20,3,107.47,14.26
2025-02-20,4,92.43,16.49
2025-02-20,5,74.82,-28.93
2025-02-20,6,103.51,-22.05
2025-02-20,7,94.19,10.32
2025-02-20,8,94.71,-0.42
2025-02-20,9,127.59,4.48
2025-02-20,10,84.94,13.93
2025-02-20,11,132.92,-11.33
2025-02-20,12,83.51,25.61
2025-02-20,13,135.96,24.33
2025-02-20,14,92.28,-6.04
2025-02-20,15,128.05,17.91
2025-02-20,16,114.85,3.73
2025-02-20,17,125.26,9.58
2025-02-20,18,117.92,55.94
2025-02-20,19,124.2,59.56
2025-02-20,20,132.66,12.86
2025-02-20,21,162.93,10.4
2025-02-20,22,145.18,57.41
2025-02-20,23,149.31,22.7
2025-02-20,24,154.27,61.07
2025-02-20,25,167.95,28.05
2025-02-20,26,139.16,22.46
2025-02-20,27,145.69,72.07
2025-02-20,28,156.88,31.23
2025-02-20,29,141.14,77.74
2025-02-20,30,161.4,55.42
2025-02-20,31,143.95,70.94
2025-02-20,32,158.11,52.42
2025-02-20,33,197.16,80.5
2025-02-20,34,188.37,72.69
2025-02-20,35,188.73,65.09
2025-02-20,36,195.17,80.73
2025-02-20,37,175.51,52.79
2025-02-20,38,201.24,48.43
2025-02-20,39,144.15,40.35
2025-02-20,40,182.96,78.02
2025-02-20,41,120.26,12.01
2025-02-20,42,153.35,59.67
2025-02-20,43,133.7,54.97
2025-02-20,44,106.47,9.86
2025-02-20,45,99.21,35.99
2025-02-20,46,144.27,5.6
2025-02-20,47,138.11,37.75
2025-02-20,48,118.68,26.63
2025-02-21,1,111.34,1.54
2025-02-21,2,99.67,-9.6
2025-02-21,3,97.97,18.26
2025-02-21,4,107.76,27.31
2025-02-21,5,128.74,-0.23
2025-02-21,6,114.87,6.26
2025-02-21,7,108.42,-12.72
2025-02-21,8,86.3,14.76
2025-02-21,9,120.64,20.42
2025-02-21,10,85.07,-11.73
2025-02-21,11,108.85,14.47
2025-02-21,12,97.52,-9.58
2025-02-21,13,122.56,46.48
2025-02-21,14,134.03,3.13
2025-02-21,15,108.38,15.09
2025-02-21,16,151.05,37.06
2025-02-21,17,116.09,59.5
2025-02-21,18,151.44,9.04
2025-02-21,19,132.49,19.75
2025-02-21,20,140.25,20.08
2025-02-21,21,153.68,46.03
2025-02-21,22,140.7,51.47
2025-02-21,23,149.79,11.67
2025-02-21,24,137.47,64.39
2025-02-21,25,120.57,54.21
2025-02-21,26,172.37,57.95
2025-02-21,27,126.7,30.75
2025-02-21,28,138.87,65.53
2025-02-21,29,140.07,69.76
2025-02-21,30,135.65,47.29
2025-02-21,31,157.36,45.89
2025-02-21,32,178.6,85.13
2025-02-21,33,149.87,88.62
2025-02-21,34,175.52,89.64
2025-02-21,35,177.52,106.57
2025-02-21,36,167.79,94.3
2025-02-21,37,204.88,55.09
2025-02-21,38,167.1,82.4
2025-02-21,39,173.61,48.79
2025-02-21,40,120.86,58.44
2025-02-21,41,115.85,24.77
2025-02-21,42,142.32,10.7
2025-02-21,43,133.72,6.33
2025-02-21,44,136.26,9.35
2025-02-21,45,104.16,38.33
2025-02-21,46,88.0,-5.98
2025-02-21,47,138.47,-9.95
2025-02-21,48,139.5,-8.28
2025-02-22,1,83.73,-14.16
2025-02-22,2,108.08,3.34
2025-02-22,3,104.2,-19.45
2025-02-22,4,117.36,21.25
2025-02-22,5,93.22,-2.44
2025-02-22,6,123.61,-25.29
2025-02-22,7,109.52,-24.23
2025-02-22,8,92.02,8.81
2025-02-22,9,102.17,14.74
2025-02-22,10,107.91,-10.5
2025-02-22,11,93.21,-28.26
2025-02-22,12,95.35,30.48
2025-02-22,13,87.91,-5.21
2025-02-22,14,141.02,-14.87
2025-02-22,15,116.81,-8.99
2025-02-22,16,119.86,44.12
2025-02-22,17,93.01,38.26
2025-02-22,18,116.43,50.87
2025-02-22,19,139.53,25.53
2025-02-22,20,139.41,21.85
2025-02-22,21,123.18,25.07
2025-02-22,22,107.18,7.12
2025-02-22,23,133.19,50.89
2025-02-22,24,155.46,3.16
2025-02-22,25,155.33,20.79
2025-02-22,26,152.12,17.7
2025-02-22,27,95.83,17.38
2025-02-22,28,147.1,21.07
2025-02-22,29,115.51,13.87
2025-02-22,30,137.74,40.71
2025-02-22,31,132.88,46.94
2025-02-22,32,171.14,71.5
2025-02-22,33,137.56,59.34
2025-02-22,34,141.01,55.57
2025-02-22,35,144.84,40.53
2025-02-22,36,180.64,38.13
2025-02-22,37,174.63,53.11
2025-02-22,38,129.65,42.81
2025-02-22,39,141.43,13.22
2025-02-22,40,153.51,68.08
2025-02-22,41,117.19,58.04
2025-02-22,42,130.49,40.51
2025-02-22,43,94.95,-1.99
2025-02-22,44,103.4,26.37
2025-02-22,45,124.0,-24.46
2025-02-22,46,90.21,37.23
2025-02-22,47,101.4,29.73
2025-02-22,48,103.79,-9.42
2025-02-23,1,80.31,18.5
2025-02-23,2,119.93,22.73
2025-02-23,3,123.19,17.79
2025-02-23,4,76.12,-0.41
2025-02-23,5,83.45,-6.28
2025-02-23,6,116.94,-3.16
2025-02-23,7,74.74,-26.59
2025-02-23,8,83.91,5.06
2025-02-23,9,81.75,-32.27
2025-02-23,10,87.72,2.9
2025-02-23,11,113.34,-24.66
2025-02-23,12,97.07,6.81
2025-02-23,13,97.38,2.46
2025-02-23,14,126.14,38.08
2025-02-23,15,99.61,-2.85
2025-02-23,16,123.93,-1.36
2025-02-23,17,135.35,2.96
2025-02-23,18,134.83,9.71
2025-02-23,19,131.95,23.23
2025-02-23,20,139.49,34.3
2025-02-23,21,104.29,-0.9
2025-02-23,22,109.9,14.71
2025-02-23,23,151.44,34.47
2025-02-23,24,103.47,-2.38
2025-02-23,25,105.44,38.74
2025-02-23,26,113.52,22.58
2025-02-23,27,138.5,60.55
2025-02-23,28,157.79,44.77
2025-02-23,29,161.79,63.87
2025-02-23,30,169.36,39.06
2025-02-23,31,169.83,36.48
2025-02-23,32,136.93,64.98
2025-02-23,33,136.54,71.32
2025-02-23,34,162.74,36.66
2025-02-23,35,149.95,62.88
2025-02-23,36,176.67,72.86
2025-02-23,37,165.49,57.26
2025-02-23,38,131.96,72.9
2025-02-23,39,140.51,62.71
2025-02-23,40,144.49,53.48
2025-02-23,41,151.27,53.35
2025-02-23,42,114.08,5.63
2025-02-23,43,146.06,9.29
2025-02-23,44,117.61,-12.1
2025-02-23,45,98.82,-13.05
2025-02-23,46,122.0,15.72
2025-02-23,47,112.74,11.29
2025-02-23,48,128.73,-15.67
2025-02-24,1,121.35,-10.68
2025-02-24,2,90.43,27.21
2025-02-24,3,125.39,29.51
2025-02-24,4,111.14,13.75
2025-02-24,5,103.73,-8.25
2025-02-24,6,121.67,6.89
2025-02-24,7,130.09,-14.25
2025-02-24,8,117.78,-9.12
2025-02-24,9,107.13,11.25
2025-02-24,10,114.75,-16.26
2025-02-24,11,130.81,35.34
2025-02-24,12,112.38,25.65
2025-02-24,13,112.03,33.96
2025-02-24,14,135.27,-7.58
2025-02-24,15,131.76,24.28
2025-02-24,16,101.8,21.58
2025-02-24,17,120.27,56.49
2025-02-24,18,136.36,63.62
2025-02-24,19,121.0,55.82
2025-02-24,20,129.61,18.99
2025-02-24,21,118.84,13.27
2025-02-24,22,148.45,27.13
2025-02-24,23,130.77,49.39
2025-02-24,24,130.82,66.76
2025-02-24,25,126.87,11.68
2025-02-24,26,158.06,70.89
2025-02-24,27,164.37,52.9
2025-02-24,28,129.13,54.48
2025-02-24,29,174.98,59.29
2025-02-24,30,155.41,45.19
2025-02-24,31,161.97,49.77
2025-02-24,32,146.1,55.91
2025-02-24,33,172.71,82.67
2025-02-24,34,198.17,105.97
2025-02-24,35,204.15,61.51
2025-02-24,36,186.64,58.83
2025-02-24,37,169.92,67.36
2025-02-24,38,186.3,92.6
2025-02-24,39,165.7,67.43
2025-02-24,40,157.76,80.97
2025-02-24,41,136.86,15.96
2025-02-24,42,156.71,38.22
2025-02-24,43,143.58,45.88
2025-02-24,44,140.53,10.82
2025-02-24,45,137.12,-6.74
2025-02-24,46,111.35,9.69
2025-02-24,47,131.18,10.74
2025-02-24,48,99.15,24.99
2025-02-25,1,105.02,-17.04
2025-02-25,2,93.37,19.25
2025-02-25,3,76.41,29.92
2025-02-25,4,107.03,-19.94
2025-02-25,5,124.12,10.79
2025-02-25,6,91.86,34.78
2025-02-25,7,105.61,17.32
2025-02-25,8,133.75,7.8
2025-02-25,9,113.67,-5.96
2025-02-25,10,91.74,12.72
2025-02-25,11,120.13,18.38
2025-02-25,12,96.5,-18.02
2025-02-25,13,114.7,42.88
2025-02-25,14,147.26,-8.49
2025-02-25,15,127.8,42.26
2025-02-25,16,151.47,30.54
2025-02-25,17,151.25,33.21
2025-02-25,18,131.79,11.23
2025-02-25,19,153.21,43.55
2025-02-25,20,108.42,23.97
2025-02-25,21,138.99,62.58
2025-02-25,22,146.9,53.36
2025-02-25,23,126.65,19.25
2025-02-25,24,132.68,38.06
2025-02-25,25,130.79,55.49
2025-02-25,26,170.14,42.01
2025-02-25,27,132.31,27.2
2025-02-25,28,128.94,63.44
2025-02-25,29,154.69,25.15
2025-02-25,30,168.99,47.32
2025-02-25,31,166.08,70.22
2025-02-25,32,171.93,32.22
2025-02-25,33,170.66,52.04
2025-02-25,34,167.8,83.04
2025-02-25,35,160.7,80.54
2025-02-25,36,201.61,93.37
2025-02-25,37,169.54,61.44
2025-02-25,38,147.99,57.61
2025-02-25,39,163.01,63.31
2025-02-25,40,147.16,32.7
2025-02-25,41,118.44,63.72
2025-02-25,42,153.43,59.57
2025-02-25,43,112.11,7.43
2025-02-25,44,138.5,1.62
2025-02-25,45,118.99,-10.49
2025-02-25,46,100.48,3.68
2025-02-25,47,138.12,22.95
2025-02-25,48,93.88,39.4
2025-02-26,1,131.62,11.02
2025-02-26,2,118.9,-19.87
2025-02-26,3,84.69,0.1
2025-02-26,4,121.18,7.88
2025-02-26,5,88.72,-7.89
2025-02-26,6,111.21,23.21
2025-02-26,7,90.86,-27.51
2025-02-26,8,98.49,30.07
2025-02-26,9,128.4,3.15
2025-02-26,10,110.14,17.75
2025-02-26,11,88.84,6.37
2025-02-26,12,141.8,41.18
2025-02-26,13,95.61,19.94
2025-02-26,14,138.39,51.98
2025-02-26,15,137.57,8.72
2025-02-26,16,152.95,41.23
2025-02-26,17,128.88,40.79
2025-02-26,18,135.14,36.81
2025-02-26,19,158.42,28.33
2025-02-26,20,164.71,57.27
2025-02-26,21,137.22,46.85
2025-02-26,22,134.12,46.33
2025-02-26,23,129.34,39.47
2025-02-26,24,128.09,22.97
2025-02-26,25,120.61,25.06
2025-02-26,26,147.18,19.37
2025-02-26,27,155.14,51.79
2025-02-26,28,133.87,65.39
2025-02-26,29,158.1,55.95
2025-02-26,30,152.31,49.04
2025-02-26,31,186.52,55.41
2025-02-26,32,141.39,64.99
2025-02-26,33,169.31,48.22
2025-02-26,34,184.1,74.43
2025-02-26,35,200.5,95.28
2025-02-26,36,197.47,53.76
2025-02-26,37,154.58,86.28
2025-02-26,38,183.61,54.44
2025-02-26,39,179.94,47.25
2025-02-26,40,138.5,76.99
2025-02-26,41,165.76,28.48
2025-02-26,42,152.62,1.65
2025-02-26,43,107.52,33.59
2025-02-26,44,119.72,34.38
2025-02-26,45,124.25,35.86
2025-02-26,46,127.64,3.2
2025-02-26,47,107.28,26.4
2025-02-26,48,79.09,27.89
2025-02-27,1,110.93,10.23
2025-02-27,2,89.47,-6.94
2025-02-27,3,94.32,6.53
2025-02-27,4,116.44,-2.24
2025-02-27,5,84.61,-6.89
2025-02-27,6,108.65,-16.53
2025-02-27,7,108.02,4.83
2025-02-27,8,76.04,15.5
2025-02-27,9,117.36,2.88
2025-02-27,10,81.05,5.39
2025-02-27,11,78.93,11.19
2025-02-27,12,139.16,15.6
2025-02-27,13,128.94,19.39
2025-02-27,14,92.29,34.85
2025-02-27,15,126.69,32.3
2025-02-27,16,148.63,9.48
2025-02-27,17,164.99,48.34
2025-02-27,18,143.52,19.17
2025-02-27,19,132.88,58.43
2025-02-27,20,149.8,42.66
2025-02-27,21,141.18,13.7
2025-02-27,22,140.25,51.77
2025-02-27,23,122.58,16.91
2025-02-27,24,138.2,32.0
2025-02-27,25,165.02,37.29
2025-02-27,26,143.86,34.34
2025-02-27,27,150.82,60.46
2025-02-27,28,133.91,20.01
2025-02-27,29,151.29,25.75
2025-02-27,30,122.1,47.61
2025-02-27,31,180.19,45.89
2025-02-27,32,186.46,45.41
2025-02-27,33,164.27,74.36
2025-02-27,34,175.37,57.85
2025-02-27,35,159.32,58.17
2025-02-27,36,202.19,64.2
2025-02-27,37,156.92,42.66
2025-02-27,38,151.29,61.79
2025-02-27,39,174.39,44.1
2025-02-27,40,137.56,46.74
2025-02-27,41,159.84,64.9
2025-02-27,42,141.25,52.48
2025-02-27,43,132.31,35.05
2025-02-27,44,103.64,12.22
2025-02-27,45,108.29,21.81
2025-02-27,46,123.18,-9.0
2025-02-27,47,127.55,-2.03
2025-02-27,48,94.62,8.54
2025-02-28,1,95.96,0.49
2025-02-28,2,93.09,-17.55
2025-02-28,3,81.76,11.58
2025-02-28,4,83.15,0.38
2025-02-28,5,114.95,24.86
2025-02-28,6,103.93,-28.05
2025-02-28,7,112.71,-25.28
2025-02-28,8,88.56,-14.05
2025-02-28,9,110.62,27.76
2025-02-28,10,85.55,22.8
2025-02-28,11,81.75,17.34
2025-02-28,12,113.94,13.77
2025-02-28,13,125.1,21.06
2025-02-28,14,132.14,-7.83
2025-02-28,15,127.55,26.17
2025-02-28,16,145.94,27.38
2025-02-28,17,137.93,27.65
2025-02-28,18,113.19,48.73
2025-02-28,19,155.88,17.76
2025-02-28,20,150.06,24.18
2025-02-28,21,119.28,14.67
2025-02-28,22,105.67,47.14
2025-02-28,23,113.19,19.06
2025-02-28,24,158.79,35.26
2025-02-28,25,131.41,60.9
2025-02-28,26,167.55,20.79
2025-02-28,27,151.02,41.56
2025-02-28,28,125.94,37.06
2025-02-28,29,135.52,48.39
2025-02-28,30,167.48,32.96
2025-02-28,31,148.74,65.73
2025-02-28,32,161.9,85.08
2025-02-28,33,154.39,57.0
2025-02-28,34,152.77,86.94
2025-02-28,35,152.57,48.4
2025-02-28,36,200.93,67.59
2025-02-28,37,204.51,93.86
2025-02-28,38,158.4,80.43
2025-02-28,39,155.62,65.81
2025-02-28,40,121.11,24.91
2025-02-28,41,154.46,13.64
2025-02-28,42,154.99,16.84
2025-02-28,43,147.92,42.44
2025-02-28,44,127.59,42.13
2025-02-28,45,104.61,-3.33
2025-02-28,46,134.42,-2.41
2025-02-28,47,120.05,31.07
2025-02-28,48,112.5,-2.72
2025-03-01,1,85.29,4.3
2025-03-01,2,73.6,-13.8
2025-03-01,3,120.34,20.33
2025-03-01,4,105.84,27.59
2025-03-01,5,100.29,24.86
2025-03-01,6,79.45,-5.78
2025-03-01,7,115.61,1.28
2025-03-01,8,87.45,-22.03
2025-03-01,9,123.96,-31.63
2025-03-01,10,109.86,-32.74
2025-03-01,11,115.97,27.95
2025-03-01,12,116.17,24.58
2025-03-01,13,93.09,20.67
2025-03-01,14,110.41,0.2
2025-03-01,15,118.86,40.29
2025-03-01,16,143.53,13.0
2025-03-01,17,135.94,-13.63
2025-03-01,18,95.64,9.68
2025-03-01,19,116.08,11.2
2025-03-01,20,134.98,9.13
2025-03-01,21,130.48,28.67
2025-03-01,22,138.64,55.74
2025-03-01,23,122.12,38.54
2025-03-01,24,142.12,24.32
2025-03-01,25,140.42,24.02
2025-03-01,26,133.58,30.77
2025-03-01,27,154.6,45.38
2025-03-01,28,150.33,60.62
2025-03-01,29,121.47,20.91
2025-03-01,30,128.57,28.5
2025-03-01,31,140.78,20.88
2025-03-01,32,159.97,64.81
2025-03-01,33,156.91,83.29
2025-03-01,34,153.54,48.44
2025-03-01,35,142.83,51.6
2025-03-01,36,144.41,80.9
2025-03-01,37,155.39,77.75
2025-03-01,38,143.29,41.79
2025-03-01,39,126.28,10.72
2025-03-01,40,159.15,59.86
2025-03-01,41,142.93,34.93
2025-03-01,42,121.92,32.76
2025-03-01,43,137.49,43.39
2025-03-01,44,135.42,22.74
2025-03-01,45,125.32,-9.61
2025-03-01,46,86.99,11.52
2025-03-01,47,113.25,-26.09
2025-03-01,48,121.95,26.37
2025-03-02,1,117.33,-16.02
2025-03-02,2,76.83,22.07
2025-03-02,3,75.31,18.28
2025-03-02,4,107.38,8.25
2025-03-02,5,128.32,-18.54
2025-03-02,6,81.96,7.23
2025-03-02,7,103.92,16.2
2025-03-02,8,105.75,0.04
2025-03-02,9,83.27,-6.78
2025-03-02,10,86.77,-17.33
2025-03-02,11,73.93,-26.17
2025-03-02,12,129.11,-14.38
2025-03-02,13,94.97,-19.54
2025-03-02,14,131.19,-16.94
2025-03-02,15,116.09,18.72
2025-03-02,16,118.15,2.14
2025-03-02,17,145.7,42.4
2025-03-02,18,111.1,-4.65
2025-03-02,19,105.12,10.85
2025-03-02,20,151.69,17.13
2025-03-02,21,143.02,35.67
2025-03-02,22,131.95,16.18
2025-03-02,23,139.06,30.34
2025-03-02,24,155.91,20.58
2025-03-02,25,147.38,30.44
2025-03-02,26,148.05,14.3
2025-03-02,27,122.69,42.38
2025-03-02,28,132.95,38.29
2025-03-02,29,118.26,17.24
2025-03-02,30,160.02,17.83
2025-03-02,31,159.86,18.72
2025-03-02,32,171.68,30.86
2025-03-02,33,162.48,51.54
2025-03-02,34,177.17,33.08
2025-03-02,35,192.47,65.58
2025-03-02,36,164.65,61.98
2025-03-02,37,190.26,59.78
2025-03-02,38,165.46,39.99
2025-03-02,39,133.33,74.78
2025-03-02,40,139.01,56.42
2025-03-02,41,117.06,1.21
2025-03-02,42,97.5,5.79
2025-03-02,43,143.03,26.06
2025-03-02,44,101.61,34.36
2025-03-02,45,84.94,29.75
2025-03-02,46,140.96,1.93
2025-03-02,47,121.05,7.19
2025-03-02,48,120.73,-13.36
2025-03-03,1,135.29,1.8
2025-03-03,2,130.12,-22.8
2025-03-03,3,91.39,-11.17
2025-03-03,4,100.31,20.92
2025-03-03,5,85.66,-15.39
2025-03-03,6,120.79,24.51
2025-03-03,7,114.67,-25.27
2025-03-03,8,113.36,-30.43
2025-03-03,9,120.79,-15.42
2025-03-03,10,96.27,-10.56
2025-03-03,11,92.2,24.59
2025-03-03,12,132.16,20.16
2025-03-03,13,105.65,21.07
2025-03-03,14,123.11,-1.37
2025-03-03,15,109.57,31.9
2025-03-03,16,126.66,44.01
2025-03-03,17,133.24,27.69
2025-03-03,18,134.87,18.65
2025-03-03,19,117.41,26.43
2025-03-03,20,134.89,64.42
2025-03-03,21,124.7,43.24
2025-03-03,22,129.98,53.71
2025-03-03,23,150.6,12.34
2025-03-03,24,129.19,28.66
2025-03-03,25,147.03,56.15
2025-03-03,26,119.52,47.46
2025-03-03,27,161.24,48.97
2025-03-03,28,126.96,61.21
2025-03-03,29,169.46,16.49
2025-03-03,30,171.44,63.23
2025-03-03,31,159.32,43.28
2025-03-03,32,174.22,51.74
2025-03-03,33,188.21,52.75
2025-03-03,34,200.3,82.41
2025-03-03,35,190.69,94.38
2025-03-03,36,190.02,71.52
2025-03-03,37,186.3,97.9
2025-03-03,38,189.26,69.79
2025-03-03,39,154.43,53.43
2025-03-03,40,152.09,41.95
2025-03-03,41,161.08,44.52
2025-03-03,42,109.28,53.31
2025-03-03,43,127.91,47.74
2025-03-03,44,117.16,50.15
2025-03-03,45,134.84,33.54
2025-03-03,46,110.57,22.5
2025-03-03,47,99.47,20.03
2025-03-03,48,87.52,-12.69
2025-03-04,1,128.99,-13.89
2025-03-04,2,109.53,-6.7
2025-03-04,3,126.3,-31.68
2025-03-04,4,92.78,-2.81
2025-03-04,5,80.52,8.94
2025-03-04,6,114.46,24.63
2025-03-04,7,111.42,-9.86
2025-03-04,8,124.82,-19.44
2025-03-04,9,128.24,-14.7
2025-03-04,10,88.91,30.38
2025-03-04,11,91.96,-21.26
2025-03-04,12,125.5,4.83
2025-03-04,13,104.67,-6.58
2025-03-04,14,130.76,34.2
2025-03-04,15,121.18,15.8
2025-03-04,16,134.69,20.02
2025-03-04,17,129.38,13.58
2025-03-04,18,134.27,33.18
2025-03-04,19,123.5,15.65
2025-03-04,20,156.32,24.48
2025-03-04,21,165.73,63.5
2025-03-04,22,128.38,22.29
2025-03-04,23,121.48,46.14
2025-03-04,24,130.77,56.77
2025-03-04,25,136.57,26.74
2025-03-04,26,162.5,56.02
2025-03-04,27,136.54,52.61
2025-03-04,28,130.54,59.53
2025-03-04,29,140.12,36.97
2025-03-04,30,143.52,70.01
2025-03-04,31,129.82,21.7
2025-03-04,32,163.83,35.21
2025-03-04,33,176.36,79.24
2025-03-04,34,144.93,45.03
2025-03-04,35,211.59,72.88
2025-03-04,36,157.61,109.95
2025-03-04,37,188.97,80.8
2025-03-04,38,149.68,88.77
2025-03-04,39,184.38,71.26
2025-03-04,40,122.22,30.56
2025-03-04,41,115.34,-1.46
2025-03-04,42,113.46,35.13
2025-03-04,43,148.46,33.15
2025-03-04,44,95.21,-3.38
2025-03-04,45,110.77,41.65
2025-03-04,46,138.19,0.9
2025-03-04,47,125.74,1.76
2025-03-04,48,109.46,23.03
2025-03-05,1,79.47,-8.95
2025-03-05,2,93.67,5.38
2025-03-05,3,97.27,-29.55
2025-03-05,4,76.49,23.78
2025-03-05,5,91.71,-20.2
2025-03-05,6,88.51,-22.24
2025-03-05,7,76.29,-19.43
2025-03-05,8,120.49,-8.46
2025-03-05,9,118.65,23.26
2025-03-05,10,82.82,-18.5
2025-03-05,11,123.86,37.31
2025-03-05,12,125.23,-13.48
2025-03-05,13,131.91,3.87
2025-03-05,14,100.9,37.14
2025-03-05,15,149.28,40.66
2025-03-05,16,138.57,8.87
2025-03-05,17,118.19,46.99
2025-03-05,18,114.61,51.86
2025-03-05,19,164.67,43.08
2025-03-05,20,137.5,54.06
2025-03-05,21,149.76,35.02
2025-03-05,22,114.73,27.21
2025-03-05,23,117.22,53.72
2025-03-05,24,112.57,23.85
2025-03-05,25,139.48,58.51
2025-03-05,26,168.64,59.98
2025-03-05,27,146.03,8.72
2025-03-05,28,165.49,44.65
2025-03-05,29,123.07,69.08
2025-03-05,30,138.73,29.23
2025-03-05,31,184.2,78.26
2025-03-05,32,140.87,86.0
2025-03-05,33,175.72,86.91
2025-03-05,34,182.78,83.05
2025-03-05,35,178.68,75.79
2025-03-05,36,155.35,51.77
2025-03-05,37,197.58,98.18
2025-03-05,38,176.44,52.42
2025-03-05,39,185.87,29.22
2025-03-05,40,127.09,43.16
2025-03-05,41,119.04,57.7
2025-03-05,42,131.56,11.97
2025-03-05,43,106.32,54.13
2025-03-05,44,114.4,13.82
2025-03-05,45,117.0,-0.01
2025-03-05,46,135.74,33.61
2025-03-05,47,131.95,-8.35
2025-03-05,48,105.43,-8.63
2025-03-06,1,134.87,-14.25
2025-03-06,2,130.15,31.22
2025-03-06,3,114.76,-22.59
2025-03-06,4,117.66,-0.97
2025-03-06,5,90.98,-11.62
2025-03-06,6,84.55,3.67
2025-03-06,7,110.74,17.88
2025-03-06,8,82.76,33.38
2025-03-06,9,108.77,-25.79
2025-03-06,10,125.25,0.7
2025-03-06,11,114.66,-21.34
2025-03-06,12,117.12,8.34
2025-03-06,13,97.34,-8.0
2025-03-06,14,104.28,26.6
2025-03-06,15,124.9,-3.66
2025-03-06,16,130.67,29.78
2025-03-06,17,136.46,60.4
2025-03-06,18,151.25,8.32
2025-03-06,19,131.66,14.42
2025-03-06,20,113.72,52.77
2025-03-06,21,151.61,0.2
2025-03-06,22,150.87,58.76
2025-03-06,23,143.43,67.93
2025-03-06,24,166.5,31.42
2025-03-06,25,157.95,50.64
2025-03-06,26,131.42,48.79
2025-03-06,27,170.93,24.41
2025-03-06,28,134.49,49.36
2025-03-06,29,177.41,77.1
2025-03-06,30,177.91,43.98
2025-03-06,31,168.01,45.53
2025-03-06,32,138.2,69.25
2025-03-06,33,173.76,63.37
2025-03-06,34,168.41,55.2
2025-03-06,35,177.59,86.19
2025-03-06,36,199.56,45.13
2025-03-06,37,178.73,47.28
2025-03-06,38,196.87,60.38
2025-03-06,39,150.8,38.36
2025-03-06,40,137.49,23.89
2025-03-06,41,126.7,39.24
2025-03-06,42,135.64,22.0
2025-03-06,43,149.78,21.92
2025-03-06,44,141.86,1.78
2025-03-06,45,130.28,21.21
2025-03-06,46,113.39,-17.65
2025-03-06,47,102.0,-10.71
2025-03-06,48,127.19,8.79
2025-03-07,1,110.93,21.54
2025-03-07,2,123.33,22.5
2025-03-07,3,99.06,-6.46
2025-03-07,4,84.7,-14.06
2025-03-07,5,100.97,-8.03
2025-03-07,6,107.78,3.33
2025-03-07,7,85.82,24.57
2025-03-07,8,86.89,-12.61
2025-03-07,9,102.43,-15.68
2025-03-07,10,119.13,25.57
2025-03-07,11,114.41,36.31
2025-03-07,12,117.07,-17.0
2025-03-07,13,105.6,28.03
2025-03-07,14,136.12,-10.37
2025-03-07,15,106.62,-6.25
2025-03-07,16,151.26,26.77
2025-03-07,17,156.4,30.35
2025-03-07,18,120.38,66.36
2025-03-07,19,163.82,62.52
2025-03-07,20,111.46,34.45
2025-03-07,21,136.52,45.6
2025-03-07,22,147.04,24.72
2025-03-07,23,126.96,61.85
2025-03-07,24,137.5,42.68
2025-03-07,25,114.26,27.5
2025-03-07,26,168.09,23.58
2025-03-07,27,137.42,33.28
2025-03-07,28,140.77,61.26
2025-03-07,29,128.97,27.33
2025-03-07,30,167.03,25.11
2025-03-07,31,152.32,43.46
2025-03-07,32,176.68,77.08
2025-03-07,33,177.23,56.5
2025-03-07,34,189.31,80.84
2025-03-07,35,178.39,58.06
2025-03-07,36,190.37,48.61
2025-03-07,37,174.53,75.91
2025-03-07,38,192.09,44.25
2025-03-07,39,161.92,75.8
2025-03-07,40,126.62,44.68
2025-03-07,41,157.7,54.39
2025-03-07,42,124.92,22.91
2025-03-07,43,135.19,47.47
2025-03-07,44,92.19,22.6
2025-03-07,45,131.67,41.45
2025-03-07,46,117.25,11.02
2025-03-07,47,88.07,32.54
2025-03-07,48,134.27,36.47
2025-03-08,1,101.7,-29.02
2025-03-08,2,108.3,-17.18
2025-03-08,3,81.41,9.45
2025-03-08,4,112.64,13.56
2025-03-08,5,83.92,12.29
2025-03-08,6,115.43,-31.37
2025-03-08,7,79.92,18.32
2025-03-08,8,81.1,4.25
2025-03-08,9,100.89,5.07
2025-03-08,10,129.81,27.71
2025-03-08,11,91.8,-6.64
2025-03-08,12,105.72,18.16
2025-03-08,13,109.91,-13.83
2025-03-08,14,92.46,37.53
2025-03-08,15,106.84,13.1
2025-03-08,16,118.24,19.77
2025-03-08,17,143.19,29.51
2025-03-08,18,139.02,28.77
2025-03-08,19,103.76,36.35
2025-03-08,20,128.1,22.66
2025-03-08,21,138.07,42.55
2025-03-08,22,114.01,21.85
2025-03-08,23,96.89,48.13
2025-03-08,24,116.79,35.13
2025-03-08,25,102.68,29.04
2025-03-08,26,137.02,46.95
2025-03-08,27,151.44,34.16
2025-03-08,28,152.96,58.08
2025-03-08,29,125.07,32.28
2025-03-08,30,149.87,36.25
2025-03-08,31,136.3,20.5
2025-03-08,32,141.05,45.2
2025-03-08,33,177.51,27.52
2025-03-08,34,151.87,30.28
2025-03-08,35,148.44,39.65
2025-03-08,36,160.08,51.45
2025-03-08,37,140.02,77.45
2025-03-08,38,162.95,81.58
2025-03-08,39,150.5,60.45
2025-03-08,40,149.54,16.77
2025-03-08,41,140.5,28.25
2025-03-08,42,153.91,21.18
2025-03-08,43,106.49,27.37
2025-03-08,44,87.07,6.46
2025-03-08,45,112.61,18.42
2025-03-08,46,124.21,-8.49
2025-03-08,47,92.15,-16.01
2025-03-08,48,96.05,18.8
2025-03-09,1,125.41,0.79
2025-03-09,2,105.95,-0.91
2025-03-09,3,99.16,-37.88
2025-03-09,4,78.83,-11.31
2025-03-09,5,91.89,22.76
2025-03-09,6,83.9,20.53
2025-03-09,7,64.38,-40.04
2025-03-09,8,97.49,16.43
2025-03-09,9,78.3,16.96
2025-03-09,10,76.21,-15.95
2025-03-09,11,78.38,7.64
2025-03-09,12,108.23,-10.95
2025-03-09,13,107.4,7.04
2025-03-09,14,125.52,21.94
2025-03-09,15,125.73,41.07
2025-03-09,16,151.43,23.6
2025-03-09,17,125.61,49.26
2025-03-09,18,116.22,47.68
2025-03-09,19,118.97,15.42
2025-03-09,20,147.56,32.05
2025-03-09,21,113.45,22.39
2025-03-09,22,146.06,21.46
2025-03-09,23,110.66,22.4
2025-03-09,24,119.19,57.36
2025-03-09,25,110.79,0.59
2025-03-09,26,158.89,7.18
2025-03-09,27,153.98,30.34
2025-03-09,28,112.35,13.29
2025-03-09,29,114.59,53.27
2025-03-09,30,140.5,19.93
2025-03-09,31,135.39,61.04
2025-03-09,32,121.13,44.66
2025-03-09,33,145.83,63.4
2025-03-09,34,137.86,70.18
2025-03-09,35,187.58,69.41
2025-03-09,36,166.47,77.71
2025-03-09,37,170.32,73.39
2025-03-09,38,147.86,65.4
2025-03-09,39,160.56,19.45
2025-03-09,40,133.76,45.01
2025-03-09,41,147.59,49.2
2025-03-09,42,133.47,-8.19
2025-03-09,43,113.31,-7.93
2025-03-09,44,127.26,27.17
2025-03-09,45,105.87,28.01
2025-03-09,46,109.47,24.49
2025-03-09,47,126.65,24.17
2025-03-09,48,119.07,-5.65
2025-03-10,1,110.11,-17.68
2025-03-10,2,117.15,-27.14
2025-03-10,3,119.76,-11.11
2025-03-10,4,86.86,13.04
2025-03-10,5,75.35,-3.11
2025-03-10,6,124.51,19.17
2025-03-10,7,106.72,-26.5
2025-03-10,8,115.14,23.87
2025-03-10,9,95.93,4.24
2025-03-10,10,88.08,-23.69
2025-03-10,11,114.37,22.47
2025-03-10,12,125.31,18.79
2025-03-10,13,100.91,24.34
2025-03-10,14,121.09,-2.02
2025-03-10,15,129.2,54.65
2025-03-10,16,113.94,1.7
2025-03-10,17,110.11,46.93
2025-03-10,18,110.57,26.1
2025-03-10,19,146.95,65.5
2025-03-10,20,140.97,17.22
2025-03-10,21,141.89,37.64
2025-03-10,22,120.58,45.41
2025-03-10,23,133.12,57.49
2025-03-10,24,140.61,26.55
2025-03-10,25,151.94,50.38
2025-03-10,26,116.29,60.22
2025-03-10,27,148.37,38.5
2025-03-10,28,127.26,22.02
2025-03-10,29,143.53,30.43
2025-03-10,30,178.29,70.41
2025-03-10,31,157.23,44.09
2025-03-10,32,142.46,27.25
2025-03-10,33,160.39,71.99
2025-03-10,34,167.0,87.69
2025-03-10,35,162.64,87.11
2025-03-10,36,159.52,100.37
2025-03-10,37,170.2,74.8
2025-03-10,38,141.71,82.88
2025-03-10,39,161.88,83.16
2025-03-10,40,158.63,75.66
2025-03-10,41,129.72,37.72
2025-03-10,42,138.01,45.87
2025-03-10,43,138.73,19.75
2025-03-10,44,118.74,-5.19
2025-03-10,45,124.14,31.38
2025-03-10,46,94.76,31.78
2025-03-10,47,87.5,37.39
2025-03-10,48,113.68,22.32
2025-03-11,1,94.61,36.67
2025-03-11,2,117.51,26.7
2025-03-11,3,115.1,14.23
2025-03-11,4,126.6,-29.54
2025-03-11,5,115.09,-17.97
2025-03-11,6,82.62,-14.75
2025-03-11,7,104.86,-29.79
2025-03-11,8,81.09,-29.08
2025-03-11,9,98.37,14.85
2025-03-11,10,92.8,35.63
2025-03-11,11,134.04,1.95
2025-03-11,12,130.05,-8.58
2025-03-11,13,109.49,28.48
2025-03-11,14,133.68,48.59
2025-03-11,15,149.33,46.82
2025-03-11,16,139.69,11.45
2025-03-11,17,132.8,51.05
2025-03-11,18,104.71,40.16
2025-03-11,19,150.24,64.39
2025-03-11,20,125.73,7.03
2025-03-11,21,128.61,26.61
2025-03-11,22,115.96,37.87
2025-03-11,23,127.14,21.13
2025-03-11,24,129.06,9.76
2025-03-11,25,154.98,24.14
2025-03-11,26,157.62,27.64
2025-03-11,27,118.65,37.11
2025-03-11,28,156.52,29.04
2025-03-11,29,138.11,48.93
2025-03-11,30,139.34,65.0
2025-03-11,31,171.09,55.09
2025-03-11,32,186.62,41.73
2025-03-11,33,173.93,72.39
2025-03-11,34,144.07,94.13
2025-03-11,35,169.91,87.16
2025-03-11,36,202.26,95.79
2025-03-11,37,153.24,96.29
2025-03-11,38,161.82,94.17
2025-03-11,39,177.65,42.67
2025-03-11,40,132.6,25.1
2025-03-11,41,142.6,14.33
2025-03-11,42,109.18,22.7
2025-03-11,43,148.06,14.07
2025-03-11,44,115.65,19.82
2025-03-11,45,118.5,29.67
2025-03-11,46,114.48,38.3
2025-03-11,47,127.63,22.09
2025-03-11,48,127.94,-19.92
2025-03-12,1,107.44,10.21
2025-03-12,2,108.84,-21.52
2025-03-12,3,81.32,-5.84
2025-03-12,4,118.95,35.59
2025-03-12,5,130.64,-14.58
2025-03-12,6,110.68,11.56
2025-03-12,7,81.12,-12.69
2025-03-12,8,103.46,-16.99
2025-03-12,9,106.47,-19.82
2025-03-12,10,104.32,18.29
2025-03-12,11,89.81,7.34
2025-03-12,12,120.58,29.79
2025-03-12,13,124.49,4.68
2025-03-12,14,134.0,1.46
2025-03-12,15,143.27,27.64
2025-03-12,16,141.28,-4.98
2025-03-12,17,136.88,42.23
2025-03-12,18,124.97,61.46
2025-03-12,19,147.31,24.4
2025-03-12,20,113.03,47.55
2025-03-12,21,124.59,-0.58
2025-03-12,22,126.49,50.12
2025-03-12,23,138.66,55.8
2025-03-12,24,129.37,34.93
2025-03-12,25,152.82,27.7
2025-03-12,26,119.38,24.56
2025-03-12,27,165.55,19.29
2025-03-12,28,166.58,43.29
2025-03-12,29,125.24,46.02
2025-03-12,30,143.12,65.17
2025-03-12,31,156.41,41.99
2025-03-12,32,146.35,40.98
2025-03-12,33,148.44,37.08
2025-03-12,34,180.16,94.56
2025-03-12,35,190.77,61.33
2025-03-12,36,158.34,76.72
2025-03-12,37,153.0,99.72
2025-03-12,38,163.05,66.51
2025-03-12,39,162.28,39.64
2025-03-12,40,151.61,62.73
2025-03-12,41,131.99,16.65
2025-03-12,42,128.27,1.23
2025-03-12,43,138.87,36.06
2025-03-12,44,140.02,32.27
2025-03-12,45,135.11,-0.37
2025-03-12,46,118.49,-3.33
2025-03-12,47,125.22,9.66
2025-03-12,48,112.04,-10.43
2025-03-13,1,87.32,6.28
2025-03-13,2,90.49,-28.97
2025-03-13,3,132.29,-17.04
2025-03-13,4,120.62,-13.22
2025-03-13,5,124.07,-2.62
2025-03-13,6,112.06,-2.55
2025-03-13,7,96.52,-31.01
2025-03-13,8,99.28,19.09
2025-03-13,9,116.54,-15.97
2025-03-13,10,95.09,-19.82
2025-03-13,11,108.3,19.76
2025-03-13,12,122.24,-0.94
2025-03-13,13,121.65,-10.25
2025-03-13,14,121.21,24.12
2025-03-13,15,116.39,43.55
2025-03-13,16,112.1,-8.17
2025-03-13,17,108.25,39.36
2025-03-13,18,145.12,24.51
2025-03-13,19,135.59,6.02
2025-03-13,20,156.63,59.83
2025-03-13,21,126.77,30.55
2025-03-13,22,122.27,59.57
2025-03-13,23,117.69,20.34
2025-03-13,24,114.19,33.1
2025-03-13,25,127.44,45.22
2025-03-13,26,138.29,57.7
2025-03-13,27,163.9,47.78
2025-03-13,28,138.7,54.0
2025-03-13,29,146.17,73.25
2025-03-13,30,126.1,23.12
2025-03-13,31,132.9,22.39
2025-03-13,32,164.78,53.32
2025-03-13,33,177.35,69.58
2025-03-13,34,178.16,48.95
2025-03-13,35,163.83,79.75
2025-03-13,36,148.11,100.55
2025-03-13,37,176.26,59.03
2025-03-13,38,176.68,64.15
2025-03-13,39,173.98,33.04
2025-03-13,40,144.31,22.94
2025-03-13,41,157.33,30.77
2025-03-13,42,113.58,38.36
2025-03-13,43,125.41,52.33
2025-03-13,44,122.42,16.33
2025-03-13,45,128.64,35.91
2025-03-13,46,92.09,-9.07
2025-03-13,47,117.93,-15.7
2025-03-13,48,97.1,17.93
2025-03-14,1,127.27,26.67
2025-03-14,2,133.12,14.01
2025-03-14,3,116.16,17.56
2025-03-14,4,92.86,15.8
2025-03-14,5,116.29,-8.01
2025-03-14,6,115.99,24.38
2025-03-14,7,113.3,-7.49
2025-03-14,8,121.99,24.17
2025-03-14,9,120.31,13.02
2025-03-14,10,93.12,-26.99
2025-03-14,11,81.81,7.24
2025-03-14,12,104.4,21.2
2025-03-14,13,98.38,20.5
2025-03-14,14,95.69,5.87
2025-03-14,15,143.41,25.88
2025-03-14,16,97.43,29.82
2025-03-14,17,141.86,49.18
2025-03-14,18,144.17,43.62
2025-03-14,19,138.66,4.16
2025-03-14,20,121.48,31.57
2025-03-14,21,128.72,53.42
2025-03-14,22,131.06,20.45
2025-03-14,23,151.6,24.96
2025-03-14,24,158.31,11.95
2025-03-14,25,137.08,44.92
2025-03-14,26,123.35,8.45
2025-03-14,27,117.8,8.62
2025-03-14,28,117.6,56.31
2025-03-14,29,169.72,63.64
2025-03-14,30,178.2,57.47
2025-03-14,31,171.92,38.2
2025-03-14,32,181.25,61.09
2025-03-14,33,148.36,33.35
2025-03-14,34,164.37,48.95
2025-03-14,35,147.63,64.16
2025-03-14,36,166.69,49.45
2025-03-14,37,189.13,58.71
2025-03-14,38,150.45,90.09
2025-03-14,39,153.61,27.15
2025-03-14,40,162.3,27.73
2025-03-14,41,154.74,17.61
2025-03-14,42,131.45,31.0
2025-03-14,43,110.75,45.75
2025-03-14,44,104.92,42.36
2025-03-14,45,128.12,18.75
2025-03-14,46,113.09,31.49
2025-03-14,47,101.08,-21.98
2025-03-14,48,90.85,-9.22
2025-03-15,1,102.12,-14.41
2025-03-15,2,85.67,-10.01
2025-03-15,3,85.38,-33.5
2025-03-15,4,89.96,6.96
2025-03-15,5,94.89,-25.18
2025-03-15,6,107.45,5.92
2025-03-15,7,101.17,6.96
2025-03-15,8,123.18,7.01
2025-03-15,9,114.47,-4.29
2025-03-15,10,101.1,8.87
2025-03-15,11,121.46,17.26
2025-03-15,12,86.34,12.85
2025-03-15,13,127.66,-24.17
2025-03-15,14,109.39,22.94
2025-03-15,15,90.55,-14.38
2025-03-15,16,144.81,39.64
2025-03-15,17,110.82,22.23
2025-03-15,18,134.57,58.46
2025-03-15,19,136.96,4.9
2025-03-15,20,143.12,-1.14
2025-03-15,21,100.98,44.79
2025-03-15,22,101.94,29.56
2025-03-15,23,122.87,33.76
2025-03-15,24,126.39,4.46
2025-03-15,25,123.79,10.97
2025-03-15,26,151.0,11.39
2025-03-15,27,102.37,4.38
2025-03-15,28,113.87,5.5
2025-03-15,29,142.22,50.86
2025-03-15,30,131.68,55.82
2025-03-15,31,135.59,30.01
2025-03-15,32,133.61,68.2
2025-03-15,33,170.5,57.85
2025-03-15,34,127.11,80.94
2025-03-15,35,139.49,25.63
2025-03-15,36,163.93,79.16
2025-03-15,37,140.07,71.62
2025-03-15,38,130.84,51.8
2025-03-15,39,145.99,58.04
2025-03-15,40,130.24,25.67
2025-03-15,41,128.13,4.71
2025-03-15,42,112.16,-8.46
2025-03-15,43,119.52,4.95
2025-03-15,44,108.76,23.8
2025-03-15,45,128.64,19.24
2025-03-15,46,117.24,-19.62
2025-03-15,47,110.36,-12.05
2025-03-15,48,85.57,-5.34
2025-03-16,1,84.36,-25.96
2025-03-16,2,115.38,-10.57
2025-03-16,3,120.23,-2.1
2025-03-16,4,80.86,6.63
2025-03-16,5,76.75,-7.87
2025-03-16,6,74.88,-1.53
2025-03-16,7,69.89,15.52
2025-03-16,8,84.51,-23.6
2025-03-16,9,123.61,-11.98
2025-03-16,10,124.27,17.49
2025-03-16,11,66.29,-12.63
2025-03-16,12,107.32,-6.31
2025-03-16,13,95.18,-8.64
2025-03-16,14,113.29,19.21
2025-03-16,15,105.54,34.74
2025-03-16,16,135.27,45.57
2025-03-16,17,94.27,3.58
2025-03-16,18,141.79,17.75
2025-03-16,19,100.18,-2.08
2025-03-16,20,117.99,26.4
2025-03-16,21,120.15,37.24
2025-03-16,22,118.67,22.86
2025-03-16,23,97.22,6.43
2025-03-16,24,147.12,46.64
2025-03-16,25,131.15,45.08
2025-03-16,26,114.83,26.67
2025-03-16,27,125.93,27.1
2025-03-16,28,101.36,31.06
2025-03-16,29,154.63,12.72
2025-03-16,30,121.0,25.83
2025-03-16,31,169.04,56.98
2025-03-16,32,165.8,25.67
2025-03-16,33,129.8,70.45
2025-03-16,34,150.85,44.26
2025-03-16,35,136.67,52.04
2025-03-16,36,150.44,45.49
2025-03-16,37,174.67,62.51
2025-03-16,38,127.21,57.99
2025-03-16,39,132.0,28.8
2025-03-16,40,161.16,8.9
2025-03-16,41,111.19,32.12
2025-03-16,42,117.57,32.61
2025-03-16,43,132.98,13.18
2025-03-16,44,116.28,-7.4
2025-03-16,45,102.61,-16.94
2025-03-16,46,119.08,13.0
2025-03-16,47,94.22,-12.53
2025-03-16,48,123.85,31.38
2025-03-17,1,79.28,-10.3
2025-03-17,2,86.0,-16.47
2025-03-17,3,121.85,25.59
2025-03-17,4,106.93,-24.66
2025-03-17,5,87.81,-13.86
2025-03-17,6,93.94,29.91
2025-03-17,7,112.55,-1.1
2025-03-17,8,125.89,8.05
2025-03-17,9,98.57,16.61
2025-03-17,10,120.38,1.28
2025-03-17,11,119.13,34.0
2025-03-17,12,126.94,29.76
2025-03-17,13,93.72,2.75
2025-03-17,14,100.85,40.73
2025-03-17,15,141.71,33.96
2025-03-17,16,113.5,44.03
2025-03-17,17,151.03,55.14
2025-03-17,18,112.22,15.03
2025-03-17,19,149.69,4.41
2025-03-17,20,131.68,22.37
2025-03-17,21,121.05,23.2
2025-03-17,22,166.61,17.75
2025-03-17,23,150.61,51.94
2025-03-17,24,121.25,44.19
2025-03-17,25,143.24,56.03
2025-03-17,26,127.08,39.02
2025-03-17,27,138.98,56.7
2025-03-17,28,131.63,37.75
2025-03-17,29,167.61,33.83
2025-03-17,30,127.27,72.43
2025-03-17,31,175.68,71.61
2025-03-17,32,148.93,31.1
2025-03-17,33,180.03,33.98
2025-03-17,34,196.16,66.89
2025-03-17,35,192.78,66.91
2025-03-17,36,153.01,61.36
2025-03-17,37,165.01,68.88
2025-03-17,38,173.38,97.49
2025-03-17,39,163.94,31.24
2025-03-17,40,152.82,58.48
2025-03-17,41,151.64,66.26
2025-03-17,42,137.94,36.59
2025-03-17,43,153.11,17.02
2025-03-17,44,95.02,30.65
2025-03-17,45,126.26,14.37
2025-03-17,46,94.02,4.03
2025-03-17,47,103.15,2.09
2025-03-17,48,133.08,28.63
2025-03-18,1,83.08,29.17
2025-03-18,2,72.54,-33.87
2025-03-18,3,89.5,30.02
2025-03-18,4,131.79,32.03
2025-03-18,5,93.23,26.25
2025-03-18,6,121.41,-22.27
2025-03-18,7,112.61,-12.57
2025-03-18,8,127.35,12.24
2025-03-18,9,123.19,-27.78
2025-03-18,10,90.99,-8.94
2025-03-18,11,125.99,-18.27
2025-03-18,12,106.93,31.69
2025-03-18,13,114.04,36.65
2025-03-18,14,113.45,32.84
2025-03-18,15,143.71,29.89
2025-03-18,16,146.86,0.07
2025-03-18,17,124.81,53.25
2025-03-18,18,152.02,23.13
2025-03-18,19,141.19,56.8
2025-03-18,20,106.44,23.9
2025-03-18,21,130.85,19.08
2025-03-18,22,120.72,15.9
2025-03-18,23,137.73,17.08
2025-03-18,24,158.76,41.81
2025-03-18,25,127.1,43.37
2025-03-18,26,162.74,59.49
2025-03-18,27,131.89,38.69
2025-03-18,28,132.31,62.59
2025-03-18,29,152.08,38.8
2025-03-18,30,136.53,16.02
2025-03-18,31,172.35,52.48
2025-03-18,32,179.03,39.63
2025-03-18,33,188.12,49.91
2025-03-18,34,146.53,74.54
2025-03-18,35,186.63,71.1
2025-03-18,36,172.54,52.55
2025-03-18,37,171.15,42.72
2025-03-18,38,162.59,62.14
2025-03-18,39,144.8,55.49
2025-03-18,40,148.86,31.69
2025-03-18,41,153.36,11.39
2025-03-18,42,154.22,48.99
2025-03-18,43,105.72,47.93
2025-03-18,44,120.24,31.44
2025-03-18,45,120.48,36.56
2025-03-18,46,100.67,-1.1
2025-03-18,47,141.76,17.74
2025-03-18,48,97.42,13.36
2025-03-19,1,106.8,5.81
2025-03-19,2,130.59,10.05
2025-03-19,3,110.76,-15.93
2025-03-19,4,83.55,-19.29
2025-03-19,5,97.66,3.14
2025-03-19,6,124.41,-3.39
2025-03-19,7,116.37,19.33
2025-03-19,8,96.66,-21.17
2025-03-19,9,93.48,0.4
2025-03-19,10,103.23,15.66
2025-03-19,11,114.74,7.03
2025-03-19,12,121.34,-6.29
2025-03-19,13,132.7,27.23
2025-03-19,14,99.22,-5.98
2025-03-19,15,110.29,36.43
2025-03-19,16,135.11,57.46
2025-03-19,17,104.06,53.33
2025-03-19,18,115.84,4.35
2025-03-19,19,138.64,46.8
2025-03-19,20,137.82,13.05
2025-03-19,21,121.33,11.27
2025-03-19,22,156.9,8.81
2025-03-19,23,113.91,19.81
2025-03-19,24,130.9,47.56
2025-03-19,25,106.19,6.0
2025-03-19,26,128.08,61.76
2025-03-19,27,167.18,54.58
2025-03-19,28,141.37,47.64
2025-03-19,29,154.97,54.98
2025-03-19,30,170.97,49.47
2025-03-19,31,134.65,25.28
2025-03-19,32,174.58,72.08
2025-03-19,33,129.77,34.41
2025-03-19,34,285.83,199.04
2025-03-19,35,319.01,203.6
2025-03-19,36,310.91,204.1
2025-03-19,37,273.88,201.53
2025-03-19,38,299.51,191.99
2025-03-19,39,288.44,192.15
2025-03-19,40,133.91,28.11
2025-03-19,41,123.26,49.03
2025-03-19,42,143.47,30.36
2025-03-19,43,112.28,34.86
2025-03-19,44,113.46,-9.17
2025-03-19,45,142.42,38.78
2025-03-19,46,92.22,32.16
2025-03-19,47,125.49,-11.2
2025-03-19,48,83.35,-19.23
2025-03-20,1,121.89,-16.04
2025-03-20,2,129.47,38.08
2025-03-20,3,79.29,-11.16
2025-03-20,4,85.85,29.23
2025-03-20,5,106.76,4.12
2025-03-20,6,75.01,2.75
2025-03-20,7,90.02,-30.79
2025-03-20,8,73.67,-28.13
2025-03-20,9,76.05,19.84
2025-03-20,10,84.9,26.99
2025-03-20,11,99.49,20.5
2025-03-20,12,95.15,16.1
2025-03-20,13,107.18,6.94
2025-03-20,14,137.47,13.9
2025-03-20,15,130.41,5.58
2025-03-20,16,103.39,-8.43
2025-03-20,17,126.4,52.91
2025-03-20,18,146.72,15.06
2025-03-20,19,121.52,9.81
2025-03-20,20,107.98,43.64
2025-03-20,21,151.48,0.42
2025-03-20,22,147.44,41.03
2025-03-20,23,115.2,40.43
2025-03-20,24,118.96,46.6
2025-03-20,25,157.21,9.2
2025-03-20,26,110.54,30.21
2025-03-20,27,120.85,7.73
2025-03-20,28,162.67,38.73
2025-03-20,29,158.88,21.77
2025-03-20,30,148.89,35.54
2025-03-20,31,144.97,16.66
2025-03-20,32,132.22,51.16
2025-03-20,33,142.12,74.85
2025-03-20,34,193.6,49.47
2025-03-20,35,151.21,47.56
2025-03-20,36,172.96,73.1
2025-03-20,37,166.52,69.18
2025-03-20,38,163.83,54.87
2025-03-20,39,149.12,51.2
2025-03-20,40,130.69,19.35
2025-03-20,41,152.24,16.28
2025-03-20,42,98.35,41.79
2025-03-20,43,127.15,32.41
2025-03-20,44,96.81,38.77
2025-03-20,45,125.72,2.72
2025-03-20,46,131.46,-13.32
2025-03-20,47,141.83,19.31
2025-03-20,48,84.31,2.4
2025-03-21,1,105.67,30.59
2025-03-21,2,102.82,-18.73
2025-03-21,3,120.98,12.12
2025-03-21,4,94.41,3.62
2025-03-21,5,118.43,6.93
2025-03-21,6,103.55,-5.23
2025-03-21,7,93.51,-30.71
2025-03-21,8,75.65,11.16
2025-03-21,9,89.23,-32.88
2025-03-21,10,129.82,0.59
2025-03-21,11,115.23,3.4
2025-03-21,12,119.18,-15.0
2025-03-21,13,90.18,8.8
2025-03-21,14,117.17,13.43
2025-03-21,15,110.92,-9.9
2025-03-21,16,131.08,29.2
2025-03-21,17,140.52,-3.22
2025-03-21,18,152.08,13.15
2025-03-21,19,138.24,31.92
2025-03-21,20,121.38,14.14
2025-03-21,21,112.7,44.27
2025-03-21,22,108.64,42.03
2025-03-21,23,119.14,16.1
2025-03-21,24,113.87,43.67
2025-03-21,25,109.2,50.98
2025-03-21,26,134.34,20.98
2025-03-21,27,124.15,31.49
2025-03-21,28,138.96,56.0
2025-03-21,29,165.19,66.43
2025-03-21,30,138.46,34.83
2025-03-21,31,131.48,68.78
2025-03-21,32,142.28,38.15
2025-03-21,33,141.73,72.63
2025-03-21,34,272.53,201.64
2025-03-21,35,280.45,210.86
2025-03-21,36,259.04,201.98
2025-03-21,37,274.19,178.55
2025-03-21,38,305.42,189.52
2025-03-21,39,241.51,132.64
2025-03-21,40,175.06,25.23
2025-03-21,41,124.79,49.09
2025-03-21,42,143.63,31.36
2025-03-21,43,138.13,35.49
2025-03-21,44,142.16,-10.36
2025-03-21,45,90.64,-3.5
2025-03-21,46,95.63,43.28
2025-03-21,47,93.05,23.55
2025-03-21,48,75.25,-15.69
2025-03-22,1,79.87,-19.71
2025-03-22,2,120.38,-7.67
2025-03-22,3,112.59,-9.95
2025-03-22,4,74.92,-30.95
2025-03-22,5,126.32,-11.57
2025-03-22,6,86.08,23.04
2025-03-22,7,85.51,5.12
2025-03-22,8,86.79,-40.68
2025-03-22,9,81.58,-37.23
2025-03-22,10,120.42,-21.46
2025-03-22,11,110.55,22.51
2025-03-22,12,119.24,18.5
2025-03-22,13,119.03,-31.08
2025-03-22,14,117.81,-6.31
2025-03-22,15,119.35,39.54
2025-03-22,16,135.74,4.16
2025-03-22,17,93.2,28.47
2025-03-22,18,141.1,26.47
2025-03-22,19,93.94,29.61
2025-03-22,20,118.4,2.32
2025-03-22,21,93.63,35.86
2025-03-22,22,135.8,-2.76
2025-03-22,23,118.14,42.57
2025-03-22,24,120.66,10.98
2025-03-22,25,147.46,48.29
2025-03-22,26,98.84,27.84
2025-03-22,27,118.37,11.4
2025-03-22,28,117.05,16.08
2025-03-22,29,105.54,23.3
2025-03-22,30,118.48,6.14
2025-03-22,31,105.47,54.82
2025-03-22,32,164.0,67.05
2025-03-22,33,167.93,29.61
2025-03-22,34,167.22,26.39
2025-03-22,35,176.04,37.35
2025-03-22,36,155.54,65.02
2025-03-22,37,151.75,43.23
2025-03-22,38,153.42,26.85
2025-03-22,39,134.99,21.52
2025-03-22,40,142.17,33.6
2025-03-22,41,110.7,45.89
2025-03-22,42,137.93,1.97
2025-03-22,43,101.61,25.41
2025-03-22,44,106.96,1.54
2025-03-22,45,115.16,-9.56
2025-03-22,46,124.1,13.76
2025-03-22,47,122.94,-31.31
2025-03-22,48,113.63,-21.54
2025-03-23,1,124.61,-27.82
2025-03-23,2,125.7,-1.03
2025-03-23,3,95.14,-31.94
2025-03-23,4,105.44,-19.76
2025-03-23,5,92.2,18.02
2025-03-23,6,93.91,10.92
2025-03-23,7,73.64,-23.07
2025-03-23,8,117.97,9.44
2025-03-23,9,104.98,-1.2
2025-03-23,10,98.12,-12.09
2025-03-23,11,103.15,20.49
2025-03-23,12,72.79,1.13
2025-03-23,13,111.95,30.09
2025-03-23,14,116.59,21.35
2025-03-23,15,114.41,47.56
2025-03-23,16,109.19,-11.31
2025-03-23,17,138.23,-8.07
2025-03-23,18,99.68,3.29
2025-03-23,19,108.62,20.35
2025-03-23,20,122.85,47.9
2025-03-23,21,147.95,24.69
2025-03-23,22,124.58,30.9
2025-03-23,23,112.27,-0.42
2025-03-23,24,142.56,10.2
2025-03-23,25,144.51,31.73
2025-03-23,26,123.24,50.76
2025-03-23,27,127.59,41.76
2025-03-23,28,108.81,44.74
2025-03-23,29,102.88,2.94
2025-03-23,30,145.47,21.85
2025-03-23,31,144.85,61.92
2025-03-23,32,142.16,58.76
2025-03-23,33,132.34,41.01
2025-03-23,34,158.78,19.22
2025-03-23,35,144.07,34.1
2025-03-23,36,148.95,24.94
2025-03-23,37,141.56,30.58
2025-03-23,38,136.36,73.54
2025-03-23,39,169.71,23.47
2025-03-23,40,118.37,39.66
2025-03-23,41,148.76,47.9
2025-03-23,42,115.16,43.7
2025-03-23,43,91.73,-1.95
2025-03-23,44,94.27,-14.14
2025-03-23,45,107.59,-23.71
2025-03-23,46,92.66,-2.64
2025-03-23,47,105.31,-32.91
2025-03-23,48,114.47,-21.65
2025-03-24,1,84.71,-26.18
2025-03-24,2,99.65,17.94
2025-03-24,3,74.36,26.92
2025-03-24,4,104.29,-5.91
2025-03-24,5,116.66,10.92
2025-03-24,6,72.96,-0.21
2025-03-24,7,90.93,26.82
2025-03-24,8,89.3,1.38
2025-03-24,9,101.87,26.96
2025-03-24,10,98.41,-30.73
2025-03-24,11,128.95,-16.46
2025-03-24,12,104.07,-1.1
2025-03-24,13,131.43,16.74
2025-03-24,14,137.03,16.38
2025-03-24,15,91.75,37.89
2025-03-24,16,147.34,32.71
2025-03-24,17,117.43,12.95
2025-03-24,18,130.99,40.38
2025-03-24,19,118.1,26.02
2025-03-24,20,115.52,29.04
2025-03-24,21,159.84,19.76
2025-03-24,22,144.95,23.33
2025-03-24,23,125.12,44.67
2025-03-24,24,152.59,16.61
2025-03-24,25,157.16,6.76
2025-03-24,26,138.78,20.31
2025-03-24,27,150.71,18.2
2025-03-24,28,152.87,21.49
2025-03-24,29,160.21,44.21
2025-03-24,30,154.38,52.86
2025-03-24,31,167.6,46.94
2025-03-24,32,134.64,36.47
2025-03-24,33,184.44,56.62
2025-03-24,34,170.8,55.67
2025-03-24,35,172.7,59.86
2025-03-24,36,196.19,43.49
2025-03-24,37,167.32,34.86
2025-03-24,38,169.31,38.54
2025-03-24,39,133.94,17.92
2025-03-24,40,167.91,43.22
2025-03-24,41,106.55,34.32
2025-03-24,42,128.39,36.76
2025-03-24,43,126.88,43.38
2025-03-24,44,143.1,5.5
2025-03-24,45,129.94,42.22
2025-03-24,46,108.29,2.8
2025-03-24,47,125.64,-15.52
2025-03-24,48,128.98,18.97
2025-03-25,1,100.59,24.18
2025-03-25,2,76.54,-3.71
2025-03-25,3,133.4,-11.03
2025-03-25,4,126.68,-25.46
2025-03-25,5,72.1,9.62
2025-03-25,6,122.79,17.81
2025-03-25,7,128.25,17.25
2025-03-25,8,124.16,-13.19
2025-03-25,9,111.65,16.98
2025-03-25,10,120.01,26.98
2025-03-25,11,88.45,8.25
2025-03-25,12,94.49,-10.38
2025-03-25,13,131.87,-24.8
2025-03-25,14,105.43,26.34
2025-03-25,15,119.43,45.72
2025-03-25,16,120.52,21.56
2025-03-25,17,143.95,15.38
2025-03-25,18,141.08,45.98
2025-03-25,19,121.44,15.22
2025-03-25,20,121.64,14.12
2025-03-25,21,136.24,32.32
2025-03-25,22,142.45,12.53
2025-03-25,23,134.84,42.65
2025-03-25,24,120.94,19.94
2025-03-25,25,168.34,40.83
2025-03-25,26,147.22,49.36
2025-03-25,27,153.84,29.62
2025-03-25,28,115.16,16.77
2025-03-25,29,118.77,45.56
2025-03-25,30,136.2,35.56
2025-03-25,31,137.13,51.72
2025-03-25,32,166.44,39.11
2025-03-25,33,177.23,27.57
2025-03-25,34,181.86,92.14
2025-03-25,35,151.97,72.38
2025-03-25,36,147.94,46.44
2025-03-25,37,157.13,82.9
2025-03-25,38,185.98,44.2
2025-03-25,39,176.63,28.24
2025-03-25,40,160.01,37.63
2025-03-25,41,157.95,33.28
2025-03-25,42,113.93,25.81
2025-03-25,43,102.79,30.98
2025-03-25,44,113.03,21.47
2025-03-25,45,127.44,42.34
2025-03-25,46,108.71,1.38
2025-03-25,47,96.79,15.05
2025-03-25,48,78.97,24.08
2025-03-26,1,109.64,32.33
2025-03-26,2,101.84,-12.41
2025-03-26,3,83.05,-7.96
2025-03-26,4,100.72,-19.32
2025-03-26,5,84.77,1.74
2025-03-26,6,89.05,-14.15
2025-03-26,7,124.37,11.46
2025-03-26,8,90.19,-13.32
2025-03-26,9,124.84,-17.22
2025-03-26,10,94.13,-7.78
2025-03-26,11,96.43,18.96
2025-03-26,12,124.21,-12.47
2025-03-26,13,103.42,4.92
2025-03-26,14,108.79,0.18
2025-03-26,15,99.83,21.35
2025-03-26,16,102.23,6.71
2025-03-26,17,119.6,28.06
2025-03-26,18,115.51,5.96
2025-03-26,19,108.03,3.15
2025-03-26,20,126.04,41.51
2025-03-26,21,117.62,28.28
2025-03-26,22,134.92,50.19
2025-03-26,23,138.85,33.5
2025-03-26,24,151.78,19.94
2025-03-26,25,148.18,3.89
2025-03-26,26,145.61,47.54
2025-03-26,27,153.46,36.22
2025-03-26,28,140.56,62.88
2025-03-26,29,136.46,40.08
2025-03-26,30,135.48,42.07
2025-03-26,31,156.24,13.59
2025-03-26,32,172.44,71.02
2025-03-26,33,146.25,93.65
2025-03-26,34,181.31,51.57
2025-03-26,35,188.62,39.63
2025-03-26,36,186.2,66.81
2025-03-26,37,196.11,53.77
2025-03-26,38,146.7,32.45
2025-03-26,39,143.4,61.13
2025-03-26,40,116.37,49.36
2025-03-26,41,111.24,62.95
2025-03-26,42,137.0,0.16
2025-03-26,43,141.09,8.67
2025-03-26,44,114.19,41.12
2025-03-26,45,137.95,31.79
2025-03-26,46,88.7,-14.88
2025-03-26,47,127.05,22.55
2025-03-26,48,99.72,22.38
2025-03-27,1,93.7,-8.96
2025-03-27,2,77.35,-12.9
2025-03-27,3,96.72,-37.37
2025-03-27,4,99.89,8.55
2025-03-27,5,110.96,4.6
2025-03-27,6,101.27,-2.0
2025-03-27,7,122.51,21.89
2025-03-27,8,97.62,13.74
2025-03-27,9,76.67,8.45
2025-03-27,10,79.93,-18.41
2025-03-27,11,90.66,0.82
2025-03-27,12,121.34,28.89
2025-03-27,13,99.25,13.94
2025-03-27,14,125.73,39.28
2025-03-27,15,122.59,13.18
2025-03-27,16,98.89,11.55
2025-03-27,17,113.42,53.36
2025-03-27,18,151.69,3.51
2025-03-27,19,127.87,2.17
2025-03-27,20,153.12,27.82
2025-03-27,21,150.48,20.33
2025-03-27,22,134.33,19.58
2025-03-27,23,125.37,-5.68
2025-03-27,24,132.35,21.99
2025-03-27,25,143.9,15.83
2025-03-27,26,164.35,16.46
2025-03-27,27,158.28,6.9
2025-03-27,28,116.57,34.85
2025-03-27,29,150.82,15.64
2025-03-27,30,150.3,47.26
2025-03-27,31,153.93,26.18
2025-03-27,32,183.23,53.52
2025-03-27,33,173.29,26.46
2025-03-27,34,174.71,44.55
2025-03-27,35,184.44,52.32
2025-03-27,36,146.76,37.02
2025-03-27,37,146.93,44.05
2025-03-27,38,192.23,74.35
2025-03-27,39,147.42,44.07
2025-03-27,40,110.85,20.69
2025-03-27,41,140.09,42.93
2025-03-27,42,156.92,43.89
2025-03-27,43,114.18,-8.28
2025-03-27,44,107.54,33.1
2025-03-27,45,115.91,22.72
2025-03-27,46,114.97,39.26
2025-03-27,47,123.59,15.57
2025-03-27,48,121.86,3.94
2025-03-28,1,93.91,13.58
2025-03-28,2,111.09,-7.25
2025-03-28,3,85.45,-22.73
2025-03-28,4,104.03,-3.39
2025-03-28,5,88.97,-7.99
2025-03-28,6,106.24,-2.21
2025-03-28,7,109.85,17.28
2025-03-28,8,81.23,-19.65
2025-03-28,9,125.63,-30.72
2025-03-28,10,116.24,-2.35
2025-03-28,11,115.23,-5.56
2025-03-28,12,76.41,16.23
2025-03-28,13,85.42,17.38
2025-03-28,14,93.82,-9.41
2025-03-28,15,87.85,37.44
2025-03-28,16,136.59,19.42
2025-03-28,17,145.09,44.95
2025-03-28,18,124.18,44.41
2025-03-28,19,154.59,36.61
2025-03-28,20,115.42,32.28
2025-03-28,21,141.34,24.0
2025-03-28,22,140.36,20.7
2025-03-28,23,128.77,32.89
2025-03-28,24,144.67,28.04
2025-03-28,25,114.74,7.68
2025-03-28,26,127.34,5.15
2025-03-28,27,162.91,25.77
2025-03-28,28,123.67,41.67
2025-03-28,29,153.73,59.74
2025-03-28,30,173.15,56.94
2025-03-28,31,130.05,27.9
2025-03-28,32,169.14,33.88
2025-03-28,33,159.34,73.2
2025-03-28,34,199.58,63.0
2025-03-28,35,160.24,41.44
2025-03-28,36,148.75,51.27
2025-03-28,37,161.63,45.12
2025-03-28,38,171.33,23.25
2025-03-28,39,166.71,58.57
2025-03-28,40,151.29,63.8
2025-03-28,41,139.84,59.12
2025-03-28,42,127.03,-2.29
2025-03-28,43,96.75,-0.66
2025-03-28,44,103.77,-12.84
2025-03-28,45,114.29,-9.43
2025-03-28,46,112.96,34.74
2025-03-28,47,106.94,23.8
2025-03-28,48,134.39,-8.28
2025-03-29,1,89.28,-29.89
2025-03-29,2,73.64,-22.76
2025-03-29,3,73.95,14.6
2025-03-29,4,81.5,-14.38
2025-03-29,5,97.95,-14.14
2025-03-29,6,67.95,-28.54
2025-03-29,7,111.15,-3.69
2025-03-29,8,80.54,-8.92
2025-03-29,9,96.93,-27.32
2025-03-29,10,110.21,-27.67
2025-03-29,11,68.47,2.61
2025-03-29,12,124.1,0.6
2025-03-29,13,84.36,3.59
2025-03-29,14,87.82,22.54
2025-03-29,15,97.61,25.99
2025-03-29,16,110.66,-4.09
2025-03-29,17,105.57,45.73
2025-03-29,18,122.38,18.24
2025-03-29,19,137.67,2.71
2025-03-29,20,84.96,22.64
2025-03-29,21,101.95,-9.52
2025-03-29,22,102.95,48.5
2025-03-29,23,109.35,34.23
2025-03-29,24,136.79,39.23
2025-03-29,25,127.86,9.15
2025-03-29,26,106.07,23.96
2025-03-29,27,120.67,-9.76
2025-03-29,28,142.49,8.45
2025-03-29,29,99.19,-3.74
2025-03-29,30,109.38,42.9
2025-03-29,31,144.56,10.03
2025-03-29,32,160.81,10.75
2025-03-29,33,154.96,47.87
2025-03-29,34,157.54,53.19
2025-03-29,35,162.93,82.26
2025-03-29,36,173.57,53.79
2025-03-29,37,133.44,39.16
2025-03-29,38,144.62,19.85
2025-03-29,39,145.28,12.73
2025-03-29,40,132.26,35.68
2025-03-29,41,105.85,0.52
2025-03-29,42,108.84,10.74
2025-03-29,43,102.8,-18.97
2025-03-29,44,92.63,0.6
2025-03-29,45,95.0,4.11
2025-03-29,46,101.15,-2.67
2025-03-29,47,121.67,-26.67
2025-03-29,48,106.73,-31.95
2025-03-30,1,79.18,10.98
2025-03-30,2,94.46,-8.4
2025-03-30,3,78.53,12.96
2025-03-30,4,119.66,-37.04
2025-03-30,5,62.22,-10.81
2025-03-30,6,81.32,-37.53
2025-03-30,7,92.85,0.08
2025-03-30,8,66.82,-11.94
2025-03-30,9,90.02,5.66
2025-03-30,10,78.89,-33.13
2025-03-30,11,109.34,-37.44
2025-03-30,12,83.83,23.33
2025-03-30,13,93.68,-14.5
2025-03-30,14,131.25,32.83
2025-03-30,15,86.57,18.25
2025-03-30,16,130.33,30.2
2025-03-30,17,96.79,-16.84
2025-03-30,18,95.4,14.96
2025-03-30,19,100.22,-12.98
2025-03-30,20,115.99,11.21
2025-03-30,21,121.93,-12.64
2025-03-30,22,122.31,48.49
2025-03-30,23,111.45,28.29
2025-03-30,24,129.33,-9.72
2025-03-30,25,130.41,16.03
2025-03-30,26,111.13,22.97
2025-03-30,27,138.24,57.14
2025-03-30,28,128.81,16.9
2025-03-30,29,101.09,5.93
2025-03-30,30,115.48,10.35
2025-03-30,31,132.28,24.92
2025-03-30,32,150.84,51.09
2025-03-30,33,152.38,57.97
2025-03-30,34,168.27,39.49
2025-03-30,35,178.6,27.98
2025-03-30,36,147.09,38.74
2025-03-30,37,156.83,29.28
2025-03-30,38,118.92,54.65
2025-03-30,39,129.7,43.34
2025-03-30,40,134.86,17.73
2025-03-30,41,96.02,49.32
2025-03-30,42,108.48,22.54
2025-03-30,43,129.16,1.21
2025-03-30,44,110.92,22.74
2025-03-30,45,102.48,-2.29
2025-03-30,46,106.38,9.55
2025-03-30,47,107.32,-22.61
2025-03-30,48,88.85,-7.49
2025-03-31,1,90.95,6.27
2025-03-31,2,111.62,-27.01
2025-03-31,3,84.97,-30.04
2025-03-31,4,96.08,12.32
2025-03-31,5,97.02,4.52
2025-03-31,6,96.53,3.65
2025-03-31,7,96.41,16.17
2025-03-31,8,79.62,17.11
2025-03-31,9,124.49,-3.05
2025-03-31,10,100.1,-15.58
2025-03-31,11,84.63,-13.18
2025-03-31,12,97.03,-5.71
2025-03-31,13,121.91,1.64
2025-03-31,14,92.53,16.93
2025-03-31,15,134.8,37.65
2025-03-31,16,90.07,21.28
2025-03-31,17,134.65,18.5
2025-03-31,18,139.19,13.51
2025-03-31,19,128.0,15.94
2025-03-31,20,120.18,27.02
2025-03-31,21,138.42,17.67
2025-03-31,22,136.23,31.78
2025-03-31,23,127.5,58.52
2025-03-31,24,107.57,39.32
2025-03-31,25,145.63,31.49
2025-03-31,26,143.96,42.94
2025-03-31,27,157.52,53.98
2025-03-31,28,123.41,13.41
2025-03-31,29,114.75,35.03
2025-03-31,30,172.14,61.42
2025-03-31,31,151.88,55.98
2025-03-31,32,181.48,32.93
2025-03-31,33,135.43,44.54
2025-03-31,34,187.28,80.34
2025-03-31,35,158.04,63.8
2025-03-31,36,173.56,81.84
2025-03-31,37,133.05,34.35
2025-03-31,38,171.78,30.67
2025-03-31,39,125.92,27.74
2025-03-31,40,148.75,59.09
2025-03-31,41,127.88,32.33
2025-03-31,42,148.51,-4.55
2025-03-31,43,104.75,-7.78
2025-03-31,44,97.57,0.31
2025-03-31,45,124.56,29.87
2025-03-31,46,106.84,37.44
2025-03-31,47,111.86,7.07
2025-03-31,48,79.76,15.93
2025-04-01,1,131.27,-18.44
2025-04-01,2,123.25,11.67
2025-04-01,3,81.76,-17.46
2025-04-01,4,69.57,8.15
2025-04-01,5,101.54,-23.37
2025-04-01,6,74.27,-30.48
2025-04-01,7,86.8,1.0
2025-04-01,8,106.92,-10.34
2025-04-01,9,87.45,-35.06
2025-04-01,10,128.96,8.35
2025-04-01,11,120.71,6.86
2025-04-01,12,78.68,1.35
2025-04-01,13,124.84,-4.89
2025-04-01,14,103.23,-9.66
2025-04-01,15,117.87,43.97
2025-04-01,16,135.42,23.14
2025-04-01,17,141.4,29.82
2025-04-01,18,111.59,9.77
2025-04-01,19,130.47,27.52
2025-04-01,20,114.24,14.26
2025-04-01,21,101.8,49.9
2025-04-01,22,98.65,40.11
2025-04-01,23,141.26,17.78
2025-04-01,24,128.73,43.01
2025-04-01,25,125.18,49.41
2025-04-01,26,143.57,20.93
2025-04-01,27,110.28,18.36
2025-04-01,28,130.19,61.46
2025-04-01,29,142.6,54.64
2025-04-01,30,161.81,25.54
2025-04-01,31,143.21,60.35
2025-04-01,32,168.95,46.87
2025-04-01,33,144.43,59.58
2025-04-01,34,168.7,31.39
2025-04-01,35,189.44,76.99
2025-04-01,36,171.51,81.24
2025-04-01,37,180.69,86.63
2025-04-01,38,154.51,40.18
2025-04-01,39,152.95,43.51
2025-04-01,40,112.33,16.47
2025-04-01,41,134.21,25.22
2025-04-01,42,124.96,0.37
2025-04-01,43,113.45,41.28
2025-04-01,44,140.91,-12.02
2025-04-01,45,133.75,38.29
2025-04-01,46,122.92,22.9
2025-04-01,47,86.17,13.82
2025-04-01,48,110.3,-6.02
2025-04-02,1,106.9,-23.06
2025-04-02,2,93.17,0.29
2025-04-02,3,115.18,-35.49
2025-04-02,4,116.94,-16.41
2025-04-02,5,75.19,6.66
2025-04-02,6,80.14,1.82
2025-04-02,7,83.97,11.82
2025-04-02,8,103.25,27.89
2025-04-02,9,99.6,-15.65
2025-04-02,10,74.49,12.13
2025-04-02,11,77.38,-10.7
2025-04-02,12,137.02,14.08
2025-04-02,13,130.16,13.05
2025-04-02,14,108.04,-1.53
2025-04-02,15,118.42,13.6
2025-04-02,16,136.81,33.42
2025-04-02,17,143.31,2.14
2025-04-02,18,149.34,49.11
2025-04-02,19,148.78,23.95
2025-04-02,20,109.52,-5.75
2025-04-02,21,135.75,14.35
2025-04-02,22,111.14,45.56
2025-04-02,23,127.11,49.83
2025-04-02,24,100.34,2.03
2025-04-02,25,121.94,11.1
2025-04-02,26,125.15,16.14
2025-04-02,27,149.83,59.48
2025-04-02,28,109.97,57.58
2025-04-02,29,138.2,29.88
2025-04-02,30,167.75,17.33
2025-04-02,31,173.25,73.07
2025-04-02,32,144.18,57.19
2025-04-02,33,153.71,71.99
2025-04-02,34,169.2,52.25
2025-04-02,35,173.65,77.49
2025-04-02,36,140.65,37.91
2025-04-02,37,131.78,41.26
2025-04-02,38,173.84,82.02
2025-04-02,39,123.56,69.48
2025-04-02,40,116.49,41.46
2025-04-02,41,110.07,41.23
2025-04-02,42,119.87,-0.41
2025-04-02,43,141.76,31.7
2025-04-02,44,110.43,-8.56
2025-04-02,45,94.67,17.84
2025-04-02,46,123.75,5.3
2025-04-02,47,105.8,35.68
2025-04-02,48,129.0,11.61
2025-04-03,1,128.63,17.69
2025-04-03,2,94.94,-4.95
2025-04-03,3,78.7,-22.64
2025-04-03,4,114.23,-24.92
2025-04-03,5,94.03,-31.63
2025-04-03,6,105.94,21.8
2025-04-03,7,105.99,11.22
2025-04-03,8,79.5,-7.7
2025-04-03,9,101.56,-3.52
2025-04-03,10,95.33,8.94
2025-04-03,11,89.01,5.74
2025-04-03,12,79.55,-19.21
2025-04-03,13,86.71,-22.35
2025-04-03,14,131.45,18.68
2025-04-03,15,137.5,21.01
2025-04-03,16,149.37,51.31
2025-04-03,17,143.53,34.27
2025-04-03,18,111.31,36.08
2025-04-03,19,138.87,1.63
2025-04-03,20,133.83,17.68
2025-04-03,21,147.84,54.76
2025-04-03,22,140.19,30.16
2025-04-03,23,124.3,-3.48
2025-04-03,24,154.15,41.84
2025-04-03,25,134.23,0.49
2025-04-03,26,131.74,32.01
2025-04-03,27,147.43,-2.09
2025-04-03,28,110.24,33.24
2025-04-03,29,160.04,10.42
2025-04-03,30,144.06,54.58
2025-04-03,31,153.19,35.84
2025-04-03,32,138.62,39.81
2025-04-03,33,138.48,43.62
2025-04-03,34,148.41,59.61
2025-04-03,35,153.43,92.94
2025-04-03,36,152.49,79.49
2025-04-03,37,180.79,52.09
2025-04-03,38,179.95,73.37
2025-04-03,39,161.3,29.42
2025-04-03,40,149.31,55.14
2025-04-03,41,110.91,29.7
2025-04-03,42,125.37,28.9
2025-04-03,43,112.01,32.55
2025-04-03,44,107.95,6.8
2025-04-03,45,116.17,-6.74
2025-04-03,46,110.65,-14.33
2025-04-03,47,131.46,-4.92
2025-04-03,48,98.84,-13.67
2025-04-04,1,119.19,-17.66
2025-04-04,2,85.79,2.71
2025-04-04,3,98.88,-15.01
2025-04-04,4,110.79,0.25
2025-04-04,5,98.83,16.77
2025-04-04,6,88.36,6.64
2025-04-04,7,87.27,-16.96
2025-04-04,8,124.45,-13.84
2025-04-04,9,117.42,0.97
2025-04-04,10,78.04,1.11
2025-04-04,11,106.23,26.12
2025-04-04,12,112.59,-20.72
2025-04-04,13,93.79,16.25
2025-04-04,14,118.26,4.75
2025-04-04,15,101.99,13.67
2025-04-04,16,113.86,2.77
2025-04-04,17,97.06,35.73
2025-04-04,18,118.33,5.92
2025-04-04,19,152.47,32.38
2025-04-04,20,103.97,15.42
2025-04-04,21,153.29,15.22
2025-04-04,22,147.45,-4.81
2025-04-04,23,127.7,40.67
2025-04-04,24,139.41,23.31
2025-04-04,25,145.65,64.02
2025-04-04,26,125.67,7.47
2025-04-04,27,151.97,13.41
2025-04-04,28,149.37,21.41
2025-04-04,29,147.45,21.2
2025-04-04,30,153.41,58.75
2025-04-04,31,124.44,23.79
2025-04-04,32,162.28,69.12
2025-04-04,33,137.53,39.3
2025-04-04,34,151.78,61.75
2025-04-04,35,178.58,60.47
2025-04-04,36,171.8,92.8
2025-04-04,37,181.55,55.96
2025-04-04,38,174.02,79.09
2025-04-04,39,154.73,23.92
2025-04-04,40,166.86,58.84
2025-04-04,41,153.95,63.59
2025-04-04,42,124.15,46.32
2025-04-04,43,142.94,16.69
2025-04-04,44,93.99,-6.18
2025-04-04,45,100.97,35.06
2025-04-04,46,103.84,-8.64
2025-04-04,47,104.22,-3.7
2025-04-04,48,78.77,22.91
2025-04-05,1,117.27,5.55
2025-04-05,2,103.39,-39.08
2025-04-05,3,72.52,-14.65
2025-04-05,4,83.03,18.21
2025-04-05,5,119.12,-32.48
2025-04-05,6,112.83,4.7
2025-04-05,7,89.2,-25.18
2025-04-05,8,80.77,-24.79
2025-04-05,9,96.15,-7.98
2025-04-05,10,88.22,-38.96
2025-04-05,11,113.51,-31.57
2025-04-05,12,104.99,-2.41
2025-04-05,13,78.18,-13.44
2025-04-05,14,105.0,-21.73
2025-04-05,15,85.65,12.13
2025-04-05,16,86.76,38.34
2025-04-05,17,101.02,-9.51
2025-04-05,18,113.05,28.07
2025-04-05,19,88.9,24.36
2025-04-05,20,109.97,-25.48
2025-04-05,21,91.39,22.72
2025-04-05,22,126.44,33.65
2025-04-05,23,93.46,-18.0
2025-04-05,24,112.51,30.22
2025-04-05,25,148.66,41.25
2025-04-05,26,126.01,23.54
2025-04-05,27,129.4,33.5
2025-04-05,28,141.9,13.82
2025-04-05,29,103.81,29.43
2025-04-05,30,157.02,23.23
2025-04-05,31,129.25,35.0
2025-04-05,32,114.59,32.64
2025-04-05,33,168.27,10.6
2025-04-05,34,122.83,76.42
2025-04-05,35,170.88,64.77
2025-04-05,36,147.52,49.2
2025-04-05,37,129.25,36.74
2025-04-05,38,165.65,63.43
2025-04-05,39,138.56,39.28
2025-04-05,40,123.2,42.35
2025-04-05,41,130.13,9.01
2025-04-05,42,100.49,6.99
2025-04-05,43,114.61,18.27
2025-04-05,44,121.79,5.79
2025-04-05,45,73.37,15.59
2025-04-05,46,97.66,40.69
2025-04-05,47,107.98,-2.61
2025-04-05,48,99.2,10.73
2025-04-06,1,110.93,14.34
2025-04-06,2,114.64,-8.19
2025-04-06,3,93.5,-19.66
2025-04-06,4,78.77,-5.09
2025-04-06,5,102.49,-39.06
2025-04-06,6,73.03,-23.81
2025-04-06,7,70.01,-41.28
2025-04-06,8,79.95,7.75
2025-04-06,9,122.78,8.87
2025-04-06,10,72.74,5.99
2025-04-06,11,70.51,-1.26
2025-04-06,12,108.31,-22.31
2025-04-06,13,79.05,-32.42
2025-04-06,14,118.32,-5.13
2025-04-06,15,125.12,-5.98
2025-04-06,16,108.18,8.02
2025-04-06,17,103.81,-20.71
2025-04-06,18,121.71,7.71
2025-04-06,19,115.56,16.22
2025-04-06,20,125.18,22.32
2025-04-06,21,131.91,33.62
2025-04-06,22,109.02,40.23
2025-04-06,23,120.61,22.79
2025-04-06,24,128.06,10.42
2025-04-06,25,100.13,12.56
2025-04-06,26,126.62,-13.08
2025-04-06,27,128.65,-8.21
2025-04-06,28,147.85,-10.06
2025-04-06,29,145.98,50.66
2025-04-06,30,129.42,-1.27
2025-04-06,31,155.03,33.4
2025-04-06,32,145.52,33.88
2025-04-06,33,136.5,35.15
2025-04-06,34,162.67,34.01
2025-04-06,35,137.84,72.24
2025-04-06,36,161.38,49.66
2025-04-06,37,169.52,19.81
2025-04-06,38,166.63,22.22
2025-04-06,39,137.52,47.7
2025-04-06,40,131.76,19.61
2025-04-06,41,142.32,31.78
2025-04-06,42,98.34,-11.2
2025-04-06,43,100.29,30.68
2025-04-06,44,106.84,25.38
2025-04-06,45,79.94,-16.6
2025-04-06,46,117.13,-15.87
2025-04-06,47,78.51,16.14
2025-04-06,48,122.74,1.41
2025-04-07,1,88.57,13.77
2025-04-07,2,87.96,25.27
2025-04-07,3,125.47,-29.44
2025-04-07,4,97.65,-4.49
2025-04-07,5,77.7,17.18
2025-04-07,6,116.46,9.78
2025-04-07,7,65.9,-19.89
2025-04-07,8,124.84,22.2
2025-04-07,9,123.65,23.84
2025-04-07,10,95.57,7.9
2025-04-07,11,75.61,15.22
2025-04-07,12,123.4,9.69
2025-04-07,13,126.41,-20.02
2025-04-07,14,116.18,6.64
2025-04-07,15,129.18,0.47
2025-04-07,16,139.94,-0.08
2025-04-07,17,122.92,22.42
2025-04-07,18,142.83,-4.65
2025-04-07,19,127.81,14.44
2025-04-07,20,140.33,5.25
2025-04-07,21,148.09,-0.55
2025-04-07,22,146.61,55.78
2025-04-07,23,152.86,59.64
2025-04-07,24,110.35,22.25
2025-04-07,25,130.49,13.68
2025-04-07,26,149.66,3.9
2025-04-07,27,123.76,6.21
2025-04-07,28,123.0,22.83
2025-04-07,29,130.57,13.34
2025-04-07,30,153.05,34.07
2025-04-07,31,160.8,74.58
2025-04-07,32,165.63,63.62
2025-04-07,33,158.27,74.25
2025-04-07,34,148.19,46.55
2025-04-07,35,173.13,46.63
2025-04-07,36,154.05,71.77
2025-04-07,37,146.65,49.89
2025-04-07,38,131.92,32.61
2025-04-07,39,139.54,55.28
2025-04-07,40,119.48,52.02
2025-04-07,41,123.88,37.5
2025-04-07,42,136.79,16.15
2025-04-07,43,101.69,17.92
2025-04-07,44,107.54,-3.68
2025-04-07,45,130.03,18.56
2025-04-07,46,125.89,5.83
2025-04-07,47,117.39,-5.15
2025-04-07,48,106.42,2.54
2025-04-08,1,102.29,17.79
2025-04-08,2,115.9,-17.42
2025-04-08,3,72.75,12.14
2025-04-08,4,122.21,10.61
2025-04-08,5,108.56,22.75
2025-04-08,6,89.61,-3.44
2025-04-08,7,88.89,-19.64
2025-04-08,8,71.22,-4.33
2025-04-08,9,110.14,-6.68
2025-04-08,10,112.58,-11.67
2025-04-08,11,113.24,16.76
2025-04-08,12,111.78,-29.3
2025-04-08,13,100.18,-13.89
2025-04-08,14,82.46,23.93
2025-04-08,15,97.6,-8.65
2025-04-08,16,120.73,21.7
2025-04-08,17,128.27,44.75
2025-04-08,18,112.79,16.15
2025-04-08,19,151.75,41.15
2025-04-08,20,101.79,24.43
2025-04-08,21,118.01,55.85
2025-04-08,22,129.03,51.5
2025-04-08,23,117.39,34.36
2025-04-08,24,104.38,27.13
2025-04-08,25,111.95,61.03
2025-04-08,26,107.84,36.18
2025-04-08,27,115.28,29.82
2025-04-08,28,114.55,63.82
2025-04-08,29,112.22,4.64
2025-04-08,30,113.81,52.72
2025-04-08,31,134.23,33.38
2025-04-08,32,126.38,41.03
2025-04-08,33,175.5,36.2
2025-04-08,34,158.06,47.17
2025-04-08,35,151.08,54.31
2025-04-08,36,180.1,55.5
2025-04-08,37,161.49,38.96
2025-04-08,38,167.45,58.93
2025-04-08,39,129.12,69.97
2025-04-08,40,147.8,17.35
2025-04-08,41,149.46,40.29
2025-04-08,42,159.32,36.18
2025-04-08,43,108.76,34.52
2025-04-08,44,97.93,44.95
2025-04-08,45,129.65,3.41
2025-04-08,46,107.03,8.13
2025-04-08,47,97.99,-30.18
2025-04-08,48,94.15,16.91
2025-04-09,1,85.79,15.14
2025-04-09,2,107.1,-6.64
2025-04-09,3,118.07,11.22
2025-04-09,4,109.85,-19.17
2025-04-09,5,96.08,-18.19
2025-04-09,6,106.53,13.68
2025-04-09,7,119.94,11.74
2025-04-09,8,88.25,7.89
2025-04-09,9,96.98,18.98
2025-04-09,10,105.16,17.28
2025-04-09,11,105.38,29.88
2025-04-09,12,106.81,9.98
2025-04-09,13,123.75,-1.55
2025-04-09,14,133.87,10.21
2025-04-09,15,99.47,4.59
2025-04-09,16,121.0,15.31
2025-04-09,17,140.65,-0.51
2025-04-09,18,100.12,35.9
2025-04-09,19,131.03,39.53
2025-04-09,20,131.21,13.28
2025-04-09,21,130.61,-8.12
2025-04-09,22,106.17,24.18
2025-04-09,23,132.65,43.85
2025-04-09,24,119.79,-3.87
2025-04-09,25,106.87,-0.82
2025-04-09,26,104.4,48.02
2025-04-09,27,154.39,19.93
2025-04-09,28,154.05,30.94
2025-04-09,29,130.28,44.49
2025-04-09,30,143.55,10.12
2025-04-09,31,147.82,36.65
2025-04-09,32,130.82,29.01
2025-04-09,33,149.3,40.97
2025-04-09,34,153.47,51.57
2025-04-09,35,149.57,73.55
2025-04-09,36,153.93,76.23
2025-04-09,37,157.08,47.58
2025-04-09,38,175.97,50.73
2025-04-09,39,139.29,29.59
2025-04-09,40,145.53,62.8
2025-04-09,41,106.2,41.77
2025-04-09,42,101.65,41.99
2025-04-09,43,120.43,-17.68
2025-04-09,44,92.94,9.46
2025-04-09,45,129.19,29.48
2025-04-09,46,111.71,-13.11
2025-04-09,47,105.32,22.43
2025-04-09,48,109.12,9.01
2025-04-10,1,121.31,-14.43
2025-04-10,2,123.32,-5.09
2025-04-10,3,98.79,16.6
2025-04-10,4,72.02,0.64
2025-04-10,5,65.57,-4.93
2025-04-10,6,94.89,19.93
2025-04-10,7,97.6,-23.39
2025-04-10,8,60.69,-20.76
2025-04-10,9,102.27,16.63
2025-04-10,10,89.97,-1.94
2025-04-10,11,110.78,22.7
2025-04-10,12,126.19,30.17
2025-04-10,13,108.7,4.75
2025-04-10,14,125.2,30.89
2025-04-10,15,118.81,-4.74
2025-04-10,16,130.47,9.63
2025-04-10,17,114.09,41.78
2025-04-10,18,146.16,35.13
2025-04-10,19,145.21,10.14
2025-04-10,20,136.47,-4.25
2025-04-10,21,117.5,22.96
2025-04-10,22,93.58,10.34
2025-04-10,23,146.78,40.28
2025-04-10,24,144.99,3.4
2025-04-10,25,133.09,2.31
2025-04-10,26,114.73,27.07
2025-04-10,27,120.01,40.62
2025-04-10,28,148.54,52.92
2025-04-10,29,136.92,41.49
2025-04-10,30,125.56,37.23
2025-04-10,31,158.72,39.32
2025-04-10,32,160.56,28.47
2025-04-10,33,131.88,70.92
2025-04-10,34,149.16,49.28
2025-04-10,35,154.74,55.15
2025-04-10,36,134.55,30.15
2025-04-10,37,185.98,57.58
2025-04-10,38,135.89,62.53
2025-04-10,39,126.39,20.48
2025-04-10,40,151.88,50.15
2025-04-10,41,144.67,4.94
2025-04-10,42,101.78,7.51
2025-04-10,43,84.76,26.27
2025-04-10,44,132.48,30.23
2025-04-10,45,107.01,36.02
2025-04-10,46,123.13,0.11
2025-04-10,47,89.9,11.46
2025-04-10,48,90.38,-25.24
2025-04-11,1,120.35,-13.73
2025-04-11,2,111.5,20.24
2025-04-11,3,90.04,11.25
2025-04-11,4,104.3,-1.27
2025-04-11,5,127.49,-19.69
2025-04-11,6,116.38,0.49
2025-04-11,7,90.59,5.22
2025-04-11,8,99.95,3.49
2025-04-11,9,86.18,-2.61
2025-04-11,10,119.38,22.49
2025-04-11,11,132.55,-15.19
2025-04-11,12,81.31,20.41
2025-04-11,13,87.66,0.69
2025-04-11,14,88.35,24.57
2025-04-11,15,110.24,7.1
2025-04-11,16,100.62,16.7
2025-04-11,17,135.5,43.48
2025-04-11,18,145.3,-4.17
2025-04-11,19,131.83,43.53
2025-04-11,20,116.34,-0.34
2025-04-11,21,143.79,31.79
2025-04-11,22,127.81,38.2
2025-04-11,23,147.06,31.76
2025-04-11,24,124.46,55.68
2025-04-11,25,107.4,45.76
2025-04-11,26,148.71,26.11
2025-04-11,27,143.62,48.72
2025-04-11,28,106.68,39.77
2025-04-11,29,136.03,6.02
2025-04-11,30,128.43,53.05
2025-04-11,31,164.76,14.57
2025-04-11,32,157.58,56.76
2025-04-11,33,127.87,72.58
2025-04-11,34,171.44,59.12
2025-04-11,35,158.06,57.67
2025-04-11,36,173.86,71.78
2025-04-11,37,161.54,35.85
2025-04-11,38,158.51,72.72
2025-04-11,39,121.18,64.07
2025-04-11,40,159.81,49.0
2025-04-11,41,128.19,18.9
2025-04-11,42,121.42,23.68
2025-04-11,43,104.78,1.81
2025-04-11,44,100.36,-13.27
2025-04-11,45,120.33,17.71
2025-04-11,46,111.95,-4.13
2025-04-11,47,128.11,-20.98
2025-04-11,48,112.05,-6.28
2025-04-12,1,68.56,10.74
2025-04-12,2,70.25,-18.15
2025-04-12,3,102.87,-34.01
2025-04-12,4,113.93,23.13
2025-04-12,5,119.81,22.39
2025-04-12,6,102.28,-24.75
2025-04-12,7,87.66,-36.1
2025-04-12,8,113.13,7.9
2025-04-12,9,83.14,-42.25
2025-04-12,10,113.7,-4.34
2025-04-12,11,69.61,-24.33
2025-04-12,12,93.06,9.39
2025-04-12,13,74.8,-16.86
2025-04-12,14,76.68,10.45
2025-04-12,15,86.83,-22.52
2025-04-12,16,119.34,16.73
2025-04-12,17,115.21,-10.71
2025-04-12,18,95.69,-4.71
2025-04-12,19,111.77,-19.62
2025-04-12,20,148.95,2.61
2025-04-12,21,112.38,-12.78
2025-04-12,22,118.23,-17.94
2025-04-12,23,130.66,-16.37
2025-04-12,24,104.7,-4.63
2025-04-12,25,95.18,37.25
2025-04-12,26,144.37,5.58
2025-04-12,27,114.99,0.73
2025-04-12,28,144.07,41.7
2025-04-12,29,136.39,41.0
2025-04-12,30,100.61,44.74
2025-04-12,31,101.45,26.72
2025-04-12,32,136.86,11.29
2025-04-12,33,158.66,41.68
2025-04-12,34,163.9,50.73
2025-04-12,35,151.35,35.18
2025-04-12,36,148.49,25.09
2025-04-12,37,160.28,26.56
2025-04-12,38,134.0,63.73
2025-04-12,39,147.23,12.75
2025-04-12,40,140.55,14.04
2025-04-12,41,103.78,-6.02
2025-04-12,42,94.5,14.3
2025-04-12,43,89.46,-11.28
2025-04-12,44,124.7,-24.18
2025-04-12,45,118.75,-29.25
2025-04-12,46,78.04,-28.35
2025-04-12,47,122.57,8.12
2025-04-12,48,119.72,-12.2
2025-04-13,1,69.94,-35.6
2025-04-13,2,86.99,-2.35
2025-04-13,3,91.36,-13.5
2025-04-13,4,104.8,-16.43
2025-04-13,5,96.76,4.84
2025-04-13,6,114.2,-29.82
2025-04-13,7,64.45,-0.71
2025-04-13,8,65.94,-15.58
2025-04-13,9,95.38,15.8
2025-04-13,10,87.64,-45.9
2025-04-13,11,71.28,-22.26
2025-04-13,12,111.33,-15.36
2025-04-13,13,76.02,-9.29
2025-04-13,14,116.55,-16.02
2025-04-13,15,98.42,2.48
2025-04-13,16,110.55,-7.64
2025-04-13,17,138.58,30.33
2025-04-13,18,101.49,18.34
2025-04-13,19,137.4,-9.87
2025-04-13,20,107.4,32.32
2025-04-13,21,95.02,13.94
2025-04-13,22,107.24,-13.43
2025-04-13,23,118.86,45.69
2025-04-13,24,134.81,25.63
2025-04-13,25,99.52,-4.18
2025-04-13,26,122.89,18.48
2025-04-13,27,142.05,0.42
2025-04-13,28,117.82,21.81
2025-04-13,29,132.07,27.1
2025-04-13,30,114.43,35.01
2025-04-13,31,117.14,8.06
2025-04-13,32,151.57,40.6
2025-04-13,33,156.83,44.83
2025-04-13,34,160.43,41.78
2025-04-13,35,152.82,70.83
2025-04-13,36,148.72,31.09
2025-04-13,37,151.52,10.07
2025-04-13,38,132.11,43.11
2025-04-13,39,143.79,24.59
2025-04-13,40,140.38,25.67
2025-04-13,41,114.61,26.96
2025-04-13,42,81.8,-18.44
2025-04-13,43,93.99,30.23
2025-04-13,44,93.99,27.87
2025-04-13,45,90.66,-1.88
2025-04-13,46,111.56,-14.26
2025-04-13,47,87.12,-10.74
2025-04-13,48,104.99,-3.14
2025-04-14,1,91.15,-35.86
2025-04-14,2,98.93,-20.42
2025-04-14,3,88.96,-17.02
2025-04-14,4,119.38,-3.5
2025-04-14,5,90.85,7.31
2025-04-14,6,70.39,17.37
2025-04-14,7,94.53,-19.49
2025-04-14,8,123.21,-7.49
2025-04-14,9,71.65,10.08
2025-04-14,10,96.69,-3.57
2025-04-14,11,73.28,-36.49
2025-04-14,12,117.93,9.45
2025-04-14,13,122.4,21.21
2025-04-14,14,133.92,16.15
2025-04-14,15,97.63,-2.86
2025-04-14,16,114.58,8.28
2025-04-14,17,113.92,7.82
2025-04-14,18,141.06,5.58
2025-04-14,19,95.72,22.18
2025-04-14,20,101.81,15.85
2025-04-14,21,111.63,23.83
2025-04-14,22,96.13,1.03
2025-04-14,23,99.81,6.65
2025-04-14,24,110.02,22.95
2025-04-14,25,137.73,44.98
2025-04-14,26,94.0,-7.78
2025-04-14,27,124.88,27.69
2025-04-14,28,139.51,48.2
2025-04-14,29,115.65,60.11
2025-04-14,30,162.1,19.0
2025-04-14,31,142.99,55.21
2025-04-14,32,162.54,47.04
2025-04-14,33,131.14,21.54
2025-04-14,34,182.12,95.72
2025-04-14,35,131.42,68.35
2025-04-14,36,176.28,88.6
2025-04-14,37,140.21,67.47
2025-04-14,38,129.5,64.9
2025-04-14,39,160.33,10.7
2025-04-14,40,123.75,36.99
2025-04-14,41,109.28,13.25
2025-04-14,42,101.45,32.17
2025-04-14,43,147.23,27.12
2025-04-14,44,103.0,-12.37
2025-04-14,45,113.5,20.72
2025-04-14,46,97.97,0.45
2025-04-14,47,111.82,2.84
2025-04-14,48,96.65,13.89
2025-04-15,1,111.47,-0.54
2025-04-15,2,100.76,26.01
2025-04-15,3,85.09,-23.94
2025-04-15,4,119.02,-5.32
2025-04-15,5,108.5,-1.6
2025-04-15,6,99.98,16.17
2025-04-15,7,77.41,-37.68
2025-04-15,8,124.89,4.19
2025-04-15,9,107.54,-30.91
2025-04-15,10,111.83,-27.9
2025-04-15,11,89.5,-23.16
2025-04-15,12,96.42,-26.53
2025-04-15,13,106.83,12.17
2025-04-15,14,131.95,-15.6
2025-04-15,15,128.46,16.76
2025-04-15,16,103.33,-12.07
2025-04-15,17,145.51,-6.17
2025-04-15,18,133.96,3.04
2025-04-15,19,131.84,30.44
2025-04-15,20,142.94,48.75
2025-04-15,21,144.9,-11.96
2025-04-15,22,95.99,32.05
2025-04-15,23,104.02,37.54
2025-04-15,24,147.71,27.93
2025-04-15,25,120.59,1.84
2025-04-15,26,143.17,28.76
2025-04-15,27,108.68,40.26
2025-04-15,28,115.21,28.21
2025-04-15,29,155.32,19.26
2025-04-15,30,137.77,37.61
2025-04-15,31,131.2,21.96
2025-04-15,32,124.83,72.71
2025-04-15,33,167.5,80.21
2025-04-15,34,133.94,34.43
2025-04-15,35,151.25,56.83
2025-04-15,36,167.53,44.7
2025-04-15,37,162.55,37.25
2025-04-15,38,175.89,58.24
2025-04-15,39,155.75,30.29
2025-04-15,40,122.42,21.56
2025-04-15,41,132.06,-2.09
2025-04-15,42,146.1,12.2
2025-04-15,43,95.25,5.66
2025-04-15,44,111.23,-5.07
2025-04-15,45,83.05,19.49
2025-04-15,46,102.41,32.49
2025-04-15,47,88.65,28.07
2025-04-15,48,115.26,-4.58
2025-04-16,1,121.38,14.67
2025-04-16,2,104.37,-39.23
2025-04-16,3,108.33,-12.19
2025-04-16,4,122.44,24.85
2025-04-16,5,100.77,-37.55
2025-04-16,6,75.49,11.57
2025-04-16,7,68.31,-26.5
2025-04-16,8,67.17,-3.24
2025-04-16,9,91.95,18.01
2025-04-16,10,123.07,-14.25
2025-04-16,11,91.46,6.93
2025-04-16,12,76.09,-0.13
2025-04-16,13,107.88,-12.39
2025-04-16,14,130.09,29.73
2025-04-16,15,96.2,29.52
2025-04-16,16,118.42,0.2
2025-04-16,17,105.9,48.29
2025-04-16,18,139.4,14.8
2025-04-16,19,148.32,50.11
2025-04-16,20,124.14,-3.5
2025-04-16,21,127.13,-2.17
2025-04-16,22,103.71,47.25
2025-04-16,23,134.16,16.98
2025-04-16,24,128.47,34.81
2025-04-16,25,145.12,42.46
2025-04-16,26,160.36,34.84
2025-04-16,27,97.49,28.55
2025-04-16,28,127.46,51.43
2025-04-16,29,109.19,18.01
2025-04-16,30,153.74,6.63
2025-04-16,31,134.01,13.25
2025-04-16,32,129.11,19.51
2025-04-16,33,166.5,60.14
2025-04-16,34,157.13,73.49
2025-04-16,35,171.73,39.28
2025-04-16,36,130.62,65.56
2025-04-16,37,169.77,27.67
2025-04-16,38,168.95,40.18
2025-04-16,39,166.14,25.29
2025-04-16,40,138.97,45.41
2025-04-16,41,145.95,33.88
2025-04-16,42,140.65,42.06
2025-04-16,43,88.9,6.92
2025-04-16,44,112.89,-9.97
2025-04-16,45,127.61,-5.13
2025-04-16,46,78.65,-15.95
2025-04-16,47,107.66,30.79
2025-04-16,48,87.99,-6.98
2025-04-17,1,92.83,-22.18
2025-04-17,2,68.87,-32.02
2025-04-17,3,101.74,18.28
2025-04-17,4,90.58,15.52
2025-04-17,5,102.87,16.52
2025-04-17,6,105.97,-14.23
2025-04-17,7,89.26,0.96
2025-04-17,8,109.47,-30.33
2025-04-17,9,79.33,-29.37
2025-04-17,10,116.2,-25.21
2025-04-17,11,91.04,-29.05
2025-04-17,12,79.87,19.41
2025-04-17,13,111.72,-13.03
2025-04-17,14,115.96,-1.43
2025-04-17,15,88.79,-1.92
2025-04-17,16,134.01,12.39
2025-04-17,17,100.96,34.11
2025-04-17,18,128.87,26.27
2025-04-17,19,107.34,17.87
2025-04-17,20,133.41,12.66
2025-04-17,21,133.94,-5.19
2025-04-17,22,124.5,0.16
2025-04-17,23,119.9,11.62
2025-04-17,24,115.03,28.0
2025-04-17,25,123.22,46.84
2025-04-17,26,153.24,46.96
2025-04-17,27,118.25,6.2
2025-04-17,28,105.96,40.27
2025-04-17,29,152.59,32.69
2025-04-17,30,127.08,57.77
2025-04-17,31,138.83,50.71
2025-04-17,32,121.63,21.59
2025-04-17,33,158.12,61.71
2025-04-17,34,137.14,82.61
2025-04-17,35,135.47,30.41
2025-04-17,36,150.88,51.99
2025-04-17,37,183.25,79.7
2025-04-17,38,130.87,72.96
2025-04-17,39,146.0,16.91
2025-04-17,40,121.12,19.12
2025-04-17,41,119.78,34.58
2025-04-17,42,101.73,0.83
2025-04-17,43,96.54,24.89
2025-04-17,44,107.05,24.05
2025-04-17,45,117.32,8.23
2025-04-17,46,92.42,-21.94
2025-04-17,47,89.02,23.74
2025-04-17,48,97.71,-24.58
2025-04-18,1,110.92,-6.34
2025-04-18,2,118.71,17.25
2025-04-18,3,121.1,-11.25
2025-04-18,4,109.45,14.77
2025-04-18,5,86.03,3.26
2025-04-18,6,69.87,2.68
2025-04-18,7,70.46,12.98
2025-04-18,8,114.53,-38.89
2025-04-18,9,74.86,-20.81
2025-04-18,10,71.42,-35.48
2025-04-18,11,130.37,-21.51
2025-04-18,12,106.38,-6.58
2025-04-18,13,123.85,10.25
2025-04-18,14,109.71,-22.05
2025-04-18,15,116.37,-15.2
2025-04-18,16,129.34,48.33
2025-04-18,17,115.36,-7.0
2025-04-18,18,103.75,-6.12
2025-04-18,19,140.53,10.52
2025-04-18,20,142.79,38.96
2025-04-18,21,131.37,43.91
2025-04-18,22,146.73,40.48
2025-04-18,23,107.61,-1.73
2025-04-18,24,127.65,0.94
2025-04-18,25,139.42,5.61
2025-04-18,26,140.15,27.62
2025-04-18,27,155.02,53.81
2025-04-18,28,116.65,34.82
2025-04-18,29,110.23,24.06
2025-04-18,30,118.42,48.14
2025-04-18,31,137.5,40.07
2025-04-18,32,126.96,16.53
2025-04-18,33,163.67,56.38
2025-04-18,34,168.52,41.29
2025-04-18,35,162.63,31.46
2025-04-18,36,141.14,24.8
2025-04-18,37,157.97,74.03
2025-04-18,38,133.5,31.0
2025-04-18,39,141.02,12.7
2025-04-18,40,147.07,31.47
2025-04-18,41,143.89,16.49
2025-04-18,42,128.39,41.26
2025-04-18,43,95.35,28.43
2025-04-18,44,124.4,-6.39
2025-04-18,45,128.33,22.57
2025-04-18,46,124.94,-14.76
2025-04-18,47,96.05,24.41
2025-04-18,48,96.79,19.53
2025-04-19,1,113.95,-22.93
2025-04-19,2,95.24,-38.75
2025-04-19,3,59.26,-13.92
2025-04-19,4,56.29,-7.71
2025-04-19,5,65.14,0.03
2025-04-19,6,83.33,3.51
2025-04-19,7,76.07,13.76
2025-04-19,8,93.52,-6.94
2025-04-19,9,87.66,-8.64
2025-04-19,10,106.21,-1.48
2025-04-19,11,70.8,-6.59
2025-04-19,12,113.98,-16.81
2025-04-19,13,102.03,-13.17
2025-04-19,14,78.86,7.31
2025-04-19,15,76.91,17.86
2025-04-19,16,93.17,32.05
2025-04-19,17,111.06,-7.3
2025-04-19,18,137.3,33.13
2025-04-19,19,87.11,8.56
2025-04-19,20,112.3,17.81
2025-04-19,21,120.3,19.22
2025-04-19,22,94.88,-16.92
2025-04-19,23,129.63,29.07
2025-04-19,24,128.77,12.55
2025-04-19,25,129.98,-13.08
2025-04-19,26,105.35,-12.24
2025-04-19,27,108.99,38.89
2025-04-19,28,102.58,27.57
2025-04-19,29,127.53,24.5
2025-04-19,30,144.0,26.63
2025-04-19,31,125.76,46.91
2025-04-19,32,144.75,31.55
2025-04-19,33,144.22,2.72
2025-04-19,34,145.23,58.32
2025-04-19,35,142.09,20.26
2025-04-19,36,126.52,51.9
2025-04-19,37,161.17,51.44
2025-04-19,38,139.68,18.15
2025-04-19,39,110.45,4.88
2025-04-19,40,114.72,6.56
2025-04-19,41,110.47,11.22
2025-04-19,42,138.44,13.32
2025-04-19,43,104.75,-23.76
2025-04-19,44,88.76,24.63
2025-04-19,45,91.11,-22.87
2025-04-19,46,83.02,23.29
2025-04-19,47,91.01,-7.85
2025-04-19,48,91.95,-18.58
2025-04-20,1,67.51,5.16
2025-04-20,2,109.04,-30.34
2025-04-20,3,107.6,-27.19
2025-04-20,4,92.48,2.85
2025-04-20,5,86.64,-22.08
2025-04-20,6,93.06,5.7
2025-04-20,7,63.84,-40.11
2025-04-20,8,67.1,-23.23
2025-04-20,9,61.47,-29.05
2025-04-20,10,82.91,-8.18
2025-04-20,11,64.37,-8.82
2025-04-20,12,100.51,-21.19
2025-04-20,13,93.79,18.28
2025-04-20,14,77.07,1.65
2025-04-20,15,112.7,31.53
2025-04-20,16,109.35,20.86
2025-04-20,17,127.15,-11.66
2025-04-20,18,98.28,-15.71
2025-04-20,19,108.02,-0.39
2025-04-20,20,109.47,7.1
2025-04-20,21,114.62,-5.89
2025-04-20,22,117.97,25.79
2025-04-20,23,117.96,-11.79
2025-04-20,24,110.11,24.17
2025-04-20,25,90.86,15.18
2025-04-20,26,136.73,33.61
2025-04-20,27,145.79,13.36
2025-04-20,28,149.59,-3.71
2025-04-20,29,127.67,6.77
2025-04-20,30,111.97,15.04
2025-04-20,31,150.89,39.24
2025-04-20,32,127.33,42.22
2025-04-20,33,143.87,27.71
2025-04-20,34,139.77,29.43
2025-04-20,35,133.55,56.58
2025-04-20,36,139.65,31.86
2025-04-20,37,168.06,66.33
2025-04-20,38,116.11,50.62
2025-04-20,39,140.57,17.83
2025-04-20,40,141.88,2.18
2025-04-20,41,116.72,13.42
2025-04-20,42,137.19,-17.08
2025-04-20,43,87.46,-11.9
2025-04-20,44,126.15,17.78
2025-04-20,45,80.21,-9.42
2025-04-20,46,128.58,23.0
2025-04-20,47,88.54,-20.03
2025-04-20,48,73.43,19.41
2025-04-21,1,74.75,9.42
2025-04-21,2,118.74,-23.8
2025-04-21,3,95.98,15.33
2025-04-21,4,79.68,0.77
2025-04-21,5,68.11,-27.37
2025-04-21,6,111.86,-25.03
2025-04-21,7,73.02,14.36
2025-04-21,8,82.08,-20.94
2025-04-21,9,79.14,12.54
2025-04-21,10,79.54,11.87
2025-04-21,11,103.53,-35.32
2025-04-21,12,110.92,4.78
2025-04-21,13,109.73,9.06
2025-04-21,14,80.12,20.09
2025-04-21,15,126.75,-22.47
2025-04-21,16,115.19,29.56
2025-04-21,17,110.74,41.31
2025-04-21,18,129.92,40.15
2025-04-21,19,102.69,40.25
2025-04-21,20,112.18,27.45
2025-04-21,21,135.63,31.81
2025-04-21,22,138.81,44.78
2025-04-21,23,110.47,52.76
2025-04-21,24,101.24,18.22
2025-04-21,25,109.81,29.41
2025-04-21,26,104.93,15.93
2025-04-21,27,97.97,43.29
2025-04-21,28,118.71,15.55
2025-04-21,29,123.9,-2.37
2025-04-21,30,117.27,1.08
2025-04-21,31,146.15,55.08
2025-04-21,32,146.51,55.54
2025-04-21,33,159.4,47.02
2025-04-21,34,139.76,45.67
2025-04-21,35,151.38,22.66
2025-04-21,36,184.96,35.94
2025-04-21,37,151.39,48.67
2025-04-21,38,149.74,64.95
2025-04-21,39,142.41,8.81
2025-04-21,40,117.13,53.21
2025-04-21,41,142.17,6.3
2025-04-21,42,133.25,-6.17
2025-04-21,43,118.98,28.67
2025-04-21,44,105.54,19.91
2025-04-21,45,94.26,25.0
2025-04-21,46,100.3,-0.63
2025-04-21,47,100.59,-10.49
2025-04-21,48,92.15,4.42
2025-04-22,1,85.13,-18.99
2025-04-22,2,108.53,-38.73
2025-04-22,3,88.73,14.62
2025-04-22,4,113.25,-9.91
2025-04-22,5,62.35,-42.47
2025-04-22,6,79.63,21.2
2025-04-22,7,79.4,-19.71
2025-04-22,8,110.95,3.48
2025-04-22,9,112.13,-22.87
2025-04-22,10,119.28,-6.97
2025-04-22,11,118.78,4.27
2025-04-22,12,122.38,0.24
2025-04-22,13,113.49,8.07
2025-04-22,14,110.85,28.61
2025-04-22,15,130.33,18.88
2025-04-22,16,139.58,-12.08
2025-04-22,17,116.9,18.96
2025-04-22,18,102.54,32.82
2025-04-22,19,148.08,3.03
2025-04-22,20,140.07,28.22
2025-04-22,21,90.95,25.49
2025-04-22,22,122.29,-2.75
2025-04-22,23,108.91,-10.83
2025-04-22,24,150.23,5.67
2025-04-22,25,116.33,38.31
2025-04-22,26,138.72,-6.3
2025-04-22,27,132.15,47.41
2025-04-22,28,120.86,-3.45
2025-04-22,29,104.15,15.32
2025-04-22,30,127.39,14.96
2025-04-22,31,150.73,52.99
2025-04-22,32,133.78,11.7
2025-04-22,33,127.88,32.56
2025-04-22,34,170.95,31.07
2025-04-22,35,141.49,37.63
2025-04-22,36,149.22,70.06
2025-04-22,37,177.86,23.92
2025-04-22,38,153.35,44.21
2025-04-22,39,165.69,21.47
2025-04-22,40,126.01,22.47
2025-04-22,41,99.86,40.27
2025-04-22,42,120.41,-7.64
2025-04-22,43,115.21,8.79
2025-04-22,44,95.4,4.02
2025-04-22,45,124.81,10.33
2025-04-22,46,114.01,6.78
2025-04-22,47,85.15,16.42
2025-04-22,48,91.39,-3.77
2025-04-23,1,102.34,5.17
2025-04-23,2,94.52,-34.22
2025-04-23,3,97.85,-26.78
2025-04-23,4,88.35,9.36
2025-04-23,5,88.22,-0.3
2025-04-23,6,104.31,-32.41
2025-04-23,7,104.63,-2.08
2025-04-23,8,103.99,-2.96
2025-04-23,9,74.82,-25.77
2025-04-23,10,71.26,-34.73
2025-04-23,11,113.08,-31.94
2025-04-23,12,102.67,-18.35
2025-04-23,13,92.1,2.94
2025-04-23,14,90.38,13.89
2025-04-23,15,109.78,16.68
2025-04-23,16,98.73,34.19
2025-04-23,17,93.87,21.46
2025-04-23,18,120.12,32.68
2025-04-23,19,136.14,38.31
2025-04-23,20,113.09,33.96
2025-04-23,21,121.63,24.8
2025-04-23,22,94.54,-5.68
2025-04-23,23,105.54,6.53
2025-04-23,24,141.41,20.52
2025-04-23,25,142.99,4.5
2025-04-23,26,117.48,40.79
2025-04-23,27,104.71,3.6
2025-04-23,28,147.47,47.1
2025-04-23,29,104.55,34.63
2025-04-23,30,124.46,-0.34
2025-04-23,31,159.49,56.64
2025-04-23,32,157.8,37.49
2025-04-23,33,154.21,27.99
2025-04-23,34,176.92,72.74
2025-04-23,35,140.98,50.85
2025-04-23,36,182.49,39.35
2025-04-23,37,172.83,36.76
2025-04-23,38,124.02,61.01
2025-04-23,39,112.87,39.77
2025-04-23,40,120.12,2.83
2025-04-23,41,140.87,37.97
2025-04-23,42,138.07,28.83
2025-04-23,43,114.87,13.05
2025-04-23,44,133.44,15.74
2025-04-23,45,105.43,29.43
2025-04-23,46,106.41,19.58
2025-04-23,47,82.3,24.01
2025-04-23,48,112.56,13.19
2025-04-24,1,97.39,17.15
2025-04-24,2,110.52,8.15
2025-04-24,3,80.06,-26.35
2025-04-24,4,117.16,-6.87
2025-04-24,5,91.04,-21.25
2025-04-24,6,75.0,7.87
2025-04-24,7,74.53,-9.72
2025-04-24,8,118.53,-9.75
2025-04-24,9,123.9,-29.09
2025-04-24,10,84.15,-24.37
2025-04-24,11,69.37,11.32
2025-04-24,12,80.18,-22.58
2025-04-24,13,115.64,28.11
2025-04-24,14,136.79,35.46
2025-04-24,15,127.03,-13.61
2025-04-24,16,124.33,33.16
2025-04-24,17,130.26,29.49
2025-04-24,18,142.28,20.2
2025-04-24,19,92.59,6.35
2025-04-24,20,93.69,-4.22
2025-04-24,21,138.22,44.41
2025-04-24,22,120.47,3.85
2025-04-24,23,122.31,13.8
2025-04-24,24,114.38,41.92
2025-04-24,25,111.34,47.67
2025-04-24,26,105.97,-3.13
2025-04-24,27,128.4,30.15
2025-04-24,28,134.77,42.51
2025-04-24,29,141.02,50.31
2025-04-24,30,141.52,8.1
2025-04-24,31,153.4,4.51
2025-04-24,32,115.87,22.54
2025-04-24,33,170.45,44.62
2025-04-24,34,143.39,51.59
2025-04-24,35,138.93,41.57
2025-04-24,36,176.62,27.18
2025-04-24,37,137.67,46.63
2025-04-24,38,135.22,24.58
2025-04-24,39,152.66,63.28
2025-04-24,40,127.19,32.12
2025-04-24,41,126.61,39.37
2025-04-24,42,116.84,34.97
2025-04-24,43,116.28,31.52
2025-04-24,44,120.21,-3.79
2025-04-24,45,79.37,-20.56
2025-04-24,46,112.1,-19.01
2025-04-24,47,80.01,-19.2
2025-04-24,48,91.62,9.46
2025-04-25,1,116.67,-5.8
2025-04-25,2,92.81,1.18
2025-04-25,3,105.81,13.29
2025-04-25,4,80.06,15.59
2025-04-25,5,73.06,-15.03
2025-04-25,6,116.86,9.68
2025-04-25,7,115.19,-33.66
2025-04-25,8,69.29,15.73
2025-04-25,9,92.93,-9.0
2025-04-25,10,124.54,11.42
2025-04-25,11,126.69,-0.49
2025-04-25,12,105.58,-2.95
2025-04-25,13,126.01,4.78
2025-04-25,14,111.16,30.87
2025-04-25,15,137.89,35.1
2025-04-25,16,135.56,16.29
2025-04-25,17,107.17,12.94
2025-04-25,18,131.97,51.12
2025-04-25,19,123.45,3.24
2025-04-25,20,108.51,-11.55
2025-04-25,21,93.28,13.3
2025-04-25,22,105.67,12.11
2025-04-25,23,113.37,27.91
2025-04-25,24,134.75,-9.77
2025-04-25,25,113.88,15.26
2025-04-25,26,135.08,32.0
2025-04-25,27,135.24,27.67
2025-04-25,28,135.8,46.22
2025-04-25,29,122.79,19.27
2025-04-25,30,127.67,26.47
2025-04-25,31,152.2,19.84
2025-04-25,32,115.35,38.08
2025-04-25,33,124.23,65.87
2025-04-25,34,152.56,58.95
2025-04-25,35,132.67,40.65
2025-04-25,36,141.28,49.05
2025-04-25,37,161.46,68.39
2025-04-25,38,170.76,56.14
2025-04-25,39,109.56,18.12
2025-04-25,40,117.58,-1.02
2025-04-25,41,125.38,38.33
2025-04-25,42,134.39,4.06
2025-04-25,43,141.93,-15.51
2025-04-25,44,125.19,-5.31
2025-04-25,45,109.73,-17.14
2025-04-25,46,107.1,-28.61
2025-04-25,47,75.2,-17.91
2025-04-25,48,123.66,-5.9
2025-04-26,1,101.27,-5.39
2025-04-26,2,70.44,14.89
2025-04-26,3,113.39,-24.63
2025-04-26,4,108.29,6.77
2025-04-26,5,76.39,-33.44
2025-04-26,6,92.94,-10.28
2025-04-26,7,101.0,-36.94
2025-04-26,8,108.97,-3.38
2025-04-26,9,60.84,-21.85
2025-04-26,10,72.29,-11.32
2025-04-26,11,123.35,-8.59
2025-04-26,12,63.19,-6.71
2025-04-26,13,115.55,-14.27
2025-04-26,14,102.13,-6.69
2025-04-26,15,130.46,-2.91
2025-04-26,16,96.21,-15.39
2025-04-26,17,74.3,-32.4
2025-04-26,18,96.45,-8.73
2025-04-26,19,124.34,37.69
2025-04-26,20,77.02,8.4
2025-04-26,21,94.15,-4.07
2025-04-26,22,107.35,32.84
2025-04-26,23,120.45,30.97
2025-04-26,24,113.33,6.15
2025-04-26,25,122.29,28.77
2025-04-26,26,126.97,30.26
2025-04-26,27,108.52,19.93
2025-04-26,28,92.64,14.2
2025-04-26,29,144.14,42.21
2025-04-26,30,144.25,-5.11
2025-04-26,31,136.33,6.7
2025-04-26,32,119.15,19.7
2025-04-26,33,146.09,14.68
2025-04-26,34,128.18,21.24
2025-04-26,35,137.75,27.62
2025-04-26,36,116.19,29.69
2025-04-26,37,133.4,13.1
2025-04-26,38,133.36,14.37
2025-04-26,39,147.61,28.72
2025-04-26,40,116.38,33.49
2025-04-26,41,137.19,-10.24
2025-04-26,42,123.92,-24.97
2025-04-26,43,126.55,-5.46
2025-04-26,44,79.62,17.72
2025-04-26,45,98.54,-7.46
2025-04-26,46,86.22,4.13
2025-04-26,47,85.81,-11.19
2025-04-26,48,102.38,8.35
2025-04-27,1,119.71,-14.23
2025-04-27,2,98.79,-0.75
2025-04-27,3,63.71,-24.49
2025-04-27,4,70.53,10.7
2025-04-27,5,97.71,-4.65
2025-04-27,6,95.32,-23.16
2025-04-27,7,76.56,-0.62
2025-04-27,8,112.95,12.77
2025-04-27,9,105.2,-13.47
2025-04-27,10,70.25,-26.12
2025-04-27,11,74.4,-29.5
2025-04-27,12,72.08,-33.96
2025-04-27,13,107.41,7.2
2025-04-27,14,68.42,14.88
2025-04-27,15,82.42,34.18
2025-04-27,16,133.47,8.98
2025-04-27,17,136.59,7.95
2025-04-27,18,133.99,7.16
2025-04-27,19,119.54,1.15
2025-04-27,20,95.05,-13.66
2025-04-27,21,121.46,-5.91
2025-04-27,22,111.95,-14.48
2025-04-27,23,121.36,22.7
2025-04-27,24,132.83,17.49
2025-04-27,25,91.58,20.16
2025-04-27,26,105.16,25.34
2025-04-27,27,101.06,-2.42
2025-04-27,28,135.4,-17.16
2025-04-27,29,146.92,11.69
2025-04-27,30,148.23,2.19
2025-04-27,31,121.61,30.76
2025-04-27,32,152.33,27.63
2025-04-27,33,161.19,8.58
2025-04-27,34,122.33,28.81
2025-04-27,35,131.95,45.1
2025-04-27,36,123.81,42.61
2025-04-27,37,160.34,18.5
2025-04-27,38,150.09,7.86
2025-04-27,39,106.12,19.89
2025-04-27,40,103.89,8.18
2025-04-27,41,127.59,46.11
2025-04-27,42,95.99,28.8
2025-04-27,43,124.26,-8.96
2025-04-27,44,83.97,-26.68
2025-04-27,45,89.33,10.93
2025-04-27,46,112.64,24.29
2025-04-27,47,83.98,13.82
2025-04-27,48,110.88,8.32
2025-04-28,1,97.25,-8.02
2025-04-28,2,82.88,-21.38
2025-04-28,3,105.28,-21.08
2025-04-28,4,79.49,-24.18
2025-04-28,5,84.94,-35.5
2025-04-28,6,79.32,14.99
2025-04-28,7,113.86,-0.95
2025-04-28,8,72.77,7.19
2025-04-28,9,79.42,19.56
2025-04-28,10,103.38,-4.67
2025-04-28,11,104.84,-21.99
2025-04-28,12,113.93,-30.02
2025-04-28,13,100.29,-6.19
2025-04-28,14,125.05,21.57
2025-04-28,15,129.3,29.29
2025-04-28,16,95.49,40.11
2025-04-28,17,90.29,24.49
2025-04-28,18,136.02,29.3
2025-04-28,19,138.77,-4.96
2025-04-28,20,109.0,41.75
2025-04-28,21,107.4,19.09
2025-04-28,22,151.27,22.55
2025-04-28,23,108.59,-1.12
2025-04-28,24,116.12,42.38
2025-04-28,25,123.0,23.89
2025-04-28,26,151.35,32.82
2025-04-28,27,124.44,3.68
2025-04-28,28,99.92,5.89
2025-04-28,29,129.8,15.24
2025-04-28,30,149.51,55.58
2025-04-28,31,128.63,25.37
2025-04-28,32,125.57,65.84
2025-04-28,33,165.84,47.8
2025-04-28,34,139.49,45.88
2025-04-28,35,167.49,50.67
2025-04-28,36,171.82,55.57
2025-04-28,37,135.39,40.85
2025-04-28,38,133.93,51.71
2025-04-28,39,110.64,54.89
2025-04-28,40,156.99,30.46
2025-04-28,41,133.97,31.12
2025-04-28,42,118.25,39.44
2025-04-28,43,135.05,-11.97
2025-04-28,44,89.44,37.25
2025-04-28,45,87.72,12.34
2025-04-28,46,124.98,-27.22
2025-04-28,47,80.13,0.66
2025-04-28,48,129.03,-27.19
2025-04-29,1,79.12,-15.31
2025-04-29,2,96.17,-30.37
2025-04-29,3,95.94,-17.58
2025-04-29,4,97.73,0.47
2025-04-29,5,121.16,-23.96
2025-04-29,6,106.19,4.42
2025-04-29,7,90.86,-20.2
2025-04-29,8,111.78,-28.57
2025-04-29,9,78.84,-31.62
2025-04-29,10,74.95,-8.99
2025-04-29,11,118.98,26.0
2025-04-29,12,78.2,-23.8
2025-04-29,13,80.5,-10.4
2025-04-29,14,93.05,-27.01
2025-04-29,15,95.82,-15.73
2025-04-29,16,96.57,-8.31
2025-04-29,17,131.0,6.13
2025-04-29,18,93.61,20.7
2025-04-29,19,121.02,9.55
2025-04-29,20,106.43,2.44
2025-04-29,21,91.51,4.86
2025-04-29,22,128.2,32.47
2025-04-29,23,91.87,22.4
2025-04-29,24,132.29,-9.02
2025-04-29,25,100.38,17.18
2025-04-29,26,116.12,15.9
2025-04-29,27,141.78,25.87
2025-04-29,28,91.12,7.55
2025-04-29,29,103.84,53.19
2025-04-29,30,133.13,12.61
2025-04-29,31,102.05,8.0
2025-04-29,32,127.8,15.2
2025-04-29,33,146.47,21.03
2025-04-29,34,157.0,58.62
2025-04-29,35,134.12,30.11
2025-04-29,36,170.79,66.05
2025-04-29,37,144.97,46.44
2025-04-29,38,121.1,13.29
2025-04-29,39,134.61,11.56
2025-04-29,40,120.68,13.84
2025-04-29,41,120.12,6.99
2025-04-29,42,107.63,20.91
2025-04-29,43,117.32,28.2
2025-04-29,44,108.28,-8.52
2025-04-29,45,104.37,24.71
2025-04-29,46,120.98,0.44
2025-04-29,47,84.9,-2.34
2025-04-29,48,75.05,-32.17
2025-04-30,1,92.34,6.1
2025-04-30,2,75.12,22.5
2025-04-30,3,104.39,-9.97
2025-04-30,4,68.84,-18.42
2025-04-30,5,116.26,-30.94
2025-04-30,6,72.91,-22.45
2025-04-30,7,100.47,9.38
2025-04-30,8,113.21,-0.03
2025-04-30,9,115.6,-13.67
2025-04-30,10,120.43,-19.51
2025-04-30,11,81.86,-28.09
2025-04-30,12,95.63,-17.13
2025-04-30,13,111.83,10.25
2025-04-30,14,124.48,34.66
2025-04-30,15,93.29,-24.12
2025-04-30,16,127.85,28.23
2025-04-30,17,101.55,13.49
2025-04-30,18,140.27,40.65
2025-04-30,19,114.01,35.25
2025-04-30,20,136.28,31.68
2025-04-30,21,136.48,17.18
2025-04-30,22,106.23,7.95
2025-04-30,23,143.18,-11.88
2025-04-30,24,140.31,13.38
2025-04-30,25,126.01,34.83
2025-04-30,26,149.28,26.64
2025-04-30,27,126.73,35.79
2025-04-30,28,144.76,4.18
2025-04-30,29,134.91,33.21
2025-04-30,30,145.06,3.81
2025-04-30,31,122.68,25.28
2025-04-30,32,164.01,50.05
2025-04-30,33,142.55,34.92
2025-04-30,34,124.71,32.37
2025-04-30,35,174.67,40.46
2025-04-30,36,135.97,32.36
2025-04-30,37,165.11,51.91
2025-04-30,38,133.29,18.17
2025-04-30,39,153.53,42.97
2025-04-30,40,152.89,27.02
2025-04-30,41,133.28,13.41
2025-04-30,42,135.25,43.26
2025-04-30,43,89.93,24.24
2025-04-30,44,124.65,32.71
2025-04-30,45,109.76,17.0
2025-04-30,46,90.38,9.97
2025-04-30,47,111.45,2.05
2025-04-30,48,107.13,-3.04
2025-05-01,1,109.75,-23.46
2025-05-01,2,71.72,14.02
2025-05-01,3,101.08,-23.42
2025-05-01,4,111.88,-31.46
2025-05-01,5,67.69,-28.97
2025-05-01,6,71.26,-37.45
2025-05-01,7,76.55,-3.21
2025-05-01,8,100.47,-3.68
2025-05-01,9,82.12,8.08
2025-05-01,10,111.33,-2.6
2025-05-01,11,79.78,-20.95
2025-05-01,12,119.55,12.18
2025-05-01,13,83.14,3.85
2025-05-01,14,96.72,10.95
2025-05-01,15,121.92,14.52
2025-05-01,16,86.18,3.44
2025-05-01,17,121.56,41.71
2025-05-01,18,130.49,-13.2
2025-05-01,19,135.82,-9.22
2025-05-01,20,96.31,-11.57
2025-05-01,21,131.48,3.49
2025-05-01,22,122.41,35.53
2025-05-01,23,125.02,41.37
2025-05-01,24,110.12,-17.47
2025-05-01,25,114.9,40.18
2025-05-01,26,96.78,37.35
2025-05-01,27,114.16,47.27
2025-05-01,28,145.74,-7.52
2025-05-01,29,106.55,5.7
2025-05-01,30,128.54,28.78
2025-05-01,31,140.89,57.16
2025-05-01,32,170.43,12.58
2025-05-01,33,122.39,64.31
2025-05-01,34,161.05,71.56
2025-05-01,35,132.43,28.98
2025-05-01,36,126.58,52.53
2025-05-01,37,138.01,24.21
2025-05-01,38,124.62,23.32
2025-05-01,39,150.39,39.19
2025-05-01,40,124.62,50.3
2025-05-01,41,105.93,51.54
2025-05-01,42,128.43,-11.57
2025-05-01,43,132.84,-21.32
2025-05-01,44,101.77,30.17
2025-05-01,45,120.31,30.6
2025-05-01,46,93.73,-19.39
2025-05-01,47,120.62,-21.11
2025-05-01,48,99.65,-5.22
2025-05-02,1,118.78,-30.35
2025-05-02,2,84.8,-3.06
2025-05-02,3,81.49,-27.53
2025-05-02,4,105.65,1.64
2025-05-02,5,73.89,0.7
2025-05-02,6,79.19,-10.36
2025-05-02,7,85.28,20.52
2025-05-02,8,88.63,-28.76
2025-05-02,9,114.61,13.59
2025-05-02,10,90.92,-39.7
2025-05-02,11,131.19,5.2
2025-05-02,12,87.31,-30.7
2025-05-02,13,77.89,-18.05
2025-05-02,14,103.44,30.69
2025-05-02,15,99.92,27.75
2025-05-02,16,89.24,-12.18
2025-05-02,17,98.31,-10.61
2025-05-02,18,135.33,30.65
2025-05-02,19,105.19,39.01
2025-05-02,20,95.18,-7.72
2025-05-02,21,131.08,40.62
2025-05-02,22,123.1,31.05
2025-05-02,23,100.96,15.55
2025-05-02,24,135.81,12.38
2025-05-02,25,96.64,16.07
2025-05-02,26,116.74,-3.62
2025-05-02,27,144.4,11.33
2025-05-02,28,140.66,44.31
2025-05-02,29,157.59,38.59
2025-05-02,30,136.67,47.18
2025-05-02,31,154.23,2.11
2025-05-02,32,149.83,37.86
2025-05-02,33,115.02,16.71
2025-05-02,34,139.0,19.19
2025-05-02,35,130.11,37.54
2025-05-02,36,157.6,68.04
2025-05-02,37,153.35,57.16
2025-05-02,38,140.82,74.06
2025-05-02,39,160.8,18.11
2025-05-02,40,137.51,29.01
2025-05-02,41,105.66,20.63
2025-05-02,42,94.41,-1.08
2025-05-02,43,137.08,-7.52
2025-05-02,44,123.59,-2.12
2025-05-02,45,81.5,20.83
2025-05-02,46,114.99,20.41
2025-05-02,47,109.96,14.8
2025-05-02,48,98.28,20.15
2025-05-03,1,75.98,-15.49
2025-05-03,2,96.35,-37.05
2025-05-03,3,55.6,-44.18
2025-05-03,4,72.3,-24.94
2025-05-03,5,66.13,-26.96
2025-05-03,6,99.0,-7.25
2025-05-03,7,59.07,-17.57
2025-05-03,8,99.91,-36.26
2025-05-03,9,114.15,-22.19
2025-05-03,10,62.83,-43.88
2025-05-03,11,68.93,9.24
2025-05-03,12,68.78,-15.16
2025-05-03,13,107.36,2.07
2025-05-03,14,74.99,-16.01
2025-05-03,15,99.92,-33.47
2025-05-03,16,91.36,3.09
2025-05-03,17,120.17,36.62
2025-05-03,18,81.09,-12.02
2025-05-03,19,82.66,-13.53
2025-05-03,20,122.51,-9.08
2025-05-03,21,103.46,-0.1
2025-05-03,22,114.47,-21.02
2025-05-03,23,87.51,26.07
2025-05-03,24,128.1,-13.64
2025-05-03,25,120.1,1.75
2025-05-03,26,128.16,14.13
2025-05-03,27,103.18,-15.07
2025-05-03,28,133.95,1.77
2025-05-03,29,97.77,28.37
2025-05-03,30,136.49,28.53
2025-05-03,31,115.75,9.45
2025-05-03,32,124.99,17.2
2025-05-03,33,145.73,41.66
2025-05-03,34,139.48,33.27
2025-05-03,35,111.77,8.46
2025-05-03,36,164.58,24.59
2025-05-03,37,124.45,6.89
2025-05-03,38,130.03,13.88
2025-05-03,39,116.68,51.47
2025-05-03,40,104.11,7.22
2025-05-03,41,139.89,33.24
2025-05-03,42,105.13,-13.24
2025-05-03,43,120.49,-27.93
2025-05-03,44,111.99,4.02
2025-05-03,45,93.21,-26.88
2025-05-03,46,90.91,-4.79
2025-05-03,47,93.83,-27.12
2025-05-03,48,102.84,-33.4
2025-05-04,1,64.39,-39.17
2025-05-04,2,86.22,-21.26
2025-05-04,3,82.97,4.03
2025-05-04,4,115.79,-15.36
2025-05-04,5,95.0,-15.45
2025-05-04,6,67.34,-36.83
2025-05-04,7,50.71,-31.22
2025-05-04,8,102.35,-5.71
2025-05-04,9,70.6,-13.88
2025-05-04,10,92.74,-29.02
2025-05-04,11,69.77,14.19
2025-05-04,12,106.07,-4.65
2025-05-04,13,118.34,4.66
2025-05-04,14,101.62,-22.68
2025-05-04,15,73.34,-5.18
2025-05-04,16,86.92,17.21
2025-05-04,17,104.35,33.22
2025-05-04,18,89.64,-10.28
2025-05-04,19,95.17,12.46
2025-05-04,20,113.02,20.7
2025-05-04,21,89.31,32.9
2025-05-04,22,126.21,-11.33
2025-05-04,23,81.31,-17.53
2025-05-04,24,118.36,17.63
2025-05-04,25,85.82,7.18
2025-05-04,26,96.52,34.51
2025-05-04,27,87.76,-7.78
2025-05-04,28,127.93,6.51
2025-05-04,29,127.74,20.35
2025-05-04,30,118.33,10.0
2025-05-04,31,107.26,46.72
2025-05-04,32,119.94,44.54
2025-05-04,33,105.21,13.37
2025-05-04,34,137.18,38.55
2025-05-04,35,143.19,18.31
2025-05-04,36,129.99,16.39
2025-05-04,37,139.64,38.84
2025-05-04,38,125.3,49.88
2025-05-04,39,145.4,33.86
2025-05-04,40,99.74,35.47
2025-05-04,41,89.64,-16.31
2025-05-04,42,105.7,-6.44
2025-05-04,43,90.7,-30.49
2025-05-04,44,110.76,-2.55
2025-05-04,45,104.72,-23.86
2025-05-04,46,108.15,7.99
2025-05-04,47,74.47,11.38
2025-05-04,48,89.68,-23.62
2025-05-05,1,112.26,4.78
2025-05-05,2,105.7,5.68
2025-05-05,3,95.97,-9.13
2025-05-05,4,62.15,-10.84
2025-05-05,5,65.66,-3.07
2025-05-05,6,107.6,-32.92
2025-05-05,7,108.39,5.81
2025-05-05,8,105.4,-29.12
2025-05-05,9,121.7,-26.49
2025-05-05,10,84.33,13.74
2025-05-05,11,82.0,-26.73
2025-05-05,12,76.13,-13.56
2025-05-05,13,99.36,-27.61
2025-05-05,14,122.26,-5.18
2025-05-05,15,116.22,6.88
2025-05-05,16,138.15,24.86
2025-05-05,17,117.13,37.95
2025-05-05,18,139.18,20.5
2025-05-05,19,109.04,-3.34
2025-05-05,20,103.48,36.37
2025-05-05,21,109.25,0.22
2025-05-05,22,115.43,-20.96
2025-05-05,23,100.46,36.8
2025-05-05,24,100.0,1.83
2025-05-05,25,130.04,7.23
2025-05-05,26,140.49,25.05
2025-05-05,27,102.01,17.35
2025-05-05,28,124.2,6.39
2025-05-05,29,118.67,28.49
2025-05-05,30,142.58,5.5
2025-05-05,31,159.23,54.54
2025-05-05,32,149.93,9.3
2025-05-05,33,150.11,65.98
2025-05-05,34,142.06,16.22
2025-05-05,35,161.73,45.57
2025-05-05,36,131.9,61.55
2025-05-05,37,176.67,76.21
2025-05-05,38,113.39,27.51
2025-05-05,39,164.52,63.16
2025-05-05,40,129.34,33.89
2025-05-05,41,100.18,-4.1
2025-05-05,42,130.06,-19.39
2025-05-05,43,134.61,28.43
2025-05-05,44,92.2,33.99
2025-05-05,45,91.91,-23.1
2025-05-05,46,87.69,-4.65
2025-05-05,47,90.25,18.42
2025-05-05,48,102.49,-18.77
2025-05-06,1,102.05,-0.56
2025-05-06,2,125.8,-17.42
2025-05-06,3,83.27,13.16
2025-05-06,4,91.28,-22.15
2025-05-06,5,87.19,-0.81
2025-05-06,6,65.97,-41.02
2025-05-06,7,113.3,-11.01
2025-05-06,8,63.71,-12.43
2025-05-06,9,108.25,-19.97
2025-05-06,10,102.12,-12.57
2025-05-06,11,85.41,17.91
2025-05-06,12,88.2,-0.02
2025-05-06,13,119.5,-31.43
2025-05-06,14,107.53,9.1
2025-05-06,15,76.11,-28.1
2025-05-06,16,122.64,8.64
2025-05-06,17,111.95,-13.54
2025-05-06,18,120.88,13.01
2025-05-06,19,109.51,33.72
2025-05-06,20,83.08,15.57
2025-05-06,21,97.08,8.32
2025-05-06,22,107.39,-0.87
2025-05-06,23,90.9,22.2
2025-05-06,24,142.9,43.97
2025-05-06,25,100.14,21.38
2025-05-06,26,104.82,13.58
2025-05-06,27,111.54,16.59
2025-05-06,28,122.23,14.48
2025-05-06,29,94.83,20.58
2025-05-06,30,129.0,10.93
2025-05-06,31,116.85,53.66
2025-05-06,32,123.82,-3.3
2025-05-06,33,151.69,68.28
2025-05-06,34,127.92,43.32
2025-05-06,35,137.34,60.38
2025-05-06,36,164.38,74.65
2025-05-06,37,124.51,10.25
2025-05-06,38,154.62,18.69
2025-05-06,39,151.74,10.99
2025-05-06,40,100.23,41.26
2025-05-06,41,138.22,7.05
2025-05-06,42,124.95,18.15
2025-05-06,43,134.48,31.46
2025-05-06,44,102.03,7.83
2025-05-06,45,93.9,0.93
2025-05-06,46,118.19,18.14
2025-05-06,47,117.8,-22.84
2025-05-06,48,82.2,2.44
2025-05-07,1,118.37,-16.74
2025-05-07,2,110.27,8.43
2025-05-07,3,104.5,-14.51
2025-05-07,4,109.64,-45.01
2025-05-07,5,98.5,15.29
2025-05-07,6,84.7,13.59
2025-05-07,7,99.09,11.76
2025-05-07,8,96.27,12.0
2025-05-07,9,116.18,-5.63
2025-05-07,10,74.92,1.55
2025-05-07,11,79.56,-20.74
2025-05-07,12,79.32,5.6
2025-05-07,13,77.32,-21.14
2025-05-07,14,110.98,26.25
2025-05-07,15,93.15,35.4
2025-05-07,16,102.68,-5.85
2025-05-07,17,126.66,28.58
2025-05-07,18,112.44,-4.04
2025-05-07,19,126.54,-15.89
2025-05-07,20,92.87,-5.96
2025-05-07,21,121.14,30.12
2025-05-07,22,90.96,-12.69
2025-05-07,23,98.39,3.82
2025-05-07,24,104.53,17.72
2025-05-07,25,105.1,23.68
2025-05-07,26,139.35,34.76
2025-05-07,27,121.41,7.87
2025-05-07,28,105.99,0.75
2025-05-07,29,118.62,9.8
2025-05-07,30,99.49,18.21
2025-05-07,31,157.45,53.05
2025-05-07,32,147.07,59.61
2025-05-07,33,130.78,69.0
2025-05-07,34,128.29,46.79
2025-05-07,35,154.59,69.63
2025-05-07,36,146.6,53.2
2025-05-07,37,162.61,35.83
2025-05-07,38,124.21,21.47
2025-05-07,39,131.9,42.45
2025-05-07,40,101.62,31.54
2025-05-07,41,114.7,8.52
2025-05-07,42,120.96,-1.58
2025-05-07,43,90.52,18.61
2025-05-07,44,112.33,-22.83
2025-05-07,45,125.13,6.54
2025-05-07,46,118.05,25.69
2025-05-07,47,78.91,-25.73
2025-05-07,48,103.95,10.88
2025-05-08,1,104.76,-21.48
2025-05-08,2,85.26,-21.02
2025-05-08,3,108.09,-36.38
2025-05-08,4,106.54,4.87
2025-05-08,5,115.74,17.8
2025-05-08,6,61.41,-15.96
2025-05-08,7,85.53,-30.66
2025-05-08,8,83.91,-32.79
2025-05-08,9,75.23,-43.76
2025-05-08,10,63.09,-32.12
2025-05-08,11,104.27,-4.09
2025-05-08,12,85.65,-12.76
2025-05-08,13,107.21,-29.76
2025-05-08,14,133.1,-21.83
2025-05-08,15,89.51,-7.82
2025-05-08,16,99.41,28.56
2025-05-08,17,126.74,36.1
2025-05-08,18,107.59,27.13
2025-05-08,19,94.08,9.61
2025-05-08,20,149.21,7.07
2025-05-08,21,108.29,24.05
2025-05-08,22,143.95,8.41
2025-05-08,23,111.34,2.09
2025-05-08,24,94.77,-6.29
2025-05-08,25,113.9,26.68
2025-05-08,26,143.93,31.27
2025-05-08,27,102.74,33.21
2025-05-08,28,110.42,-8.33
2025-05-08,29,106.66,18.02
2025-05-08,30,151.59,17.08
2025-05-08,31,125.75,54.17
2025-05-08,32,118.83,27.97
2025-05-08,33,139.81,53.88
2025-05-08,34,150.71,51.56
2025-05-08,35,130.86,29.83
2025-05-08,36,147.53,54.35
2025-05-08,37,153.54,25.45
2025-05-08,38,128.85,51.42
2025-05-08,39,134.01,4.26
2025-05-08,40,125.49,11.13
2025-05-08,41,125.22,32.82
2025-05-08,42,93.23,8.87
2025-05-08,43,113.38,-3.87
2025-05-08,44,96.71,9.54
2025-05-08,45,85.44,-9.12
2025-05-08,46,83.84,-6.76
2025-05-08,47,113.37,5.8
2025-05-08,48,87.71,25.49
2025-05-09,1,70.1,-14.8
2025-05-09,2,62.58,-36.69
2025-05-09,3,92.78,-33.8
2025-05-09,4,82.64,-12.77
2025-05-09,5,68.12,-38.48
2025-05-09,6,74.33,13.56
2025-05-09,7,85.57,1.44
2025-05-09,8,101.84,-13.75
2025-05-09,9,85.65,-35.81
2025-05-09,10,108.48,-32.42
2025-05-09,11,123.37,20.99
2025-05-09,12,103.17,-13.16
2025-05-09,13,126.18,5.66
2025-05-09,14,134.62,20.93
2025-05-09,15,131.46,12.34
2025-05-09,16,89.82,20.82
2025-05-09,17,106.37,30.07
2025-05-09,18,114.0,21.64
2025-05-09,19,139.13,20.23
2025-05-09,20,104.8,-0.87
2025-05-09,21,87.71,-13.68
2025-05-09,22,95.24,13.95
2025-05-09,23,96.29,-4.24
2025-05-09,24,115.0,9.41
2025-05-09,25,134.95,30.43
2025-05-09,26,115.26,48.19
2025-05-09,27,137.23,27.65
2025-05-09,28,90.82,30.14
2025-05-09,29,102.64,-1.76
2025-05-09,30,126.84,24.87
2025-05-09,31,115.47,50.98
2025-05-09,32,151.0,26.13
2025-05-09,33,135.53,28.9
2025-05-09,34,157.56,10.13
2025-05-09,35,158.05,60.76
2025-05-09,36,116.39,56.33
2025-05-09,37,152.24,65.59
2025-05-09,38,145.72,31.01
2025-05-09,39,146.99,8.24
2025-05-09,40,110.27,3.56
2025-05-09,41,123.99,15.62
2025-05-09,42,88.66,-6.56
2025-05-09,43,78.87,-27.59
2025-05-09,44,90.14,-5.31
2025-05-09,45,100.31,20.13
2025-05-09,46,102.88,-13.03
2025-05-09,47,74.32,-23.49
2025-05-09,48,116.68,-19.19
2025-05-10,1,95.4,-29.19
2025-05-10,2,71.41,-18.61
2025-05-10,3,68.45,13.36
2025-05-10,4,111.54,-32.79
2025-05-10,5,61.58,-46.85
2025-05-10,6,101.08,18.51
2025-05-10,7,74.31,5.16
2025-05-10,8,105.8,10.13
2025-05-10,9,97.05,-33.66
2025-05-10,10,102.03,0.04
2025-05-10,11,107.9,-16.42
2025-05-10,12,88.42,11.86
2025-05-10,13,65.77,-38.04
2025-05-10,14,101.19,7.22
2025-05-10,15,111.05,25.57
2025-05-10,16,94.03,-5.84
2025-05-10,17,75.11,-30.54
2025-05-10,18,122.36,-23.41
2025-05-10,19,92.23,-12.29
2025-05-10,20,127.36,35.3
2025-05-10,21,85.51,-19.08
2025-05-10,22,131.31,36.35
2025-05-10,23,129.25,13.12
2025-05-10,24,81.15,-13.99
2025-05-10,25,117.56,-25.22
2025-05-10,26,99.18,14.88
2025-05-10,27,97.92,-3.98
2025-05-10,28,114.46,28.18
2025-05-10,29,126.08,35.93
2025-05-10,30,104.62,6.48
2025-05-10,31,119.31,27.46
2025-05-10,32,106.69,25.78
2025-05-10,33,102.61,48.66
2025-05-10,34,289.76,195.73
2025-05-10,35,345.21,204.57
2025-05-10,36,335.42,236.04
2025-05-10,37,328.9,211.26
2025-05-10,38,311.0,220.77
2025-05-10,39,324.17,178.24
2025-05-10,40,118.5,-4.0
2025-05-10,41,85.51,33.97
2025-05-10,42,129.56,16.23
2025-05-10,43,114.49,-24.96
2025-05-10,44,91.47,-0.45
2025-05-10,45,93.51,-37.09
2025-05-10,46,81.97,-12.12
2025-05-10,47,99.25,15.49
2025-05-10,48,114.21,17.39
2025-05-11,1,87.88,-29.89
2025-05-11,2,104.67,14.36
2025-05-11,3,111.56,-45.26
2025-05-11,4,99.29,-41.96
2025-05-11,5,98.66,-27.99
2025-05-11,6,81.34,-34.17
2025-05-11,7,76.49,-46.75
2025-05-11,8,66.63,-39.52
2025-05-11,9,98.84,-8.13
2025-05-11,10,70.61,9.1
2025-05-11,11,78.55,-11.75
2025-05-11,12,103.56,4.06
2025-05-11,13,76.18,15.1
2025-05-11,14,92.31,-18.01
2025-05-11,15,113.63,1.71
2025-05-11,16,125.83,13.2
2025-05-11,17,95.86,9.44
2025-05-11,18,104.88,41.31
2025-05-11,19,109.74,10.68
2025-05-11,20,74.67,-22.9
2025-05-11,21,102.49,31.49
2025-05-11,22,104.88,12.75
2025-05-11,23,83.56,7.48
2025-05-11,24,88.57,10.81
2025-05-11,25,134.0,22.39
2025-05-11,26,114.07,13.75
2025-05-11,27,82.33,32.79
2025-05-11,28,116.8,39.77
2025-05-11,29,126.53,-6.84
2025-05-11,30,105.23,4.2
2025-05-11,31,130.88,37.62
2025-05-11,32,130.36,48.11
2025-05-11,33,120.9,34.47
2025-05-11,34,134.57,9.39
2025-05-11,35,157.56,30.73
2025-05-11,36,147.17,18.82
2025-05-11,37,157.2,29.68
2025-05-11,38,128.67,-0.94
2025-05-11,39,135.7,50.75
2025-05-11,40,92.53,31.18
2025-05-11,41,95.12,-1.14
2025-05-11,42,124.11,-22.33
2025-05-11,43,84.15,-16.24
2025-05-11,44,84.21,-7.06
2025-05-11,45,67.94,3.09
2025-05-11,46,104.44,-16.46
2025-05-11,47,83.82,9.51
2025-05-11,48,95.99,-15.04
2025-05-12,1,97.3,-26.36
2025-05-12,2,86.01,-32.27
2025-05-12,3,73.46,-20.36
2025-05-12,4,99.81,-0.34
2025-05-12,5,74.88,-1.39
2025-05-12,6,70.56,-21.58
2025-05-12,7,99.06,-29.47
2025-05-12,8,82.23,-16.09
2025-05-12,9,118.58,-24.93
2025-05-12,10,83.46,-33.78
2025-05-12,11,68.16,-15.72
2025-05-12,12,91.75,16.55
2025-05-12,13,79.92,-6.07
2025-05-12,14,127.39,2.83
2025-05-12,15,110.89,22.86
2025-05-12,16,90.16,36.19
2025-05-12,17,106.12,-14.87
2025-05-12,18,102.12,7.29
2025-05-12,19,129.29,-9.1
2025-05-12,20,131.13,2.05
2025-05-12,21,102.38,-9.72
2025-05-12,22,122.57,24.32
2025-05-12,23,121.9,-19.18
2025-05-12,24,132.14,-6.18
2025-05-12,25,110.55,31.5
2025-05-12,26,94.09,-7.14
2025-05-12,27,124.47,4.47
2025-05-12,28,96.88,-8.12
2025-05-12,29,126.31,19.56
2025-05-12,30,130.48,-3.36
2025-05-12,31,111.19,43.84
2025-05-12,32,115.4,48.91
2025-05-12,33,168.97,65.58
2025-05-12,34,170.93,37.41
2025-05-12,35,133.48,28.2
2025-05-12,36,141.55,69.1
2025-05-12,37,152.03,18.66
2025-05-12,38,140.65,37.65
2025-05-12,39,120.9,21.93
2025-05-12,40,147.15,-5.83
2025-05-12,41,103.13,-11.2
2025-05-12,42,140.04,0.88
2025-05-12,43,96.58,12.49
2025-05-12,44,102.9,-15.87
2025-05-12,45,80.7,31.23
2025-05-12,46,77.91,8.75
2025-05-12,47,94.55,-6.8
2025-05-12,48,79.84,-10.19
2025-05-13,1,105.93,5.33
2025-05-13,2,76.5,-31.31
2025-05-13,3,77.34,-31.36
2025-05-13,4,75.41,-40.53
2025-05-13,5,86.58,3.89
2025-05-13,6,82.19,-29.24
2025-05-13,7,81.27,-37.97
2025-05-13,8,112.86,15.98
2025-05-13,9,72.58,-28.71
2025-05-13,10,77.22,-31.32
2025-05-13,11,89.61,-31.73
2025-05-13,12,102.27,3.36
2025-05-13,13,83.8,4.25
2025-05-13,14,108.31,-24.46
2025-05-13,15,103.84,17.26
2025-05-13,16,100.51,0.57
2025-05-13,17,98.24,-12.04
2025-05-13,18,94.42,34.97
2025-05-13,19,117.23,33.64
2025-05-13,20,129.28,36.45
2025-05-13,21,96.92,31.14
2025-05-13,22,96.2,2.95
2025-05-13,23,90.46,-7.51
2025-05-13,24,90.09,-18.32
2025-05-13,25,124.94,-2.46
2025-05-13,26,133.37,-1.88
2025-05-13,27,142.08,14.24
2025-05-13,28,124.43,37.17
2025-05-13,29,131.16,42.99
2025-05-13,30,115.25,-6.52
2025-05-13,31,122.92,5.96
2025-05-13,32,166.59,59.2
2025-05-13,33,117.56,27.43
2025-05-13,34,161.04,31.9
2025-05-13,35,159.13,24.29
2025-05-13,36,147.21,32.65
2025-05-13,37,123.97,43.11
2025-05-13,38,156.52,55.86
2025-05-13,39,147.86,3.86
2025-05-13,40,142.41,13.25
2025-05-13,41,97.43,39.71
2025-05-13,42,98.28,-3.19
2025-05-13,43,89.86,33.02
2025-05-13,44,87.52,-12.58
2025-05-13,45,85.27,19.81
2025-05-13,46,88.89,10.79
2025-05-13,47,89.74,13.41
2025-05-13,48,76.31,18.65
2025-05-14,1,72.35,-30.96
2025-05-14,2,74.1,-28.66
2025-05-14,3,97.03,-11.1
2025-05-14,4,69.12,8.03
2025-05-14,5,70.56,-9.34
2025-05-14,6,103.33,-30.34
2025-05-14,7,71.83,-21.17
2025-05-14,8,109.46,0.21
2025-05-14,9,70.79,20.86
2025-05-14,10,121.11,-27.37
2025-05-14,11,75.67,-35.23
2025-05-14,12,91.35,-42.04
2025-05-14,13,75.15,9.35
2025-05-14,14,107.55,2.2
2025-05-14,15,104.01,8.24
2025-05-14,16,111.51,-19.27
2025-05-14,17,111.17,4.1
2025-05-14,18,129.24,33.8
2025-05-14,19,136.37,-5.72
2025-05-14,20,122.42,14.81
2025-05-14,21,106.91,20.29
2025-05-14,22,126.17,-10.79
2025-05-14,23,28.62,-82.65
2025-05-14,24,7.82,-64.34
2025-05-14,25,0.77,-82.69
2025-05-14,26,38.26,-75.61
2025-05-14,27,0.19,-74.68
2025-05-14,28,2.73,-62.73
2025-05-14,29,22.34,-79.58
2025-05-14,30,4.17,-83.07
2025-05-14,31,106.38,28.45
2025-05-14,32,159.25,59.12
2025-05-14,33,160.09,39.83
2025-05-14,34,120.0,62.7
2025-05-14,35,155.49,47.0
2025-05-14,36,116.79,28.86
2025-05-14,37,125.67,17.1
2025-05-14,38,115.61,21.24
2025-05-14,39,112.9,52.41
2025-05-14,40,123.05,-9.11
2025-05-14,41,104.56,46.1
2025-05-14,42,136.58,17.53
2025-05-14,43,86.48,6.6
2025-05-14,44,112.71,-17.68
2025-05-14,45,103.15,5.32
2025-05-14,46,110.52,14.21
2025-05-14,47,73.64,-2.1
2025-05-14,48,85.59,-23.67
2025-05-15,1,119.59,4.74
2025-05-15,2,113.75,-28.99
2025-05-15,3,64.04,-29.63
2025-05-15,4,73.68,-1.74
2025-05-15,5,68.98,-20.3
2025-05-15,6,105.27,11.25
2025-05-15,7,110.54,-11.36
2025-05-15,8,86.69,-0.22
2025-05-15,9,105.98,-18.87
2025-05-15,10,89.74,-32.34
2025-05-15,11,72.94,-4.94
2025-05-15,12,104.8,-31.46
2025-05-15,13,74.01,5.19
2025-05-15,14,75.62,7.7
2025-05-15,15,125.82,-26.62
2025-05-15,16,93.51,4.13
2025-05-15,17,126.12,7.69
2025-05-15,18,86.58,16.94
2025-05-15,19,108.5,3.54
2025-05-15,20,98.87,-15.83
2025-05-15,21,101.91,12.8
2025-05-15,22,135.21,13.46
2025-05-15,23,98.27,2.82
2025-05-15,24,122.73,35.75
2025-05-15,25,95.49,6.3
2025-05-15,26,125.3,-26.77
2025-05-15,27,100.63,-2.28
2025-05-15,28,105.1,24.98
2025-05-15,29,121.05,4.41
2025-05-15,30,128.07,51.19
2025-05-15,31,120.68,40.5
2025-05-15,32,147.09,48.53
2025-05-15,33,130.39,56.05
2025-05-15,34,168.48,68.92
2025-05-15,35,144.49,65.85
2025-05-15,36,147.19,42.36
2025-05-15,37,156.72,53.64
2025-05-15,38,143.19,11.22
2025-05-15,39,141.61,-2.82
2025-05-15,40,114.72,-3.79
2025-05-15,41,118.32,-5.7
2025-05-15,42,121.81,30.89
2025-05-15,43,117.48,-7.26
2025-05-15,44,86.44,2.92
2025-05-15,45,127.4,2.47
2025-05-15,46,101.42,-18.87
2025-05-15,47,116.38,-13.86
2025-05-15,48,97.3,21.64
2025-05-16,1,106.27,-35.45
2025-05-16,2,89.61,-11.29
2025-05-16,3,83.08,-31.73
2025-05-16,4,112.63,-23.72
2025-05-16,5,103.0,13.6
2025-05-16,6,106.65,-31.85
2025-05-16,7,99.85,5.06
2025-05-16,8,79.68,-6.38
2025-05-16,9,75.84,-8.3
2025-05-16,10,82.47,4.62
2025-05-16,11,97.14,-0.85
2025-05-16,12,62.94,0.73
2025-05-16,13,100.09,-28.18
2025-05-16,14,66.95,-0.6
2025-05-16,15,112.37,23.6
2025-05-16,16,124.69,29.07
2025-05-16,17,112.41,4.53
2025-05-16,18,120.85,22.59
2025-05-16,19,89.05,38.03
2025-05-16,20,139.05,2.68
2025-05-16,21,118.65,14.59
2025-05-16,22,140.56,0.66
2025-05-16,23,112.73,5.38
2025-05-16,24,136.41,7.5
2025-05-16,25,94.43,-0.8
2025-05-16,26,98.09,20.59
2025-05-16,27,110.19,-16.11
2025-05-16,28,147.51,9.33
2025-05-16,29,110.14,25.26
2025-05-16,30,103.28,-0.27
2025-05-16,31,121.74,33.44
2025-05-16,32,138.74,15.91
2025-05-16,33,126.58,42.11
2025-05-16,34,152.97,38.95
2025-05-16,35,168.53,15.76
2025-05-16,36,125.56,68.77
2025-05-16,37,163.74,16.24
2025-05-16,38,128.01,34.13
2025-05-16,39,154.86,29.81
2025-05-16,40,136.96,44.78
2025-05-16,41,95.56,14.98
2025-05-16,42,96.38,13.59
2025-05-16,43,75.88,-8.42
2025-05-16,44,113.05,0.56
2025-05-16,45,71.4,13.22
2025-05-16,46,77.4,6.49
2025-05-16,47,108.87,-24.61
2025-05-16,48,84.81,17.79
2025-05-17,1,94.51,-9.16
2025-05-17,2,105.65,-17.6
2025-05-17,3,89.39,-9.72
2025-05-17,4,63.1,-42.96
2025-05-17,5,100.68,-45.68
2025-05-17,6,83.39,-15.4
2025-05-17,7,76.6,2.58
2025-05-17,8,87.0,2.71
2025-05-17,9,103.96,-17.62
2025-05-17,10,75.09,-47.69
2025-05-17,11,115.2,-4.96
2025-05-17,12,108.43,-41.15
2025-05-17,13,94.38,9.01
2025-05-17,14,70.18,-39.37
2025-05-17,15,95.79,-22.96
2025-05-17,16,101.62,19.96
2025-05-17,17,91.95,22.72
2025-05-17,18,91.97,32.54
2025-05-17,19,70.97,-31.54
2025-05-17,20,124.32,-21.32
2025-05-17,21,107.23,-28.06
2025-05-17,22,80.88,-12.36
2025-05-17,23,86.92,-19.36
2025-05-17,24,129.1,24.32
2025-05-17,25,85.91,16.82
2025-05-17,26,116.41,10.7
2025-05-17,27,95.8,2.11
2025-05-17,28,106.82,-6.91
2025-05-17,29,106.58,-22.88
2025-05-17,30,126.33,24.74
2025-05-17,31,90.24,30.86
2025-05-17,32,138.41,41.94
2025-05-17,33,114.54,32.8
2025-05-17,34,124.66,22.11
2025-05-17,35,137.86,11.46
2025-05-17,36,135.52,13.48
2025-05-17,37,120.54,12.42
2025-05-17,38,100.78,13.66
2025-05-17,39,105.06,9.91
2025-05-17,40,132.16,-18.89
2025-05-17,41,119.25,-23.02
2025-05-17,42,83.1,1.58
2025-05-17,43,93.13,3.29
2025-05-17,44,72.08,-17.5
2025-05-17,45,86.76,13.67
2025-05-17,46,112.39,12.36
2025-05-17,47,102.6,-1.62
2025-05-17,48,72.07,9.82
2025-05-18,1,118.27,-26.29
2025-05-18,2,60.7,-18.45
2025-05-18,3,86.22,-11.65
2025-05-18,4,97.2,-24.99
2025-05-18,5,81.71,5.38
2025-05-18,6,72.78,10.94
2025-05-18,7,84.69,-47.45
2025-05-18,8,66.54,-4.76
2025-05-18,9,101.26,-4.17
2025-05-18,10,91.81,1.84
2025-05-18,11,82.15,-3.26
2025-05-18,12,65.74,-17.21
2025-05-18,13,87.4,-7.96
2025-05-18,14,79.36,-14.39
2025-05-18,15,74.97,-22.84
2025-05-18,16,132.4,3.37
2025-05-18,17,89.58,20.12
2025-05-18,18,111.62,-25.31
2025-05-18,19,96.29,-5.78
2025-05-18,20,76.85,30.48
2025-05-18,21,119.2,-26.39
2025-05-18,22,84.4,-5.41
2025-05-18,23,113.36,14.24
2025-05-18,24,121.77,11.33
2025-05-18,25,94.6,-1.08
2025-05-18,26,101.77,-29.32
2025-05-18,27,85.69,-3.07
2025-05-18,28,109.94,2.67
2025-05-18,29,91.68,27.12
2025-05-18,30,110.23,-19.19
2025-05-18,31,140.14,36.39
2025-05-18,32,102.68,-6.67
2025-05-18,33,139.75,28.35
2025-05-18,34,140.67,17.05
2025-05-18,35,132.83,36.23
2025-05-18,36,148.64,15.21
2025-05-18,37,134.47,54.74
2025-05-18,38,120.71,51.31
2025-05-18,39,104.94,30.58
2025-05-18,40,108.96,2.86
2025-05-18,41,97.86,14.25
2025-05-18,42,129.19,-0.57
2025-05-18,43,84.16,-3.39
2025-05-18,44,114.41,-13.68
2025-05-18,45,115.13,13.14
2025-05-18,46,97.31,2.92
2025-05-18,47,91.01,-3.66
2025-05-18,48,103.64,-10.92
2025-05-19,1,100.15,-20.52
2025-05-19,2,78.77,-22.12
2025-05-19,3,63.55,-30.47
2025-05-19,4,66.74,-30.74
2025-05-19,5,57.24,0.72
2025-05-19,6,69.03,9.11
2025-05-19,7,94.99,-13.81
2025-05-19,8,79.78,11.19
2025-05-19,9,111.5,-27.51
2025-05-19,10,86.16,-31.83
2025-05-19,11,103.74,7.2
2025-05-19,12,84.84,-32.76
2025-05-19,13,95.41,-16.3
2025-05-19,14,94.72,-0.43
2025-05-19,15,111.79,21.26
2025-05-19,16,130.68,-23.18
2025-05-19,17,91.89,1.6
2025-05-19,18,117.83,0.87
2025-05-19,19,120.57,37.73
2025-05-19,20,136.05,-2.57
2025-05-19,21,110.96,-8.27
2025-05-19,22,86.36,35.07
2025-05-19,23,23.76,-85.57
2025-05-19,24,55.37,-61.54
2025-05-19,25,16.29,-52.49
2025-05-19,26,40.23,-64.72
2025-05-19,27,21.26,-53.33
2025-05-19,28,21.14,-76.48
2025-05-19,29,40.52,-70.72
2025-05-19,30,55.3,-53.33
2025-05-19,31,101.62,-0.4
2025-05-19,32,131.78,6.88
2025-05-19,33,119.36,21.64
2025-05-19,34,121.72,32.96
2025-05-19,35,142.3,14.54
2025-05-19,36,141.99,43.45
2025-05-19,37,124.33,21.45
2025-05-19,38,141.44,45.93
2025-05-19,39,137.82,27.71
2025-05-19,40,116.0,19.75
2025-05-19,41,98.88,33.36
2025-05-19,42,113.82,-19.93
2025-05-19,43,114.98,-2.22
2025-05-19,44,117.0,-7.95
2025-05-19,45,120.06,8.01
2025-05-19,46,104.65,-28.15
2025-05-19,47,85.48,-33.57
2025-05-19,48,65.33,13.67
2025-05-20,1,65.79,9.6
2025-05-20,2,118.98,7.9
2025-05-20,3,61.23,8.45
2025-05-20,4,116.43,-18.64
2025-05-20,5,110.4,1.73
2025-05-20,6,92.48,3.36
2025-05-20,7,93.75,10.96
2025-05-20,8,59.18,-19.61
2025-05-20,9,70.9,-1.74
2025-05-20,10,85.24,-23.26
2025-05-20,11,85.21,-18.64
2025-05-20,12,102.49,-23.75
2025-05-20,13,111.49,4.49
2025-05-20,14,105.99,-10.98
2025-05-20,15,129.98,30.35
2025-05-20,16,102.19,-20.55
2025-05-20,17,117.11,11.53
2025-05-20,18,77.91,7.87
2025-05-20,19,137.43,29.63
2025-05-20,20,97.55,9.13
2025-05-20,21,116.29,17.52
2025-05-20,22,92.03,-17.43
2025-05-20,23,104.32,-4.18
2025-05-20,24,98.44,4.76
2025-05-20,25,87.34,30.28
2025-05-20,26,135.36,-7.45
2025-05-20,27,136.38,37.83
2025-05-20,28,143.68,-5.28
2025-05-20,29,131.84,2.98
2025-05-20,30,96.74,9.5
2025-05-20,31,138.98,5.19
2025-05-20,32,113.19,38.32
2025-05-20,33,136.58,38.07
2025-05-20,34,147.15,20.91
2025-05-20,35,144.38,51.81
2025-05-20,36,117.37,14.48
2025-05-20,37,118.75,23.89
2025-05-20,38,162.34,22.69
2025-05-20,39,132.59,-6.55
2025-05-20,40,113.84,43.06
2025-05-20,41,118.38,-1.6
2025-05-20,42,94.82,13.47
2025-05-20,43,101.62,-22.22
2025-05-20,44,118.97,-5.51
2025-05-20,45,101.05,-19.67
2025-05-20,46,61.33,-13.7
2025-05-20,47,123.53,-12.54
2025-05-20,48,113.61,19.21
2025-05-21,1,79.74,-33.07
2025-05-21,2,111.19,-21.39
2025-05-21,3,96.71,-34.77
2025-05-21,4,63.47,-17.99
2025-05-21,5,56.35,2.74
2025-05-21,6,87.07,-0.9
2025-05-21,7,99.62,-13.81
2025-05-21,8,85.34,-21.27
2025-05-21,9,69.7,-25.8
2025-05-21,10,89.73,3.34
2025-05-21,11,73.67,-34.48
2025-05-21,12,100.22,-21.58
2025-05-21,13,112.27,-40.5
2025-05-21,14,107.05,2.57
2025-05-21,15,119.46,21.9
2025-05-21,16,117.85,-4.38
2025-05-21,17,96.06,20.03
2025-05-21,18,141.6,-1.56
2025-05-21,19,118.84,9.11
2025-05-21,20,125.62,28.46
2025-05-21,21,123.0,-8.44
2025-05-21,22,95.23,8.57
2025-05-21,23,111.66,10.21
2025-05-21,24,107.81,15.45
2025-05-21,25,118.52,5.25
2025-05-21,26,91.47,-1.11
2025-05-21,27,105.43,-6.3
2025-05-21,28,131.91,-3.85
2025-05-21,29,135.61,40.23
2025-05-21,30,136.25,19.99
2025-05-21,31,108.56,37.39
2025-05-21,32,132.82,-6.29
2025-05-21,33,139.1,33.03
2025-05-21,34,116.51,46.51
2025-05-21,35,140.12,25.57
2025-05-21,36,133.47,72.27
2025-05-21,37,153.56,26.2
2025-05-21,38,144.22,15.09
2025-05-21,39,134.06,52.67
2025-05-21,40,138.08,27.61
2025-05-21,41,137.61,23.62
2025-05-21,42,103.96,18.57
2025-05-21,43,111.84,-24.29
2025-05-21,44,94.39,-31.78
2025-05-21,45,119.12,-19.77
2025-05-21,46,115.48,12.14
2025-05-21,47,115.37,1.86
2025-05-21,48,79.48,-39.83
2025-05-22,1,98.0,7.72
2025-05-22,2,65.29,-12.31
2025-05-22,3,73.51,-38.89
2025-05-22,4,59.91,-35.25
2025-05-22,5,105.53,-6.36
2025-05-22,6,80.98,6.85
2025-05-22,7,110.04,-30.11
2025-05-22,8,66.26,-32.04
2025-05-22,9,108.06,3.71
2025-05-22,10,93.79,-13.08
2025-05-22,11,85.7,-7.37
2025-05-22,12,82.45,-0.91
2025-05-22,13,124.83,16.89
2025-05-22,14,83.33,-6.76
2025-05-22,15,132.03,6.65
2025-05-22,16,126.66,20.21
2025-05-22,17,113.45,-7.6
2025-05-22,18,125.99,31.32
2025-05-22,19,115.33,27.54
2025-05-22,20,115.71,0.3
2025-05-22,21,130.68,31.91
2025-05-22,22,126.95,-7.62
2025-05-22,23,107.83,6.98
2025-05-22,24,124.49,-5.49
2025-05-22,25,107.02,29.21
2025-05-22,26,108.56,-12.01
2025-05-22,27,104.21,41.6
2025-05-22,28,117.55,18.65
2025-05-22,29,104.29,17.15
2025-05-22,30,110.92,27.02
2025-05-22,31,103.89,40.15
2025-05-22,32,155.97,20.63
2025-05-22,33,156.86,54.2
2025-05-22,34,108.96,18.95
2025-05-22,35,149.78,35.49
2025-05-22,36,157.63,55.28
2025-05-22,37,156.87,65.17
2025-05-22,38,116.92,41.69
2025-05-22,39,145.25,31.1
2025-05-22,40,103.74,40.14
2025-05-22,41,117.91,-20.61
2025-05-22,42,90.62,29.35
2025-05-22,43,111.65,21.21
2025-05-22,44,121.05,2.44
2025-05-22,45,110.96,24.21
2025-05-22,46,104.87,-22.55
2025-05-22,47,63.62,-1.94
2025-05-22,48,91.83,-1.08
2025-05-23,1,88.82,-26.8
2025-05-23,2,72.55,-17.43
2025-05-23,3,90.55,-25.06
2025-05-23,4,89.77,-16.0
2025-05-23,5,87.99,3.93
2025-05-23,6,96.79,-14.67
2025-05-23,7,77.36,-15.78
2025-05-23,8,105.76,-25.83
2025-05-23,9,101.95,-42.37
2025-05-23,10,64.88,-4.05
2025-05-23,11,92.49,-39.79
2025-05-23,12,96.53,3.81
2025-05-23,13,96.75,7.67
2025-05-23,14,107.07,1.17
2025-05-23,15,76.0,3.27
2025-05-23,16,115.4,7.78
2025-05-23,17,97.61,14.33
2025-05-23,18,133.89,25.04
2025-05-23,19,92.97,8.28
2025-05-23,20,101.87,29.98
2025-05-23,21,125.28,16.65
2025-05-23,22,132.66,-18.09
2025-05-23,23,140.13,18.26
2025-05-23,24,106.64,8.2
2025-05-23,25,112.36,-13.64
2025-05-23,26,119.74,26.33
2025-05-23,27,100.49,0.26
2025-05-23,28,138.52,3.73
2025-05-23,29,136.04,-6.8
2025-05-23,30,130.28,3.25
2025-05-23,31,151.68,-0.29
2025-05-23,32,121.88,15.61
2025-05-23,33,140.85,49.38
2025-05-23,34,147.32,28.37
2025-05-23,35,136.03,62.66
2025-05-23,36,148.11,65.43
2025-05-23,37,134.88,58.85
2025-05-23,38,141.17,10.77
2025-05-23,39,140.85,38.53
2025-05-23,40,103.63,23.45
2025-05-23,41,131.12,-12.51
2025-05-23,42,136.92,-1.46
2025-05-23,43,112.08,0.53
2025-05-23,44,71.23,25.21
2025-05-23,45,108.78,-20.28
2025-05-23,46,103.49,8.84
2025-05-23,47,123.47,21.57
2025-05-23,48,75.1,-10.45
2025-05-24,1,88.79,-31.02
2025-05-24,2,64.44,-32.54
2025-05-24,3,101.57,-38.84
2025-05-24,4,102.77,2.2
2025-05-24,5,108.67,-32.42
2025-05-24,6,67.82,-21.46
2025-05-24,7,64.58,-11.34
2025-05-24,8,60.13,-21.88
2025-05-24,9,94.79,-6.51
2025-05-24,10,48.26,-15.84
2025-05-24,11,77.02,-40.85
2025-05-24,12,90.39,-15.86
2025-05-24,13,121.02,23.19
2025-05-24,14,76.57,14.4
2025-05-24,15,116.19,-19.98
2025-05-24,16,108.09,25.13
2025-05-24,17,80.96,-7.02
2025-05-24,18,113.75,-7.94
2025-05-24,19,80.94,5.22
2025-05-24,20,81.75,-18.76
2025-05-24,21,126.09,-16.46
2025-05-24,22,107.94,-15.24
2025-05-24,23,99.16,-18.13
2025-05-24,24,128.61,-16.5
2025-05-24,25,94.2,-0.69
2025-05-24,26,95.71,-19.08
2025-05-24,27,110.93,-0.21
2025-05-24,28,109.01,6.48
2025-05-24,29,84.51,12.36
2025-05-24,30,106.55,-18.95
2025-05-24,31,112.67,21.0
2025-05-24,32,141.49,39.75
2025-05-24,33,136.08,7.84
2025-05-24,34,121.23,-1.16
2025-05-24,35,118.18,8.28
2025-05-24,36,113.61,19.4
2025-05-24,37,143.43,37.41
2025-05-24,38,115.51,28.0
2025-05-24,39,105.19,9.1
2025-05-24,40,104.54,-1.39
2025-05-24,41,123.37,-22.67
2025-05-24,42,85.82,12.51
2025-05-24,43,81.05,1.55
2025-05-24,44,72.87,-0.75
2025-05-24,45,97.86,-10.3
2025-05-24,46,71.91,4.36
2025-05-24,47,76.99,-25.7
2025-05-24,48,110.76,19.81
2025-05-25,1,100.0,10.43
2025-05-25,2,105.92,-31.22
2025-05-25,3,102.84,-17.44
2025-05-25,4,65.3,-37.67
2025-05-25,5,98.58,-38.41
2025-05-25,6,90.46,-37.52
2025-05-25,7,82.32,-37.58
2025-05-25,8,58.52,-1.05
2025-05-25,9,95.72,-29.93
2025-05-25,10,74.75,-15.41
2025-05-25,11,64.14,-11.92
2025-05-25,12,102.08,-0.79
2025-05-25,13,82.12,-24.03
2025-05-25,14,110.12,-33.61
2025-05-25,15,107.44,-24.74
2025-05-25,16,75.85,-12.31
2025-05-25,17,106.43,-23.71
2025-05-25,18,127.51,6.28
2025-05-25,19,115.59,-20.79
2025-05-25,20,86.16,-17.56
2025-05-25,21,83.14,-9.94
2025-05-25,22,86.3,2.88
2025-05-25,23,96.18,-4.5
2025-05-25,24,120.02,29.47
2025-05-25,25,128.5,-4.7
2025-05-25,26,121.92,-3.96
2025-05-25,27,95.36,-17.81
2025-05-25,28,96.78,-23.22
2025-05-25,29,131.22,37.23
2025-05-25,30,100.83,27.45
2025-05-25,31,144.15,-4.38
2025-05-25,32,141.68,27.68
2025-05-25,33,133.29,-9.27
2025-05-25,34,128.55,39.43
2025-05-25,35,133.31,53.66
2025-05-25,36,135.72,2.52
2025-05-25,37,147.63,7.11
2025-05-25,38,111.24,36.13
2025-05-25,39,126.8,25.4
2025-05-25,40,85.24,20.4
2025-05-25,41,112.34,14.73
2025-05-25,42,78.13,-14.0
2025-05-25,43,105.35,8.51
2025-05-25,44,103.66,-30.29
2025-05-25,45,112.53,-23.52
2025-05-25,46,67.68,-20.17
2025-05-25,47,104.16,-14.0
2025-05-25,48,85.46,-21.39
2025-05-26,1,92.43,-22.43
2025-05-26,2,116.26,-0.68
2025-05-26,3,73.28,-29.43
2025-05-26,4,73.94,-7.96
2025-05-26,5,63.4,4.14
2025-05-26,6,109.91,-7.83
2025-05-26,7,68.0,-10.41
2025-05-26,8,63.61,-2.85
2025-05-26,9,79.72,-5.48
2025-05-26,10,85.5,-5.19
2025-05-26,11,115.77,-11.99
2025-05-26,12,114.59,2.88
2025-05-26,13,68.64,3.31
2025-05-26,14,91.45,5.92
2025-05-26,15,79.09,20.42
2025-05-26,16,119.22,27.02
2025-05-26,17,94.6,20.43
2025-05-26,18,116.45,-10.0
2025-05-26,19,123.88,33.69
2025-05-26,20,91.82,-3.57
2025-05-26,21,114.78,8.3
2025-05-26,22,97.15,25.43
2025-05-26,23,103.21,16.28
2025-05-26,24,116.69,9.32
2025-05-26,25,96.25,36.92
2025-05-26,26,93.87,8.47
2025-05-26,27,107.69,-14.19
2025-05-26,28,120.52,-19.03
2025-05-26,29,131.74,16.93
2025-05-26,30,142.02,12.21
2025-05-26,31,110.97,13.61
2025-05-26,32,152.05,33.58
2025-05-26,33,146.41,3.57
2025-05-26,34,125.19,4.03
2025-05-26,35,159.04,28.29
2025-05-26,36,158.78,16.16
2025-05-26,37,121.44,42.97
2025-05-26,38,150.63,54.44
2025-05-26,39,143.17,38.73
2025-05-26,40,126.09,-2.84
2025-05-26,41,123.12,16.03
2025-05-26,42,104.98,11.6
2025-05-26,43,95.97,-15.24
2025-05-26,44,74.52,8.43
2025-05-26,45,81.97,-26.86
2025-05-26,46,110.64,15.08
2025-05-26,47,82.34,21.94
2025-05-26,48,78.9,3.49
2025-05-27,1,80.55,-28.33
2025-05-27,2,78.45,-22.46
2025-05-27,3,104.11,-28.24
2025-05-27,4,82.7,-35.91
2025-05-27,5,82.17,-36.09
2025-05-27,6,77.92,-10.06
2025-05-27,7,66.02,2.89
2025-05-27,8,102.4,-17.81
2025-05-27,9,101.55,-32.26
2025-05-27,10,74.73,-17.17
2025-05-27,11,72.84,-15.2
2025-05-27,12,108.28,19.54
2025-05-27,13,107.32,-6.74
2025-05-27,14,87.76,11.22
2025-05-27,15,106.54,12.74
2025-05-27,16,105.53,9.97
2025-05-27,17,129.51,24.14
2025-05-27,18,96.37,15.84
2025-05-27,19,88.76,9.48
2025-05-27,20,137.95,33.05
2025-05-27,21,86.06,-0.96
2025-05-27,22,93.84,17.04
2025-05-27,23,94.61,-1.05
2025-05-27,24,87.72,28.01
2025-05-27,25,127.78,35.26
2025-05-27,26,93.21,-9.13
2025-05-27,27,129.63,21.39
2025-05-27,28,117.02,-6.56
2025-05-27,29,110.93,-11.32
2025-05-27,30,120.88,-5.78
2025-05-27,31,99.55,34.3
2025-05-27,32,138.67,32.93
2025-05-27,33,115.6,26.96
2025-05-27,34,138.17,13.78
2025-05-27,35,154.79,9.92
2025-05-27,36,154.15,6.35
2025-05-27,37,130.94,-1.54
2025-05-27,38,137.12,19.6
2025-05-27,39,118.53,31.64
2025-05-27,40,113.25,4.32
2025-05-27,41,82.13,32.98
2025-05-27,42,124.31,-11.88
2025-05-27,43,113.45,-17.6
2025-05-27,44,121.37,0.66
2025-05-27,45,87.45,-35.5
2025-05-27,46,103.84,-29.05
2025-05-27,47,70.14,-5.33
2025-05-27,48,100.5,-11.39
2025-05-28,1,84.63,5.47
2025-05-28,2,64.13,-7.25
2025-05-28,3,92.19,2.67
2025-05-28,4,97.55,-1.16
2025-05-28,5,65.82,11.79
2025-05-28,6,86.88,-13.48
2025-05-28,7,86.85,-8.46
2025-05-28,8,63.66,-0.65
2025-05-28,9,95.91,-13.84
2025-05-28,10,62.79,-23.71
2025-05-28,11,105.34,-12.81
2025-05-28,12,94.85,-28.94
2025-05-28,13,77.37,17.29
2025-05-28,14,88.7,14.65
2025-05-28,15,95.3,30.48
2025-05-28,16,109.67,-25.24
2025-05-28,17,104.15,7.3
2025-05-28,18,87.68,16.1
2025-05-28,19,104.49,38.26
2025-05-28,20,113.34,27.99
2025-05-28,21,90.79,24.16
2025-05-28,22,138.91,-1.43
2025-05-28,23,-4.87,-60.93
2025-05-28,24,22.08,-54.67
2025-05-28,25,34.13,-72.82
2025-05-28,26,25.01,-63.12
2025-05-28,27,6.71,-48.32
2025-05-28,28,-0.45,-93.18
2025-05-28,29,38.0,-66.39
2025-05-28,30,42.4,-96.35
2025-05-28,31,140.41,52.19
2025-05-28,32,145.49,24.96
2025-05-28,33,147.01,49.13
2025-05-28,34,152.43,35.07
2025-05-28,35,129.65,36.34
2025-05-28,36,127.32,17.86
2025-05-28,37,123.69,8.7
2025-05-28,38,141.76,39.84
2025-05-28,39,131.9,-2.14
2025-05-28,40,126.84,17.07
2025-05-28,41,88.6,6.69
2025-05-28,42,116.36,7.11
2025-05-28,43,97.96,4.59
2025-05-28,44,101.3,19.62
2025-05-28,45,90.2,19.16
2025-05-28,46,120.27,11.06
2025-05-28,47,93.29,9.71
2025-05-28,48,97.22,-24.3
2025-05-29,1,76.57,-7.44
2025-05-29,2,75.99,-26.11
2025-05-29,3,104.09,-4.51
2025-05-29,4,78.9,4.67
2025-05-29,5,80.32,17.57
2025-05-29,6,103.66,-17.08
2025-05-29,7,82.58,7.5
2025-05-29,8,84.79,-36.53
2025-05-29,9,104.01,-4.0
2025-05-29,10,100.51,-15.09
2025-05-29,11,74.23,7.58
2025-05-29,12,72.99,-24.63
2025-05-29,13,100.78,-18.23
2025-05-29,14,90.1,5.87
2025-05-29,15,101.92,34.57
2025-05-29,16,127.72,20.55
2025-05-29,17,115.87,0.99
2025-05-29,18,130.11,4.46
2025-05-29,19,132.03,-5.78
2025-05-29,20,86.79,-15.8
2025-05-29,21,121.43,14.99
2025-05-29,22,84.12,25.05
2025-05-29,23,130.79,22.04
2025-05-29,24,93.19,-11.91
2025-05-29,25,125.11,8.51
2025-05-29,26,112.41,-17.64
2025-05-29,27,113.15,31.73
2025-05-29,28,109.41,11.78
2025-05-29,29,99.49,0.28
2025-05-29,30,112.81,-1.61
2025-05-29,31,129.18,24.39
2025-05-29,32,140.69,19.72
2025-05-29,33,109.88,26.38
2025-05-29,34,126.64,6.15
2025-05-29,35,122.42,63.24
2025-05-29,36,131.03,51.13
2025-05-29,37,164.43,51.59
2025-05-29,38,127.06,13.04
2025-05-29,39,115.46,48.77
2025-05-29,40,101.29,-12.88
2025-05-29,41,88.92,7.94
2025-05-29,42,127.57,-0.59
2025-05-29,43,104.72,11.47
2025-05-29,44,85.92,-16.49
2025-05-29,45,94.94,20.54
2025-05-29,46,119.94,13.83
2025-05-29,47,90.77,21.22
2025-05-29,48,92.2,-35.13
2025-05-30,1,79.24,-32.16
2025-05-30,2,91.87,-27.33
2025-05-30,3,67.54,5.04
2025-05-30,4,93.18,-46.6
2025-05-30,5,86.26,-18.95
2025-05-30,6,75.03,4.42
2025-05-30,7,105.43,-1.31
2025-05-30,8,113.33,12.18
2025-05-30,9,64.13,-44.48
2025-05-30,10,69.08,-18.52
2025-05-30,11,98.01,-19.84
2025-05-30,12,105.3,-38.8
2025-05-30,13,72.41,-8.82
2025-05-30,14,88.75,-7.41
2025-05-30,15,84.8,-21.1
2025-05-30,16,126.47,18.57
2025-05-30,17,127.0,7.25
2025-05-30,18,105.46,36.79
2025-05-30,19,105.33,-6.87
2025-05-30,20,119.28,5.35
2025-05-30,21,123.95,7.06
2025-05-30,22,120.73,-8.06
2025-05-30,23,28.79,-72.22
2025-05-30,24,34.88,-85.27
2025-05-30,25,22.64,-82.33
2025-05-30,26,33.7,-88.37
2025-05-30,27,39.12,-70.0
2025-05-30,28,5.0,-106.19
2025-05-30,29,13.5,-72.35
2025-05-30,30,19.66,-65.02
2025-05-30,31,122.7,5.01
2025-05-30,32,124.76,20.74
2025-05-30,33,118.41,32.13
2025-05-30,34,137.63,68.67
2025-05-30,35,123.49,18.92
2025-05-30,36,143.38,50.24
2025-05-30,37,160.32,28.13
2025-05-30,38,115.88,20.17
2025-05-30,39,102.72,32.15
2025-05-30,40,97.56,37.72
2025-05-30,41,128.03,21.5
2025-05-30,42,83.25,33.6
2025-05-30,43,99.96,26.65
2025-05-30,44,116.26,-5.19
2025-05-30,45,119.51,18.5
2025-05-30,46,75.49,8.0
2025-05-30,47,105.53,-35.51
2025-05-30,48,118.16,-16.07
2025-05-31,1,64.72,-45.5
2025-05-31,2,56.74,-3.32
2025-05-31,3,90.61,-1.66
2025-05-31,4,86.95,-13.76
2025-05-31,5,60.51,-17.27
2025-05-31,6,56.38,-16.27
2025-05-31,7,67.94,-18.9
2025-05-31,8,108.13,-39.82
2025-05-31,9,71.21,-8.53
2025-05-31,10,71.71,-1.02
2025-05-31,11,118.7,-21.43
2025-05-31,12,88.2,-43.38
2025-05-31,13,96.67,6.62
2025-05-31,14,110.3,0.83
2025-05-31,15,69.52,-26.92
2025-05-31,16,122.3,32.94
2025-05-31,17,119.2,-3.7
2025-05-31,18,128.05,17.87
2025-05-31,19,98.65,10.51
2025-05-31,20,127.06,12.13
2025-05-31,21,98.66,14.23
2025-05-31,22,97.55,19.68
2025-05-31,23,103.4,-36.78
2025-05-31,24,101.85,21.95
2025-05-31,25,76.58,25.83
2025-05-31,26,126.43,14.94
2025-05-31,27,122.23,17.03
2025-05-31,28,103.5,29.97
2025-05-31,29,90.17,-6.33
2025-05-31,30,124.26,-0.38
2025-05-31,31,77.92,6.05
2025-05-31,32,131.05,40.0
2025-05-31,33,113.05,14.22
2025-05-31,34,102.63,42.92
2025-05-31,35,116.2,55.29
2025-05-31,36,152.45,15.32
2025-05-31,37,135.72,27.98
2025-05-31,38,112.69,-3.28
2025-05-31,39,146.95,17.91
2025-05-31,40,119.47,-26.45
2025-05-31,41,109.74,17.88
2025-05-31,42,118.87,-2.07
2025-05-31,43,87.13,-34.76
2025-05-31,44,82.23,-24.66
2025-05-31,45,107.24,26.15
2025-05-31,46,79.9,-22.03
2025-05-31,47,100.41,-39.12
2025-05-31,48,77.26,-1.72
2025-06-01,1,81.67,7.52
2025-06-01,2,95.55,-21.88
2025-06-01,3,95.71,-22.09
2025-06-01,4,60.83,8.73
2025-06-01,5,96.41,-18.03
2025-06-01,6,64.35,-49.5
2025-06-01,7,62.22,-24.48
2025-06-01,8,79.33,-39.78
2025-06-01,9,65.19,-50.89
2025-06-01,10,64.51,-18.02
2025-06-01,11,82.95,-7.36
2025-06-01,12,111.16,-5.46
2025-06-01,13,72.96,-40.05
2025-06-01,14,84.91,-25.27
2025-06-01,15,75.06,-25.14
2025-06-01,16,123.16,-16.23
2025-06-01,17,78.2,-27.47
2025-06-01,18,94.67,1.56
2025-06-01,19,87.85,1.12
2025-06-01,20,101.69,18.47
2025-06-01,21,117.42,-16.21
2025-06-01,22,111.7,-17.27
2025-06-01,23,42.81,-93.36
2025-06-01,24,38.88,-90.66
2025-06-01,25,4.75,-95.33
2025-06-01,26,24.75,-49.29
2025-06-01,27,19.49,-98.4
2025-06-01,28,30.79,-89.51
2025-06-01,29,17.65,-47.11
2025-06-01,30,39.68,-69.17
2025-06-01,31,119.82,30.61
2025-06-01,32,120.59,7.06
2025-06-01,33,103.65,47.88
2025-06-01,34,122.02,16.94
2025-06-01,35,156.37,22.82
2025-06-01,36,146.54,13.64
2025-06-01,37,149.5,25.81
2025-06-01,38,98.47,19.18
2025-06-01,39,142.41,6.6
2025-06-01,40,121.21,-7.31
2025-06-01,41,113.67,-20.72
2025-06-01,42,95.28,-26.5
2025-06-01,43,76.04,19.69
2025-06-01,44,90.78,13.66
2025-06-01,45,71.79,-27.08
2025-06-01,46,115.58,2.07
2025-06-01,47,82.37,17.26
2025-06-01,48,95.92,-4.85
2025-06-02,1,73.03,-0.99
2025-06-02,2,119.0,-10.2
2025-06-02,3,97.82,-35.02
2025-06-02,4,104.0,1.62
2025-06-02,5,86.4,-34.77
2025-06-02,6,76.61,-33.0
2025-06-02,7,65.04,-29.46
2025-06-02,8,98.77,-0.17
2025-06-02,9,88.53,11.29
2025-06-02,10,62.66,3.69
2025-06-02,11,104.03,-29.77
2025-06-02,12,113.4,-6.85
2025-06-02,13,115.79,-33.26
2025-06-02,14,103.03,20.64
2025-06-02,15,119.24,-5.71
2025-06-02,16,123.28,-15.82
2025-06-02,17,103.87,-1.88
2025-06-02,18,110.33,-1.91
2025-06-02,19,106.57,6.31
2025-06-02,20,89.85,-1.52
2025-06-02,21,121.82,0.11
2025-06-02,22,129.11,-13.38
2025-06-02,23,106.92,-24.61
2025-06-02,24,113.32,26.29
2025-06-02,25,109.45,-22.12
2025-06-02,26,92.09,-14.94
2025-06-02,27,132.5,20.03
2025-06-02,28,81.7,25.53
2025-06-02,29,112.39,17.37
2025-06-02,30,125.35,25.14
2025-06-02,31,143.63,30.98
2025-06-02,32,112.06,40.84
2025-06-02,33,124.26,46.59
2025-06-02,34,116.65,15.33
2025-06-02,35,117.84,45.9
2025-06-02,36,115.9,34.42
2025-06-02,37,158.74,22.44
2025-06-02,38,134.4,15.97
2025-06-02,39,104.75,28.27
2025-06-02,40,142.17,-9.99
2025-06-02,41,84.01,1.69
2025-06-02,42,99.07,-19.01
2025-06-02,43,121.55,4.43
2025-06-02,44,83.39,13.03
2025-06-02,45,113.94,-0.62
2025-06-02,46,102.02,4.26
2025-06-02,47,123.37,13.67
2025-06-02,48,85.71,-36.06
2025-06-03,1,90.34,-13.66
2025-06-03,2,102.3,-0.92
2025-06-03,3,76.64,-22.18
2025-06-03,4,108.2,8.25
2025-06-03,5,88.98,-18.14
2025-06-03,6,102.34,3.7
2025-06-03,7,86.19,-40.25
2025-06-03,8,104.52,-26.04
2025-06-03,9,92.93,-46.22
2025-06-03,10,87.41,-36.88
2025-06-03,11,109.57,-19.26
2025-06-03,12,87.74,-13.52
2025-06-03,13,68.02,-29.45
2025-06-03,14,101.06,-5.82
2025-06-03,15,125.6,-10.6
2025-06-03,16,86.96,22.49
2025-06-03,17,79.76,12.27
2025-06-03,18,87.06,-2.85
2025-06-03,19,92.93,-11.08
2025-06-03,20,121.46,-4.61
2025-06-03,21,92.92,-2.67
2025-06-03,22,85.89,34.02
2025-06-03,23,111.14,24.12
2025-06-03,24,129.57,-19.44
2025-06-03,25,113.58,34.61
2025-06-03,26,99.58,36.07
2025-06-03,27,120.19,31.68
2025-06-03,28,82.75,32.8
2025-06-03,29,106.21,-15.27
2025-06-03,30,137.71,35.01
2025-06-03,31,132.1,-0.11
2025-06-03,32,127.58,6.89
2025-06-03,33,136.1,6.46
2025-06-03,34,127.76,18.86
2025-06-03,35,113.78,44.03
2025-06-03,36,131.52,28.14
2025-06-03,37,132.47,20.41
2025-06-03,38,142.5,58.34
2025-06-03,39,126.01,0.9
2025-06-03,40,100.18,-12.59
2025-06-03,41,81.72,6.5
2025-06-03,42,109.91,32.32
2025-06-03,43,122.1,-1.33
2025-06-03,44,74.31,-21.75
2025-06-03,45,75.28,15.61
2025-06-03,46,88.73,-7.77
2025-06-03,47,83.29,-18.04
2025-06-03,48,75.87,14.6
2025-06-04,1,80.41,13.84
2025-06-04,2,105.91,-17.26
2025-06-04,3,88.0,-47.85
2025-06-04,4,109.48,-34.39
2025-06-04,5,64.11,-26.92
2025-06-04,6,67.03,11.67
2025-06-04,7,57.17,-11.58
2025-06-04,8,70.6,15.01
2025-06-04,9,58.86,-18.43
2025-06-04,10,96.91,-18.77
2025-06-04,11,78.12,-19.57
2025-06-04,12,63.04,-35.55
2025-06-04,13,81.95,7.33
2025-06-04,14,83.74,-19.99
2025-06-04,15,91.69,-11.12
2025-06-04,16,87.63,-2.48
2025-06-04,17,118.07,11.21
2025-06-04,18,93.9,30.08
2025-06-04,19,95.47,14.91
2025-06-04,20,120.86,23.67
2025-06-04,21,83.93,-20.89
2025-06-04,22,128.38,35.82
2025-06-04,23,102.31,18.89
2025-06-04,24,134.56,9.36
2025-06-04,25,114.25,33.89
2025-06-04,26,119.13,-11.53
2025-06-04,27,114.77,-19.38
2025-06-04,28,144.82,17.09
2025-06-04,29,138.64,-10.44
2025-06-04,30,122.59,34.22
2025-06-04,31,117.73,-3.65
2025-06-04,32,139.82,22.73
2025-06-04,33,111.7,-2.08
2025-06-04,34,163.72,59.78
2025-06-04,35,130.26,1.63
2025-06-04,36,114.25,37.13
2025-06-04,37,112.1,42.49
2025-06-04,38,110.82,15.69
2025-06-04,39,130.41,42.04
2025-06-04,40,112.94,3.61
2025-06-04,41,103.83,-6.8
2025-06-04,42,116.6,-8.87
2025-06-04,43,84.23,12.29
2025-06-04,44,96.88,-14.86
2025-06-04,45,95.17,-31.12
2025-06-04,46,109.01,-13.24
2025-06-04,47,87.51,-24.72
2025-06-04,48,109.96,1.63
2025-06-05,1,112.67,-16.24
2025-06-05,2,101.66,15.62
2025-06-05,3,80.31,-22.13
2025-06-05,4,59.38,-27.15
2025-06-05,5,93.73,-25.91
2025-06-05,6,98.6,-39.62
2025-06-05,7,66.85,-16.48
2025-06-05,8,96.47,-8.28
2025-06-05,9,81.63,6.22
2025-06-05,10,87.22,-35.84
2025-06-05,11,112.86,-29.71
2025-06-05,12,100.81,-1.3
2025-06-05,13,104.66,-37.08
2025-06-05,14,69.08,1.91
2025-06-05,15,118.93,-17.21
2025-06-05,16,93.97,28.19
2025-06-05,17,94.86,0.09
2025-06-05,18,113.78,21.24
2025-06-05,19,80.62,-2.4
2025-06-05,20,134.78,2.85
2025-06-05,21,88.49,-0.9
2025-06-05,22,125.11,15.89
2025-06-05,23,119.16,30.94
2025-06-05,24,99.19,32.84
2025-06-05,25,116.74,18.05
2025-06-05,26,114.24,-23.07
2025-06-05,27,122.59,3.94
2025-06-05,28,119.26,27.41
2025-06-05,29,122.62,-0.11
2025-06-05,30,132.91,40.37
2025-06-05,31,130.29,-0.39
2025-06-05,32,132.71,4.71
2025-06-05,33,114.77,20.52
2025-06-05,34,151.1,18.49
2025-06-05,35,155.71,34.17
2025-06-05,36,107.24,9.71
2025-06-05,37,138.64,52.3
2025-06-05,38,119.31,60.57
2025-06-05,39,101.43,13.48
2025-06-05,40,130.36,32.57
2025-06-05,41,107.59,27.21
2025-06-05,42,93.87,35.8
2025-06-05,43,104.14,6.64
2025-06-05,44,96.45,19.98
2025-06-05,45,108.84,-25.72
2025-06-05,46,102.78,-13.99
2025-06-05,47,110.12,14.95
2025-06-05,48,67.24,9.21
2025-06-06,1,79.07,-29.39
2025-06-06,2,77.75,-44.98
2025-06-06,3,105.0,0.85
2025-06-06,4,96.19,-10.06
2025-06-06,5,97.36,-10.96
2025-06-06,6,58.78,-14.83
2025-06-06,7,110.82,-12.11
2025-06-06,8,97.81,-28.53
2025-06-06,9,53.23,-47.7
2025-06-06,10,67.12,9.59
2025-06-06,11,88.23,-6.86
2025-06-06,12,74.36,5.78
2025-06-06,13,97.16,12.32
2025-06-06,14,110.53,4.29
2025-06-06,15,103.96,7.89
2025-06-06,16,123.99,-26.84
2025-06-06,17,107.42,-18.66
2025-06-06,18,112.25,4.39
2025-06-06,19,99.13,-16.91
2025-06-06,20,98.61,1.3
2025-06-06,21,122.82,29.41
2025-06-06,22,86.18,8.99
2025-06-06,23,98.9,17.97
2025-06-06,24,117.27,30.62
2025-06-06,25,126.72,5.01
2025-06-06,26,125.15,34.03
2025-06-06,27,98.71,35.99
2025-06-06,28,95.92,14.18
2025-06-06,29,93.45,11.8
2025-06-06,30,145.72,51.29
2025-06-06,31,119.28,-1.24
2025-06-06,32,99.91,45.36
2025-06-06,33,109.31,-0.47
2025-06-06,34,117.86,60.87
2025-06-06,35,158.49,58.73
2025-06-06,36,124.27,62.71
2025-06-06,37,127.8,19.55
2025-06-06,38,141.67,24.16
2025-06-06,39,150.24,0.76
2025-06-06,40,91.18,6.81
2025-06-06,41,93.47,-13.63
2025-06-06,42,127.67,24.36
2025-06-06,43,126.03,-25.41
2025-06-06,44,91.37,7.75
2025-06-06,45,78.87,-21.25
2025-06-06,46,110.23,-27.75
2025-06-06,47,87.53,12.19
2025-06-06,48,76.19,13.02
2025-06-07,1,57.28,6.78
2025-06-07,2,70.23,-9.54
2025-06-07,3,102.72,6.02
2025-06-07,4,98.35,-52.65
2025-06-07,5,50.41,-9.47
2025-06-07,6,60.64,-15.21
2025-06-07,7,98.54,-16.73
2025-06-07,8,70.24,0.23
2025-06-07,9,80.36,-39.31
2025-06-07,10,72.16,-1.91
2025-06-07,11,99.1,-26.49
2025-06-07,12,76.35,-43.6
2025-06-07,13,95.27,-18.94
2025-06-07,14,92.84,-38.35
2025-06-07,15,103.15,0.51
2025-06-07,16,86.63,-12.78
2025-06-07,17,103.47,18.63
2025-06-07,18,76.79,4.87
2025-06-07,19,98.26,-2.22
2025-06-07,20,117.24,14.57
2025-06-07,21,86.3,-22.61
2025-06-07,22,137.31,-3.09
2025-06-07,23,101.39,-21.72
2025-06-07,24,121.69,-18.13
2025-06-07,25,73.43,-19.0
2025-06-07,26,124.18,-21.05
2025-06-07,27,91.97,1.84
2025-06-07,28,102.74,14.77
2025-06-07,29,80.14,-25.78
2025-06-07,30,108.37,20.37
2025-06-07,31,97.92,34.49
2025-06-07,32,138.91,10.38
2025-06-07,33,125.63,2.41
2025-06-07,34,98.15,19.23
2025-06-07,35,115.14,24.53
2025-06-07,36,130.11,1.66
2025-06-07,37,116.37,34.29
2025-06-07,38,143.82,-5.57
2025-06-07,39,109.42,-3.13
2025-06-07,40,86.16,-2.35
2025-06-07,41,96.04,24.12
2025-06-07,42,93.83,21.69
2025-06-07,43,96.83,-25.85
2025-06-07,44,113.24,-5.9
2025-06-07,45,92.24,-26.75
2025-06-07,46,72.68,9.16
2025-06-07,47,69.58,9.98
2025-06-07,48,93.93,8.57
2025-06-08,1,94.73,-2.15
2025-06-08,2,75.29,-8.78
2025-06-08,3,57.94,-36.2
2025-06-08,4,94.25,5.82
2025-06-08,5,73.07,-42.65
2025-06-08,6,101.72,-8.05
2025-06-08,7,66.35,-10.23
2025-06-08,8,97.68,-0.38
2025-06-08,9,71.1,2.01
2025-06-08,10,107.12,8.47
2025-06-08,11,80.91,6.83
2025-06-08,12,63.45,-20.6
2025-06-08,13,100.85,-14.81
2025-06-08,14,65.94,-22.79
2025-06-08,15,94.57,-2.56
2025-06-08,16,97.41,23.33
2025-06-08,17,113.98,4.92
2025-06-08,18,95.43,-16.39
2025-06-08,19,77.26,-23.63
2025-06-08,20,108.14,27.25
2025-06-08,21,106.8,15.97
2025-06-08,22,89.5,-4.82
2025-06-08,23,83.87,-18.3
2025-06-08,24,93.75,3.15
2025-06-08,25,113.92,-3.53
2025-06-08,26,76.96,24.49
2025-06-08,27,78.45,16.56
2025-06-08,28,124.86,28.63
2025-06-08,29,84.96,11.56
2025-06-08,30,102.63,-3.78
2025-06-08,31,125.5,24.8
2025-06-08,32,107.56,41.58
2025-06-08,33,136.8,2.8
2025-06-08,34,141.02,40.13
2025-06-08,35,128.14,48.38
2025-06-08,36,118.72,9.76
2025-06-08,37,107.4,38.58
2025-06-08,38,108.55,-4.25
2025-06-08,39,86.83,36.33
2025-06-08,40,92.02,-13.79
2025-06-08,41,124.75,21.48
2025-06-08,42,101.82,20.41
2025-06-08,43,83.7,-25.54
2025-06-08,44,121.04,-29.91
2025-06-08,45,78.03,-41.2
2025-06-08,46,117.52,-8.29
2025-06-08,47,78.04,10.13
2025-06-08,48,96.51,-4.92
2025-06-09,1,73.26,1.79
2025-06-09,2,108.04,-31.08
2025-06-09,3,89.45,-29.99
2025-06-09,4,90.08,-48.2
2025-06-09,5,70.19,-22.59
2025-06-09,6,57.19,-19.49
2025-06-09,7,58.73,-16.41
2025-06-09,8,95.27,-2.76
2025-06-09,9,96.67,-26.09
2025-06-09,10,82.53,-1.64
2025-06-09,11,69.98,0.88
2025-06-09,12,72.4,-9.46
2025-06-09,13,100.35,-30.38
2025-06-09,14,115.64,-4.58
2025-06-09,15,95.12,5.27
2025-06-09,16,129.31,-12.87
2025-06-09,17,127.77,-4.78
2025-06-09,18,135.99,8.15
2025-06-09,19,133.89,2.06
2025-06-09,20,126.61,-1.56
2025-06-09,21,115.99,19.21
2025-06-09,22,116.49,-22.66
2025-06-09,23,111.87,40.08
2025-06-09,24,114.48,-25.28
2025-06-09,25,112.6,14.87
2025-06-09,26,80.88,11.09
2025-06-09,27,82.35,-18.3
2025-06-09,28,134.88,-9.56
2025-06-09,29,110.67,-14.71
2025-06-09,30,95.42,27.23
2025-06-09,31,126.37,31.96
2025-06-09,32,102.69,0.8
2025-06-09,33,155.07,23.67
2025-06-09,34,110.7,47.95
2025-06-09,35,153.13,53.39
2025-06-09,36,115.58,47.36
2025-06-09,37,123.68,66.99
2025-06-09,38,143.76,32.87
2025-06-09,39,121.68,-1.44
2025-06-09,40,107.96,-17.32
2025-06-09,41,96.03,36.04
2025-06-09,42,127.39,27.52
2025-06-09,43,101.63,-28.43
2025-06-09,44,70.75,-11.11
2025-06-09,45,95.1,-30.0
2025-06-09,46,77.94,22.5
2025-06-09,47,111.86,-19.47
2025-06-09,48,83.73,-0.6
2025-06-10,1,103.64,-20.88
2025-06-10,2,90.94,-25.88
2025-06-10,3,63.19,-47.84
2025-06-10,4,68.21,-39.53
2025-06-10,5,84.4,0.02
2025-06-10,6,74.07,-42.88
2025-06-10,7,61.67,-39.23
2025-06-10,8,80.35,-16.37
2025-06-10,9,59.16,-38.76
2025-06-10,10,108.53,-35.21
2025-06-10,11,84.25,-28.23
2025-06-10,12,99.9,-19.49
2025-06-10,13,75.91,13.42
2025-06-10,14,127.9,-19.54
2025-06-10,15,108.3,-24.08
2025-06-10,16,91.57,-16.22
2025-06-10,17,79.57,-21.49
2025-06-10,18,87.35,7.68
2025-06-10,19,86.98,16.2
2025-06-10,20,127.89,7.69
2025-06-10,21,109.3,20.35
2025-06-10,22,100.51,16.95
2025-06-10,23,112.51,13.22
2025-06-10,24,116.99,-0.24
2025-06-10,25,119.6,32.06
2025-06-10,26,118.52,-16.5
2025-06-10,27,97.02,12.6
2025-06-10,28,137.82,26.01
2025-06-10,29,121.02,-4.74
2025-06-10,30,122.02,1.39
2025-06-10,31,145.42,12.51
2025-06-10,32,108.76,13.82
2025-06-10,33,111.41,41.88
2025-06-10,34,150.91,27.22
2025-06-10,35,161.05,5.56
2025-06-10,36,151.71,0.85
2025-06-10,37,126.24,39.46
2025-06-10,38,105.98,14.99
2025-06-10,39,120.9,-0.66
2025-06-10,40,132.81,35.76
2025-06-10,41,82.61,28.4
2025-06-10,42,99.08,4.7
2025-06-10,43,104.82,-24.22
2025-06-10,44,83.73,-19.45
2025-06-10,45,98.82,-28.26
2025-06-10,46,94.47,21.0
2025-06-10,47,68.72,-1.47
2025-06-10,48,121.45,20.84
2025-06-11,1,95.98,-10.18
2025-06-11,2,114.5,-17.42
2025-06-11,3,113.41,-25.35
2025-06-11,4,111.7,15.48
2025-06-11,5,93.85,-13.45
2025-06-11,6,108.68,-8.42
2025-06-11,7,109.15,-10.14
2025-06-11,8,88.73,-4.2
2025-06-11,9,82.47,5.88
2025-06-11,10,62.27,-13.88
2025-06-11,11,94.71,-16.98
2025-06-11,12,99.28,15.75
2025-06-11,13,78.33,-5.6
2025-06-11,14,119.37,-19.19
2025-06-11,15,96.07,-12.92
2025-06-11,16,115.99,-31.19
2025-06-11,17,92.94,13.79
2025-06-11,18,87.18,-20.07
2025-06-11,19,116.11,20.46
2025-06-11,20,115.4,-7.22
2025-06-11,21,88.32,15.98
2025-06-11,22,100.54,6.43
2025-06-11,23,93.62,17.68
2025-06-11,24,132.15,25.4
2025-06-11,25,129.58,23.72
2025-06-11,26,126.42,18.37
2025-06-11,27,137.34,12.39
2025-06-11,28,112.85,14.72
2025-06-11,29,105.35,26.27
2025-06-11,30,117.86,22.56
2025-06-11,31,131.84,38.46
2025-06-11,32,109.84,28.32
2025-06-11,33,123.38,46.72
2025-06-11,34,115.5,15.32
2025-06-11,35,115.21,54.84
2025-06-11,36,108.89,57.51
2025-06-11,37,153.91,58.1
2025-06-11,38,134.86,37.0
2025-06-11,39,130.81,19.08
2025-06-11,40,104.33,4.73
2025-06-11,41,99.42,22.58
2025-06-11,42,126.22,-20.31
2025-06-11,43,69.32,12.53
2025-06-11,44,122.91,-3.49
2025-06-11,45,84.48,-26.01
2025-06-11,46,78.36,-13.64
2025-06-11,47,106.86,-10.87
2025-06-11,48,112.04,-20.7
2025-06-12,1,60.3,10.37
2025-06-12,2,79.28,-43.06
2025-06-12,3,107.51,0.02
2025-06-12,4,75.99,-12.81
2025-06-12,5,98.89,-12.82
2025-06-12,6,74.75,-27.69
2025-06-12,7,108.68,-23.23
2025-06-12,8,72.56,-27.93
2025-06-12,9,83.99,-34.42
2025-06-12,10,98.12,-36.28
2025-06-12,11,69.16,-34.54
2025-06-12,12,115.2,-8.18
2025-06-12,13,84.79,-15.11
2025-06-12,14,96.01,19.58
2025-06-12,15,120.51,3.55
2025-06-12,16,99.12,-12.45
2025-06-12,17,86.86,7.65
2025-06-12,18,121.58,-13.96
2025-06-12,19,114.43,4.53
2025-06-12,20,127.08,-3.09
2025-06-12,21,104.73,21.51
2025-06-12,22,90.67,0.25
2025-06-12,23,133.93,21.19
2025-06-12,24,82.67,-13.03
2025-06-12,25,118.63,-10.09
2025-06-12,26,128.19,29.04
2025-06-12,27,113.07,-6.13
2025-06-12,28,111.01,-2.54
2025-06-12,29,98.74,6.69
2025-06-12,30,122.33,44.13
2025-06-12,31,113.3,-8.84
2025-06-12,32,113.96,13.11
2025-06-12,33,143.78,39.87
2025-06-12,34,103.43,30.92
2025-06-12,35,132.47,8.38
2025-06-12,36,119.98,37.41
2025-06-12,37,129.14,21.88
2025-06-12,38,104.91,-8.1
2025-06-12,39,126.88,34.1
2025-06-12,40,125.83,-12.96
2025-06-12,41,131.27,-19.2
2025-06-12,42,106.22,-1.58
2025-06-12,43,121.32,3.05
2025-06-12,44,102.87,11.85
2025-06-12,45,106.04,12.9
2025-06-12,46,76.37,-24.25
2025-06-12,47,99.0,-1.8
2025-06-12,48,68.9,-15.13
2025-06-13,1,84.95,-19.45
2025-06-13,2,80.05,-6.91
2025-06-13,3,64.77,-43.51
2025-06-13,4,71.67,-13.08
2025-06-13,5,101.01,-30.57
2025-06-13,6,73.66,-40.34
2025-06-13,7,100.79,-37.61
2025-06-13,8,64.09,7.88
2025-06-13,9,75.94,-34.46
2025-06-13,10,73.79,-31.55
2025-06-13,11,97.07,18.95
2025-06-13,12,66.68,-36.13
2025-06-13,13,113.68,-23.15
2025-06-13,14,68.7,16.52
2025-06-13,15,104.76,-1.4
2025-06-13,16,93.78,26.32
2025-06-13,17,120.18,-21.94
2025-06-13,18,127.27,-14.05
2025-06-13,19,104.32,5.17
2025-06-13,20,129.84,-20.06
2025-06-13,21,100.71,11.24
2025-06-13,22,117.91,8.92
2025-06-13,23,-20.19,-121.64
2025-06-13,24,-24.54,-116.76
2025-06-13,25,8.25,-80.39
2025-06-13,26,4.02,-91.48
2025-06-13,27,-7.67,-119.97
2025-06-13,28,-6.48,-85.54
2025-06-13,29,4.52,-114.43
2025-06-13,30,6.98,-122.26
2025-06-13,31,150.14,34.48
2025-06-13,32,133.4,-1.02
2025-06-13,33,131.7,5.67
2025-06-13,34,150.66,39.59
2025-06-13,35,114.3,21.82
2025-06-13,36,135.57,45.38
2025-06-13,37,113.9,47.41
2025-06-13,38,140.77,47.87
2025-06-13,39,121.43,7.01
2025-06-13,40,113.88,1.11
2025-06-13,41,107.39,8.34
2025-06-13,42,129.64,-14.86
2025-06-13,43,89.0,29.66
2025-06-13,44,121.29,-19.55
2025-06-13,45,79.62,-2.13
2025-06-13,46,72.79,-31.52
2025-06-13,47,63.05,15.19
2025-06-13,48,98.35,-27.83
2025-06-14,1,85.03,-25.47
2025-06-14,2,60.8,-47.47
2025-06-14,3,93.42,-18.24
2025-06-14,4,74.51,-11.17
2025-06-14,5,51.1,-39.13
2025-06-14,6,49.71,-24.0
2025-06-14,7,109.62,-11.5
2025-06-14,8,79.71,-30.11
2025-06-14,9,86.93,-17.56
2025-06-14,10,64.94,-43.83
2025-06-14,11,94.09,-8.32
2025-06-14,12,103.49,-19.06
2025-06-14,13,101.74,0.9
2025-06-14,14,82.56,-25.7
2025-06-14,15,106.27,-5.44
2025-06-14,16,99.12,-23.3
2025-06-14,17,122.73,13.59
2025-06-14,18,109.86,-21.71
2025-06-14,19,109.19,14.49
2025-06-14,20,113.39,9.34
2025-06-14,21,85.22,20.36
2025-06-14,22,90.71,1.26
2025-06-14,23,79.19,-40.93
2025-06-14,24,89.12,-29.2
2025-06-14,25,89.0,21.15
2025-06-14,26,129.95,1.33
2025-06-14,27,103.27,-9.58
2025-06-14,28,80.22,-22.65
2025-06-14,29,109.73,-11.09
2025-06-14,30,108.64,14.13
2025-06-14,31,113.51,-4.69
2025-06-14,32,102.91,4.17
2025-06-14,33,133.18,35.54
2025-06-14,34,354.54,213.16
2025-06-14,35,314.49,232.83
2025-06-14,36,308.3,204.78
2025-06-14,37,324.9,234.07
2025-06-14,38,300.05,195.3
2025-06-14,39,317.73,191.67
2025-06-14,40,79.16,-4.66
2025-06-14,41,111.22,-26.42
2025-06-14,42,123.35,1.85
2025-06-14,43,98.02,-31.38
2025-06-14,44,84.1,1.68
2025-06-14,45,97.56,6.07
2025-06-14,46,89.23,2.76
2025-06-14,47,67.35,-10.64
2025-06-14,48,73.91,-12.05
2025-06-15,1,102.6,-18.76
2025-06-15,2,72.5,-6.12
2025-06-15,3,92.42,-48.26
2025-06-15,4,68.25,-47.34
2025-06-15,5,102.5,5.24
2025-06-15,6,81.85,-10.98
2025-06-15,7,64.35,-44.38
2025-06-15,8,76.35,-22.75
2025-06-15,9,78.07,-13.02
2025-06-15,10,64.66,-13.12
2025-06-15,11,96.23,-28.88
2025-06-15,12,108.97,-16.66
2025-06-15,13,97.93,-13.89
2025-06-15,14,64.37,-20.99
2025-06-15,15,106.4,13.4
2025-06-15,16,107.46,-15.58
2025-06-15,17,109.39,-18.94
2025-06-15,18,77.32,-25.08
2025-06-15,19,74.48,-30.93
2025-06-15,20,101.39,-33.34
2025-06-15,21,102.1,6.53
2025-06-15,22,110.16,6.64
2025-06-15,23,81.72,3.33
2025-06-15,24,117.1,4.96
2025-06-15,25,122.06,-11.97
2025-06-15,26,112.67,-24.2
2025-06-15,27,97.27,-18.63
2025-06-15,28,102.21,-6.98
2025-06-15,29,96.08,-28.5
2025-06-15,30,82.4,8.37
2025-06-15,31,108.21,-12.71
2025-06-15,32,99.73,20.72
2025-06-15,33,94.37,32.24
2025-06-15,34,114.27,18.18
2025-06-15,35,92.88,11.08
2025-06-15,36,140.11,37.61
2025-06-15,37,143.2,28.13
2025-06-15,38,132.69,24.87
2025-06-15,39,91.13,41.69
2025-06-15,40,124.26,0.95
2025-06-15,41,110.95,-12.91
2025-06-15,42,104.87,-14.51
2025-06-15,43,70.9,11.38
2025-06-15,44,108.14,-20.11
2025-06-15,45,61.06,-0.52
2025-06-15,46,64.37,-16.4
2025-06-15,47,98.98,2.47
2025-06-15,48,67.55,-5.25
2025-06-16,1,64.26,5.41
2025-06-16,2,71.05,1.98
2025-06-16,3,55.5,-15.32
2025-06-16,4,70.48,-4.12
2025-06-16,5,61.31,-43.52
2025-06-16,6,67.56,-25.99
2025-06-16,7,89.29,-38.16
2025-06-16,8,88.24,-16.84
2025-06-16,9,66.14,4.5
2025-06-16,10,74.26,-27.79
2025-06-16,11,84.37,16.71
2025-06-16,12,74.14,4.93
2025-06-16,13,126.08,2.77
2025-06-16,14,89.89,10.09
2025-06-16,15,70.72,14.23
2025-06-16,16,124.32,12.15
2025-06-16,17,105.28,12.35
2025-06-16,18,104.89,3.43
2025-06-16,19,97.52,22.35
2025-06-16,20,111.75,-12.83
2025-06-16,21,111.19,1.85
2025-06-16,22,107.66,-14.37
2025-06-16,23,136.66,-20.05
2025-06-16,24,94.24,-6.46
2025-06-16,25,124.84,12.88
2025-06-16,26,104.25,2.43
2025-06-16,27,110.22,6.55
2025-06-16,28,107.09,-3.65
2025-06-16,29,129.39,-4.55
2025-06-16,30,123.68,-10.67
2025-06-16,31,137.71,39.8
2025-06-16,32,92.14,31.82
2025-06-16,33,139.74,21.28
2025-06-16,34,115.18,4.13
2025-06-16,35,134.6,23.99
2025-06-16,36,159.76,37.39
2025-06-16,37,139.42,52.5
2025-06-16,38,120.39,7.29
2025-06-16,39,118.95,-10.92
2025-06-16,40,89.53,-20.01
2025-06-16,41,107.25,-13.3
2025-06-16,42,129.31,24.81
2025-06-16,43,76.89,-25.48
2025-06-16,44,80.08,-18.22
2025-06-16,45,97.94,6.23
2025-06-16,46,60.09,-13.74
2025-06-16,47,110.47,-32.78
2025-06-16,48,73.21,4.5
2025-06-17,1,88.82,-42.23
2025-06-17,2,82.35,-0.54
2025-06-17,3,72.02,-12.58
2025-06-17,4,71.52,-21.98
2025-06-17,5,100.37,-19.85
2025-06-17,6,57.04,0.87
2025-06-17,7,84.08,6.9
2025-06-17,8,56.45,2.25
2025-06-17,9,58.05,-23.07
2025-06-17,10,67.98,-35.13
2025-06-17,11,61.02,-1.32
2025-06-17,12,88.71,8.78
2025-06-17,13,65.35,16.17
2025-06-17,14,126.45,-18.06
2025-06-17,15,120.57,-13.23
2025-06-17,16,122.03,-20.62
2025-06-17,17,129.4,23.16
2025-06-17,18,115.82,-19.81
2025-06-17,19,89.69,27.8
2025-06-17,20,94.99,-7.01
2025-06-17,21,105.65,-6.74
2025-06-17,22,115.08,-6.89
2025-06-17,23,85.39,-20.79
2025-06-17,24,114.61,12.7
2025-06-17,25,122.58,4.91
2025-06-17,26,115.71,6.59
2025-06-17,27,117.34,21.59
2025-06-17,28,93.75,37.71
2025-06-17,29,102.96,36.26
2025-06-17,30,104.13,-2.4
2025-06-17,31,149.26,8.81
2025-06-17,32,115.21,34.13
2025-06-17,33,128.91,34.19
2025-06-17,34,131.5,9.02
2025-06-17,35,147.71,48.51
2025-06-17,36,136.65,43.47
2025-06-17,37,137.23,-2.51
2025-06-17,38,101.08,23.33
2025-06-17,39,104.42,-12.27
2025-06-17,40,121.02,11.46
2025-06-17,41,120.73,22.35
2025-06-17,42,106.15,-7.43
2025-06-17,43,94.53,-3.39
2025-06-17,44,79.92,-9.33
2025-06-17,45,99.33,16.85
2025-06-17,46,80.19,9.66
2025-06-17,47,86.1,11.73
2025-06-17,48,110.8,11.56
2025-06-18,1,79.99,-25.15
2025-06-18,2,106.33,-35.32
2025-06-18,3,108.76,4.87
2025-06-18,4,103.26,-6.22
2025-06-18,5,59.0,-10.94
2025-06-18,6,109.08,11.91
2025-06-18,7,97.82,-20.07
2025-06-18,8,53.89,-1.31
2025-06-18,9,89.95,-7.92
2025-06-18,10,66.41,-10.43
2025-06-18,11,87.92,-27.76
2025-06-18,12,75.48,-30.49
2025-06-18,13,84.01,3.09
2025-06-18,14,90.16,-1.59
2025-06-18,15,121.66,-25.44
2025-06-18,16,102.56,-4.01
2025-06-18,17,102.36,28.75
2025-06-18,18,91.76,37.6
2025-06-18,19,126.65,-3.07
2025-06-18,20,104.72,-0.33
2025-06-18,21,114.13,-13.3
2025-06-18,22,91.77,-17.33
2025-06-18,23,86.97,22.15
2025-06-18,24,96.12,12.77
2025-06-18,25,113.07,-1.13
2025-06-18,26,87.63,22.26
2025-06-18,27,108.37,28.14
2025-06-18,28,130.0,31.76
2025-06-18,29,133.96,35.76
2025-06-18,30,109.9,1.99
2025-06-18,31,92.5,45.27
2025-06-18,32,107.17,49.62
2025-06-18,33,147.63,2.75
2025-06-18,34,117.26,19.23
2025-06-18,35,157.4,40.96
2025-06-18,36,155.72,14.34
2025-06-18,37,140.24,52.87
2025-06-18,38,155.24,21.25
2025-06-18,39,117.87,10.55
2025-06-18,40,123.12,17.54
2025-06-18,41,129.01,31.71
2025-06-18,42,106.65,-25.03
2025-06-18,43,113.05,-28.46
2025-06-18,44,93.89,-22.79
2025-06-18,45,73.22,-36.79
2025-06-18,46,65.63,-40.24
2025-06-18,47,111.35,-43.13
2025-06-18,48,118.32,7.94
2025-06-19,1,79.6,-4.69
2025-06-19,2,86.09,-25.06
2025-06-19,3,74.01,9.51
2025-06-19,4,87.14,-44.86
2025-06-19,5,71.07,-24.57
2025-06-19,6,99.77,-26.26
2025-06-19,7,71.23,6.66
2025-06-19,8,89.15,-21.43
2025-06-19,9,78.42,-14.1
2025-06-19,10,69.61,-10.24
2025-06-19,11,84.88,-25.04
2025-06-19,12,107.42,-3.17
2025-06-19,13,68.41,-35.07
2025-06-19,14,120.16,-25.24
2025-06-19,15,103.7,-5.51
2025-06-19,16,120.34,29.56
2025-06-19,17,87.35,28.76
2025-06-19,18,87.52,-8.93
2025-06-19,19,92.94,30.15
2025-06-19,20,101.06,22.21
2025-06-19,21,82.21,-9.58
2025-06-19,22,98.13,23.29
2025-06-19,23,118.56,0.05
2025-06-19,24,78.52,-5.06
2025-06-19,25,117.44,-26.77
2025-06-19,26,125.85,27.79
2025-06-19,27,98.48,20.61
2025-06-19,28,113.42,-10.83
2025-06-19,29,140.29,25.42
2025-06-19,30,141.62,35.54
2025-06-19,31,133.69,13.76
2025-06-19,32,116.38,-2.49
2025-06-19,33,102.55,34.69
2025-06-19,34,126.02,20.52
2025-06-19,35,126.82,35.69
2025-06-19,36,141.73,56.06
2025-06-19,37,128.73,59.03
2025-06-19,38,148.07,36.25
2025-06-19,39,94.96,-10.04
2025-06-19,40,144.27,41.62
2025-06-19,41,94.78,10.94
2025-06-19,42,107.34,-12.62
2025-06-19,43,122.14,25.56
2025-06-19,44,78.76,7.3
2025-06-19,45,93.27,-1.71
2025-06-19,46,116.78,0.51
2025-06-19,47,78.02,18.68
2025-06-19,48,63.68,-9.66
2025-06-20,1,83.56,-26.84
2025-06-20,2,108.69,-42.57
2025-06-20,3,97.53,-39.31
2025-06-20,4,100.73,-13.0
2025-06-20,5,91.5,-11.31
2025-06-20,6,82.56,-22.92
2025-06-20,7,77.38,-4.53
2025-06-20,8,96.45,-26.37
2025-06-20,9,102.6,7.36
2025-06-20,10,73.39,-13.61
2025-06-20,11,70.62,12.06
2025-06-20,12,70.38,-13.55
2025-06-20,13,87.92,-37.84
2025-06-20,14,82.95,-31.81
2025-06-20,15,97.75,14.25
2025-06-20,16,104.51,5.99
2025-06-20,17,84.63,17.41
2025-06-20,18,117.43,-17.36
2025-06-20,19,90.67,31.11
2025-06-20,20,103.83,-31.2
2025-06-20,21,102.12,15.07
2025-06-20,22,81.04,-22.57
2025-06-20,23,94.54,-9.36
2025-06-20,24,89.22,18.43
2025-06-20,25,123.39,-28.51
2025-06-20,26,87.12,23.47
2025-06-20,27,134.6,8.35
2025-06-20,28,113.78,21.09
2025-06-20,29,86.27,-9.87
2025-06-20,30,116.05,1.15
2025-06-20,31,106.97,39.74
2025-06-20,32,143.34,43.42
2025-06-20,33,142.58,27.55
2025-06-20,34,160.07,9.51
2025-06-20,35,139.14,3.63
2025-06-20,36,149.1,28.82
2025-06-20,37,152.86,30.21
2025-06-20,38,130.74,44.29
2025-06-20,39,93.53,7.23
2025-06-20,40,119.33,28.73
2025-06-20,41,78.77,-18.72
2025-06-20,42,102.63,26.55
2025-06-20,43,119.53,9.35
2025-06-20,44,72.11,-31.87
2025-06-20,45,101.46,-19.98
2025-06-20,46,92.18,-31.03
2025-06-20,47,116.77,-15.52
2025-06-20,48,77.66,-39.76
2025-06-21,1,74.48,-19.32
2025-06-21,2,83.92,-0.93
2025-06-21,3,96.71,-48.53
2025-06-21,4,99.82,-13.58
2025-06-21,5,85.26,4.88
2025-06-21,6,78.13,-59.52
2025-06-21,7,49.8,-45.01
2025-06-21,8,90.16,-1.63
2025-06-21,9,98.2,-1.94
2025-06-21,10,54.98,-31.65
2025-06-21,11,48.85,-13.47
2025-06-21,12,67.67,-0.69
2025-06-21,13,104.36,-1.55
2025-06-21,14,89.01,-11.8
2025-06-21,15,118.47,-36.76
2025-06-21,16,89.64,11.77
2025-06-21,17,100.91,-30.64
2025-06-21,18,98.95,-0.66
2025-06-21,19,90.39,16.72
2025-06-21,20,119.24,-37.55
2025-06-21,21,119.03,0.22
2025-06-21,22,105.04,17.88
2025-06-21,23,-21.47,-75.35
2025-06-21,24,-21.68,-93.8
2025-06-21,25,-27.87,-90.74
2025-06-21,26,-13.37,-91.04
2025-06-21,27,15.62,-128.4
2025-06-21,28,24.26,-79.03
2025-06-21,29,5.52,-84.84
2025-06-21,30,-10.08,-66.44
2025-06-21,31,95.92,9.29
2025-06-21,32,129.56,30.99
2025-06-21,33,91.66,32.6
2025-06-21,34,142.07,8.1
2025-06-21,35,122.82,-8.32
2025-06-21,36,124.06,-5.45
2025-06-21,37,100.58,36.52
2025-06-21,38,93.29,29.86
2025-06-21,39,121.09,29.18
2025-06-21,40,108.26,-17.56
2025-06-21,41,116.45,18.97
2025-06-21,42,80.5,-29.81
2025-06-21,43,66.4,5.04
2025-06-21,44,84.65,16.12
2025-06-21,45,83.49,-2.53
2025-06-21,46,81.34,3.88
2025-06-21,47,59.56,-27.0
2025-06-21,48,108.73,-36.37
2025-06-22,1,97.01,-31.45
2025-06-22,2,103.15,-19.1
2025-06-22,3,89.52,-27.82
2025-06-22,4,82.82,-9.28
2025-06-22,5,62.52,-9.07
2025-06-22,6,85.77,-33.14
2025-06-22,7,94.49,-0.43
2025-06-22,8,69.93,-21.74
2025-06-22,9,92.29,-44.37
2025-06-22,10,53.02,-36.3
2025-06-22,11,82.12,-27.43
2025-06-22,12,66.65,-48.27
2025-06-22,13,77.95,-33.25
2025-06-22,14,69.97,-10.92
2025-06-22,15,70.02,-19.36
2025-06-22,16,71.31,-38.62
2025-06-22,17,125.5,-0.22
2025-06-22,18,101.89,-23.57
2025-06-22,19,114.02,23.65
2025-06-22,20,76.65,-4.49
2025-06-22,21,100.31,15.92
2025-06-22,22,123.96,-21.17
2025-06-22,23,115.54,26.78
2025-06-22,24,102.77,7.53
2025-06-22,25,122.69,27.41
2025-06-22,26,99.64,-5.91
2025-06-22,27,127.12,0.96
2025-06-22,28,134.57,21.19
2025-06-22,29,113.56,29.99
2025-06-22,30,108.58,17.68
2025-06-22,31,90.18,33.72
2025-06-22,32,86.1,5.84
2025-06-22,33,93.19,17.86
2025-06-22,34,133.82,37.75
2025-06-22,35,124.88,4.33
2025-06-22,36,147.89,46.92
2025-06-22,37,102.76,31.86
2025-06-22,38,121.99,41.59
2025-06-22,39,111.96,-5.56
2025-06-22,40,100.58,-19.13
2025-06-22,41,124.28,6.92
2025-06-22,42,80.29,-12.61
2025-06-22,43,106.16,-32.42
2025-06-22,44,70.2,-30.13
2025-06-22,45,66.24,-16.65
2025-06-22,46,101.7,6.96
2025-06-22,47,74.56,-50.19
2025-06-22,48,59.38,-45.87
2025-06-23,1,82.83,-41.03
2025-06-23,2,78.61,5.42
2025-06-23,3,72.32,-17.02
2025-06-23,4,95.7,10.74
2025-06-23,5,68.51,-0.63
2025-06-23,6,70.49,7.18
2025-06-23,7,65.94,-27.82
2025-06-23,8,100.63,-36.39
2025-06-23,9,68.19,-32.83
2025-06-23,10,90.0,-26.56
2025-06-23,11,84.35,-46.62
2025-06-23,12,86.57,-32.21
2025-06-23,13,106.79,19.09
2025-06-23,14,91.57,-22.09
2025-06-23,15,87.4,-17.39
2025-06-23,16,82.55,-20.08
2025-06-23,17,98.8,11.17
2025-06-23,18,100.21,31.84
2025-06-23,19,105.81,20.35
2025-06-23,20,125.75,20.75
2025-06-23,21,85.01,5.15
2025-06-23,22,114.86,-34.01
2025-06-23,23,70.2,0.5
2025-06-23,24,100.5,-8.27
2025-06-23,25,119.97,-13.51
2025-06-23,26,92.77,0.34
2025-06-23,27,83.59,19.23
2025-06-23,28,107.62,8.73
2025-06-23,29,104.4,26.42
2025-06-23,30,121.46,0.09
2025-06-23,31,126.17,-12.81
2025-06-23,32,102.22,-4.85
2025-06-23,33,113.04,39.13
2025-06-23,34,127.92,24.96
2025-06-23,35,153.49,10.69
2025-06-23,36,150.31,15.17
2025-06-23,37,99.9,40.12
2025-06-23,38,119.44,5.12
2025-06-23,39,113.69,32.22
2025-06-23,40,112.29,-7.29
2025-06-23,41,132.28,30.86
2025-06-23,42,113.5,16.73
2025-06-23,43,83.72,-30.43
2025-06-23,44,100.12,0.03
2025-06-23,45,66.99,-5.37
2025-06-23,46,74.89,18.86
2025-06-23,47,101.25,-16.3
2025-06-23,48,92.55,-33.82
2025-06-24,1,72.54,-22.5
2025-06-24,2,91.01,-28.07
2025-06-24,3,96.99,-11.45
2025-06-24,4,85.17,-18.79
2025-06-24,5,68.46,-14.87
2025-06-24,6,81.21,-21.2
2025-06-24,7,90.17,-32.91
2025-06-24,8,58.1,-20.44
2025-06-24,9,98.47,-4.12
2025-06-24,10,86.16,-30.28
2025-06-24,11,72.42,14.22
2025-06-24,12,83.6,-33.49
2025-06-24,13,113.17,-39.06
2025-06-24,14,91.5,-28.58
2025-06-24,15,116.28,0.51
2025-06-24,16,93.24,6.57
2025-06-24,17,117.83,26.27
2025-06-24,18,95.26,0.82
2025-06-24,19,91.51,2.29
2025-06-24,20,90.66,-9.61
2025-06-24,21,114.08,4.46
2025-06-24,22,97.9,3.21
2025-06-24,23,126.66,16.55
2025-06-24,24,99.59,15.49
2025-06-24,25,97.21,-26.19
2025-06-24,26,121.03,32.35
2025-06-24,27,104.19,31.27
2025-06-24,28,85.26,24.78
2025-06-24,29,115.66,-5.95
2025-06-24,30,127.16,-5.34
2025-06-24,31,132.36,24.79
2025-06-24,32,103.07,10.93
2025-06-24,33,102.52,13.19
2025-06-24,34,131.73,41.23
2025-06-24,35,138.72,23.74
2025-06-24,36,124.59,21.15
2025-06-24,37,102.33,50.56
2025-06-24,38,102.32,-2.96
2025-06-24,39,124.7,1.12
2025-06-24,40,124.28,7.07
2025-06-24,41,91.99,-11.98
2025-06-24,42,111.14,3.46
2025-06-24,43,78.39,-2.42
2025-06-24,44,64.12,-28.78
2025-06-24,45,113.4,-24.41
2025-06-24,46,61.69,-21.13
2025-06-24,47,70.66,-28.86
2025-06-24,48,109.03,-7.82
2025-06-25,1,100.7,-31.43
2025-06-25,2,62.31,-3.65
2025-06-25,3,65.41,6.74
2025-06-25,4,69.41,-22.12
2025-06-25,5,101.31,-28.96
2025-06-25,6,102.58,-41.09
2025-06-25,7,101.82,-31.78
2025-06-25,8,88.73,-32.41
2025-06-25,9,78.6,-35.25
2025-06-25,10,93.42,-38.86
2025-06-25,11,94.89,-23.0
2025-06-25,12,107.99,-32.03
2025-06-25,13,116.93,7.87
2025-06-25,14,81.61,20.62
2025-06-25,15,108.65,15.57
2025-06-25,16,99.35,-14.08
2025-06-25,17,83.43,-17.77
2025-06-25,18,118.94,30.43
2025-06-25,19,101.4,16.47
2025-06-25,20,105.11,-7.1
2025-06-25,21,97.62,-7.88
2025-06-25,22,89.08,-23.52
2025-06-25,23,111.57,12.87
2025-06-25,24,84.99,-4.3
2025-06-25,25,119.75,35.79
2025-06-25,26,83.53,22.25
2025-06-25,27,112.38,-9.14
2025-06-25,28,85.01,-4.45
2025-06-25,29,130.3,3.2
2025-06-25,30,80.8,-7.5
2025-06-25,31,109.29,32.62
2025-06-25,32,109.87,14.75
2025-06-25,33,136.72,-4.05
2025-06-25,34,141.67,52.17
2025-06-25,35,132.83,49.74
2025-06-25,36,107.15,30.92
2025-06-25,37,101.98,27.12
2025-06-25,38,120.91,-5.62
2025-06-25,39,86.5,-3.15
2025-06-25,40,84.84,9.34
2025-06-25,41,111.59,6.93
2025-06-25,42,81.13,-22.83
2025-06-25,43,71.86,18.45
2025-06-25,44,85.48,-33.91
2025-06-25,45,100.72,-15.06
2025-06-25,46,104.64,-12.24
2025-06-25,47,66.51,5.1
2025-06-25,48,104.1,-27.4
2025-06-26,1,106.31,1.21
2025-06-26,2,107.91,-0.65
2025-06-26,3,62.52,-6.66
2025-06-26,4,61.89,-2.36
2025-06-26,5,60.16,-15.53
2025-06-26,6,87.24,-46.08
2025-06-26,7,74.03,-17.5
2025-06-26,8,62.99,-19.28
2025-06-26,9,61.09,-10.1
2025-06-26,10,75.61,-30.28
2025-06-26,11,67.46,-26.13
2025-06-26,12,64.48,-45.19
2025-06-26,13,103.78,3.78
2025-06-26,14,111.63,-11.39
2025-06-26,15,106.1,-17.43
2025-06-26,16,84.69,-8.21
2025-06-26,17,82.63,-27.44
2025-06-26,18,125.43,0.74
2025-06-26,19,97.28,-27.8
2025-06-26,20,98.25,33.98
2025-06-26,21,81.55,-5.01
2025-06-26,22,107.06,-28.76
2025-06-26,23,85.4,1.41
2025-06-26,24,106.51,-4.83
2025-06-26,25,86.01,25.09
2025-06-26,26,88.45,-3.63
2025-06-26,27,96.21,29.65
2025-06-26,28,121.49,17.23
2025-06-26,29,82.59,13.26
2025-06-26,30,109.78,-9.65
2025-06-26,31,105.47,18.54
2025-06-26,32,116.15,8.14
2025-06-26,33,130.42,8.03
2025-06-26,34,133.44,2.81
2025-06-26,35,123.41,14.65
2025-06-26,36,142.29,29.5
2025-06-26,37,139.95,47.3
2025-06-26,38,103.13,12.99
2025-06-26,39,135.0,14.14
2025-06-26,40,97.28,40.57
2025-06-26,41,114.87,33.31
2025-06-26,42,76.44,13.12
2025-06-26,43,90.94,3.57
2025-06-26,44,76.61,-35.72
2025-06-26,45,84.51,7.68
2025-06-26,46,60.21,4.72
2025-06-26,47,105.57,5.52
2025-06-26,48,67.99,12.98
2025-06-27,1,75.84,3.04
2025-06-27,2,57.24,-24.6
2025-06-27,3,72.82,-0.26
2025-06-27,4,74.75,-25.65
2025-06-27,5,54.13,-22.03
2025-06-27,6,81.06,-15.64
2025-06-27,7,108.65,-22.85
2025-06-27,8,106.39,-44.99
2025-06-27,9,98.3,-25.34
2025-06-27,10,104.68,-5.27
2025-06-27,11,89.31,-9.85
2025-06-27,12,69.11,-27.59
2025-06-27,13,72.82,-27.04
2025-06-27,14,102.31,-38.75
2025-06-27,15,89.48,8.03
2025-06-27,16,79.68,-10.02
2025-06-27,17,95.72,29.61
2025-06-27,18,125.1,13.71
2025-06-27,19,117.95,-5.79
2025-06-27,20,119.48,-4.86
2025-06-27,21,92.98,7.61
2025-06-27,22,82.59,-12.28
2025-06-27,23,113.8,9.55
2025-06-27,24,89.8,10.19
2025-06-27,25,124.34,11.15
2025-06-27,26,130.76,28.68
2025-06-27,27,90.4,-16.3
2025-06-27,28,110.7,11.2
2025-06-27,29,92.41,-17.14
2025-06-27,30,94.05,-7.42
2025-06-27,31,135.94,19.89
2025-06-27,32,151.57,52.16
2025-06-27,33,99.22,0.79
2025-06-27,34,321.92,238.37
2025-06-27,35,339.49,188.67
2025-06-27,36,332.15,193.9
2025-06-27,37,346.04,217.62
2025-06-27,38,325.54,234.8
2025-06-27,39,283.19,206.69
2025-06-27,40,136.2,25.03
2025-06-27,41,124.67,-15.11
2025-06-27,42,117.7,-18.78
2025-06-27,43,91.27,17.62
2025-06-27,44,86.02,-30.5
2025-06-27,45,71.76,-36.82
2025-06-27,46,86.71,-32.46
2025-06-27,47,60.8,-1.56
2025-06-27,48,109.56,-19.86
2025-06-28,1,68.54,-5.51
2025-06-28,2,58.51,-52.8
2025-06-28,3,87.23,-14.25
2025-06-28,4,54.92,-15.33
2025-06-28,5,48.9,-10.63
2025-06-28,6,65.24,-48.39
2025-06-28,7,56.61,-26.88
2025-06-28,8,64.86,2.15
2025-06-28,9,81.52,-8.96
2025-06-28,10,96.26,-30.93
2025-06-28,11,64.64,-34.07
2025-06-28,12,96.44,-8.75
2025-06-28,13,106.76,-45.01
2025-06-28,14,79.82,-34.6
2025-06-28,15,88.22,-32.04
2025-06-28,16,76.64,-33.64
2025-06-28,17,76.61,-16.72
2025-06-28,18,96.84,-6.35
2025-06-28,19,120.9,20.82
2025-06-28,20,122.53,0.27
2025-06-28,21,116.75,-29.05
2025-06-28,22,118.21,-7.59
2025-06-28,23,76.34,0.56
2025-06-28,24,117.93,8.31
2025-06-28,25,110.31,-4.01
2025-06-28,26,115.05,-9.12
2025-06-28,27,119.97,17.31
2025-06-28,28,132.3,-0.63
2025-06-28,29,80.79,7.59
2025-06-28,30,108.54,14.35
2025-06-28,31,77.48,7.65
2025-06-28,32,129.18,21.51
2025-06-28,33,97.48,-16.15
2025-06-28,34,142.91,6.3
2025-06-28,35,107.95,24.04
2025-06-28,36,106.18,45.09
2025-06-28,37,114.81,15.04
2025-06-28,38,134.95,19.57
2025-06-28,39,127.7,-22.43
2025-06-28,40,80.81,23.06
2025-06-28,41,104.96,6.99
2025-06-28,42,112.61,-25.87
2025-06-28,43,101.9,0.94
2025-06-28,44,90.62,-33.89
2025-06-28,45,89.46,-10.07
2025-06-28,46,93.28,-17.35
2025-06-28,47,54.5,-23.41
2025-06-28,48,97.35,-40.68
2025-06-29,1,82.57,-18.29
2025-06-29,2,94.62,-17.64
2025-06-29,3,96.65,-20.19
2025-06-29,4,83.18,-12.09
2025-06-29,5,95.06,-3.55
2025-06-29,6,79.72,-28.88
2025-06-29,7,66.01,-15.17
2025-06-29,8,61.79,-30.64
2025-06-29,9,62.07,-5.8
2025-06-29,10,93.97,-16.42
2025-06-29,11,95.7,-17.6
2025-06-29,12,105.57,-30.56
2025-06-29,13,101.67,-36.0
2025-06-29,14,61.02,5.97
2025-06-29,15,59.76,-28.74
2025-06-29,16,116.31,-1.47
2025-06-29,17,90.06,-8.86
2025-06-29,18,100.88,-26.4
2025-06-29,19,120.83,5.3
2025-06-29,20,96.12,-28.75
2025-06-29,21,94.04,11.37
2025-06-29,22,120.45,16.49
2025-06-29,23,111.28,-11.99
2025-06-29,24,104.1,-4.97
2025-06-29,25,99.09,16.26
2025-06-29,26,77.4,15.83
2025-06-29,27,110.61,-14.76
2025-06-29,28,92.71,-18.14
2025-06-29,29,74.48,-32.11
2025-06-29,30,79.42,-13.02
2025-06-29,31,83.88,29.76
2025-06-29,32,129.42,32.01
2025-06-29,33,117.27,-0.11
2025-06-29,34,130.37,34.63
2025-06-29,35,150.47,-1.24
2025-06-29,36,118.09,-14.81
2025-06-29,37,128.03,-20.35
2025-06-29,38,126.88,34.2
2025-06-29,39,100.45,38.5
2025-06-29,40,119.58,10.13
2025-06-29,41,117.47,-7.59
2025-06-29,42,76.25,-15.5
2025-06-29,43,68.35,-9.88
2025-06-29,44,78.2,-20.86
2025-06-29,45,75.78,-30.65
2025-06-29,46,78.48,-28.98
2025-06-29,47,91.65,4.54
2025-06-29,48,55.72,-2.87
2025-06-30,1,92.58,0.62
2025-06-30,2,66.82,-6.04
2025-06-30,3,97.32,-24.11
2025-06-30,4,70.08,-5.04
2025-06-30,5,107.66,1.29
2025-06-30,6,68.55,-54.33
2025-06-30,7,70.86,-25.78
2025-06-30,8,97.57,4.57
2025-06-30,9,79.04,-3.28
2025-06-30,10,66.11,-29.7
2025-06-30,11,104.58,-12.04
2025-06-30,12,96.02,-42.19
2025-06-30,13,101.27,-11.68
2025-06-30,14,109.09,-22.93
2025-06-30,15,92.42,-30.69
2025-06-30,16,110.72,-35.99
2025-06-30,17,85.0,-19.31
2025-06-30,18,104.92,12.23
2025-06-30,19,109.8,-19.23
2025-06-30,20,87.53,6.91
2025-06-30,21,81.18,-14.84
2025-06-30,22,78.0,-16.76
2025-06-30,23,91.8,3.93
2025-06-30,24,96.06,2.14
2025-06-30,25,96.98,24.66
2025-06-30,26,84.5,-29.46
2025-06-30,27,96.23,8.35
2025-06-30,28,112.25,36.91
2025-06-30,29,96.27,35.95
2025-06-30,30,125.67,16.26
2025-06-30,31,102.29,24.7
2025-06-30,32,90.23,-9.52
2025-06-30,33,131.69,3.42
2025-06-30,34,104.2,29.21
2025-06-30,35,138.86,11.97
2025-06-30,36,136.65,39.64
2025-06-30,37,140.83,29.38
2025-06-30,38,117.23,44.45
2025-06-30,39,128.42,23.75
2025-06-30,40,92.25,27.95
2025-06-30,41,109.01,-21.54
2025-06-30,42,89.7,-20.36
2025-06-30,43,92.57,-6.57
2025-06-30,44,127.39,-7.45
2025-06-30,45,59.94,-10.51
2025-06-30,46,118.42,6.27
2025-06-30,47,93.68,-28.04
2025-06-30,48,121.35,-0.81
2025-07-01,1,114.1,-27.04
2025-07-01,2,101.94,-17.13
2025-07-01,3,91.8,10.83
2025-07-01,4,98.63,-39.77
2025-07-01,5,106.44,3.99
2025-07-01,6,75.74,-51.49
2025-07-01,7,96.52,-0.19
2025-07-01,8,104.9,-29.43
2025-07-01,9,52.76,-13.7
2025-07-01,10,110.07,20.04
2025-07-01,11,110.14,0.82
2025-07-01,12,58.93,-8.46
2025-07-01,13,95.54,-30.78
2025-07-01,14,74.17,-6.58
2025-07-01,15,81.95,3.6
2025-07-01,16,99.58,-13.51
2025-07-01,17,101.39,-2.84
2025-07-01,18,87.77,-13.65
2025-07-01,19,92.88,-2.08
2025-07-01,20,121.73,16.56
2025-07-01,21,85.53,21.58
2025-07-01,22,130.69,29.8
2025-07-01,23,79.07,5.65
2025-07-01,24,117.3,-6.76
2025-07-01,25,105.5,20.32
2025-07-01,26,97.84,15.42
2025-07-01,27,105.36,19.12
2025-07-01,28,128.46,-15.41
2025-07-01,29,105.36,15.32
2025-07-01,30,133.01,2.32
2025-07-01,31,91.86,-9.87
2025-07-01,32,115.34,-9.4
2025-07-01,33,130.09,32.17
2025-07-01,34,116.59,41.44
2025-07-01,35,135.71,-2.37
2025-07-01,36,128.12,30.08
2025-07-01,37,106.0,35.55
2025-07-01,38,97.23,39.11
2025-07-01,39,107.93,-12.24
2025-07-01,40,88.41,-23.16
2025-07-01,41,107.5,21.15
2025-07-01,42,98.47,-29.32
2025-07-01,43,118.06,-29.92
2025-07-01,44,106.86,17.18
2025-07-01,45,66.24,-14.02
2025-07-01,46,69.5,7.76
2025-07-01,47,81.12,-30.03
2025-07-01,48,71.12,-20.31
2025-07-02,1,97.09,-23.36
2025-07-02,2,97.62,-17.39
2025-07-02,3,116.53,1.52
2025-07-02,4,69.98,-14.67
2025-07-02,5,96.25,-45.59
2025-07-02,6,65.99,5.62
2025-07-02,7,88.19,-48.1
2025-07-02,8,88.72,-13.78
2025-07-02,9,89.01,-3.6
2025-07-02,10,87.1,-37.06
2025-07-02,11,57.3,-2.91
2025-07-02,12,75.37,-36.46
2025-07-02,13,104.55,-23.16
2025-07-02,14,103.24,-31.45
2025-07-02,15,91.33,-20.61
2025-07-02,16,101.62,-16.82
2025-07-02,17,114.78,-28.01
2025-07-02,18,129.0,15.12
2025-07-02,19,96.22,-13.59
2025-07-02,20,73.81,-18.5
2025-07-02,21,75.65,-11.02
2025-07-02,22,127.54,-5.33
2025-07-02,23,8.95,-125.64
2025-07-02,24,-14.53,-116.67
2025-07-02,25,12.97,-112.38
2025-07-02,26,17.34,-78.55
2025-07-02,27,23.08,-113.36
2025-07-02,28,-18.75,-92.27
2025-07-02,29,-6.95,-104.98
2025-07-02,30,27.69,-66.59
2025-07-02,31,141.19,46.65
2025-07-02,32,119.07,25.52
2025-07-02,33,145.32,43.02
2025-07-02,34,154.53,10.16
2025-07-02,35,130.24,50.01
2025-07-02,36,131.24,19.57
2025-07-02,37,143.14,37.69
2025-07-02,38,99.51,3.94
2025-07-02,39,138.96,22.35
2025-07-02,40,88.71,-1.76
2025-07-02,41,85.82,18.5
2025-07-02,42,125.59,-10.92
2025-07-02,43,95.76,25.01
2025-07-02,44,116.78,-20.63
2025-07-02,45,105.33,-0.61
2025-07-02,46,95.04,-48.37
2025-07-02,47,77.16,-13.48
2025-07-02,48,102.64,-8.47
2025-07-03,1,73.78,-10.6
2025-07-03,2,108.24,14.21
2025-07-03,3,76.39,-22.32
2025-07-03,4,80.63,-25.79
2025-07-03,5,93.86,-22.05
2025-07-03,6,96.74,-39.57
2025-07-03,7,59.17,-9.35
2025-07-03,8,110.78,12.69
2025-07-03,9,98.97,-24.87
2025-07-03,10,80.26,-10.57
2025-07-03,11,102.29,-9.05
2025-07-03,12,91.34,-12.2
2025-07-03,13,66.61,-25.89
2025-07-03,14,97.06,-1.48
2025-07-03,15,117.4,-28.37
2025-07-03,16,77.52,-35.79
2025-07-03,17,121.23,-0.46
2025-07-03,18,117.78,13.98
2025-07-03,19,98.11,18.5
2025-07-03,20,109.03,-12.12
2025-07-03,21,99.16,6.7
2025-07-03,22,127.22,-19.12
2025-07-03,23,120.67,-17.09
2025-07-03,24,106.4,-13.57
2025-07-03,25,82.8,-15.39
2025-07-03,26,133.84,-15.41
2025-07-03,27,119.46,31.82
2025-07-03,28,94.08,16.09
2025-07-03,29,130.71,-4.52
2025-07-03,30,119.05,27.89
2025-07-03,31,143.84,25.35
2025-07-03,32,128.5,31.68
2025-07-03,33,98.75,6.52
2025-07-03,34,164.71,43.01
2025-07-03,35,125.03,6.07
2025-07-03,36,150.55,15.45
2025-07-03,37,125.89,49.84
2025-07-03,38,138.58,38.63
2025-07-03,39,87.69,37.28
2025-07-03,40,118.87,-7.33
2025-07-03,41,134.42,34.06
2025-07-03,42,109.36,-28.59
2025-07-03,43,106.4,-0.77
2025-07-03,44,89.95,9.12
2025-07-03,45,82.05,15.32
2025-07-03,46,115.45,-26.72
2025-07-03,47,92.52,-40.46
2025-07-03,48,114.18,8.2
2025-07-04,1,55.45,4.63
2025-07-04,2,67.58,-10.25
2025-07-04,3,67.83,-4.69
2025-07-04,4,51.56,-4.0
2025-07-04,5,88.53,4.75
2025-07-04,6,88.72,1.93
2025-07-04,7,111.69,-4.5
2025-07-04,8,92.97,-26.02
2025-07-04,9,83.99,-23.34
2025-07-04,10,90.25,-12.21
2025-07-04,11,85.07,-13.4
2025-07-04,12,57.42,-51.25
2025-07-04,13,65.91,15.14
2025-07-04,14,120.11,-16.05
2025-07-04,15,126.97,24.05
2025-07-04,16,121.09,-11.68
2025-07-04,17,111.89,2.35
2025-07-04,18,101.4,-9.03
2025-07-04,19,100.93,-29.31
2025-07-04,20,102.96,-3.51
2025-07-04,21,88.97,11.06
2025-07-04,22,124.65,18.36
2025-07-04,23,107.25,14.28
2025-07-04,24,118.56,14.23
2025-07-04,25,119.83,-13.23
2025-07-04,26,103.3,-12.53
2025-07-04,27,117.12,3.95
2025-07-04,28,133.81,-2.56
2025-07-04,29,92.92,33.27
2025-07-04,30,121.32,-1.6
2025-07-04,31,105.94,6.35
2025-07-04,32,148.0,47.88
2025-07-04,33,98.9,7.53
2025-07-04,34,133.23,9.18
2025-07-04,35,126.99,58.44
2025-07-04,36,150.93,3.87
2025-07-04,37,126.97,-4.78
2025-07-04,38,106.13,2.6
2025-07-04,39,104.7,17.82
2025-07-04,40,105.54,32.12
2025-07-04,41,98.01,-13.46
2025-07-04,42,97.81,16.84
2025-07-04,43,107.67,-33.37
2025-07-04,44,77.84,-17.38
2025-07-04,45,105.8,-26.8
2025-07-04,46,111.32,6.01
2025-07-04,47,102.52,-17.84
2025-07-04,48,57.92,-37.79
2025-07-05,1,89.45,-25.94
2025-07-05,2,101.07,-43.15
2025-07-05,3,97.17,-37.69
2025-07-05,4,66.28,-33.66
2025-07-05,5,67.92,-13.21
2025-07-05,6,65.49,-11.95
2025-07-05,7,69.29,-58.08
2025-07-05,8,107.67,-15.1
2025-07-05,9,72.28,-37.3
2025-07-05,10,80.22,-1.01
2025-07-05,11,79.64,-37.24
2025-07-05,12,95.38,5.47
2025-07-05,13,102.0,-16.32
2025-07-05,14,82.17,-42.81
2025-07-05,15,118.73,6.9
2025-07-05,16,85.67,-31.68
2025-07-05,17,96.14,-15.67
2025-07-05,18,94.82,-28.82
2025-07-05,19,77.35,-10.24
2025-07-05,20,102.8,-22.16
2025-07-05,21,63.66,-39.56
2025-07-05,22,104.73,-24.39
2025-07-05,23,112.59,-25.49
2025-07-05,24,108.12,-12.82
2025-07-05,25,106.59,-32.36
2025-07-05,26,126.91,8.5
2025-07-05,27,89.42,0.47
2025-07-05,28,132.09,-24.43
2025-07-05,29,90.84,-23.86
2025-07-05,30,129.49,-2.7
2025-07-05,31,111.54,3.59
2025-07-05,32,136.33,-12.4
2025-07-05,33,106.47,27.95
2025-07-05,34,97.15,-1.36
2025-07-05,35,133.08,-9.52
2025-07-05,36,118.05,5.48
2025-07-05,37,125.9,35.29
2025-07-05,38,127.75,23.31
2025-07-05,39,127.31,37.52
2025-07-05,40,121.73,31.93
2025-07-05,41,129.33,12.3
2025-07-05,42,88.92,-3.71
2025-07-05,43,72.29,2.57
2025-07-05,44,97.43,-21.18
2025-07-05,45,91.26,-18.71
2025-07-05,46,78.88,8.05
2025-07-05,47,61.23,2.54
2025-07-05,48,55.96,-41.41
2025-07-06,1,74.75,-6.87
2025-07-06,2,60.05,-50.06
2025-07-06,3,95.44,-38.49
2025-07-06,4,73.01,-24.05
2025-07-06,5,74.65,-9.63
2025-07-06,6,104.33,-21.47
2025-07-06,7,74.63,-13.47
2025-07-06,8,96.35,-25.08
2025-07-06,9,86.57,-26.68
2025-07-06,10,93.81,-12.73
2025-07-06,11,103.8,-38.12
2025-07-06,12,62.91,-9.05
2025-07-06,13,59.03,-19.52
2025-07-06,14,99.34,-21.51
2025-07-06,15,112.48,-22.23
2025-07-06,16,72.19,8.69
2025-07-06,17,91.31,12.68
2025-07-06,18,85.95,-23.01
2025-07-06,19,90.57,-42.94
2025-07-06,20,85.07,-35.28
2025-07-06,21,99.46,-23.46
2025-07-06,22,108.49,-15.32
2025-07-06,23,94.45,-33.39
2025-07-06,24,81.91,18.37
2025-07-06,25,89.81,-28.22
2025-07-06,26,83.94,-2.99
2025-07-06,27,89.29,-25.27
2025-07-06,28,86.25,-26.1
2025-07-06,29,112.01,19.54
2025-07-06,30,112.8,-6.64
2025-07-06,31,87.41,28.34
2025-07-06,32,90.75,4.59
2025-07-06,33,104.5,0.78
2025-07-06,34,122.75,2.84
2025-07-06,35,134.21,41.2
2025-07-06,36,119.55,21.4
2025-07-06,37,91.63,17.96
2025-07-06,38,100.89,6.05
2025-07-06,39,85.73,-14.42
2025-07-06,40,84.69,-4.43
2025-07-06,41,117.58,-38.96
2025-07-06,42,108.45,-35.75
2025-07-06,43,87.17,-25.83
2025-07-06,44,92.07,9.03
2025-07-06,45,67.1,-27.13
2025-07-06,46,104.18,-19.45
2025-07-06,47,92.27,-5.73
2025-07-06,48,98.35,-19.18
2025-07-07,1,65.24,-34.09
2025-07-07,2,115.72,-31.93
2025-07-07,3,87.94,5.57
2025-07-07,4,98.27,-23.4
2025-07-07,5,75.95,-1.33
2025-07-07,6,86.79,-16.72
2025-07-07,7,54.87,-39.3
2025-07-07,8,104.23,-13.95
2025-07-07,9,87.67,-27.57
2025-07-07,10,105.88,-24.39
2025-07-07,11,76.93,-42.29
2025-07-07,12,84.4,-1.01
2025-07-07,13,119.08,6.3
2025-07-07,14,98.18,-28.58
2025-07-07,15,96.08,-14.65
2025-07-07,16,112.55,-30.15
2025-07-07,17,77.56,-21.82
2025-07-07,18,100.82,-15.96
2025-07-07,19,97.52,4.56
2025-07-07,20,84.47,32.48
2025-07-07,21,95.39,23.85
2025-07-07,22,119.97,3.27
2025-07-07,23,110.27,-22.08
2025-07-07,24,98.6,-3.52
2025-07-07,25,81.91,-25.86
2025-07-07,26,89.69,-6.57
2025-07-07,27,121.57,-3.73
2025-07-07,28,111.71,-0.87
2025-07-07,29,119.02,-25.62
2025-07-07,30,116.46,3.45
2025-07-07,31,138.52,-18.25
2025-07-07,32,110.36,-6.56
2025-07-07,33,119.46,-5.4
2025-07-07,34,140.6,53.8
2025-07-07,35,102.07,18.42
2025-07-07,36,117.69,14.85
2025-07-07,37,119.53,2.56
2025-07-07,38,114.06,-1.09
2025-07-07,39,126.3,36.25
2025-07-07,40,106.35,23.3
2025-07-07,41,132.75,32.04
2025-07-07,42,118.01,-16.27
2025-07-07,43,73.27,-32.5
2025-07-07,44,71.91,-1.39
2025-07-07,45,87.49,-19.78
2025-07-07,46,120.04,17.06
2025-07-07,47,99.45,-37.15
2025-07-07,48,100.57,7.38
2025-07-08,1,102.68,-39.84
2025-07-08,2,104.14,-24.89
2025-07-08,3,110.09,-21.39
2025-07-08,4,77.75,-43.15
2025-07-08,5,81.61,-42.17
2025-07-08,6,91.94,-44.59
2025-07-08,7,75.6,-2.56
2025-07-08,8,98.58,-20.92
2025-07-08,9,81.01,-44.22
2025-07-08,10,76.72,4.67
2025-07-08,11,81.5,-54.22
2025-07-08,12,64.41,-13.25
2025-07-08,13,65.97,2.48
2025-07-08,14,67.2,17.78
2025-07-08,15,82.04,-1.43
2025-07-08,16,124.66,10.14
2025-07-08,17,122.18,9.23
2025-07-08,18,75.79,5.33
2025-07-08,19,78.29,9.16
2025-07-08,20,96.88,32.32
2025-07-08,21,123.61,-17.12
2025-07-08,22,116.28,23.58
2025-07-08,23,118.07,33.3
2025-07-08,24,80.25,9.54
2025-07-08,25,82.21,-5.39
2025-07-08,26,88.9,6.1
2025-07-08,27,137.12,-11.31
2025-07-08,28,112.23,3.07
2025-07-08,29,117.29,-6.69
2025-07-08,30,94.0,20.38
2025-07-08,31,106.13,-5.94
2025-07-08,32,117.54,43.28
2025-07-08,33,130.87,0.19
2025-07-08,34,111.75,9.95
2025-07-08,35,107.34,17.52
2025-07-08,36,123.38,26.16
2025-07-08,37,126.65,4.89
2025-07-08,38,96.22,18.84
2025-07-08,39,135.63,34.91
2025-07-08,40,82.29,-16.13
2025-07-08,41,92.71,-15.4
2025-07-08,42,78.72,10.04
2025-07-08,43,105.25,-15.85
2025-07-08,44,87.61,3.66
2025-07-08,45,108.06,-4.74
2025-07-08,46,67.7,-35.48
2025-07-08,47,95.93,-9.5
2025-07-08,48,87.26,7.46
2025-07-09,1,83.17,-12.28
2025-07-09,2,96.21,-27.94
2025-07-09,3,52.7,-31.1
2025-07-09,4,74.01,-29.04
2025-07-09,5,76.35,-2.82
2025-07-09,6,52.68,-17.46
2025-07-09,7,86.4,-17.49
2025-07-09,8,66.45,-32.02
2025-07-09,9,100.94,-19.38
2025-07-09,10,71.17,-31.49
2025-07-09,11,85.7,-14.33
2025-07-09,12,88.46,-44.75
2025-07-09,13,103.88,13.87
2025-07-09,14,90.39,-11.77
2025-07-09,15,119.4,-9.99
2025-07-09,16,101.55,21.13
2025-07-09,17,96.52,6.76
2025-07-09,18,101.17,-23.75
2025-07-09,19,131.19,18.26
2025-07-09,20,111.55,15.81
2025-07-09,21,99.22,-15.4
2025-07-09,22,80.4,3.83
2025-07-09,23,-11.64,-99.35
2025-07-09,24,15.52,-128.86
2025-07-09,25,28.16,-103.72
2025-07-09,26,30.08,-128.27
2025-07-09,27,-3.62,-95.14
2025-07-09,28,24.57,-80.79
2025-07-09,29,22.39,-86.32
2025-07-09,30,2.89,-75.91
2025-07-09,31,132.7,48.16
2025-07-09,32,135.74,1.84
2025-07-09,33,129.74,14.5
2025-07-09,34,138.97,42.69
2025-07-09,35,155.15,7.06
2025-07-09,36,135.32,14.33
2025-07-09,37,111.0,4.34
2025-07-09,38,129.39,22.64
2025-07-09,39,108.66,32.3
2025-07-09,40,91.29,29.77
2025-07-09,41,107.81,-19.07
2025-07-09,42,101.19,-11.01
2025-07-09,43,93.47,-15.28
2025-07-09,44,104.06,-23.53
2025-07-09,45,109.5,-12.34
2025-07-09,46,58.04,-24.73
2025-07-09,47,96.93,11.85
2025-07-09,48,96.31,-38.87
2025-07-10,1,94.43,-38.29
2025-07-10,2,60.68,-6.32
2025-07-10,3,94.17,-37.77
2025-07-10,4,98.83,-27.79
2025-07-10,5,92.17,-48.03
2025-07-10,6,72.56,3.24
2025-07-10,7,54.29,-21.38
2025-07-10,8,66.84,-21.97
2025-07-10,9,74.63,0.01
2025-07-10,10,55.32,-47.43
2025-07-10,11,57.8,-8.09
2025-07-10,12,103.11,-26.41
2025-07-10,13,93.52,-35.08
2025-07-10,14,94.61,-12.9
2025-07-10,15,110.72,10.48
2025-07-10,16,126.75,-31.69
2025-07-10,17,99.05,-22.02
2025-07-10,18,102.83,-27.16
2025-07-10,19,125.66,19.67
2025-07-10,20,93.52,-21.1
2025-07-10,21,93.93,7.46
2025-07-10,22,83.29,23.17
2025-07-10,23,73.31,-13.74
2025-07-10,24,113.7,7.55
2025-07-10,25,127.84,18.28
2025-07-10,26,86.96,-16.06
2025-07-10,27,107.55,22.33
2025-07-10,28,97.42,-13.74
2025-07-10,29,94.9,-15.35
2025-07-10,30,125.05,0.94
2025-07-10,31,103.0,4.42
2025-07-10,32,102.59,31.36
2025-07-10,33,150.96,-4.35
2025-07-10,34,124.19,21.07
2025-07-10,35,132.5,28.46
2025-07-10,36,122.79,30.99
2025-07-10,37,119.31,19.54
2025-07-10,38,141.09,16.26
2025-07-10,39,105.53,0.49
2025-07-10,40,127.17,14.32
2025-07-10,41,132.07,-12.31
2025-07-10,42,102.52,-27.08
2025-07-10,43,69.21,-6.85
2025-07-10,44,101.93,28.53
2025-07-10,45,61.46,-38.51
2025-07-10,46,62.16,-18.16
2025-07-10,47,65.01,-22.46
2025-07-10,48,78.29,-12.15
2025-07-11,1,62.46,-42.43
2025-07-11,2,78.37,-15.46
2025-07-11,3,54.32,-2.05
2025-07-11,4,76.32,-2.13
2025-07-11,5,59.67,-29.58
2025-07-11,6,109.41,-42.83
2025-07-11,7,58.24,-30.98
2025-07-11,8,56.57,-10.19
2025-07-11,9,62.36,-38.8
2025-07-11,10,66.99,-38.28
2025-07-11,11,61.27,-42.3
2025-07-11,12,83.71,-41.27
2025-07-11,13,100.87,-4.95
2025-07-11,14,89.75,-21.8
2025-07-11,15,97.08,7.29
2025-07-11,16,107.93,-26.71
2025-07-11,17,83.85,12.21
2025-07-11,18,99.44,5.67
2025-07-11,19,76.82,-3.97
2025-07-11,20,112.03,-12.66
2025-07-11,21,125.91,8.86
2025-07-11,22,86.73,-26.46
2025-07-11,23,80.56,24.77
2025-07-11,24,116.85,20.62
2025-07-11,25,91.5,16.52
2025-07-11,26,138.05,6.7
2025-07-11,27,101.33,3.95
2025-07-11,28,94.24,3.63
2025-07-11,29,126.38,29.97
2025-07-11,30,96.13,31.86
2025-07-11,31,104.06,-5.32
2025-07-11,32,146.13,1.8
2025-07-11,33,112.96,1.23
2025-07-11,34,133.22,10.13
2025-07-11,35,145.2,28.74
2025-07-11,36,117.48,4.45
2025-07-11,37,157.93,20.34
2025-07-11,38,114.01,17.81
2025-07-11,39,109.35,40.18
2025-07-11,40,142.42,-0.62
2025-07-11,41,101.34,23.51
2025-07-11,42,99.67,-18.82
2025-07-11,43,92.83,-2.89
2025-07-11,44,93.76,-21.53
2025-07-11,45,101.71,-29.01
2025-07-11,46,92.62,-27.33
2025-07-11,47,100.31,1.27
2025-07-11,48,83.29,2.58
2025-07-12,1,102.5,-10.26
2025-07-12,2,58.37,-37.83
2025-07-12,3,77.53,-11.35
2025-07-12,4,107.37,5.62
2025-07-12,5,62.46,-3.04
2025-07-12,6,58.96,-30.36
2025-07-12,7,74.51,-46.6
2025-07-12,8,60.52,-30.23
2025-07-12,9,54.13,6.11
2025-07-12,10,47.7,-34.23
2025-07-12,11,80.24,-0.55
2025-07-12,12,111.43,-23.82
2025-07-12,13,82.62,-49.51
2025-07-12,14,81.42,9.9
2025-07-12,15,70.14,8.73
2025-07-12,16,108.55,-18.81
2025-07-12,17,113.81,1.7
2025-07-12,18,84.29,-17.66
2025-07-12,19,70.8,-22.96
2025-07-12,20,71.49,-25.66
2025-07-12,21,111.34,11.7
2025-07-12,22,104.11,-27.37
2025-07-12,23,75.3,18.59
2025-07-12,24,71.69,-4.07
2025-07-12,25,72.83,-17.95
2025-07-12,26,91.74,-4.6
2025-07-12,27,103.81,-19.78
2025-07-12,28,129.67,1.53
2025-07-12,29,110.16,5.11
2025-07-12,30,108.19,6.04
2025-07-12,31,117.2,11.62
2025-07-12,32,84.98,-10.0
2025-07-12,33,124.98,-13.72
2025-07-12,34,122.19,9.69
2025-07-12,35,118.59,18.69
2025-07-12,36,140.74,35.22
2025-07-12,37,113.76,-9.68
2025-07-12,38,90.44,-3.8
2025-07-12,39,100.81,0.25
2025-07-12,40,108.0,-10.56
2025-07-12,41,78.81,-29.38
2025-07-12,42,96.79,10.47
2025-07-12,43,108.21,12.36
2025-07-12,44,90.06,-20.83
2025-07-12,45,108.72,-36.32
2025-07-12,46,77.63,-41.47
2025-07-12,47,69.12,-27.8
2025-07-12,48,99.17,-29.14
2025-07-13,1,61.2,-51.26
2025-07-13,2,71.24,-34.13
2025-07-13,3,53.47,-44.49
2025-07-13,4,89.0,-46.81
2025-07-13,5,53.36,-53.3
2025-07-13,6,76.41,-19.4
2025-07-13,7,86.33,8.26
2025-07-13,8,79.53,-50.54
2025-07-13,9,67.65,-31.45
2025-07-13,10,108.41,-32.42
2025-07-13,11,69.09,-17.23
2025-07-13,12,54.27,6.66
2025-07-13,13,58.72,-1.2
2025-07-13,14,97.11,-2.75
2025-07-13,15,113.92,-39.35
2025-07-13,16,72.42,8.72
2025-07-13,17,79.26,-0.03
2025-07-13,18,74.86,16.7
2025-07-13,19,102.63,-45.25
2025-07-13,20,72.13,15.41
2025-07-13,21,90.73,15.01
2025-07-13,22,101.36,-19.85
2025-07-13,23,115.62,-6.46
2025-07-13,24,112.55,1.51
2025-07-13,25,92.32,-27.25
2025-07-13,26,112.97,15.89
2025-07-13,27,94.04,16.39
2025-07-13,28,78.97,-14.09
2025-07-13,29,93.56,-32.71
2025-07-13,30,115.77,-20.35
2025-07-13,31,116.41,-7.99
2025-07-13,32,131.85,-11.4
2025-07-13,33,91.28,-6.88
2025-07-13,34,111.52,29.66
2025-07-13,35,140.25,8.3
2025-07-13,36,94.3,23.04
2025-07-13,37,124.6,-13.11
2025-07-13,38,94.82,-15.79
2025-07-13,39,111.31,22.51
2025-07-13,40,115.33,3.58
2025-07-13,41,84.93,-25.78
2025-07-13,42,84.05,-9.15
2025-07-13,43,88.58,-30.43
2025-07-13,44,99.54,5.83
2025-07-13,45,91.29,9.28
2025-07-13,46,72.11,-11.21
2025-07-13,47,93.51,-22.75
2025-07-13,48,55.15,-14.62
2025-07-14,1,76.33,-23.76
2025-07-14,2,85.33,-35.27
2025-07-14,3,49.97,-31.96
2025-07-14,4,92.48,-6.13
2025-07-14,5,97.24,-20.48
2025-07-14,6,88.64,-26.86
2025-07-14,7,69.66,-9.66
2025-07-14,8,89.41,-50.94
2025-07-14,9,61.95,5.72
2025-07-14,10,116.34,-0.08
2025-07-14,11,86.71,-23.67
2025-07-14,12,97.85,-37.68
2025-07-14,13,96.69,-13.79
2025-07-14,14,90.7,-18.48
2025-07-14,15,93.8,-35.8
2025-07-14,16,123.17,3.95
2025-07-14,17,125.2,2.85
2025-07-14,18,99.72,-0.36
2025-07-14,19,104.43,9.01
2025-07-14,20,107.28,6.33
2025-07-14,21,94.56,-16.37
2025-07-14,22,124.0,-7.61
2025-07-14,23,4.86,-68.29
2025-07-14,24,37.06,-64.56
2025-07-14,25,43.28,-89.56
2025-07-14,26,44.1,-94.54
2025-07-14,27,4.0,-81.95
2025-07-14,28,41.42,-75.24
2025-07-14,29,37.98,-94.44
2025-07-14,30,32.43,-71.21
2025-07-14,31,90.37,18.54
2025-07-14,32,110.51,9.84
2025-07-14,33,147.56,14.95
2025-07-14,34,133.56,18.15
2025-07-14,35,122.76,11.76
2025-07-14,36,154.17,8.99
2025-07-14,37,124.9,19.48
2025-07-14,38,127.0,23.58
2025-07-14,39,124.31,5.67
2025-07-14,40,114.0,33.98
2025-07-14,41,97.2,-13.38
2025-07-14,42,105.69,28.45
2025-07-14,43,88.49,1.08
2025-07-14,44,67.99,16.38
2025-07-14,45,61.3,-12.32
2025-07-14,46,72.09,-24.28
2025-07-14,47,80.55,-37.47
2025-07-14,48,95.73,-0.43
2025-07-15,1,110.51,-5.23
2025-07-15,2,89.36,-42.29
2025-07-15,3,86.24,-16.92
2025-07-15,4,59.5,1.56
2025-07-15,5,64.59,-38.96
2025-07-15,6,60.22,-9.84
2025-07-15,7,104.41,-54.69
2025-07-15,8,107.01,-26.06
2025-07-15,9,73.97,-36.81
2025-07-15,10,85.87,-47.19
2025-07-15,11,58.61,-32.03
2025-07-15,12,97.82,14.13
2025-07-15,13,84.04,-16.43
2025-07-15,14,78.77,-34.45
2025-07-15,15,106.0,16.81
2025-07-15,16,109.96,-10.06
2025-07-15,17,105.56,25.02
2025-07-15,18,96.24,19.0
2025-07-15,19,81.59,-20.13
2025-07-15,20,129.98,-5.76
2025-07-15,21,79.12,5.01
2025-07-15,22,96.36,4.51
2025-07-15,23,110.82,1.2
2025-07-15,24,80.73,0.68
2025-07-15,25,86.22,-28.25
2025-07-15,26,109.58,5.87
2025-07-15,27,111.41,-23.95
2025-07-15,28,103.17,-8.98
2025-07-15,29,90.0,-7.12
2025-07-15,30,94.92,32.0
2025-07-15,31,126.64,25.1
2025-07-15,32,127.69,31.2
2025-07-15,33,136.34,17.04
2025-07-15,34,131.24,-1.02
2025-07-15,35,125.45,5.2
2025-07-15,36,116.13,13.45
2025-07-15,37,109.75,-1.72
2025-07-15,38,115.01,-0.05
2025-07-15,39,143.33,9.67
2025-07-15,40,121.48,20.37
2025-07-15,41,98.67,-21.08
2025-07-15,42,104.02,-11.88
2025-07-15,43,99.23,-13.54
2025-07-15,44,103.02,-27.36
2025-07-15,45,94.51,-37.98
2025-07-15,46,87.84,2.63
2025-07-15,47,95.17,-26.16
2025-07-15,48,93.65,5.96
2025-07-16,1,73.82,6.45
2025-07-16,2,102.56,-6.48
2025-07-16,3,64.49,-11.91
2025-07-16,4,106.65,-22.18
2025-07-16,5,62.58,10.93
2025-07-16,6,78.97,-11.89
2025-07-16,7,85.73,-35.32
2025-07-16,8,96.14,-14.33
2025-07-16,9,86.94,-10.31
2025-07-16,10,92.5,-1.69
2025-07-16,11,108.99,-46.4
2025-07-16,12,75.37,-35.67
2025-07-16,13,64.82,-11.8
2025-07-16,14,101.48,-31.89
2025-07-16,15,80.21,12.38
2025-07-16,16,76.49,7.07
2025-07-16,17,100.36,9.06
2025-07-16,18,107.02,11.08
2025-07-16,19,97.41,-17.17
2025-07-16,20,73.62,13.62
2025-07-16,21,123.95,-18.01
2025-07-16,22,89.77,26.52
2025-07-16,23,79.05,-6.05
2025-07-16,24,131.32,-23.32
2025-07-16,25,133.08,13.14
2025-07-16,26,114.96,28.8
2025-07-16,27,85.84,14.83
2025-07-16,28,91.77,27.27
2025-07-16,29,109.06,-23.43
2025-07-16,30,121.99,0.61
2025-07-16,31,126.03,22.36
2025-07-16,32,109.52,5.21
2025-07-16,33,138.25,16.24
2025-07-16,34,354.71,247.34
2025-07-16,35,363.74,282.58
2025-07-16,36,350.15,292.05
2025-07-16,37,340.14,254.05
2025-07-16,38,391.54,249.68
2025-07-16,39,358.22,225.02
2025-07-16,40,94.25,-3.63
2025-07-16,41,134.36,3.44
2025-07-16,42,122.45,-19.62
2025-07-16,43,72.15,-36.45
2025-07-16,44,73.13,-18.12
2025-07-16,45,74.2,-30.49
2025-07-16,46,73.9,8.89
2025-07-16,47,70.99,-29.73
2025-07-16,48,77.08,-41.72
2025-07-17,1,94.5,-15.99
2025-07-17,2,85.43,-24.79
2025-07-17,3,72.38,-7.71
2025-07-17,4,63.14,-9.37
2025-07-17,5,110.69,7.31
2025-07-17,6,69.25,-23.39
2025-07-17,7,84.18,-27.49
2025-07-17,8,63.63,-10.97
2025-07-17,9,50.97,-38.7
2025-07-17,10,85.0,-17.85
2025-07-17,11,82.54,-11.87
2025-07-17,12,64.66,-3.73
2025-07-17,13,91.12,-7.05
2025-07-17,14,77.47,7.3
2025-07-17,15,118.47,28.2
2025-07-17,16,84.52,-21.39
2025-07-17,17,116.94,20.58
2025-07-17,18,129.23,9.81
2025-07-17,19,102.33,-2.19
2025-07-17,20,125.7,10.11
2025-07-17,21,70.85,-4.59
2025-07-17,22,104.11,-18.46
2025-07-17,23,54.86,-52.2
2025-07-17,24,14.79,-60.86
2025-07-17,25,30.07,-75.3
2025-07-17,26,20.58,-38.45
2025-07-17,27,34.49,-56.99
2025-07-17,28,39.26,-69.05
2025-07-17,29,41.89,-40.79
2025-07-17,30,51.04,-44.89
2025-07-17,31,146.12,8.81
2025-07-17,32,93.31,-2.71
2025-07-17,33,107.65,-3.88
2025-07-17,34,140.03,31.1
2025-07-17,35,117.88,0.81
2025-07-17,36,126.13,33.97
2025-07-17,37,113.82,17.36
2025-07-17,38,108.91,32.65
2025-07-17,39,108.53,26.71
2025-07-17,40,131.23,-2.03
2025-07-17,41,108.92,-10.9
2025-07-17,42,90.73,5.5
2025-07-17,43,107.82,-4.8
2025-07-17,44,112.42,11.92
2025-07-17,45,104.56,-1.6
2025-07-17,46,79.17,-38.6
2025-07-17,47,97.83,-29.37
2025-07-17,48,86.53,2.11
2025-07-18,1,86.41,2.61
2025-07-18,2,74.79,-23.53
2025-07-18,3,93.24,-30.68
2025-07-18,4,64.97,-45.08
2025-07-18,5,58.55,-28.55
2025-07-18,6,71.9,-43.95
2025-07-18,7,111.15,3.51
2025-07-18,8,76.23,-52.07
2025-07-18,9,90.12,-14.99
2025-07-18,10,96.83,-18.42
2025-07-18,11,94.76,-20.27
2025-07-18,12,61.24,-37.41
2025-07-18,13,121.19,3.27
2025-07-18,14,105.14,16.19
2025-07-18,15,71.11,-2.46
2025-07-18,16,101.52,10.49
2025-07-18,17,120.35,3.39
2025-07-18,18,134.51,35.96
2025-07-18,19,92.86,4.53
2025-07-18,20,88.97,-19.13
2025-07-18,21,101.4,1.53
2025-07-18,22,96.14,-1.72
2025-07-18,23,123.08,-0.84
2025-07-18,24,122.94,24.7
2025-07-18,25,106.1,34.24
2025-07-18,26,97.57,18.74
2025-07-18,27,128.45,28.78
2025-07-18,28,110.92,-8.02
2025-07-18,29,102.7,3.38
2025-07-18,30,93.88,11.67
2025-07-18,31,87.86,4.07
2025-07-18,32,128.62,15.31
2025-07-18,33,109.57,11.94
2025-07-18,34,141.59,38.06
2025-07-18,35,124.06,23.87
2025-07-18,36,110.99,32.63
2025-07-18,37,145.74,37.07
2025-07-18,38,122.68,15.79
2025-07-18,39,102.86,-0.0
2025-07-18,40,116.37,-13.51
2025-07-18,41,100.87,-13.59
2025-07-18,42,79.09,12.24
2025-07-18,43,99.89,17.66
2025-07-18,44,105.89,-39.58
2025-07-18,45,91.37,-15.94
2025-07-18,46,97.86,-17.86
2025-07-18,47,93.47,8.1
2025-07-18,48,109.38,11.18
2025-07-19,1,85.58,-24.73
2025-07-19,2,95.97,-46.92
2025-07-19,3,79.16,-9.06
2025-07-19,4,105.54,-27.1
2025-07-19,5,56.87,-1.4
2025-07-19,6,61.06,-1.94
2025-07-19,7,95.2,-37.91
2025-07-19,8,85.77,-18.11
2025-07-19,9,92.1,-15.77
2025-07-19,10,57.29,-49.96
2025-07-19,11,61.69,-21.64
2025-07-19,12,91.76,-6.01
2025-07-19,13,104.35,-20.54
2025-07-19,14,83.8,-10.64
2025-07-19,15,107.46,-9.37
2025-07-19,16,87.04,-1.61
2025-07-19,17,100.25,7.57
2025-07-19,18,97.93,-18.33
2025-07-19,19,114.93,-26.33
2025-07-19,20,99.29,9.0
2025-07-19,21,72.09,-8.17
2025-07-19,22,80.01,15.79
2025-07-19,23,83.32,-17.43
2025-07-19,24,118.01,12.86
2025-07-19,25,100.64,-28.37
2025-07-19,26,100.82,12.18
2025-07-19,27,72.2,-23.3
2025-07-19,28,104.1,-20.16
2025-07-19,29,106.04,3.12
2025-07-19,30,90.23,-27.42
2025-07-19,31,111.27,19.14
2025-07-19,32,113.85,29.39
2025-07-19,33,112.17,20.33
2025-07-19,34,103.44,41.6
2025-07-19,35,140.96,5.82
2025-07-19,36,101.14,44.05
2025-07-19,37,124.31,1.56
2025-07-19,38,123.85,38.7
2025-07-19,39,80.29,-12.54
2025-07-19,40,123.31,6.6
2025-07-19,41,74.73,-28.47
2025-07-19,42,81.68,-27.2
2025-07-19,43,84.71,-5.18
2025-07-19,44,68.21,5.19
2025-07-19,45,81.68,-15.54
2025-07-19,46,83.51,-33.98
2025-07-19,47,79.36,-21.58
2025-07-19,48,77.92,-13.46
2025-07-20,1,96.17,-1.97
2025-07-20,2,98.73,-12.8
2025-07-20,3,51.26,-0.16
2025-07-20,4,92.17,-55.67
2025-07-20,5,65.13,-2.33
2025-07-20,6,75.74,-32.52
2025-07-20,7,62.68,-45.12
2025-07-20,8,96.73,-49.44
2025-07-20,9,88.39,-34.98
2025-07-20,10,86.27,-50.98
2025-07-20,11,103.6,-41.32
2025-07-20,12,57.05,-46.73
2025-07-20,13,98.78,-5.53
2025-07-20,14,80.76,-42.56
2025-07-20,15,80.21,-3.91
2025-07-20,16,69.1,9.15
2025-07-20,17,75.03,-4.43
2025-07-20,18,89.06,24.82
2025-07-20,19,97.39,-18.42
2025-07-20,20,68.78,6.28
2025-07-20,21,86.64,5.29
2025-07-20,22,114.32,-13.24
2025-07-20,23,30.36,-101.81
2025-07-20,24,15.3,-87.67
2025-07-20,25,34.05,-81.87
2025-07-20,26,5.67,-70.64
2025-07-20,27,-3.01,-106.56
2025-07-20,28,-5.06,-111.94
2025-07-20,29,19.06,-90.71
2025-07-20,30,40.82,-69.61
2025-07-20,31,121.26,-16.83
2025-07-20,32,126.13,-24.03
2025-07-20,33,127.2,3.54
2025-07-20,34,131.4,22.35
2025-07-20,35,113.93,15.93
2025-07-20,36,91.02,34.87
2025-07-20,37,92.54,24.89
2025-07-20,38,96.55,41.83
2025-07-20,39,95.19,17.9
2025-07-20,40,109.1,8.98
2025-07-20,41,88.63,-4.14
2025-07-20,42,95.42,-31.91
2025-07-20,43,105.77,-18.31
2025-07-20,44,70.08,-18.95
2025-07-20,45,65.23,-13.12
2025-07-20,46,59.77,-7.45
2025-07-20,47,90.82,-49.35
2025-07-20,48,76.36,-22.59
2025-07-21,1,78.3,-12.29
2025-07-21,2,72.41,-30.83
2025-07-21,3,64.01,3.52
2025-07-21,4,69.47,-25.55
2025-07-21,5,81.76,-3.93
2025-07-21,6,81.66,-29.88
2025-07-21,7,103.94,-21.11
2025-07-21,8,102.86,-34.04
2025-07-21,9,94.47,-20.28
2025-07-21,10,101.86,-13.13
2025-07-21,11,91.92,-22.0
2025-07-21,12,71.43,-26.43
2025-07-21,13,115.63,-2.74
2025-07-21,14,84.15,3.69
2025-07-21,15,120.1,-24.66
2025-07-21,16,85.95,-11.05
2025-07-21,17,110.14,19.09
2025-07-21,18,100.24,10.64
2025-07-21,19,114.27,22.5
2025-07-21,20,121.86,11.83
2025-07-21,21,77.28,-7.42
2025-07-21,22,123.64,30.01
2025-07-21,23,118.04,13.41
2025-07-21,24,86.96,-24.62
2025-07-21,25,129.25,7.82
2025-07-21,26,82.05,-29.07
2025-07-21,27,90.19,-5.76
2025-07-21,28,111.19,7.43
2025-07-21,29,123.28,12.78
2025-07-21,30,105.63,-14.22
2025-07-21,31,113.65,37.49
2025-07-21,32,101.12,8.2
2025-07-21,33,129.97,29.13
2025-07-21,34,371.46,234.93
2025-07-21,35,348.46,237.83
2025-07-21,36,328.49,254.04
2025-07-21,37,378.02,235.58
2025-07-21,38,339.51,268.6
2025-07-21,39,313.7,243.75
2025-07-21,40,103.45,-6.17
2025-07-21,41,105.51,28.4
2025-07-21,42,86.39,20.92
2025-07-21,43,97.74,24.15
2025-07-21,44,75.67,-18.33
2025-07-21,45,77.38,-29.92
2025-07-21,46,102.41,-19.06
2025-07-21,47,89.69,-49.01
2025-07-21,48,113.73,-24.52
2025-07-22,1,105.07,-18.24
2025-07-22,2,61.73,-7.66
2025-07-22,3,98.08,-40.12
2025-07-22,4,109.89,-48.21
2025-07-22,5,66.92,-33.45
2025-07-22,6,82.77,-37.42
2025-07-22,7,103.92,-8.25
2025-07-22,8,55.91,-20.81
2025-07-22,9,95.18,-8.75
2025-07-22,10,83.61,-33.36
2025-07-22,11,93.56,-6.71
2025-07-22,12,85.52,-8.33
2025-07-22,13,116.22,3.88
2025-07-22,14,119.37,-4.09
2025-07-22,15,107.98,-31.68
2025-07-22,16,124.54,-1.8
2025-07-22,17,108.01,-21.12
2025-07-22,18,97.53,23.25
2025-07-22,19,128.58,11.95
2025-07-22,20,123.26,-10.41
2025-07-22,21,84.05,-12.84
2025-07-22,22,105.79,2.85
2025-07-22,23,103.95,11.85
2025-07-22,24,82.14,-23.13
2025-07-22,25,113.21,-2.35
2025-07-22,26,131.24,-15.0
2025-07-22,27,105.02,32.37
2025-07-22,28,118.51,18.11
2025-07-22,29,109.01,13.48
2025-07-22,30,97.4,-18.92
2025-07-22,31,90.36,-3.29
2025-07-22,32,100.78,-1.02
2025-07-22,33,100.21,5.8
2025-07-22,34,149.9,41.66
2025-07-22,35,115.72,31.67
2025-07-22,36,136.69,19.34
2025-07-22,37,113.35,56.31
2025-07-22,38,143.37,-6.22
2025-07-22,39,119.26,27.4
2025-07-22,40,139.07,35.78
2025-07-22,41,96.11,-19.06
2025-07-22,42,83.39,-16.59
2025-07-22,43,103.41,-13.75
2025-07-22,44,115.77,8.82
2025-07-22,45,102.79,-16.37
2025-07-22,46,86.7,-20.46
2025-07-22,47,81.33,-0.91
2025-07-22,48,76.38,-0.77
2025-07-23,1,101.96,-21.71
2025-07-23,2,102.76,-28.75
2025-07-23,3,85.98,7.91
2025-07-23,4,62.36,2.81
2025-07-23,5,102.46,-12.69
2025-07-23,6,89.27,-32.9
2025-07-23,7,63.33,-21.92
2025-07-23,8,107.5,-36.79
2025-07-23,9,98.44,5.93
2025-07-23,10,65.64,-29.83
2025-07-23,11,96.47,-17.55
2025-07-23,12,91.29,-11.59
2025-07-23,13,105.29,0.57
2025-07-23,14,76.13,18.13
2025-07-23,15,120.45,15.19
2025-07-23,16,106.64,6.87
2025-07-23,17,87.66,25.46
2025-07-23,18,133.85,15.68
2025-07-23,19,92.33,-11.53
2025-07-23,20,92.24,-25.79
2025-07-23,21,132.16,9.95
2025-07-23,22,98.27,-10.18
2025-07-23,23,92.11,-12.57
2025-07-23,24,102.05,-0.67
2025-07-23,25,90.3,20.15
2025-07-23,26,94.56,-19.31
2025-07-23,27,122.55,-17.39
2025-07-23,28,90.68,12.32
2025-07-23,29,130.12,-10.56
2025-07-23,30,88.3,14.78
2025-07-23,31,130.74,15.9
2025-07-23,32,119.37,24.23
2025-07-23,33,147.66,13.08
2025-07-23,34,103.28,1.5
2025-07-23,35,141.91,57.49
2025-07-23,36,102.61,43.76
2025-07-23,37,116.26,46.23
2025-07-23,38,108.67,25.13
2025-07-23,39,89.47,27.85
2025-07-23,40,113.8,-6.56
2025-07-23,41,128.3,19.85
2025-07-23,42,82.42,16.43
2025-07-23,43,118.0,-19.15
2025-07-23,44,101.91,-13.25
2025-07-23,45,98.46,-21.42
2025-07-23,46,72.58,-33.94
2025-07-23,47,90.53,-33.33
2025-07-23,48,95.15,14.5
2025-07-24,1,76.92,-1.55
2025-07-24,2,108.69,0.96
2025-07-24,3,74.76,6.13
2025-07-24,4,103.84,-0.4
2025-07-24,5,74.76,6.82
2025-07-24,6,57.41,1.05
2025-07-24,7,79.95,-29.01
2025-07-24,8,81.94,-20.8
2025-07-24,9,94.13,-6.03
2025-07-24,10,76.76,-23.66
2025-07-24,11,70.57,-24.5
2025-07-24,12,64.91,-40.28
2025-07-24,13,88.61,-5.86
2025-07-24,14,110.41,5.46
2025-07-24,15,118.97,1.22
2025-07-24,16,125.52,-18.48
2025-07-24,17,102.45,12.25
2025-07-24,18,80.47,-14.38
2025-07-24,19,81.05,6.93
2025-07-24,20,123.68,-2.9
2025-07-24,21,97.94,-1.76
2025-07-24,22,113.9,17.57
2025-07-24,23,87.92,21.99
2025-07-24,24,125.51,5.42
2025-07-24,25,101.67,14.41
2025-07-24,26,114.47,-26.64
2025-07-24,27,109.26,-19.52
2025-07-24,28,122.14,10.06
2025-07-24,29,136.95,19.38
2025-07-24,30,113.8,-10.55
2025-07-24,31,124.67,23.83
2025-07-24,32,146.11,-1.28
2025-07-24,33,107.55,2.68
2025-07-24,34,129.08,37.13
2025-07-24,35,146.43,18.11
2025-07-24,36,143.04,11.5
2025-07-24,37,137.23,38.26
2025-07-24,38,142.09,34.05
2025-07-24,39,132.54,37.95
2025-07-24,40,98.01,36.57
2025-07-24,41,118.14,-24.08
2025-07-24,42,114.31,-10.3
2025-07-24,43,117.37,25.1
2025-07-24,44,114.66,-14.65
2025-07-24,45,104.82,5.37
2025-07-24,46,92.2,-27.53
2025-07-24,47,110.99,-0.86
2025-07-24,48,79.13,-8.76
2025-07-25,1,98.06,-42.38
2025-07-25,2,82.32,-12.13
2025-07-25,3,99.48,-28.59
2025-07-25,4,108.6,-9.13
2025-07-25,5,85.76,-47.85
2025-07-25,6,93.19,1.2
2025-07-25,7,63.15,0.76
2025-07-25,8,93.2,-8.02
2025-07-25,9,99.2,-54.09
2025-07-25,10,91.97,-45.83
2025-07-25,11,70.91,-21.67
2025-07-25,12,101.2,-27.7
2025-07-25,13,114.03,-9.09
2025-07-25,14,80.1,-26.77
2025-07-25,15,88.54,2.6
2025-07-25,16,122.99,-30.2
2025-07-25,17,96.47,19.42
2025-07-25,18,95.84,15.02
2025-07-25,19,121.42,7.15
2025-07-25,20,114.12,-8.76
2025-07-25,21,99.13,0.15
2025-07-25,22,94.86,-18.8
2025-07-25,23,86.38,9.17
2025-07-25,24,84.81,-6.06
2025-07-25,25,123.57,5.14
2025-07-25,26,73.77,-6.77
2025-07-25,27,107.23,-3.03
2025-07-25,28,91.32,-8.53
2025-07-25,29,106.49,-18.75
2025-07-25,30,129.56,-6.19
2025-07-25,31,145.44,22.85
2025-07-25,32,108.89,25.88
2025-07-25,33,149.22,20.12
2025-07-25,34,156.79,-1.24
2025-07-25,35,134.15,53.37
2025-07-25,36,120.32,5.57
2025-07-25,37,137.01,28.54
2025-07-25,38,105.31,8.38
2025-07-25,39,102.14,7.36
2025-07-25,40,114.96,-3.09
2025-07-25,41,82.24,4.64
2025-07-25,42,119.84,-23.66
2025-07-25,43,100.83,-15.94
2025-07-25,44,124.91,-14.26
2025-07-25,45,68.09,-2.18
2025-07-25,46,106.02,15.3
2025-07-25,47,69.13,-3.15
2025-07-25,48,90.49,-7.32
2025-07-26,1,106.3,-16.32
2025-07-26,2,65.29,-25.64
2025-07-26,3,67.36,-14.6
2025-07-26,4,75.66,-34.12
2025-07-26,5,73.02,-45.09
2025-07-26,6,87.95,-12.96
2025-07-26,7,83.15,-20.06
2025-07-26,8,63.18,-31.37
2025-07-26,9,91.87,-28.12
2025-07-26,10,66.25,-27.0
2025-07-26,11,75.76,-38.83
2025-07-26,12,87.09,4.41
2025-07-26,13,79.79,6.78
2025-07-26,14,92.38,-18.96
2025-07-26,15,107.44,-10.18
2025-07-26,16,111.08,-34.58
2025-07-26,17,82.66,-25.53
2025-07-26,18,102.36,-22.46
2025-07-26,19,106.32,23.57
2025-07-26,20,114.23,3.91
2025-07-26,21,80.74,13.75
2025-07-26,22,102.3,-27.27
2025-07-26,23,104.59,-15.77
2025-07-26,24,91.18,4.12
2025-07-26,25,121.8,-30.57
2025-07-26,26,96.75,24.04
2025-07-26,27,79.45,20.06
2025-07-26,28,122.6,-12.63
2025-07-26,29,88.01,-0.43
2025-07-26,30,128.57,-15.56
2025-07-26,31,92.45,-20.67
2025-07-26,32,84.48,8.61
2025-07-26,33,114.78,8.46
2025-07-26,34,123.95,-5.88
2025-07-26,35,98.04,12.3
2025-07-26,36,105.06,-2.61
2025-07-26,37,104.79,46.09
2025-07-26,38,109.94,26.95
2025-07-26,39,102.45,21.77
2025-07-26,40,80.24,7.02
2025-07-26,41,107.43,28.58
2025-07-26,42,114.93,1.44
2025-07-26,43,73.5,4.12
2025-07-26,44,69.32,0.74
2025-07-26,45,81.18,-2.23
2025-07-26,46,57.95,-22.21
2025-07-26,47,66.61,-35.63
2025-07-26,48,71.16,-24.4
2025-07-27,1,57.28,-38.29
2025-07-27,2,60.23,-12.91
2025-07-27,3,107.85,-28.23
2025-07-27,4,82.9,-19.82
2025-07-27,5,66.02,-42.59
2025-07-27,6,80.47,-3.45
2025-07-27,7,107.58,-10.37
2025-07-27,8,99.82,-36.59
2025-07-27,9,101.1,-14.13
2025-07-27,10,53.22,-24.72
2025-07-27,11,69.4,-10.56
2025-07-27,12,56.16,-4.46
2025-07-27,13,99.16,-30.0
2025-07-27,14,66.98,9.43
2025-07-27,15,63.81,-1.58
2025-07-27,16,77.95,-18.48
2025-07-27,17,108.73,-19.52
2025-07-27,18,88.24,-14.68
2025-07-27,19,71.17,-0.63
2025-07-27,20,84.0,-33.92
2025-07-27,21,116.97,-10.68
2025-07-27,22,109.86,9.43
2025-07-27,23,87.15,-8.0
2025-07-27,24,109.78,1.01
2025-07-27,25,121.71,-32.31
2025-07-27,26,86.76,6.04
2025-07-27,27,120.54,-16.73
2025-07-27,28,76.26,21.76
2025-07-27,29,121.22,-26.57
2025-07-27,30,93.59,29.67
2025-07-27,31,107.58,-18.56
2025-07-27,32,106.77,-15.0
2025-07-27,33,105.34,26.1
2025-07-27,34,355.34,220.1
2025-07-27,35,343.45,275.8
2025-07-27,36,332.99,257.26
2025-07-27,37,340.19,277.7
2025-07-27,38,358.89,269.6
2025-07-27,39,319.59,264.13
2025-07-27,40,105.91,-13.74
2025-07-27,41,109.03,16.41
2025-07-27,42,100.67,11.26
2025-07-27,43,105.15,-19.58
2025-07-27,44,71.11,7.59
2025-07-27,45,113.15,-8.47
2025-07-27,46,107.78,1.08
2025-07-27,47,102.36,-41.06
2025-07-27,48,69.24,-27.15
2025-07-28,1,79.2,-7.5
2025-07-28,2,69.5,-26.7
2025-07-28,3,79.0,-31.48
2025-07-28,4,58.42,-38.12
2025-07-28,5,91.19,-4.29
2025-07-28,6,85.82,-40.08
2025-07-28,7,83.54,-21.87
2025-07-28,8,91.5,-38.69
2025-07-28,9,50.63,-46.43
2025-07-28,10,100.36,-6.32
2025-07-28,11,72.31,-8.99
2025-07-28,12,59.44,-15.95
2025-07-28,13,74.85,-26.68
2025-07-28,14,78.4,-21.12
2025-07-28,15,115.6,-6.93
2025-07-28,16,125.3,21.84
2025-07-28,17,120.78,5.91
2025-07-28,18,113.02,-13.32
2025-07-28,19,110.89,-17.14
2025-07-28,20,94.78,-22.27
2025-07-28,21,92.67,22.34
2025-07-28,22,126.33,17.09
2025-07-28,23,135.31,7.22
2025-07-28,24,122.74,-26.61
2025-07-28,25,98.02,-13.67
2025-07-28,26,92.74,-1.98
2025-07-28,27,107.19,-10.27
2025-07-28,28,123.2,37.2
2025-07-28,29,114.54,-13.02
2025-07-28,30,115.78,-19.75
2025-07-28,31,92.42,37.01
2025-07-28,32,131.46,-10.02
2025-07-28,33,99.73,25.16
2025-07-28,34,151.37,38.81
2025-07-28,35,105.84,14.6
2025-07-28,36,130.3,29.12
2025-07-28,37,116.46,43.57
2025-07-28,38,140.9,23.12
2025-07-28,39,94.47,-16.42
2025-07-28,40,118.53,-20.95
2025-07-28,41,80.55,29.69
2025-07-28,42,121.95,10.48
2025-07-28,43,84.06,15.68
2025-07-28,44,119.59,5.62
2025-07-28,45,120.44,-15.82
2025-07-28,46,87.31,-30.68
2025-07-28,47,109.65,-34.14
2025-07-28,48,83.76,6.25
2025-07-29,1,99.82,12.23
2025-07-29,2,81.19,-13.02
2025-07-29,3,116.32,-21.12
2025-07-29,4,82.11,-10.66
2025-07-29,5,57.54,-39.89
2025-07-29,6,66.84,-32.86
2025-07-29,7,93.8,-37.36
2025-07-29,8,113.01,-32.41
2025-07-29,9,109.01,4.09
2025-07-29,10,92.04,-11.65
2025-07-29,11,74.39,-9.99
2025-07-29,12,86.26,-34.38
2025-07-29,13,94.56,-26.09
2025-07-29,14,111.75,-21.96
2025-07-29,15,109.54,-9.02
2025-07-29,16,109.09,15.68
2025-07-29,17,79.06,-8.62
2025-07-29,18,100.92,-27.64
2025-07-29,19,106.66,-8.69
2025-07-29,20,113.87,-11.34
2025-07-29,21,121.48,20.76
2025-07-29,22,89.74,24.45
2025-07-29,23,103.85,11.76
2025-07-29,24,85.31,-4.16
2025-07-29,25,86.22,23.95
2025-07-29,26,86.5,-27.44
2025-07-29,27,120.13,7.36
2025-07-29,28,132.33,32.74
2025-07-29,29,84.54,-0.5
2025-07-29,30,92.35,15.55
2025-07-29,31,143.64,2.9
2025-07-29,32,127.85,29.58
2025-07-29,33,121.84,-7.87
2025-07-29,34,114.41,28.47
2025-07-29,35,133.48,29.39
2025-07-29,36,108.72,17.65
2025-07-29,37,111.3,4.76
2025-07-29,38,134.86,43.65
2025-07-29,39,114.19,3.43
2025-07-29,40,128.73,-12.8
2025-07-29,41,123.62,8.86
2025-07-29,42,84.83,2.5
2025-07-29,43,81.76,27.54
2025-07-29,44,77.89,5.25
2025-07-29,45,71.42,-10.93
2025-07-29,46,104.27,-18.38
2025-07-29,47,111.22,6.69
2025-07-29,48,83.54,-13.53
2025-07-30,1,68.58,2.26
2025-07-30,2,106.93,-14.34
2025-07-30,3,71.08,-2.7
2025-07-30,4,111.32,-31.66
2025-07-30,5,80.24,-1.77
2025-07-30,6,68.43,-18.68
2025-07-30,7,66.0,4.66
2025-07-30,8,88.24,-34.22
2025-07-30,9,67.15,-5.42
2025-07-30,10,111.25,-43.1
2025-07-30,11,83.32,-3.51
2025-07-30,12,109.3,-41.49
2025-07-30,13,112.03,-26.66
2025-07-30,14,105.91,13.94
2025-07-30,15,121.6,6.79
2025-07-30,16,85.88,-37.21
2025-07-30,17,132.2,-19.36
2025-07-30,18,102.54,-8.83
2025-07-30,19,106.28,-19.81
2025-07-30,20,110.14,6.47
2025-07-30,21,99.22,29.16
2025-07-30,22,77.18,18.77
2025-07-30,23,124.92,-8.79
2025-07-30,24,109.51,1.14
2025-07-30,25,82.82,30.47
2025-07-30,26,96.89,25.17
2025-07-30,27,113.29,24.77
2025-07-30,28,102.66,-20.12
2025-07-30,29,114.15,-3.39
2025-07-30,30,112.94,-0.82
2025-07-30,31,90.99,26.22
2025-07-30,32,129.99,-6.64
2025-07-30,33,119.15,-5.62
2025-07-30,34,132.2,21.86
2025-07-30,35,155.71,31.24
2025-07-30,36,103.42,48.76
2025-07-30,37,112.98,41.61
2025-07-30,38,133.25,51.08
2025-07-30,39,110.19,36.23
2025-07-30,40,104.94,13.72
2025-07-30,41,114.69,7.54
2025-07-30,42,105.95,4.41
2025-07-30,43,122.14,-5.96
2025-07-30,44,91.34,7.27
2025-07-30,45,103.94,-9.36
2025-07-30,46,88.14,-12.45
2025-07-30,47,94.56,10.67
2025-07-30,48,114.25,9.13
2025-07-31,1,50.78,-27.47
2025-07-31,2,75.8,-46.58
2025-07-31,3,108.96,-25.91
2025-07-31,4,109.76,-35.49
2025-07-31,5,80.14,-33.52
2025-07-31,6,89.61,-37.31
2025-07-31,7,98.77,-2.08
2025-07-31,8,65.26,-11.54
2025-07-31,9,98.01,-26.31
2025-07-31,10,116.28,-37.3
2025-07-31,11,91.67,-30.62
2025-07-31,12,110.23,-13.84
2025-07-31,13,102.6,-18.7
2025-07-31,14,105.25,-17.9
2025-07-31,15,77.09,-6.14
2025-07-31,16,91.02,-6.32
2025-07-31,17,93.09,-8.49
2025-07-31,18,88.19,2.48
2025-07-31,19,86.72,-14.37
2025-07-31,20,96.5,24.25
2025-07-31,21,127.93,20.14
2025-07-31,22,116.13,17.11
2025-07-31,23,107.11,-24.47
2025-07-31,24,85.02,24.82
2025-07-31,25,78.96,-15.51
2025-07-31,26,122.09,38.01
2025-07-31,27,76.82,-16.95
2025-07-31,28,125.59,-5.03
2025-07-31,29,92.12,20.25
2025-07-31,30,123.61,31.21
2025-07-31,31,132.25,38.14
2025-07-31,32,102.53,45.95
2025-07-31,33,112.24,21.33
2025-07-31,34,125.87,25.16
2025-07-31,35,113.95,49.04
2025-07-31,36,142.72,12.34
2025-07-31,37,118.55,9.51
2025-07-31,38,149.14,42.69
2025-07-31,39,102.8,29.76
2025-07-31,40,129.8,11.45
2025-07-31,41,84.96,17.93
2025-07-31,42,78.77,-0.78
2025-07-31,43,79.5,23.38
2025-07-31,44,112.53,9.58
2025-07-31,45,66.93,-40.84
2025-07-31,46,91.06,10.81
2025-07-31,47,69.97,-38.18
2025-07-31,48,71.5,17.52
2025-08-01,1,98.56,-0.39
2025-08-01,2,60.38,-39.51
2025-08-01,3,88.05,-34.25
2025-08-01,4,57.89,-29.91
2025-08-01,5,55.77,-47.31
2025-08-01,6,87.81,-43.48
2025-08-01,7,103.86,-38.23
2025-08-01,8,109.85,1.65
2025-08-01,9,70.5,14.56
2025-08-01,10,61.85,-43.23
2025-08-01,11,101.19,-27.21
2025-08-01,12,94.25,-1.52
2025-08-01,13,96.81,10.15
2025-08-01,14,107.2,-4.3
2025-08-01,15,96.09,3.17
2025-08-01,16,80.26,-19.21
2025-08-01,17,117.14,-28.45
2025-08-01,18,97.37,24.78
2025-08-01,19,73.12,18.89
2025-08-01,20,86.97,-2.18
2025-08-01,21,95.39,-25.39
2025-08-01,22,92.39,25.39
2025-08-01,23,117.11,-4.53
2025-08-01,24,87.37,27.45
2025-08-01,25,118.02,22.31
2025-08-01,26,131.61,-11.07
2025-08-01,27,112.83,-11.32
2025-08-01,28,88.8,-20.92
2025-08-01,29,116.1,1.26
2025-08-01,30,90.5,-0.4
2025-08-01,31,91.28,10.33
2025-08-01,32,103.26,38.87
2025-08-01,33,123.64,-1.6
2025-08-01,34,148.89,48.69
2025-08-01,35,130.0,21.48
2025-08-01,36,115.57,39.24
2025-08-01,37,137.03,4.79
2025-08-01,38,100.3,43.71
2025-08-01,39,137.69,24.47
2025-08-01,40,136.25,-4.43
2025-08-01,41,100.79,-7.7
2025-08-01,42,112.11,19.43
2025-08-01,43,77.41,19.85
2025-08-01,44,71.73,14.34
2025-08-01,45,66.25,18.99
2025-08-01,46,75.03,16.63
2025-08-01,47,67.87,-11.3
2025-08-01,48,75.33,-22.07
2025-08-02,1,105.1,8.09
2025-08-02,2,68.75,-2.27
2025-08-02,3,59.99,1.4
2025-08-02,4,91.83,-27.12
2025-08-02,5,95.38,-31.75
2025-08-02,6,89.17,-26.47
2025-08-02,7,94.24,-33.14
2025-08-02,8,98.47,-42.24
2025-08-02,9,58.34,-23.31
2025-08-02,10,83.92,-45.84
2025-08-02,11,104.5,5.22
2025-08-02,12,110.6,2.84
2025-08-02,13,69.98,6.51
2025-08-02,14,107.81,-26.86
2025-08-02,15,107.92,-44.32
2025-08-02,16,64.75,-15.45
2025-08-02,17,70.53,-5.18
2025-08-02,18,113.26,13.01
2025-08-02,19,80.24,-19.68
2025-08-02,20,96.57,-9.93
2025-08-02,21,72.51,-15.62
2025-08-02,22,97.85,27.28
2025-08-02,23,84.06,20.11
2025-08-02,24,79.96,-15.65
2025-08-02,25,99.54,-23.13
2025-08-02,26,101.04,10.69
2025-08-02,27,71.1,-17.15
2025-08-02,28,102.86,-30.1
2025-08-02,29,111.58,-6.98
2025-08-02,30,78.18,-0.69
2025-08-02,31,80.32,12.42
2025-08-02,32,95.97,-0.15
2025-08-02,33,132.04,-12.49
2025-08-02,34,124.38,17.27
2025-08-02,35,105.07,38.36
2025-08-02,36,132.95,-2.69
2025-08-02,37,136.23,26.71
2025-08-02,38,141.55,4.93
2025-08-02,39,120.22,21.04
2025-08-02,40,120.29,-9.77
2025-08-02,41,83.74,-5.84
2025-08-02,42,85.6,6.15
2025-08-02,43,103.23,8.18
2025-08-02,44,66.72,-31.79
2025-08-02,45,62.68,-16.36
2025-08-02,46,86.85,-29.62
2025-08-02,47,75.22,-32.75
2025-08-02,48,82.64,14.2
2025-08-03,1,98.26,-14.34
2025-08-03,2,84.39,-6.45
2025-08-03,3,87.85,-2.48
2025-08-03,4,71.17,-21.78
2025-08-03,5,89.55,-40.36
2025-08-03,6,66.44,5.27
2025-08-03,7,93.41,0.61
2025-08-03,8,54.43,-35.46
2025-08-03,9,68.53,-18.64
2025-08-03,10,94.51,-40.65
2025-08-03,11,74.92,2.42
2025-08-03,12,90.65,4.97
2025-08-03,13,113.48,-25.52
2025-08-03,14,84.01,-30.11
2025-08-03,15,100.39,-1.91
2025-08-03,16,91.67,11.2
2025-08-03,17,76.49,7.66
2025-08-03,18,119.41,-6.52
2025-08-03,19,106.79,-28.84
2025-08-03,20,91.32,-25.67
2025-08-03,21,100.0,-29.05
2025-08-03,22,108.4,-12.9
2025-08-03,23,93.53,-15.27
2025-08-03,24,123.93,-16.85
2025-08-03,25,81.79,14.89
2025-08-03,26,127.79,-4.25
2025-08-03,27,127.73,16.33
2025-08-03,28,123.19,10.07
2025-08-03,29,81.42,11.5
2025-08-03,30,81.49,17.05
2025-08-03,31,105.45,4.35
2025-08-03,32,115.84,-1.7
2025-08-03,33,132.05,-9.68
2025-08-03,34,122.86,39.34
2025-08-03,35,100.36,40.21
2025-08-03,36,134.47,22.29
2025-08-03,37,129.43,28.37
2025-08-03,38,123.34,27.38
2025-08-03,39,104.63,-1.45
2025-08-03,40,119.92,17.36
2025-08-03,41,91.89,-18.36
2025-08-03,42,79.8,-33.35
2025-08-03,43,103.2,-6.41
2025-08-03,44,68.02,-44.4
2025-08-03,45,80.05,-23.12
2025-08-03,46,76.96,-26.51
2025-08-03,47,63.11,-39.1
2025-08-03,48,73.94,-36.87
2025-08-04,1,99.12,9.57
2025-08-04,2,68.02,1.73
2025-08-04,3,81.37,-6.5
2025-08-04,4,55.62,-31.05
2025-08-04,5,95.07,6.68
2025-08-04,6,83.84,-14.63
2025-08-04,7,57.6,-46.51
2025-08-04,8,102.5,-30.91
2025-08-04,9,75.4,-32.96
2025-08-04,10,77.24,6.28
2025-08-04,11,77.72,9.59
2025-08-04,12,67.13,-46.1
2025-08-04,13,89.36,-6.51
2025-08-04,14,115.75,-25.04
2025-08-04,15,83.17,-34.66
2025-08-04,16,96.42,-24.17
2025-08-04,17,83.61,-19.0
2025-08-04,18,128.03,-23.49
2025-08-04,19,88.77,-12.15
2025-08-04,20,99.79,16.12
2025-08-04,21,87.66,-15.66
2025-08-04,22,79.67,19.95
2025-08-04,23,97.68,-20.98
2025-08-04,24,108.0,-17.56
2025-08-04,25,96.54,20.81
2025-08-04,26,90.16,-16.3
2025-08-04,27,127.93,-3.95
2025-08-04,28,97.21,8.68
2025-08-04,29,90.82,-2.38
2025-08-04,30,116.62,9.23
2025-08-04,31,131.77,31.76
2025-08-04,32,122.15,22.07
2025-08-04,33,144.99,40.87
2025-08-04,34,124.74,13.21
2025-08-04,35,116.9,43.13
2025-08-04,36,147.91,64.0
2025-08-04,37,148.85,33.9
2025-08-04,38,128.56,37.11
2025-08-04,39,114.95,17.69
2025-08-04,40,110.46,1.07
2025-08-04,41,79.5,-14.93
2025-08-04,42,112.86,-3.67
2025-08-04,43,105.96,1.77
2025-08-04,44,112.84,20.13
2025-08-04,45,63.7,-6.3
2025-08-04,46,115.74,-17.25
2025-08-04,47,87.97,-1.68
2025-08-04,48,116.39,-0.68
2025-08-05,1,94.39,-51.2
2025-08-05,2,113.34,17.37
2025-08-05,3,74.57,-28.65
2025-08-05,4,76.0,-39.24
2025-08-05,5,73.9,-18.74
2025-08-05,6,96.6,-51.92
2025-08-05,7,95.98,-50.11
2025-08-05,8,61.48,-23.82
2025-08-05,9,77.37,1.0
2025-08-05,10,109.26,-23.75
2025-08-05,11,97.07,-8.17
2025-08-05,12,64.9,12.45
2025-08-05,13,115.89,-10.19
2025-08-05,14,109.87,-28.83
2025-08-05,15,102.35,14.41
2025-08-05,16,118.66,11.78
2025-08-05,17,94.13,11.72
2025-08-05,18,111.95,19.42
2025-08-05,19,79.19,28.54
2025-08-05,20,82.2,10.78
2025-08-05,21,132.18,-9.61
2025-08-05,22,128.05,9.65
2025-08-05,23,81.12,-3.82
2025-08-05,24,76.49,12.92
2025-08-05,25,82.74,1.24
2025-08-05,26,129.67,36.14
2025-08-05,27,94.76,9.33
2025-08-05,28,115.62,27.91
2025-08-05,29,113.68,28.81
2025-08-05,30,109.45,22.07
2025-08-05,31,110.81,34.35
2025-08-05,32,134.56,25.61
2025-08-05,33,120.22,42.26
2025-08-05,34,99.58,6.51
2025-08-05,35,124.72,11.79
2025-08-05,36,121.96,26.51
2025-08-05,37,105.56,22.65
2025-08-05,38,141.18,26.77
2025-08-05,39,146.1,7.89
2025-08-05,40,113.84,4.58
2025-08-05,41,126.67,0.02
2025-08-05,42,113.67,11.75
2025-08-05,43,110.42,-3.49
2025-08-05,44,77.13,-17.92
2025-08-05,45,61.32,-10.86
2025-08-05,46,118.06,9.06
2025-08-05,47,60.6,-24.15
2025-08-05,48,89.48,-23.21
2025-08-06,1,104.1,-7.78
2025-08-06,2,87.88,-30.48
2025-08-06,3,84.78,11.86
2025-08-06,4,82.8,-8.12
2025-08-06,5,98.09,-5.81
2025-08-06,6,77.53,-4.94
2025-08-06,7,81.57,7.25
2025-08-06,8,106.56,-32.56
2025-08-06,9,104.15,-4.13
2025-08-06,10,104.04,-39.16
2025-08-06,11,82.69,-4.06
2025-08-06,12,82.09,-17.22
2025-08-06,13,105.71,10.79
2025-08-06,14,116.72,-7.35
2025-08-06,15,109.43,17.8
2025-08-06,16,87.1,-16.5
2025-08-06,17,100.18,-21.55
2025-08-06,18,92.12,33.62
2025-08-06,19,85.61,7.03
2025-08-06,20,81.44,-5.22
2025-08-06,21,120.79,-9.98
2025-08-06,22,101.78,-19.35
2025-08-06,23,104.92,-3.36
2025-08-06,24,97.44,25.9
2025-08-06,25,91.77,7.65
2025-08-06,26,94.51,-11.8
2025-08-06,27,127.49,-0.62
2025-08-06,28,119.46,1.56
2025-08-06,29,136.51,41.36
2025-08-06,30,104.02,-3.03
2025-08-06,31,114.19,18.74
2025-08-06,32,131.86,-1.79
2025-08-06,33,127.45,-5.5
2025-08-06,34,139.82,25.13
2025-08-06,35,120.27,35.04
2025-08-06,36,132.28,52.18
2025-08-06,37,145.79,30.79
2025-08-06,38,119.32,44.11
2025-08-06,39,112.73,33.89
2025-08-06,40,115.98,-9.28
2025-08-06,41,140.77,31.4
2025-08-06,42,101.3,-26.32
2025-08-06,43,103.85,-5.35
2025-08-06,44,116.69,3.77
2025-08-06,45,105.73,0.03
2025-08-06,46,86.17,-16.54
2025-08-06,47,112.91,-13.93
2025-08-06,48,108.21,-25.26
2025-08-07,1,96.71,-0.41
2025-08-07,2,55.76,5.73
2025-08-07,3,99.34,-10.09
2025-08-07,4,95.0,-36.21
2025-08-07,5,87.92,2.43
2025-08-07,6,85.42,-10.74
2025-08-07,7,109.36,-9.84
2025-08-07,8,96.9,1.5
2025-08-07,9,55.6,-1.08
2025-08-07,10,80.2,11.54
2025-08-07,11,95.84,-39.13
2025-08-07,12,111.58,1.12
2025-08-07,13,81.37,12.27
2025-08-07,14,115.66,-15.55
2025-08-07,15,77.66,-27.99
2025-08-07,16,106.53,-17.09
2025-08-07,17,112.32,6.14
2025-08-07,18,110.3,-23.41
2025-08-07,19,112.68,-7.03
2025-08-07,20,72.97,-7.36
2025-08-07,21,123.33,2.03
2025-08-07,22,89.39,9.69
2025-08-07,23,85.52,-20.65
2025-08-07,24,120.97,11.92
2025-08-07,25,86.29,36.16
2025-08-07,26,129.57,11.73
2025-08-07,27,122.31,16.32
2025-08-07,28,79.96,12.64
2025-08-07,29,121.64,19.08
2025-08-07,30,105.86,27.87
2025-08-07,31,96.6,-14.92
2025-08-07,32,96.53,40.93
2025-08-07,33,102.57,14.32
2025-08-07,34,157.23,42.56
2025-08-07,35,111.04,50.75
2025-08-07,36,120.08,32.92
2025-08-07,37,108.71,53.27
2025-08-07,38,98.45,0.69
2025-08-07,39,94.18,-10.37
2025-08-07,40,117.79,2.87
2025-08-07,41,108.91,-17.83
2025-08-07,42,115.86,-12.99
2025-08-07,43,101.39,-18.74
2025-08-07,44,116.34,-28.62
2025-08-07,45,90.38,-16.38
2025-08-07,46,100.74,-12.29
2025-08-07,47,63.06,-19.8
2025-08-07,48,55.82,5.83
2025-08-08,1,76.96,9.71
2025-08-08,2,83.46,-38.05
2025-08-08,3,102.92,10.57
2025-08-08,4,84.92,-26.34
2025-08-08,5,99.8,-40.69
2025-08-08,6,79.19,-41.0
2025-08-08,7,78.38,-12.11
2025-08-08,8,86.57,-29.68
2025-08-08,9,83.95,-23.2
2025-08-08,10,67.73,-22.34
2025-08-08,11,81.75,-33.95
2025-08-08,12,83.91,-9.9
2025-08-08,13,83.02,9.29
2025-08-08,14,91.92,10.07
2025-08-08,15,95.25,-14.59
2025-08-08,16,100.89,8.09
2025-08-08,17,119.65,14.91
2025-08-08,18,81.58,-19.26
2025-08-08,19,114.98,-13.12
2025-08-08,20,109.55,14.15
2025-08-08,21,89.27,12.16
2025-08-08,22,103.84,-12.46
2025-08-08,23,82.78,-23.37
2025-08-08,24,121.88,-20.2
2025-08-08,25,133.6,6.85
2025-08-08,26,87.58,-1.81
2025-08-08,27,108.1,-31.97
2025-08-08,28,125.41,-1.05
2025-08-08,29,101.34,0.72
2025-08-08,30,131.6,11.76
2025-08-08,31,125.89,3.08
2025-08-08,32,87.75,-14.47
2025-08-08,33,116.68,24.61
2025-08-08,34,147.71,11.69
2025-08-08,35,137.16,44.21
2025-08-08,36,137.09,-1.71
2025-08-08,37,110.91,12.36
2025-08-08,38,116.51,22.72
2025-08-08,39,119.94,26.53
2025-08-08,40,118.56,42.36
2025-08-08,41,112.29,5.91
2025-08-08,42,94.03,9.17
2025-08-08,43,115.26,14.24
2025-08-08,44,100.55,-33.72
2025-08-08,45,114.99,-33.67
2025-08-08,46,81.75,-21.77
2025-08-08,47,58.85,-6.32
2025-08-08,48,103.25,7.94
2025-08-09,1,86.68,-21.74
2025-08-09,2,91.69,-20.01
2025-08-09,3,60.24,-46.12
2025-08-09,4,69.24,-47.61
2025-08-09,5,66.98,-34.84
2025-08-09,6,100.69,-33.29
2025-08-09,7,53.57,-21.24
2025-08-09,8,64.9,-18.55
2025-08-09,9,55.58,3.79
2025-08-09,10,86.68,-30.34
2025-08-09,11,74.69,-37.04
2025-08-09,12,71.91,-11.01
2025-08-09,13,66.65,-41.08
2025-08-09,14,99.63,16.08
2025-08-09,15,107.37,1.32
2025-08-09,16,81.43,1.3
2025-08-09,17,98.61,-39.77
2025-08-09,18,119.06,-32.62
2025-08-09,19,94.0,8.61
2025-08-09,20,76.7,14.43
2025-08-09,21,97.28,-0.19
2025-08-09,22,77.84,13.56
2025-08-09,23,90.26,-25.1
2025-08-09,24,101.92,-8.44
2025-08-09,25,69.15,6.1
2025-08-09,26,114.38,-35.93
2025-08-09,27,111.58,-13.86
2025-08-09,28,96.48,-7.86
2025-08-09,29,83.64,0.62
2025-08-09,30,98.58,-0.94
2025-08-09,31,74.79,14.38
2025-08-09,32,128.91,12.26
2025-08-09,33,106.53,10.5
2025-08-09,34,121.98,32.51
2025-08-09,35,146.72,27.51
2025-08-09,36,96.96,1.89
2025-08-09,37,97.42,38.75
2025-08-09,38,110.44,-11.92
2025-08-09,39,135.9,-3.24
2025-08-09,40,101.76,21.24
2025-08-09,41,91.69,-27.98
2025-08-09,42,98.4,-36.16
2025-08-09,43,89.98,-31.99
2025-08-09,44,105.1,-21.17
2025-08-09,45,98.94,5.61
2025-08-09,46,88.61,8.39
2025-08-09,47,88.31,-31.98
2025-08-09,48,56.79,-20.74
2025-08-10,1,61.05,9.59
2025-08-10,2,92.59,-26.79
2025-08-10,3,70.22,-41.55
2025-08-10,4,95.3,-31.46
2025-08-10,5,55.56,-19.28
2025-08-10,6,65.83,-7.93
2025-08-10,7,54.83,-16.87
2025-08-10,8,54.63,0.24
2025-08-10,9,61.88,-55.22
2025-08-10,10,104.27,-17.14
2025-08-10,11,56.22,-38.81
2025-08-10,12,71.68,6.82
2025-08-10,13,109.98,9.45
2025-08-10,14,99.21,-23.12
2025-08-10,15,79.8,6.34
2025-08-10,16,96.12,8.6
2025-08-10,17,76.23,-8.01
2025-08-10,18,93.61,9.36
2025-08-10,19,76.25,-2.63
2025-08-10,20,99.61,0.67
2025-08-10,21,77.18,-17.0
2025-08-10,22,91.47,29.76
2025-08-10,23,103.83,-0.9
2025-08-10,24,82.43,2.36
2025-08-10,25,96.06,13.36
2025-08-10,26,100.16,1.66
2025-08-10,27,105.1,-12.93
2025-08-10,28,104.19,33.74
2025-08-10,29,125.0,-14.42
2025-08-10,30,130.33,-15.21
2025-08-10,31,104.24,26.6
2025-08-10,32,83.26,11.54
2025-08-10,33,125.0,-14.09
2025-08-10,34,122.64,2.39
2025-08-10,35,143.51,15.24
2025-08-10,36,101.49,-0.46
2025-08-10,37,103.23,18.37
2025-08-10,38,124.23,-2.53
2025-08-10,39,125.41,23.25
2025-08-10,40,127.04,-26.97
2025-08-10,41,107.06,25.36
2025-08-10,42,71.14,-30.49
2025-08-10,43,86.4,-7.59
2025-08-10,44,103.59,-32.03
2025-08-10,45,73.44,3.08
2025-08-10,46,110.12,-43.94
2025-08-10,47,70.57,-14.02
2025-08-10,48,101.51,1.06
2025-08-11,1,98.46,18.87
2025-08-11,2,62.82,-38.61
2025-08-11,3,71.09,-47.92
2025-08-11,4,93.96,-28.27
2025-08-11,5,93.27,-33.36
2025-08-11,6,105.67,-43.31
2025-08-11,7,101.2,-23.08
2025-08-11,8,77.39,-14.02
2025-08-11,9,63.96,-36.0
2025-08-11,10,73.11,-23.54
2025-08-11,11,85.87,-1.77
2025-08-11,12,103.04,-16.46
2025-08-11,13,108.43,-14.81
2025-08-11,14,103.72,-9.79
2025-08-11,15,113.94,-32.27
2025-08-11,16,81.36,3.98
2025-08-11,17,85.31,21.38
2025-08-11,18,99.69,1.4
2025-08-11,19,130.59,-8.78
2025-08-11,20,74.91,-14.77
2025-08-11,21,137.9,-14.87
2025-08-11,22,128.18,-5.84
2025-08-11,23,134.64,15.25
2025-08-11,24,96.39,0.45
2025-08-11,25,81.82,32.11
2025-08-11,26,79.4,14.78
2025-08-11,27,101.06,6.75
2025-08-11,28,106.4,27.54
2025-08-11,29,121.79,0.47
2025-08-11,30,100.93,41.25
2025-08-11,31,138.67,11.33
2025-08-11,32,126.68,-7.07
2025-08-11,33,139.0,22.68
2025-08-11,34,123.85,31.11
2025-08-11,35,127.17,41.62
2025-08-11,36,146.32,2.01
2025-08-11,37,142.3,52.47
2025-08-11,38,122.39,18.94
2025-08-11,39,143.72,15.5
2025-08-11,40,80.75,20.32
2025-08-11,41,131.49,17.73
2025-08-11,42,92.38,9.64
2025-08-11,43,68.1,-23.22
2025-08-11,44,125.03,-26.9
2025-08-11,45,105.6,-33.6
2025-08-11,46,98.57,12.21
2025-08-11,47,101.86,5.46
2025-08-11,48,67.93,14.29
2025-08-12,1,73.89,-16.81
2025-08-12,2,88.04,-35.88
2025-08-12,3,70.67,4.3
2025-08-12,4,95.68,3.25
2025-08-12,5,90.03,-27.26
2025-08-12,6,86.1,-7.19
2025-08-12,7,98.76,-30.65
2025-08-12,8,99.02,-21.39
2025-08-12,9,94.03,-19.67
2025-08-12,10,57.81,-34.62
2025-08-12,11,69.55,-21.73
2025-08-12,12,110.34,-7.09
2025-08-12,13,61.67,-39.84
2025-08-12,14,97.37,-40.65
2025-08-12,15,81.3,16.66
2025-08-12,16,81.93,19.5
2025-08-12,17,96.14,-32.98
2025-08-12,18,124.15,34.49
2025-08-12,19,129.0,-23.83
2025-08-12,20,134.7,-15.17
2025-08-12,21,103.86,-14.16
2025-08-12,22,117.74,-10.54
2025-08-12,23,133.1,-0.61
2025-08-12,24,103.66,27.62
2025-08-12,25,113.62,-7.55
2025-08-12,26,128.04,31.22
2025-08-12,27,132.38,-5.66
2025-08-12,28,107.27,27.79
2025-08-12,29,96.34,-1.28
2025-08-12,30,136.17,-10.06
2025-08-12,31,91.71,-13.59
2025-08-12,32,101.51,15.91
2025-08-12,33,133.55,22.94
2025-08-12,34,116.13,-5.75
2025-08-12,35,126.75,43.53
2025-08-12,36,115.5,10.95
2025-08-12,37,133.59,16.68
2025-08-12,38,139.38,18.7
2025-08-12,39,129.86,-6.18
2025-08-12,40,109.57,29.28
2025-08-12,41,110.56,2.33
2025-08-12,42,126.32,34.84
2025-08-12,43,118.37,19.44
2025-08-12,44,126.53,2.27
2025-08-12,45,88.58,8.53
2025-08-12,46,88.84,11.45
2025-08-12,47,78.17,0.17
2025-08-12,48,56.56,-13.82
2025-08-13,1,99.05,-25.74
2025-08-13,2,101.38,-17.13
2025-08-13,3,86.01,5.16
2025-08-13,4,114.58,-22.02
2025-08-13,5,73.73,-37.35
2025-08-13,6,105.1,-36.65
2025-08-13,7,96.35,9.68
2025-08-13,8,87.96,-34.57
2025-08-13,9,80.78,-26.83
2025-08-13,10,69.81,-24.25
2025-08-13,11,108.54,-6.01
2025-08-13,12,94.2,17.4
2025-08-13,13,75.87,-3.6
2025-08-13,14,119.8,2.94
2025-08-13,15,81.49,-6.62
2025-08-13,16,77.64,-21.33
2025-08-13,17,129.72,-4.38
2025-08-13,18,82.3,-17.45
2025-08-13,19,90.6,26.8
2025-08-13,20,128.25,-9.28
2025-08-13,21,88.09,18.15
2025-08-13,22,111.56,-2.15
2025-08-13,23,129.53,23.23
2025-08-13,24,122.32,-13.59
2025-08-13,25,104.53,34.17
2025-08-13,26,129.85,-12.34
2025-08-13,27,81.53,14.85
2025-08-13,28,101.87,26.44
2025-08-13,29,113.01,14.61
2025-08-13,30,110.04,27.12
2025-08-13,31,118.68,-13.61
2025-08-13,32,123.89,37.77
2025-08-13,33,129.36,28.93
2025-08-13,34,147.96,47.06
2025-08-13,35,105.68,18.48
2025-08-13,36,148.1,18.42
2025-08-13,37,137.55,52.41
2025-08-13,38,99.73,49.28
2025-08-13,39,96.86,32.64
2025-08-13,40,121.23,23.07
2025-08-13,41,83.45,3.92
2025-08-13,42,85.23,8.35
2025-08-13,43,82.3,20.8
2025-08-13,44,97.45,-38.2
2025-08-13,45,96.81,7.44
2025-08-13,46,74.49,5.97
2025-08-13,47,87.52,-12.07
2025-08-13,48,104.59,-37.86
2025-08-14,1,100.66,-10.69
2025-08-14,2,100.49,7.59
2025-08-14,3,90.41,4.04
2025-08-14,4,74.7,-10.47
2025-08-14,5,102.07,-6.39
2025-08-14,6,73.23,4.47
2025-08-14,7,68.97,-9.74
2025-08-14,8,82.63,-48.21
2025-08-14,9,101.44,-25.94
2025-08-14,10,106.86,2.09
2025-08-14,11,88.02,-32.04
2025-08-14,12,57.04,-4.73
2025-08-14,13,105.91,-9.7
2025-08-14,14,111.82,-2.11
2025-08-14,15,104.05,22.68
2025-08-14,16,112.07,-11.79
2025-08-14,17,83.15,27.43
2025-08-14,18,109.7,-18.13
2025-08-14,19,103.81,6.34
2025-08-14,20,112.27,-9.24
2025-08-14,21,104.76,-9.83
2025-08-14,22,92.53,-21.45
2025-08-14,23,127.25,16.13
2025-08-14,24,87.98,-6.74
2025-08-14,25,95.91,7.04
2025-08-14,26,114.11,10.99
2025-08-14,27,76.25,-15.23
2025-08-14,28,108.2,19.86
2025-08-14,29,91.9,17.27
2025-08-14,30,142.61,42.38
2025-08-14,31,106.69,38.14
2025-08-14,32,132.49,51.02
2025-08-14,33,124.6,33.12
2025-08-14,34,153.37,36.43
2025-08-14,35,111.61,36.16
2025-08-14,36,152.47,47.64
2025-08-14,37,126.93,35.85
2025-08-14,38,120.19,2.93
2025-08-14,39,108.45,22.04
2025-08-14,40,110.11,21.07
2025-08-14,41,114.69,-0.77
2025-08-14,42,82.73,2.88
2025-08-14,43,82.22,11.19
2025-08-14,44,103.46,-17.2
2025-08-14,45,70.9,-20.27
2025-08-14,46,85.5,23.35
2025-08-14,47,125.53,-12.5
2025-08-14,48,56.79,-26.58
2025-08-15,1,105.1,-39.73
2025-08-15,2,63.48,-29.7
2025-08-15,3,93.04,-18.5
2025-08-15,4,76.47,-17.55
2025-08-15,5,85.67,-25.51
2025-08-15,6,80.06,-35.74
2025-08-15,7,105.87,-23.35
2025-08-15,8,112.57,-16.43
2025-08-15,9,55.99,-42.78
2025-08-15,10,72.85,-5.76
2025-08-15,11,90.13,16.21
2025-08-15,12,77.36,-42.65
2025-08-15,13,76.89,0.63
2025-08-15,14,91.67,10.47
2025-08-15,15,122.81,9.74
2025-08-15,16,96.89,-14.13
2025-08-15,17,107.21,-6.19
2025-08-15,18,78.94,-12.2
2025-08-15,19,81.56,13.8
2025-08-15,20,129.34,-2.33
2025-08-15,21,115.53,31.2
2025-08-15,22,97.31,2.84
2025-08-15,23,116.6,25.51
2025-08-15,24,90.64,-22.25
2025-08-15,25,114.53,18.09
2025-08-15,26,137.35,-8.83
2025-08-15,27,84.34,22.66
2025-08-15,28,132.71,35.97
2025-08-15,29,115.41,39.36
2025-08-15,30,129.45,27.85
2025-08-15,31,133.89,-1.5
2025-08-15,32,130.67,10.1
2025-08-15,33,135.59,5.89
2025-08-15,34,104.9,15.31
2025-08-15,35,138.42,29.43
2025-08-15,36,117.81,13.82
2025-08-15,37,96.97,41.84
2025-08-15,38,147.43,20.77
2025-08-15,39,112.01,16.36
2025-08-15,40,90.36,-0.66
2025-08-15,41,102.89,-10.83
2025-08-15,42,90.23,17.3
2025-08-15,43,86.87,-6.81
2025-08-15,44,113.39,-17.29
2025-08-15,45,117.9,-18.18
2025-08-15,46,110.9,-12.52
2025-08-15,47,118.59,21.52
2025-08-15,48,89.58,-16.11
2025-08-16,1,56.54,-47.04
2025-08-16,2,102.75,-38.04
2025-08-16,3,94.05,-8.17
2025-08-16,4,85.74,-39.59
2025-08-16,5,45.39,-7.46
2025-08-16,6,50.53,1.21
2025-08-16,7,103.06,-8.4
2025-08-16,8,49.78,-17.71
2025-08-16,9,64.07,-0.1
2025-08-16,10,65.02,-2.02
2025-08-16,11,59.92,-3.48
2025-08-16,12,98.23,4.14
2025-08-16,13,80.56,5.83
2025-08-16,14,92.9,-39.37
2025-08-16,15,77.56,-1.34
2025-08-16,16,114.74,9.22
2025-08-16,17,87.79,2.35
2025-08-16,18,111.02,-34.25
2025-08-16,19,74.08,-10.37
2025-08-16,20,80.16,12.33
2025-08-16,21,105.88,7.67
2025-08-16,22,115.75,5.8
2025-08-16,23,79.19,-3.63
2025-08-16,24,80.22,2.54
2025-08-16,25,81.69,2.51
2025-08-16,26,99.46,-19.77
2025-08-16,27,98.67,11.62
2025-08-16,28,87.41,-7.36
2025-08-16,29,102.38,-10.55
2025-08-16,30,138.58,17.14
2025-08-16,31,134.37,-20.88
2025-08-16,32,112.39,25.99
2025-08-16,33,128.96,-5.88
2025-08-16,34,132.86,4.49
2025-08-16,35,124.87,-1.68
2025-08-16,36,149.09,43.15
2025-08-16,37,128.83,12.18
2025-08-16,38,118.54,14.1
2025-08-16,39,130.74,-12.78
2025-08-16,40,127.72,-19.14
2025-08-16,41,81.43,-1.93
2025-08-16,42,68.65,-3.02
2025-08-16,43,95.18,-28.47
2025-08-16,44,75.86,-20.88
2025-08-16,45,70.35,4.31
2025-08-16,46,107.37,-26.54
2025-08-16,47,69.12,15.58
2025-08-16,48,95.73,-32.36
2025-08-17,1,79.84,-42.94
2025-08-17,2,92.25,-29.3
2025-08-17,3,87.28,-12.49
2025-08-17,4,91.87,-32.88
2025-08-17,5,93.39,-44.99
2025-08-17,6,77.39,-19.86
2025-08-17,7,64.04,-8.33
2025-08-17,8,109.16,-33.46
2025-08-17,9,76.22,-32.71
2025-08-17,10,84.27,0.34
2025-08-17,11,58.44,-26.49
2025-08-17,12,69.13,-20.67
2025-08-17,13,96.91,-28.45
2025-08-17,14,108.5,-29.21
2025-08-17,15,97.29,10.71
2025-08-17,16,89.09,-3.95
2025-08-17,17,93.62,8.21
2025-08-17,18,85.55,-17.31
2025-08-17,19,77.79,-15.67
2025-08-17,20,77.55,-14.03
2025-08-17,21,108.85,12.23
2025-08-17,22,113.58,-17.87
2025-08-17,23,124.04,19.77
2025-08-17,24,98.88,-6.67
2025-08-17,25,94.33,-17.47
2025-08-17,26,70.64,7.9
2025-08-17,27,87.27,6.62
2025-08-17,28,124.14,19.49
2025-08-17,29,138.56,7.89
2025-08-17,30,124.57,8.6
2025-08-17,31,109.17,-14.06
2025-08-17,32,85.26,-12.57
2025-08-17,33,98.71,-10.21
2025-08-17,34,134.49,3.93
2025-08-17,35,122.81,1.11
2025-08-17,36,148.02,-4.7
2025-08-17,37,118.01,9.82
2025-08-17,38,134.92,16.86
2025-08-17,39,89.02,-2.36
2025-08-17,40,125.58,-5.59
2025-08-17,41,85.68,-12.88
2025-08-17,42,102.81,-8.68
2025-08-17,43,82.85,-28.54
2025-08-17,44,114.76,-2.67
2025-08-17,45,80.65,-35.88
2025-08-17,46,81.26,-3.56
2025-08-17,47,91.69,-51.14
2025-08-17,48,91.9,-18.02
2025-08-18,1,97.27,-1.94
2025-08-18,2,81.05,-34.54
2025-08-18,3,109.67,-7.55
2025-08-18,4,69.2,-42.01
2025-08-18,5,85.82,-29.09
2025-08-18,6,114.62,-23.11
2025-08-18,7,85.0,-18.94
2025-08-18,8,90.27,-28.77
2025-08-18,9,79.6,-23.07
2025-08-18,10,95.28,-5.95
2025-08-18,11,81.82,-12.19
2025-08-18,12,93.73,-16.04
2025-08-18,13,117.12,-5.25
2025-08-18,14,84.85,-37.4
2025-08-18,15,110.97,-5.69
2025-08-18,16,122.77,0.26
2025-08-18,17,124.78,1.53
2025-08-18,18,118.04,16.52
2025-08-18,19,85.23,-13.37
2025-08-18,20,133.15,-6.61
2025-08-18,21,116.72,4.05
2025-08-18,22,119.03,26.92
2025-08-18,23,106.38,7.8
2025-08-18,24,94.78,-19.32
2025-08-18,25,107.71,2.17
2025-08-18,26,108.04,0.89
2025-08-18,27,129.39,-14.97
2025-08-18,28,92.51,4.82
2025-08-18,29,141.06,-0.38
2025-08-18,30,94.06,10.66
2025-08-18,31,98.94,37.23
2025-08-18,32,130.39,23.83
2025-08-18,33,144.33,51.95
2025-08-18,34,161.1,27.19
2025-08-18,35,154.56,20.92
2025-08-18,36,138.44,56.91
2025-08-18,37,140.37,50.6
2025-08-18,38,129.51,12.17
2025-08-18,39,147.82,35.95
2025-08-18,40,93.52,27.01
2025-08-18,41,104.68,17.21
2025-08-18,42,104.07,4.79
2025-08-18,43,99.37,1.41
2025-08-18,44,71.0,2.57
2025-08-18,45,78.48,-15.96
2025-08-18,46,83.3,6.02
2025-08-18,47,93.02,-32.18
2025-08-18,48,90.5,-25.27
2025-08-19,1,107.51,-20.11
2025-08-19,2,85.57,3.91
2025-08-19,3,84.79,7.98
2025-08-19,4,81.59,4.08
2025-08-19,5,59.73,-27.05
2025-08-19,6,104.15,-41.33
2025-08-19,7,97.07,-17.97
2025-08-19,8,62.22,3.81
2025-08-19,9,58.71,-20.28
2025-08-19,10,79.53,-48.1
2025-08-19,11,112.07,-5.55
2025-08-19,12,73.66,13.48
2025-08-19,13,78.29,6.16
2025-08-19,14,106.13,-6.12
2025-08-19,15,129.03,-21.41
2025-08-19,16,129.52,23.72
2025-08-19,17,94.31,24.34
2025-08-19,18,120.92,-6.37
2025-08-19,19,118.27,28.42
2025-08-19,20,115.59,-20.96
2025-08-19,21,87.22,14.4
2025-08-19,22,128.13,18.89
2025-08-19,23,99.53,23.16
2025-08-19,24,115.73,1.95
2025-08-19,25,105.54,7.81
2025-08-19,26,99.32,-0.0
2025-08-19,27,99.11,13.22
2025-08-19,28,118.94,-7.4
2025-08-19,29,121.46,8.62
2025-08-19,30,137.11,24.23
2025-08-19,31,96.31,11.09
2025-08-19,32,130.75,41.37
2025-08-19,33,121.76,12.96
2025-08-19,34,111.34,22.32
2025-08-19,35,159.94,48.83
2025-08-19,36,123.65,57.18
2025-08-19,37,130.95,50.53
2025-08-19,38,151.69,37.07
2025-08-19,39,137.22,38.21
2025-08-19,40,127.79,31.1
2025-08-19,41,85.3,3.17
2025-08-19,42,77.44,18.8
2025-08-19,43,106.42,36.33
2025-08-19,44,92.14,-28.86
2025-08-19,45,96.28,2.94
2025-08-19,46,108.69,-15.25
2025-08-19,47,77.09,-2.31
2025-08-19,48,63.48,-9.33
2025-08-20,1,67.35,5.45
2025-08-20,2,88.58,-43.72
2025-08-20,3,80.18,-43.39
2025-08-20,4,112.25,-39.32
2025-08-20,5,79.09,-8.73
2025-08-20,6,90.59,-33.69
2025-08-20,7,80.66,-13.35
2025-08-20,8,66.94,-9.95
2025-08-20,9,62.46,10.52
2025-08-20,10,95.32,-29.18
2025-08-20,11,87.37,-36.23
2025-08-20,12,81.01,-41.92
2025-08-20,13,120.8,-12.42
2025-08-20,14,120.68,27.01
2025-08-20,15,107.05,-26.23
2025-08-20,16,104.7,-6.26
2025-08-20,17,126.3,29.07
2025-08-20,18,74.38,-33.36
2025-08-20,19,98.32,11.81
2025-08-20,20,92.73,-14.9
2025-08-20,21,101.78,-18.47
2025-08-20,22,111.98,-22.51
2025-08-20,23,98.61,-4.11
2025-08-20,24,93.22,-30.52
2025-08-20,25,110.64,25.95
2025-08-20,26,119.34,14.01
2025-08-20,27,127.66,12.85
2025-08-20,28,137.79,-16.86
2025-08-20,29,115.96,6.75
2025-08-20,30,131.48,18.22
2025-08-20,31,94.49,6.68
2025-08-20,32,106.13,-12.33
2025-08-20,33,100.62,7.35
2025-08-20,34,143.48,51.18
2025-08-20,35,112.06,31.79
2025-08-20,36,143.45,46.48
2025-08-20,37,111.78,34.05
2025-08-20,38,110.63,13.22
2025-08-20,39,103.41,8.61
2025-08-20,40,116.56,-9.73
2025-08-20,41,126.89,26.5
2025-08-20,42,110.8,24.25
2025-08-20,43,104.96,16.97
2025-08-20,44,98.01,-40.07
2025-08-20,45,112.42,-3.14
2025-08-20,46,89.17,-32.07
2025-08-20,47,86.62,-24.42
2025-08-20,48,79.22,-16.7
2025-08-21,1,76.63,-45.58
2025-08-21,2,83.52,11.01
2025-08-21,3,73.87,-39.39
2025-08-21,4,112.18,-16.47
2025-08-21,5,73.51,-31.87
2025-08-21,6,63.8,-29.13
2025-08-21,7,114.7,11.67
2025-08-21,8,102.36,2.7
2025-08-21,9,107.09,-3.96
2025-08-21,10,71.67,-0.41
2025-08-21,11,86.19,-7.7
2025-08-21,12,86.93,-26.76
2025-08-21,13,117.43,-37.62
2025-08-21,14,116.14,17.97
2025-08-21,15,107.32,13.25
2025-08-21,16,121.22,6.09
2025-08-21,17,123.19,-23.86
2025-08-21,18,107.37,-12.15
2025-08-21,19,99.69,-10.93
2025-08-21,20,128.34,-17.75
2025-08-21,21,122.35,21.49
2025-08-21,22,121.08,3.31
2025-08-21,23,96.69,-5.63
2025-08-21,24,131.33,31.97
2025-08-21,25,134.77,17.68
2025-08-21,26,97.13,39.29
2025-08-21,27,86.9,-23.16
2025-08-21,28,89.77,8.77
2025-08-21,29,94.47,-10.03
2025-08-21,30,113.76,-8.19
2025-08-21,31,142.92,-4.76
2025-08-21,32,140.05,17.12
2025-08-21,33,115.46,42.67
2025-08-21,34,120.9,0.71
2025-08-21,35,131.65,16.41
2025-08-21,36,139.69,47.29
2025-08-21,37,145.37,9.51
2025-08-21,38,130.08,37.04
2025-08-21,39,144.5,32.82
2025-08-21,40,131.77,34.0
2025-08-21,41,113.22,20.11
2025-08-21,42,104.55,-8.33
2025-08-21,43,89.97,-15.36
2025-08-21,44,105.33,16.44
2025-08-21,45,71.54,7.77
2025-08-21,46,83.56,6.36
2025-08-21,47,123.35,-11.35
2025-08-21,48,108.99,12.98
2025-08-22,1,98.56,-16.0
2025-08-22,2,105.43,-4.51
2025-08-22,3,109.19,-4.85
2025-08-22,4,90.09,-26.63
2025-08-22,5,74.17,-0.81
2025-08-22,6,97.14,-33.23
2025-08-22,7,71.44,-8.01
2025-08-22,8,50.24,-54.71
2025-08-22,9,93.12,-45.09
2025-08-22,10,97.81,-42.7
2025-08-22,11,97.52,-26.82
2025-08-22,12,87.35,9.04
2025-08-22,13,95.61,19.38
2025-08-22,14,103.76,-9.51
2025-08-22,15,101.48,-24.63
2025-08-22,16,88.4,-17.52
2025-08-22,17,86.09,19.6
2025-08-22,18,108.95,-20.34
2025-08-22,19,83.73,-21.97
2025-08-22,20,125.84,2.78
2025-08-22,21,101.46,-7.53
2025-08-22,22,102.87,13.97
2025-08-22,23,88.34,-16.97
2025-08-22,24,120.91,2.76
2025-08-22,25,74.13,-13.94
2025-08-22,26,118.79,-0.67
2025-08-22,27,108.04,9.34
2025-08-22,28,124.56,24.19
2025-08-22,29,94.86,12.85
2025-08-22,30,140.43,3.26
2025-08-22,31,113.0,12.16
2025-08-22,32,122.42,50.93
2025-08-22,33,125.53,14.97
2025-08-22,34,103.46,43.99
2025-08-22,35,130.05,11.04
2025-08-22,36,169.88,31.11
2025-08-22,37,131.48,3.68
2025-08-22,38,125.54,39.93
2025-08-22,39,147.9,-4.96
2025-08-22,40,138.94,21.27
2025-08-22,41,95.47,5.27
2025-08-22,42,102.8,-21.44
2025-08-22,43,118.63,-8.38
2025-08-22,44,80.69,20.87
2025-08-22,45,108.28,-35.5
2025-08-22,46,113.27,17.34
2025-08-22,47,67.51,2.73
2025-08-22,48,113.81,18.9
2025-08-23,1,74.34,-3.17
2025-08-23,2,87.74,-27.69
2025-08-23,3,67.63,9.89
2025-08-23,4,96.15,-6.26
2025-08-23,5,85.8,0.07
2025-08-23,6,78.55,-32.68
2025-08-23,7,90.23,-5.15
2025-08-23,8,87.03,-8.45
2025-08-23,9,93.91,-55.17
2025-08-23,10,81.32,-56.75
2025-08-23,11,77.85,-2.06
2025-08-23,12,100.43,-14.46
2025-08-23,13,110.56,-3.43
2025-08-23,14,92.02,8.38
2025-08-23,15,116.11,-9.16
2025-08-23,16,99.81,-34.1
2025-08-23,17,80.48,21.72
2025-08-23,18,103.28,-35.6
2025-08-23,19,124.36,19.46
2025-08-23,20,81.11,-24.47
2025-08-23,21,120.88,-28.56
2025-08-23,22,81.26,-7.42
2025-08-23,23,106.62,-20.53
2025-08-23,24,123.82,7.05
2025-08-23,25,100.24,-25.84
2025-08-23,26,109.17,21.69
2025-08-23,27,81.31,-33.02
2025-08-23,28,108.58,1.42
2025-08-23,29,129.11,20.93
2025-08-23,30,138.58,9.41
2025-08-23,31,97.01,29.37
2025-08-23,32,128.3,9.12
2025-08-23,33,140.99,16.18
2025-08-23,34,129.6,24.39
2025-08-23,35,141.21,34.78
2025-08-23,36,127.57,15.1
2025-08-23,37,137.32,0.52
2025-08-23,38,106.45,24.01
2025-08-23,39,116.89,21.03
2025-08-23,40,100.64,-5.02
2025-08-23,41,107.82,-2.21
2025-08-23,42,106.38,9.74
2025-08-23,43,69.11,-26.86
2025-08-23,44,83.69,-0.28
2025-08-23,45,77.05,18.39
2025-08-23,46,68.72,-10.6
2025-08-23,47,76.31,-38.4
2025-08-23,48,91.36,-37.23
2025-08-24,1,69.81,-3.48
2025-08-24,2,100.72,-9.36
2025-08-24,3,48.5,2.89
2025-08-24,4,88.0,-30.31
2025-08-24,5,80.38,-34.74
2025-08-24,6,83.79,-18.01
2025-08-24,7,62.34,-45.49
2025-08-24,8,71.49,5.52
2025-08-24,9,105.29,-40.07
2025-08-24,10,66.73,-8.57
2025-08-24,11,56.67,7.63
2025-08-24,12,62.9,1.28
2025-08-24,13,107.44,-8.56
2025-08-24,14,120.45,12.92
2025-08-24,15,77.35,22.57
2025-08-24,16,115.36,3.75
2025-08-24,17,102.88,7.32
2025-08-24,18,100.09,-29.69
2025-08-24,19,124.4,-23.29
2025-08-24,20,90.78,-36.89
2025-08-24,21,79.48,-3.05
2025-08-24,22,88.16,24.36
2025-08-24,23,-16.44,-79.28
2025-08-24,24,-15.28,-120.61
2025-08-24,25,-2.77,-128.31
2025-08-24,26,-4.22,-77.78
2025-08-24,27,24.62,-82.32
2025-08-24,28,-1.12,-78.82
2025-08-24,29,-6.42,-89.43
2025-08-24,30,8.01,-91.79
2025-08-24,31,128.76,34.56
2025-08-24,32,90.01,1.9
2025-08-24,33,145.02,-4.53
2025-08-24,34,108.83,16.74
2025-08-24,35,98.9,6.64
2025-08-24,36,144.13,-5.64
2025-08-24,37,110.98,38.12
2025-08-24,38,139.01,-6.67
2025-08-24,39,132.8,-3.87
2025-08-24,40,104.68,-15.33
2025-08-24,41,83.72,-4.0
2025-08-24,42,119.33,-39.55
2025-08-24,43,82.45,12.38
2025-08-24,44,111.06,18.45
2025-08-24,45,84.06,-5.68
2025-08-24,46,90.65,-18.57
2025-08-24,47,63.85,12.19
2025-08-24,48,103.08,-17.3
2025-08-25,1,71.79,-30.77
2025-08-25,2,91.93,-41.07
2025-08-25,3,89.12,12.59
2025-08-25,4,86.28,-43.32
2025-08-25,5,69.48,-47.43
2025-08-25,6,61.05,-3.22
2025-08-25,7,96.22,-24.8
2025-08-25,8,97.56,-2.15
2025-08-25,9,92.76,-2.37
2025-08-25,10,70.03,-39.63
2025-08-25,11,109.04,8.54
2025-08-25,12,77.63,10.37
2025-08-25,13,77.59,16.0
2025-08-25,14,88.31,-9.79
2025-08-25,15,106.47,-15.52
2025-08-25,16,86.1,4.43
2025-08-25,17,125.33,3.36
2025-08-25,18,95.82,-13.64
2025-08-25,19,133.86,20.4
2025-08-25,20,114.22,-14.43
2025-08-25,21,101.87,-25.38
2025-08-25,22,107.07,-20.27
2025-08-25,23,32.09,-85.84
2025-08-25,24,9.97,-55.27
2025-08-25,25,-7.65,-108.47
2025-08-25,26,38.41,-65.94
2025-08-25,27,19.31,-71.88
2025-08-25,28,3.02,-92.33
2025-08-25,29,-3.42,-108.24
2025-08-25,30,21.89,-96.93
2025-08-25,31,103.67,31.61
2025-08-25,32,139.02,49.29
2025-08-25,33,138.53,51.55
2025-08-25,34,108.5,14.22
2025-08-25,35,145.83,41.47
2025-08-25,36,127.31,53.27
2025-08-25,37,115.66,11.65
2025-08-25,38,107.97,15.71
2025-08-25,39,102.86,5.98
2025-08-25,40,121.79,-11.65
2025-08-25,41,114.6,33.29
2025-08-25,42,113.13,-7.56
2025-08-25,43,116.17,-16.89
2025-08-25,44,77.92,-20.13
2025-08-25,45,75.43,-23.46
2025-08-25,46,97.71,-41.55
2025-08-25,47,108.8,2.72
2025-08-25,48,97.82,-22.93
2025-08-26,1,72.64,14.06
2025-08-26,2,77.19,-18.47
2025-08-26,3,69.74,-27.8
2025-08-26,4,78.56,9.39
2025-08-26,5,63.12,-29.12
2025-08-26,6,83.95,-8.18
2025-08-26,7,75.06,7.22
2025-08-26,8,112.51,-18.79
2025-08-26,9,102.69,-17.39
2025-08-26,10,59.29,11.19
2025-08-26,11,107.51,9.2
2025-08-26,12,104.62,2.17
2025-08-26,13,74.87,7.07
2025-08-26,14,114.55,-6.68
2025-08-26,15,95.28,19.82
2025-08-26,16,127.98,2.08
2025-08-26,17,120.6,19.95
2025-08-26,18,137.87,-11.4
2025-08-26,19,95.52,-6.89
2025-08-26,20,129.89,14.93
2025-08-26,21,82.89,-14.26
2025-08-26,22,91.86,-18.7
2025-08-26,23,119.38,-23.82
2025-08-26,24,133.08,-17.15
2025-08-26,25,135.96,27.73
2025-08-26,26,99.99,18.61
2025-08-26,27,140.86,15.83
2025-08-26,28,97.45,8.15
2025-08-26,29,143.87,9.02
2025-08-26,30,93.73,25.29
2025-08-26,31,98.22,14.36
2025-08-26,32,129.49,30.06
2025-08-26,33,122.24,13.2
2025-08-26,34,119.79,33.04
2025-08-26,35,119.1,42.96
2025-08-26,36,104.35,18.8
2025-08-26,37,116.86,58.29
2025-08-26,38,101.38,17.46
2025-08-26,39,124.47,53.94
2025-08-26,40,108.47,21.47
2025-08-26,41,116.14,3.41
2025-08-26,42,109.93,-9.47
2025-08-26,43,104.3,12.94
2025-08-26,44,85.98,-15.06
2025-08-26,45,106.14,22.67
2025-08-26,46,116.38,-26.87
2025-08-26,47,90.25,-14.36
2025-08-26,48,101.3,-31.62
2025-08-27,1,74.69,-7.64
2025-08-27,2,77.62,-17.15
2025-08-27,3,82.55,13.24
2025-08-27,4,98.07,-14.85
2025-08-27,5,83.48,-21.9
2025-08-27,6,103.01,-8.77
2025-08-27,7,88.71,-32.6
2025-08-27,8,67.93,-28.57
2025-08-27,9,74.82,-40.27
2025-08-27,10,87.86,-49.65
2025-08-27,11,106.27,11.39
2025-08-27,12,66.5,-34.38
2025-08-27,13,101.07,-20.27
2025-08-27,14,86.73,-29.52
2025-08-27,15,117.01,-2.58
2025-08-27,16,126.08,-24.29
2025-08-27,17,90.67,0.93
2025-08-27,18,131.38,4.6
2025-08-27,19,80.62,-3.74
2025-08-27,20,92.34,7.42
2025-08-27,21,112.68,33.51
2025-08-27,22,101.87,9.75
2025-08-27,23,114.46,30.78
2025-08-27,24,96.52,13.24
2025-08-27,25,126.34,-8.65
2025-08-27,26,120.74,17.02
2025-08-27,27,109.26,34.64
2025-08-27,28,97.37,22.91
2025-08-27,29,107.65,2.37
2025-08-27,30,93.65,-9.5
2025-08-27,31,88.94,-5.89
2025-08-27,32,155.95,1.55
2025-08-27,33,146.81,53.32
2025-08-27,34,151.79,11.11
2025-08-27,35,148.2,55.41
2025-08-27,36,148.14,5.29
2025-08-27,37,128.76,60.85
2025-08-27,38,148.44,-2.59
2025-08-27,39,108.66,11.92
2025-08-27,40,91.79,7.81
2025-08-27,41,121.3,-20.46
2025-08-27,42,100.48,-18.94
2025-08-27,43,102.91,4.83
2025-08-27,44,126.74,-2.43
2025-08-27,45,116.73,-27.64
2025-08-27,46,69.8,-15.76
2025-08-27,47,92.61,-17.98
2025-08-27,48,63.78,7.97
2025-08-28,1,84.37,2.47
2025-08-28,2,86.61,-42.85
2025-08-28,3,65.09,-13.32
2025-08-28,4,92.91,-31.23
2025-08-28,5,107.22,-24.17
2025-08-28,6,70.82,-29.42
2025-08-28,7,61.55,-1.4
2025-08-28,8,70.26,-26.54
2025-08-28,9,115.33,11.47
2025-08-28,10,115.21,-18.49
2025-08-28,11,101.56,-33.31
2025-08-28,12,113.5,-34.34
2025-08-28,13,71.49,-8.73
2025-08-28,14,83.45,-8.54
2025-08-28,15,88.0,4.88
2025-08-28,16,128.88,-7.01
2025-08-28,17,115.16,-8.41
2025-08-28,18,116.18,19.47
2025-08-28,19,130.82,-17.57
2025-08-28,20,82.66,11.66
2025-08-28,21,124.63,24.35
2025-08-28,22,109.54,22.69
2025-08-28,23,102.96,1.47
2025-08-28,24,89.2,-15.11
2025-08-28,25,139.36,7.06
2025-08-28,26,85.38,23.62
2025-08-28,27,141.32,16.57
2025-08-28,28,128.68,26.13
2025-08-28,29,136.29,21.11
2025-08-28,30,117.64,32.1
2025-08-28,31,107.88,51.38
2025-08-28,32,156.16,13.31
2025-08-28,33,138.03,53.22
2025-08-28,34,144.89,33.6
2025-08-28,35,130.98,50.39
2025-08-28,36,159.02,28.18
2025-08-28,37,121.81,44.46
2025-08-28,38,116.56,39.49
2025-08-28,39,137.96,48.93
2025-08-28,40,100.07,21.35
2025-08-28,41,121.99,8.0
2025-08-28,42,120.0,-3.07
2025-08-28,43,130.36,-10.28
2025-08-28,44,78.34,-20.09
2025-08-28,45,73.89,-3.82
2025-08-28,46,96.22,-38.25
2025-08-28,47,85.07,-3.42
2025-08-28,48,92.87,1.46
2025-08-29,1,79.41,-40.14
2025-08-29,2,81.61,-13.39
2025-08-29,3,72.0,-26.65
2025-08-29,4,108.9,-39.87
2025-08-29,5,67.02,-44.52
2025-08-29,6,91.81,-41.93
2025-08-29,7,102.13,-44.62
2025-08-29,8,71.61,-49.43
2025-08-29,9,92.87,-1.16
2025-08-29,10,85.62,-33.68
2025-08-29,11,105.42,-32.8
2025-08-29,12,101.01,-33.33
2025-08-29,13,81.96,-34.81
2025-08-29,14,99.22,-22.74
2025-08-29,15,80.92,-2.2
2025-08-29,16,96.38,11.04
2025-08-29,17,114.28,-4.3
2025-08-29,18,115.81,25.63
2025-08-29,19,114.27,4.57
2025-08-29,20,126.2,13.97
2025-08-29,21,121.83,28.95
2025-08-29,22,126.45,28.32
2025-08-29,23,114.52,31.78
2025-08-29,24,132.99,26.36
2025-08-29,25,95.9,43.63
2025-08-29,26,107.91,18.68
2025-08-29,27,122.08,2.12
2025-08-29,28,98.34,3.21
2025-08-29,29,138.23,28.37
2025-08-29,30,141.59,17.07
2025-08-29,31,143.69,10.1
2025-08-29,32,139.41,39.64
2025-08-29,33,138.74,11.59
2025-08-29,34,144.8,21.89
2025-08-29,35,144.19,13.96
2025-08-29,36,124.63,38.51
2025-08-29,37,114.59,45.74
2025-08-29,38,159.55,39.52
2025-08-29,39,116.17,2.49
2025-08-29,40,101.13,-10.15
2025-08-29,41,82.09,-3.17
2025-08-29,42,112.29,22.69
2025-08-29,43,120.84,10.8
2025-08-29,44,69.79,-19.29
2025-08-29,45,98.8,-30.65
2025-08-29,46,107.93,-28.09
2025-08-29,47,80.42,-4.34
2025-08-29,48,104.38,-10.12
2025-08-30,1,100.2,-19.59
2025-08-30,2,63.07,-8.28
2025-08-30,3,70.35,-3.63
2025-08-30,4,92.67,-41.48
2025-08-30,5,96.91,-39.68
2025-08-30,6,88.81,-36.73
2025-08-30,7,73.82,-36.74
2025-08-30,8,86.75,-36.36
2025-08-30,9,83.22,3.17
2025-08-30,10,83.3,-10.21
2025-08-30,11,107.73,-12.81
2025-08-30,12,93.32,12.55
2025-08-30,13,113.52,-29.88
2025-08-30,14,117.24,-26.59
2025-08-30,15,81.52,-35.29
2025-08-30,16,78.48,-15.52
2025-08-30,17,114.24,17.55
2025-08-30,18,99.1,7.51
2025-08-30,19,117.74,-21.99
2025-08-30,20,90.24,-17.77
2025-08-30,21,78.79,2.0
2025-08-30,22,101.52,5.5
2025-08-30,23,105.17,-8.92
2025-08-30,24,84.12,-3.7
2025-08-30,25,97.46,-20.97
2025-08-30,26,100.45,-12.5
2025-08-30,27,93.81,-11.55
2025-08-30,28,135.53,6.96
2025-08-30,29,114.36,-3.35
2025-08-30,30,132.89,1.88
2025-08-30,31,95.66,0.86
2025-08-30,32,101.8,1.37
2025-08-30,33,117.49,-3.92
2025-08-30,34,112.11,44.1
2025-08-30,35,111.84,44.97
2025-08-30,36,97.57,15.46
2025-08-30,37,120.25,19.47
2025-08-30,38,96.3,14.5
2025-08-30,39,104.0,30.95
2025-08-30,40,98.0,-18.92
2025-08-30,41,95.49,8.33
2025-08-30,42,96.49,15.24
2025-08-30,43,67.51,-29.55
2025-08-30,44,77.49,-9.4
2025-08-30,45,90.62,-16.41
2025-08-30,46,91.06,-20.84
2025-08-30,47,114.11,-39.98
2025-08-30,48,64.91,-6.14
2025-08-31,1,86.05,-30.77
2025-08-31,2,55.23,-31.03
2025-08-31,3,82.83,-12.38
2025-08-31,4,68.93,-28.5
2025-08-31,5,98.98,-36.65
2025-08-31,6,67.15,-22.38
2025-08-31,7,92.09,-0.35
2025-08-31,8,75.37,-15.35
2025-08-31,9,68.17,-39.07
2025-08-31,10,94.42,-33.83
2025-08-31,11,82.58,-34.1
2025-08-31,12,58.93,0.5
2025-08-31,13,94.6,-10.61
2025-08-31,14,101.78,-21.3
2025-08-31,15,110.03,-25.88
2025-08-31,16,81.15,-6.98
2025-08-31,17,69.25,2.61
2025-08-31,18,76.43,14.5
2025-08-31,19,77.17,0.31
2025-08-31,20,85.69,18.78
2025-08-31,21,77.46,-13.49
2025-08-31,22,71.23,-4.84
2025-08-31,23,89.66,-20.94
2025-08-31,24,77.72,-21.58
2025-08-31,25,106.64,18.13
2025-08-31,26,78.92,-24.81
2025-08-31,27,114.35,-12.34
2025-08-31,28,82.35,16.19
2025-08-31,29,83.75,-2.27
2025-08-31,30,94.58,11.01
2025-08-31,31,132.61,35.96
2025-08-31,32,113.32,5.61
2025-08-31,33,120.92,44.3
2025-08-31,34,102.3,16.71
2025-08-31,35,158.09,34.01
2025-08-31,36,147.56,36.0
2025-08-31,37,137.4,26.42
2025-08-31,38,132.86,19.97
2025-08-31,39,122.34,20.36
2025-08-31,40,116.97,22.09
2025-08-31,41,102.69,-11.06
2025-08-31,42,81.31,-3.0
2025-08-31,43,85.34,-21.81
2025-08-31,44,64.95,-4.86
2025-08-31,45,110.79,-8.77
2025-08-31,46,105.05,-4.27
2025-08-31,47,79.24,-8.41
2025-08-31,48,93.33,14.17
2025-09-01,1,70.94,-12.22
2025-09-01,2,77.4,4.89
2025-09-01,3,102.18,-3.61
2025-09-01,4,70.18,12.44
2025-09-01,5,76.35,-4.17
2025-09-01,6,77.23,-30.27
2025-09-01,7,103.13,2.13
2025-09-01,8,109.87,-8.88
2025-09-01,9,60.81,-28.79
2025-09-01,10,81.95,-21.49
2025-09-01,11,118.0,-34.2
2025-09-01,12,114.25,-31.85
2025-09-01,13,97.75,1.76
2025-09-01,14,97.36,20.18
2025-09-01,15,108.07,-31.95
2025-09-01,16,118.18,26.39
2025-09-01,17,98.84,-15.27
2025-09-01,18,83.16,29.66
2025-09-01,19,103.96,2.09
2025-09-01,20,132.7,34.83
2025-09-01,21,137.07,-0.64
2025-09-01,22,85.96,2.54
2025-09-01,23,128.57,2.01
2025-09-01,24,123.83,4.14
2025-09-01,25,138.04,29.3
2025-09-01,26,133.25,-18.76
2025-09-01,27,91.31,3.07
2025-09-01,28,136.61,-13.66
2025-09-01,29,97.6,47.42
2025-09-01,30,135.39,34.58
2025-09-01,31,116.69,0.09
2025-09-01,32,107.9,20.25
2025-09-01,33,106.57,7.79
2025-09-01,34,144.11,12.06
2025-09-01,35,149.04,35.18
2025-09-01,36,143.15,11.06
2025-09-01,37,161.66,34.48
2025-09-01,38,127.88,56.32
2025-09-01,39,127.01,21.26
2025-09-01,40,127.31,18.29
2025-09-01,41,142.29,-12.0
2025-09-01,42,120.61,-11.21
2025-09-01,43,110.03,-13.59
2025-09-01,44,92.35,-28.52
2025-09-01,45,96.31,-30.75
2025-09-01,46,96.42,-7.61
2025-09-01,47,79.28,16.31
2025-09-01,48,103.3,7.95
2025-09-02,1,87.11,-30.93
2025-09-02,2,75.04,-8.76
2025-09-02,3,101.69,3.8
2025-09-02,4,104.6,8.02
2025-09-02,5,106.32,-38.1
2025-09-02,6,91.48,-0.49
2025-09-02,7,83.5,14.31
2025-09-02,8,96.32,-27.23
2025-09-02,9,104.06,-21.68
2025-09-02,10,75.51,-25.99
2025-09-02,11,93.33,-15.98
2025-09-02,12,73.58,-36.63
2025-09-02,13,77.04,-32.63
2025-09-02,14,90.47,15.9
2025-09-02,15,94.08,-30.12
2025-09-02,16,132.74,-15.74
2025-09-02,17,92.95,31.4
2025-09-02,18,107.55,9.35
2025-09-02,19,124.62,-1.85
2025-09-02,20,92.85,4.46
2025-09-02,21,129.49,20.26
2025-09-02,22,91.36,9.14
2025-09-02,23,133.51,-13.64
2025-09-02,24,125.04,0.58
2025-09-02,25,109.83,-12.06
2025-09-02,26,93.07,5.97
2025-09-02,27,137.74,40.61
2025-09-02,28,138.82,19.26
2025-09-02,29,91.97,15.55
2025-09-02,30,119.6,14.17
2025-09-02,31,108.52,15.64
2025-09-02,32,134.36,38.52
2025-09-02,33,136.21,7.48
2025-09-02,34,150.98,28.8
2025-09-02,35,118.71,17.31
2025-09-02,36,142.66,63.13
2025-09-02,37,111.97,27.56
2025-09-02,38,155.95,3.87
2025-09-02,39,151.18,-3.02
2025-09-02,40,112.59,26.97
2025-09-02,41,114.22,-10.93
2025-09-02,42,128.78,16.7
2025-09-02,43,94.95,23.93
2025-09-02,44,75.78,-21.24
2025-09-02,45,85.08,-37.57
2025-09-02,46,85.95,29.02
2025-09-02,47,101.17,-9.25
2025-09-02,48,83.61,-6.92
2025-09-03,1,65.09,10.28
2025-09-03,2,59.59,-11.5
2025-09-03,3,103.39,-20.15
2025-09-03,4,107.88,-2.03
2025-09-03,5,59.05,-34.13
2025-09-03,6,94.8,-34.67
2025-09-03,7,72.92,-2.41
2025-09-03,8,105.4,-44.74
2025-09-03,9,90.95,-13.89
2025-09-03,10,107.36,-3.9
2025-09-03,11,59.86,-27.91
2025-09-03,12,82.56,-21.21
2025-09-03,13,102.61,0.54
2025-09-03,14,123.55,-25.17
2025-09-03,15,119.75,26.67
2025-09-03,16,120.29,-14.09
2025-09-03,17,124.05,-2.26
2025-09-03,18,109.56,1.24
2025-09-03,19,130.71,-1.43
2025-09-03,20,135.14,27.12
2025-09-03,21,105.3,-12.63
2025-09-03,22,102.43,15.04
2025-09-03,23,79.59,-20.74
2025-09-03,24,81.7,10.25
2025-09-03,25,121.07,-2.24
2025-09-03,26,111.51,12.3
2025-09-03,27,133.83,24.42
2025-09-03,28,96.77,20.74
2025-09-03,29,116.51,44.34
2025-09-03,30,118.98,4.52
2025-09-03,31,137.6,13.19
2025-09-03,32,152.41,36.98
2025-09-03,33,138.3,22.56
2025-09-03,34,125.69,18.66
2025-09-03,35,119.12,42.82
2025-09-03,36,132.23,23.57
2025-09-03,37,139.12,14.34
2025-09-03,38,138.7,7.8
2025-09-03,39,156.16,1.17
2025-09-03,40,103.72,28.6
2025-09-03,41,123.19,-23.66
2025-09-03,42,123.24,29.06
2025-09-03,43,103.18,2.08
2025-09-03,44,81.37,-29.05
2025-09-03,45,111.6,12.8
2025-09-03,46,93.76,3.58
2025-09-03,47,70.16,-9.55
2025-09-03,48,116.94,14.67
2025-09-04,1,87.04,-23.73
2025-09-04,2,61.09,-14.32
2025-09-04,3,108.78,-12.22
2025-09-04,4,102.52,13.02
2025-09-04,5,78.14,-25.97
2025-09-04,6,67.77,-29.76
2025-09-04,7,64.23,-37.36
2025-09-04,8,62.94,3.76
2025-09-04,9,78.59,-17.39
2025-09-04,10,80.45,-21.85
2025-09-04,11,111.74,-30.18
2025-09-04,12,96.63,-1.75
2025-09-04,13,70.09,18.79
2025-09-04,14,116.9,-9.77
2025-09-04,15,105.94,-18.18
2025-09-04,16,84.15,28.39
2025-09-04,17,107.34,-15.95
2025-09-04,18,86.63,-9.21
2025-09-04,19,93.45,24.7
2025-09-04,20,102.05,10.45
2025-09-04,21,103.62,19.13
2025-09-04,22,106.37,-14.43
2025-09-04,23,134.45,25.1
2025-09-04,24,88.52,23.66
2025-09-04,25,107.41,-12.3
2025-09-04,26,82.55,-21.87
2025-09-04,27,121.8,-3.45
2025-09-04,28,125.56,19.39
2025-09-04,29,91.95,38.82
2025-09-04,30,93.94,15.88
2025-09-04,31,128.17,-11.31
2025-09-04,32,108.55,15.82
2025-09-04,33,135.27,25.5
2025-09-04,34,121.84,22.22
2025-09-04,35,129.14,59.42
2025-09-04,36,135.41,8.99
2025-09-04,37,149.4,42.24
2025-09-04,38,136.91,44.92
2025-09-04,39,142.87,9.32
2025-09-04,40,116.18,14.76
2025-09-04,41,121.54,3.45
2025-09-04,42,103.35,20.58
2025-09-04,43,102.18,16.59
2025-09-04,44,103.78,-15.0
2025-09-04,45,86.41,6.94
2025-09-04,46,85.23,-12.96
2025-09-04,47,110.71,-35.22
2025-09-04,48,69.85,-22.77
2025-09-05,1,83.74,-19.31
2025-09-05,2,100.15,-44.75
2025-09-05,3,108.77,-6.04
2025-09-05,4,84.56,-10.06
2025-09-05,5,71.68,-22.51
2025-09-05,6,100.99,-24.79
2025-09-05,7,81.1,-21.55
2025-09-05,8,63.86,-15.32
2025-09-05,9,59.31,-16.36
2025-09-05,10,94.02,-27.77
2025-09-05,11,76.47,-13.66
2025-09-05,12,92.05,-28.99
2025-09-05,13,111.1,-15.97
2025-09-05,14,129.06,26.46
2025-09-05,15,81.59,29.37
2025-09-05,16,102.2,21.79
2025-09-05,17,101.96,-0.14
2025-09-05,18,94.28,-1.34
2025-09-05,19,115.56,38.17
2025-09-05,20,115.09,12.67
2025-09-05,21,103.08,19.21
2025-09-05,22,131.38,-21.34
2025-09-05,23,115.57,16.84
2025-09-05,24,92.22,39.43
2025-09-05,25,136.64,0.42
2025-09-05,26,111.34,-3.64
2025-09-05,27,105.66,30.29
2025-09-05,28,114.0,7.61
2025-09-05,29,115.92,-3.12
2025-09-05,30,99.77,39.47
2025-09-05,31,132.45,13.9
2025-09-05,32,109.25,-2.3
2025-09-05,33,145.11,15.39
2025-09-05,34,167.55,41.63
2025-09-05,35,121.44,33.58
2025-09-05,36,134.74,46.38
2025-09-05,37,137.65,33.4
2025-09-05,38,106.73,61.17
2025-09-05,39,152.09,6.02
2025-09-05,40,116.43,34.32
2025-09-05,41,89.97,33.92
2025-09-05,42,90.3,22.27
2025-09-05,43,116.03,-19.34
2025-09-05,44,126.47,22.42
2025-09-05,45,73.85,-1.02
2025-09-05,46,73.81,22.68
2025-09-05,47,103.74,-9.07
2025-09-05,48,67.25,17.84
2025-09-06,1,106.6,-5.99
2025-09-06,2,90.56,-25.89
2025-09-06,3,80.48,-31.18
2025-09-06,4,103.87,-29.2
2025-09-06,5,85.01,-4.18
2025-09-06,6,67.77,12.96
2025-09-06,7,71.45,-50.4
2025-09-06,8,105.59,-27.5
2025-09-06,9,96.36,-4.94
2025-09-06,10,71.94,-10.3
2025-09-06,11,72.22,-28.28
2025-09-06,12,94.05,-45.71
2025-09-06,13,103.1,-21.94
2025-09-06,14,102.3,-18.86
2025-09-06,15,101.55,-25.13
2025-09-06,16,101.37,-36.62
2025-09-06,17,111.13,0.89
2025-09-06,18,125.6,5.65
2025-09-06,19,75.0,21.31
2025-09-06,20,107.93,2.68
2025-09-06,21,103.34,-8.05
2025-09-06,22,76.54,-11.18
2025-09-06,23,119.3,-11.81
2025-09-06,24,117.02,8.95
2025-09-06,25,81.19,31.01
2025-09-06,26,121.87,4.24
2025-09-06,27,97.27,15.55
2025-09-06,28,129.88,16.47
2025-09-06,29,113.63,-0.04
2025-09-06,30,118.07,4.62
2025-09-06,31,124.39,6.6
2025-09-06,32,122.35,25.28
2025-09-06,33,120.36,43.93
2025-09-06,34,301.06,172.46
2025-09-06,35,320.72,176.16
2025-09-06,36,301.48,187.1
2025-09-06,37,324.87,187.8
2025-09-06,38,323.35,179.47
2025-09-06,39,298.6,184.05
2025-09-06,40,120.52,18.15
2025-09-06,41,129.48,15.11
2025-09-06,42,116.91,-9.66
2025-09-06,43,100.9,24.54
2025-09-06,44,93.15,-4.82
2025-09-06,45,105.39,-35.0
2025-09-06,46,102.67,-6.25
2025-09-06,47,89.76,-4.41
2025-09-06,48,109.31,-44.4
2025-09-07,1,60.94,-11.95
2025-09-07,2,103.52,7.95
2025-09-07,3,106.32,-12.43
2025-09-07,4,58.09,-32.71
2025-09-07,5,103.39,-26.8
2025-09-07,6,96.65,-39.04
2025-09-07,7,69.25,-40.08
2025-09-07,8,75.63,-30.12
2025-09-07,9,69.47,1.45
2025-09-07,10,79.68,2.32
2025-09-07,11,86.37,-28.57
2025-09-07,12,111.3,-36.62
2025-09-07,13,106.95,-41.18
2025-09-07,14,66.23,-38.52
2025-09-07,15,91.26,-15.94
2025-09-07,16,92.91,-24.68
2025-09-07,17,105.99,3.01
2025-09-07,18,116.98,-25.0
2025-09-07,19,122.33,24.36
2025-09-07,20,100.16,-1.37
2025-09-07,21,93.22,-8.55
2025-09-07,22,80.62,-19.56
2025-09-07,23,127.6,-13.92
2025-09-07,24,126.18,1.17
2025-09-07,25,73.8,12.64
2025-09-07,26,103.33,21.65
2025-09-07,27,111.61,17.0
2025-09-07,28,83.9,21.61
2025-09-07,29,104.09,7.69
2025-09-07,30,105.37,22.14
2025-09-07,31,99.51,8.72
2025-09-07,32,95.56,-9.87
2025-09-07,33,126.63,37.02
2025-09-07,34,126.27,19.9
2025-09-07,35,110.94,17.37
2025-09-07,36,128.14,1.28
2025-09-07,37,99.68,30.93
2025-09-07,38,126.72,31.2
2025-09-07,39,100.92,13.69
2025-09-07,40,115.45,8.83
2025-09-07,41,82.13,26.17
2025-09-07,42,99.7,-2.88
2025-09-07,43,80.86,-26.26
2025-09-07,44,108.02,-4.62
2025-09-07,45,102.57,-14.05
2025-09-07,46,110.23,-23.54
2025-09-07,47,88.82,-0.68
2025-09-07,48,79.32,-31.64
2025-09-08,1,109.34,1.34
2025-09-08,2,74.91,-17.19
2025-09-08,3,107.97,-24.66
2025-09-08,4,111.07,-19.0
2025-09-08,5,106.29,-28.82
2025-09-08,6,86.43,-21.64
2025-09-08,7,64.96,-33.22
2025-09-08,8,77.7,-16.81
2025-09-08,9,111.52,-22.97
2025-09-08,10,75.92,1.93
2025-09-08,11,80.33,-8.39
2025-09-08,12,120.54,-18.46
2025-09-08,13,94.46,-13.44
2025-09-08,14,98.39,-0.68
2025-09-08,15,132.19,27.92
2025-09-08,16,117.18,-13.17
2025-09-08,17,86.92,21.41
2025-09-08,18,117.87,6.24
2025-09-08,19,118.89,9.02
2025-09-08,20,86.56,26.24
2025-09-08,21,128.61,9.05
2025-09-08,22,96.44,12.18
2025-09-08,23,137.51,-7.56
2025-09-08,24,138.94,-0.46
2025-09-08,25,90.64,20.02
2025-09-08,26,91.23,32.43
2025-09-08,27,141.25,13.63
2025-09-08,28,120.29,9.84
2025-09-08,29,127.16,6.65
2025-09-08,30,107.72,39.95
2025-09-08,31,134.59,38.5
2025-09-08,32,133.1,16.98
2025-09-08,33,140.15,31.51
2025-09-08,34,138.31,53.87
2025-09-08,35,160.24,21.75
2025-09-08,36,124.96,25.09
2025-09-08,37,147.65,27.96
2025-09-08,38,152.22,18.93
2025-09-08,39,115.78,13.85
2025-09-08,40,117.47,6.35
2025-09-08,41,104.01,-7.34
2025-09-08,42,102.58,6.01
2025-09-08,43,84.4,-12.26
2025-09-08,44,75.38,-23.82
2025-09-08,45,106.88,17.19
2025-09-08,46,107.98,1.3
2025-09-08,47,67.77,5.49
2025-09-08,48,108.87,-22.1
2025-09-09,1,75.21,-28.78
2025-09-09,2,79.11,-23.63
2025-09-09,3,107.49,-30.15
2025-09-09,4,87.43,-8.92
2025-09-09,5,71.86,-40.74
2025-09-09,6,61.88,8.68
2025-09-09,7,98.41,-20.68
2025-09-09,8,103.42,-27.99
2025-09-09,9,80.71,7.84
2025-09-09,10,77.19,2.57
2025-09-09,11,82.24,10.34
2025-09-09,12,115.63,-9.0
2025-09-09,13,76.2,-27.04
2025-09-09,14,84.11,11.77
2025-09-09,15,115.4,-15.08
2025-09-09,16,86.72,-23.61
2025-09-09,17,102.04,41.9
2025-09-09,18,131.55,7.38
2025-09-09,19,108.2,3.15
2025-09-09,20,107.96,-4.27
2025-09-09,21,130.97,11.43
2025-09-09,22,125.24,28.67
2025-09-09,23,98.45,-19.23
2025-09-09,24,92.22,26.01
2025-09-09,25,124.29,0.79
2025-09-09,26,126.35,6.41
2025-09-09,27,116.63,-13.54
2025-09-09,28,130.79,26.22
2025-09-09,29,109.1,33.04
2025-09-09,30,132.8,14.14
2025-09-09,31,148.86,30.63
2025-09-09,32,116.1,47.42
2025-09-09,33,149.15,29.13
2025-09-09,34,146.4,51.94
2025-09-09,35,171.02,48.87
2025-09-09,36,161.67,58.44
2025-09-09,37,106.52,51.88
2025-09-09,38,158.05,36.62
2025-09-09,39,121.03,18.84
2025-09-09,40,123.83,-0.39
2025-09-09,41,113.21,12.08
2025-09-09,42,96.16,-0.89
2025-09-09,43,107.07,0.8
2025-09-09,44,110.9,6.61
2025-09-09,45,120.6,-14.11
2025-09-09,46,103.56,-31.86
2025-09-09,47,112.0,-14.87
2025-09-09,48,67.95,-1.87
2025-09-10,1,78.75,-31.63
2025-09-10,2,102.32,-8.63
2025-09-10,3,85.56,-26.48
2025-09-10,4,88.94,-24.48
2025-09-10,5,110.81,3.51
2025-09-10,6,69.14,-17.26
2025-09-10,7,76.34,-31.82
2025-09-10,8,105.39,11.73
2025-09-10,9,74.7,-41.83
2025-09-10,10,61.89,16.26
2025-09-10,11,86.65,-3.57
2025-09-10,12,93.26,-1.96
2025-09-10,13,114.93,-0.05
2025-09-10,14,117.38,-23.93
2025-09-10,15,89.13,32.4
2025-09-10,16,124.37,19.18
2025-09-10,17,78.82,14.88
2025-09-10,18,134.49,30.37
2025-09-10,19,122.7,6.48
2025-09-10,20,87.16,-10.71
2025-09-10,21,133.71,30.97
2025-09-10,22,134.56,6.92
2025-09-10,23,108.04,10.74
2025-09-10,24,124.48,-2.3
2025-09-10,25,112.61,10.43
2025-09-10,26,119.69,31.48
2025-09-10,27,95.62,-19.8
2025-09-10,28,105.55,20.78
2025-09-10,29,115.87,-9.34
2025-09-10,30,138.1,15.25
2025-09-10,31,147.17,24.43
2025-09-10,32,101.15,8.92
2025-09-10,33,111.13,12.44
2025-09-10,34,126.29,48.09
2025-09-10,35,155.85,13.84
2025-09-10,36,168.48,52.51
2025-09-10,37,169.16,12.17
2025-09-10,38,142.48,16.91
2025-09-10,39,108.17,4.32
2025-09-10,40,115.39,28.5
2025-09-10,41,121.47,8.31
2025-09-10,42,82.57,4.73
2025-09-10,43,78.32,3.78
2025-09-10,44,109.19,-25.01
2025-09-10,45,116.3,-32.12
2025-09-10,46,101.03,1.77
2025-09-10,47,59.61,1.01
2025-09-10,48,65.52,-19.62
2025-09-11,1,77.13,-22.97
2025-09-11,2,77.98,-34.26
2025-09-11,3,105.29,-35.52
2025-09-11,4,68.85,-5.44
2025-09-11,5,73.4,-7.58
2025-09-11,6,68.82,-7.48
2025-09-11,7,63.48,-6.7
2025-09-11,8,61.05,-34.35
2025-09-11,9,66.84,5.25
2025-09-11,10,80.66,0.24
2025-09-11,11,100.26,-23.34
2025-09-11,12,82.02,4.28
2025-09-11,13,100.41,12.11
2025-09-11,14,80.51,-0.34
2025-09-11,15,121.03,-6.7
2025-09-11,16,109.31,10.43
2025-09-11,17,110.0,-16.64
2025-09-11,18,119.25,33.72
2025-09-11,19,128.8,-15.85
2025-09-11,20,99.21,30.43
2025-09-11,21,133.51,30.94
2025-09-11,22,119.04,-5.97
2025-09-11,23,122.64,12.09
2025-09-11,24,87.36,18.45
2025-09-11,25,105.03,20.61
2025-09-11,26,94.1,22.42
2025-09-11,27,109.65,41.63
2025-09-11,28,139.37,15.1
2025-09-11,29,123.12,5.95
2025-09-11,30,143.13,12.79
2025-09-11,31,130.8,36.97
2025-09-11,32,136.44,1.94
2025-09-11,33,115.35,33.12
2025-09-11,34,150.06,65.8
2025-09-11,35,169.43,64.29
2025-09-11,36,168.56,55.91
2025-09-11,37,150.12,55.01
2025-09-11,38,155.11,6.72
2025-09-11,39,115.06,17.13
2025-09-11,40,124.32,41.14
2025-09-11,41,115.42,16.17
2025-09-11,42,102.09,-14.01
2025-09-11,43,97.76,26.39
2025-09-11,44,74.8,-12.85
2025-09-11,45,101.39,-27.75
2025-09-11,46,76.49,8.06
2025-09-11,47,106.47,5.92
2025-09-11,48,78.62,19.95
2025-09-12,1,112.93,-4.35
2025-09-12,2,70.47,-15.88
2025-09-12,3,75.86,-0.04
2025-09-12,4,108.08,-21.43
2025-09-12,5,88.86,-12.91
2025-09-12,6,64.72,-13.76
2025-09-12,7,96.27,-24.67
2025-09-12,8,90.34,10.43
2025-09-12,9,69.1,8.33
2025-09-12,10,80.78,-35.62
2025-09-12,11,81.7,20.14
2025-09-12,12,102.08,-9.24
2025-09-12,13,107.78,1.55
2025-09-12,14,87.85,-3.02
2025-09-12,15,105.29,-20.65
2025-09-12,16,115.29,31.12
2025-09-12,17,123.13,-9.81
2025-09-12,18,100.14,5.64
2025-09-12,19,105.74,-17.34
2025-09-12,20,95.16,16.08
2025-09-12,21,110.04,-8.47
2025-09-12,22,130.53,27.05
2025-09-12,23,93.54,36.02
2025-09-12,24,84.13,-0.5
2025-09-12,25,127.14,20.25
2025-09-12,26,137.54,23.57
2025-09-12,27,106.31,33.16
2025-09-12,28,109.93,40.1
2025-09-12,29,130.19,28.42
2025-09-12,30,127.23,0.97
2025-09-12,31,123.45,25.51
2025-09-12,32,153.3,54.55
2025-09-12,33,146.91,53.98
2025-09-12,34,145.44,14.08
2025-09-12,35,149.02,10.82
2025-09-12,36,158.37,41.1
2025-09-12,37,127.27,33.97
2025-09-12,38,118.9,50.2
2025-09-12,39,108.48,0.19
2025-09-12,40,116.44,24.5
2025-09-12,41,141.06,17.98
2025-09-12,42,111.36,4.13
2025-09-12,43,106.06,21.3
2025-09-12,44,103.65,-13.93
2025-09-12,45,121.29,7.38
2025-09-12,46,73.28,-28.2
2025-09-12,47,119.48,-28.06
2025-09-12,48,86.77,-19.32
2025-09-13,1,84.14,3.15
2025-09-13,2,93.82,-37.39
2025-09-13,3,77.66,-31.23
2025-09-13,4,82.98,-23.68
2025-09-13,5,117.21,-28.53
2025-09-13,6,93.51,-42.47
2025-09-13,7,86.85,-3.78
2025-09-13,8,76.05,-1.01
2025-09-13,9,54.48,-1.83
2025-09-13,10,88.12,-18.68
2025-09-13,11,81.08,-34.33
2025-09-13,12,60.05,-6.52
2025-09-13,13,76.89,6.18
2025-09-13,14,104.41,-35.67
2025-09-13,15,85.54,-31.78
2025-09-13,16,101.98,15.18
2025-09-13,17,88.8,9.96
2025-09-13,18,96.68,28.22
2025-09-13,19,109.1,6.45
2025-09-13,20,120.39,-12.88
2025-09-13,21,114.34,32.87
2025-09-13,22,122.86,-2.11
2025-09-13,23,104.76,3.09
2025-09-13,24,130.2,3.05
2025-09-13,25,120.63,7.36
2025-09-13,26,117.07,19.12
2025-09-13,27,125.28,6.9
2025-09-13,28,102.33,-4.93
2025-09-13,29,98.81,-10.39
2025-09-13,30,123.92,26.44
2025-09-13,31,98.58,17.63
2025-09-13,32,116.11,46.83
2025-09-13,33,129.41,-0.06
2025-09-13,34,137.92,34.53
2025-09-13,35,131.84,13.99
2025-09-13,36,155.09,14.73
2025-09-13,37,114.16,31.05
2025-09-13,38,146.97,-4.75
2025-09-13,39,105.97,30.36
2025-09-13,40,92.6,30.68
2025-09-13,41,103.04,-6.41
2025-09-13,42,71.71,-21.15
2025-09-13,43,91.28,-31.46
2025-09-13,44,94.26,-25.43
2025-09-13,45,98.9,20.65
2025-09-13,46,88.55,-30.53
2025-09-13,47,87.08,-20.01
2025-09-13,48,93.2,-16.46
2025-09-14,1,83.79,-23.44
2025-09-14,2,54.06,-29.34
2025-09-14,3,56.64,-32.63
2025-09-14,4,58.77,-40.22
2025-09-14,5,84.96,-42.09
2025-09-14,6,80.8,1.94
2025-09-14,7,61.41,2.24
2025-09-14,8,74.1,-29.12
2025-09-14,9,106.97,2.52
2025-09-14,10,87.94,3.92
2025-09-14,11,63.19,-18.94
2025-09-14,12,66.6,-45.57
2025-09-14,13,79.63,-22.61
2025-09-14,14,90.75,-4.99
2025-09-14,15,110.4,9.74
2025-09-14,16,118.19,0.45
2025-09-14,17,81.52,18.96
2025-09-14,18,117.69,-20.8
2025-09-14,19,108.87,-25.55
2025-09-14,20,90.99,-4.76
2025-09-14,21,121.66,-16.84
2025-09-14,22,91.04,-22.2
2025-09-14,23,135.39,18.47
2025-09-14,24,99.89,-17.32
2025-09-14,25,101.39,-5.66
2025-09-14,26,94.16,-6.21
2025-09-14,27,128.98,-9.36
2025-09-14,28,87.78,23.9
2025-09-14,29,139.59,1.65
2025-09-14,30,102.83,37.9
2025-09-14,31,123.47,18.41
2025-09-14,32,126.9,0.96
2025-09-14,33,131.49,35.0
2025-09-14,34,124.54,1.86
2025-09-14,35,115.73,63.92
2025-09-14,36,126.02,6.06
2025-09-14,37,151.22,46.37
2025-09-14,38,152.67,22.91
2025-09-14,39,136.43,32.66
2025-09-14,40,128.8,22.14
2025-09-14,41,115.61,-19.26
2025-09-14,42,106.02,-29.17
2025-09-14,43,119.26,16.45
2025-09-14,44,121.27,26.54
2025-09-14,45,122.46,22.92
2025-09-14,46,93.47,9.2
2025-09-14,47,96.94,-36.06
2025-09-14,48,65.01,-25.03
2025-09-15,1,111.57,-31.53
2025-09-15,2,68.96,-28.43
2025-09-15,3,74.81,-13.18
2025-09-15,4,66.55,8.72
2025-09-15,5,70.28,15.92
2025-09-15,6,82.07,-20.46
2025-09-15,7,89.38,-37.57
2025-09-15,8,80.15,-26.41
2025-09-15,9,66.87,-21.26
2025-09-15,10,67.32,-36.33
2025-09-15,11,105.36,12.55
2025-09-15,12,75.34,16.45
2025-09-15,13,77.58,-16.41
2025-09-15,14,116.82,-30.11
2025-09-15,15,87.51,8.02
2025-09-15,16,103.29,4.11
2025-09-15,17,96.25,12.28
2025-09-15,18,123.05,12.47
2025-09-15,19,107.39,3.12
2025-09-15,20,93.96,28.57
2025-09-15,21,130.6,19.7
2025-09-15,22,118.8,-17.01
2025-09-15,23,124.35,-12.45
2025-09-15,24,132.51,-0.05
2025-09-15,25,114.16,-9.62
2025-09-15,26,133.26,6.88
2025-09-15,27,135.79,10.47
2025-09-15,28,121.88,44.88
2025-09-15,29,97.33,8.84
2025-09-15,30,117.0,3.47
2025-09-15,31,123.27,9.55
2025-09-15,32,108.06,35.6
2025-09-15,33,165.56,64.95
2025-09-15,34,120.24,42.53
2025-09-15,35,134.49,60.85
2025-09-15,36,118.87,47.89
2025-09-15,37,167.03,64.65
2025-09-15,38,143.79,68.3
2025-09-15,39,139.36,-2.7
2025-09-15,40,130.73,-1.82
2025-09-15,41,120.63,-14.75
2025-09-15,42,89.48,11.51
2025-09-15,43,88.26,7.61
2025-09-15,44,113.95,-22.58
2025-09-15,45,109.96,22.68
2025-09-15,46,88.12,-27.36
2025-09-15,47,87.24,-28.48
2025-09-15,48,77.98,-4.62
2025-09-16,1,79.32,7.88
2025-09-16,2,87.4,-11.91
2025-09-16,3,103.5,-12.93
2025-09-16,4,79.73,-25.74
2025-09-16,5,82.51,-39.13
2025-09-16,6,66.12,-25.29
2025-09-16,7,82.92,-35.12
2025-09-16,8,69.1,-6.78
2025-09-16,9,68.03,-4.89
2025-09-16,10,79.36,-29.85
2025-09-16,11,103.98,13.07
2025-09-16,12,97.39,-37.31
2025-09-16,13,97.45,-17.12
2025-09-16,14,122.75,14.04
2025-09-16,15,91.49,12.07
2025-09-16,16,136.3,3.63
2025-09-16,17,117.26,37.06
2025-09-16,18,104.21,22.22
2025-09-16,19,126.24,5.04
2025-09-16,20,92.23,-7.11
2025-09-16,21,93.63,16.02
2025-09-16,22,103.88,-18.78
2025-09-16,23,101.22,1.94
2025-09-16,24,102.11,9.74
2025-09-16,25,91.92,-15.84
2025-09-16,26,125.45,-10.99
2025-09-16,27,98.22,-14.81
2025-09-16,28,88.72,14.33
2025-09-16,29,143.9,0.19
2025-09-16,30,104.06,14.6
2025-09-16,31,134.67,4.15
2025-09-16,32,150.16,11.07
2025-09-16,33,115.85,45.2
2025-09-16,34,162.48,29.75
2025-09-16,35,152.36,51.52
2025-09-16,36,120.68,5.79
2025-09-16,37,163.94,60.65
2025-09-16,38,157.75,66.23
2025-09-16,39,119.5,10.11
2025-09-16,40,152.1,16.11
2025-09-16,41,126.86,27.45
2025-09-16,42,132.19,35.47
2025-09-16,43,134.83,4.55
2025-09-16,44,123.77,-20.92
2025-09-16,45,88.08,4.61
2025-09-16,46,93.89,-25.99
2025-09-16,47,107.4,25.26
2025-09-16,48,106.56,-33.52
2025-09-17,1,90.9,15.26
2025-09-17,2,90.3,-37.07
2025-09-17,3,75.79,13.19
2025-09-17,4,104.96,10.82
2025-09-17,5,68.63,7.23
2025-09-17,6,100.25,-3.18
2025-09-17,7,94.44,-24.95
2025-09-17,8,112.61,-26.4
2025-09-17,9,66.49,12.79
2025-09-17,10,106.71,-19.57
2025-09-17,11,80.46,-22.71
2025-09-17,12,87.88,-18.15
2025-09-17,13,110.06,0.03
2025-09-17,14,128.52,11.39
2025-09-17,15,110.54,8.39
2025-09-17,16,115.94,26.13
2025-09-17,17,116.51,-6.07
2025-09-17,18,98.24,2.09
2025-09-17,19,139.23,44.1
2025-09-17,20,83.46,24.38
2025-09-17,21,114.45,32.08
2025-09-17,22,83.74,5.3
2025-09-17,23,127.66,-4.07
2025-09-17,24,117.45,-16.93
2025-09-17,25,143.13,24.26
2025-09-17,26,106.15,17.09
2025-09-17,27,87.67,22.04
2025-09-17,28,109.49,13.44
2025-09-17,29,152.03,14.94
2025-09-17,30,137.08,46.52
2025-09-17,31,113.15,27.67
2025-09-17,32,126.71,51.91
2025-09-17,33,112.64,28.76
2025-09-17,34,138.84,33.38
2025-09-17,35,134.3,48.83
2025-09-17,36,148.98,31.22
2025-09-17,37,165.74,58.27
2025-09-17,38,114.84,14.57
2025-09-17,39,125.57,-6.15
2025-09-17,40,110.52,23.58
2025-09-17,41,95.94,-7.13
2025-09-17,42,116.84,-0.91
2025-09-17,43,100.47,16.83
2025-09-17,44,95.9,22.34
2025-09-17,45,113.83,-18.37
2025-09-17,46,116.88,-30.65
2025-09-17,47,112.09,15.01
2025-09-17,48,81.56,-29.01
2025-09-18,1,74.44,9.55
2025-09-18,2,80.27,18.94
2025-09-18,3,74.52,-45.85
2025-09-18,4,70.76,-44.41
2025-09-18,5,111.08,-9.16
2025-09-18,6,70.2,-15.13
2025-09-18,7,81.35,16.92
2025-09-18,8,90.05,-11.36
2025-09-18,9,117.5,-18.81
2025-09-18,10,89.79,5.15
2025-09-18,11,84.18,18.36
2025-09-18,12,102.96,-5.85
2025-09-18,13,81.99,-14.7
2025-09-18,14,102.66,20.42
2025-09-18,15,88.04,29.1
2025-09-18,16,98.17,10.85
2025-09-18,17,127.58,-17.05
2025-09-18,18,123.9,14.34
2025-09-18,19,119.94,6.86
2025-09-18,20,133.33,15.31
2025-09-18,21,96.89,2.04
2025-09-18,22,97.86,36.56
2025-09-18,23,61.74,-53.99
2025-09-18,24,15.76,-73.07
2025-09-18,25,68.5,-37.62
2025-09-18,26,43.81,-36.89
2025-09-18,27,55.22,-59.91
2025-09-18,28,43.77,-28.34
2025-09-18,29,50.75,-59.29
2025-09-18,30,19.19,-30.37
2025-09-18,31,109.84,-0.17
2025-09-18,32,125.74,22.74
2025-09-18,33,159.48,50.81
2025-09-18,34,123.92,50.5
2025-09-18,35,145.23,42.35
2025-09-18,36,167.44,30.95
2025-09-18,37,141.66,66.47
2025-09-18,38,148.88,10.84
2025-09-18,39,155.93,36.4
2025-09-18,40,116.3,11.41
2025-09-18,41,104.12,-3.87
2025-09-18,42,132.88,30.54
2025-09-18,43,115.81,14.11
2025-09-18,44,92.49,10.56
2025-09-18,45,96.37,19.16
2025-09-18,46,111.26,-19.38
2025-09-18,47,97.96,12.25
2025-09-18,48,95.51,-33.83
2025-09-19,1,90.73,-22.89
2025-09-19,2,109.39,-23.79
2025-09-19,3,96.65,1.92
2025-09-19,4,83.34,8.82
2025-09-19,5,87.45,-30.7
2025-09-19,6,80.74,-32.63
2025-09-19,7,70.55,7.37
2025-09-19,8,77.31,-6.23
2025-09-19,9,107.74,-31.38
2025-09-19,10,109.44,13.11
2025-09-19,11,102.63,-6.26
2025-09-19,12,114.89,-14.53
2025-09-19,13,81.56,0.41
2025-09-19,14,94.36,28.46
2025-09-19,15,81.26,-21.46
2025-09-19,16,127.86,13.67
2025-09-19,17,109.91,7.08
2025-09-19,18,102.95,28.69
2025-09-19,19,88.0,-10.46
2025-09-19,20,96.31,33.42
2025-09-19,21,126.98,-9.73
2025-09-19,22,117.1,3.61
2025-09-19,23,95.07,5.62
2025-09-19,24,136.02,-0.69
2025-09-19,25,100.32,-9.19
2025-09-19,26,127.5,35.16
2025-09-19,27,132.78,22.89
2025-09-19,28,103.88,29.17
2025-09-19,29,104.35,3.66
2025-09-19,30,115.03,35.22
2025-09-19,31,151.04,-4.51
2025-09-19,32,158.76,53.77
2025-09-19,33,130.07,37.57
2025-09-19,34,149.29,38.9
2025-09-19,35,132.03,59.31
2025-09-19,36,130.71,30.26
2025-09-19,37,159.36,62.27
2025-09-19,38,151.88,7.73
2025-09-19,39,114.59,1.87
2025-09-19,40,148.16,-4.08
2025-09-19,41,102.21,18.54
2025-09-19,42,117.72,-10.0
2025-09-19,43,100.42,-13.9
2025-09-19,44,83.62,-5.26
2025-09-19,45,85.98,6.07
2025-09-19,46,105.99,20.07
2025-09-19,47,98.89,-26.46
2025-09-19,48,71.85,-9.17
2025-09-20,1,57.48,-4.93
2025-09-20,2,108.63,-8.92
2025-09-20,3,106.12,9.71
2025-09-20,4,73.7,-6.59
2025-09-20,5,106.76,-30.17
2025-09-20,6,65.35,-20.36
2025-09-20,7,81.54,-40.38
2025-09-20,8,67.82,-38.23
2025-09-20,9,85.99,-3.09
2025-09-20,10,60.95,-26.27
2025-09-20,11,110.68,-38.41
2025-09-20,12,80.63,-11.54
2025-09-20,13,75.71,5.77
2025-09-20,14,114.3,-34.62
2025-09-20,15,103.55,8.84
2025-09-20,16,86.81,-5.04
2025-09-20,17,113.33,6.06
2025-09-20,18,129.12,2.32
2025-09-20,19,121.45,-8.77
2025-09-20,20,82.82,2.01
2025-09-20,21,101.21,14.95
2025-09-20,22,112.86,-8.12
2025-09-20,23,94.91,22.73
2025-09-20,24,101.68,3.15
2025-09-20,25,100.06,2.84
2025-09-20,26,101.12,20.45
2025-09-20,27,105.61,13.1
2025-09-20,28,137.46,-12.97
2025-09-20,29,117.02,-10.65
2025-09-20,30,90.8,-16.2
2025-09-20,31,136.47,41.97
2025-09-20,32,109.29,46.21
2025-09-20,33,146.36,-1.5
2025-09-20,34,342.33,278.59
2025-09-20,35,394.16,271.56
2025-09-20,36,387.29,287.75
2025-09-20,37,371.54,251.75
2025-09-20,38,359.0,275.89
2025-09-20,39,348.76,243.48
2025-09-20,40,101.46,-4.56
2025-09-20,41,137.1,21.22
2025-09-20,42,89.15,16.52
2025-09-20,43,91.48,-9.81
2025-09-20,44,96.14,-5.6
2025-09-20,45,109.74,18.05
2025-09-20,46,100.11,-12.22
2025-09-20,47,66.23,-19.13
2025-09-20,48,70.17,-16.65
2025-09-21,1,81.39,8.26
2025-09-21,2,107.39,-35.1
2025-09-21,3,92.28,-42.46
2025-09-21,4,64.45,-1.48
2025-09-21,5,99.02,4.39
2025-09-21,6,92.06,-7.38
2025-09-21,7,88.9,0.92
2025-09-21,8,63.22,-39.66
2025-09-21,9,107.85,-18.49
2025-09-21,10,81.96,-20.96
2025-09-21,11,95.8,-29.78
2025-09-21,12,113.12,-30.75
2025-09-21,13,96.6,7.99
2025-09-21,14,114.74,-30.56
2025-09-21,15,121.75,0.88
2025-09-21,16,126.69,-9.54
2025-09-21,17,131.56,-16.07
2025-09-21,18,105.38,3.14
2025-09-21,19,136.19,24.22
2025-09-21,20,121.71,6.71
2025-09-21,21,116.21,-21.91
2025-09-21,22,116.05,12.68
2025-09-21,23,116.85,25.63
2025-09-21,24,106.07,34.66
2025-09-21,25,138.64,-13.37
2025-09-21,26,102.03,28.9
2025-09-21,27,133.72,-0.56
2025-09-21,28,95.75,25.27
2025-09-21,29,131.33,-10.27
2025-09-21,30,107.91,11.23
2025-09-21,31,125.94,-5.03
2025-09-21,32,126.71,-6.8
2025-09-21,33,122.43,42.54
2025-09-21,34,108.72,50.24
2025-09-21,35,117.26,-0.26
2025-09-21,36,111.38,35.05
2025-09-21,37,129.4,-0.63
2025-09-21,38,107.24,14.85
2025-09-21,39,128.3,30.49
2025-09-21,40,123.64,25.26
2025-09-21,41,91.08,4.56
2025-09-21,42,83.8,11.85
2025-09-21,43,69.86,-8.04
2025-09-21,44,102.26,-9.09
2025-09-21,45,107.19,12.9
2025-09-21,46,96.34,-7.32
2025-09-21,47,123.65,-8.22
2025-09-21,48,106.89,8.73
2025-09-22,1,113.96,23.22
2025-09-22,2,113.28,6.57
2025-09-22,3,94.56,3.79
2025-09-22,4,81.02,-41.04
2025-09-22,5,68.93,-21.65
2025-09-22,6,77.15,-1.59
2025-09-22,7,102.39,-4.56
2025-09-22,8,93.63,-3.79
2025-09-22,9,70.63,-0.06
2025-09-22,10,101.04,6.87
2025-09-22,11,93.61,-24.02
2025-09-22,12,87.7,-21.83
2025-09-22,13,88.57,-29.0
2025-09-22,14,76.45,14.65
2025-09-22,15,126.69,0.77
2025-09-22,16,125.46,29.44
2025-09-22,17,92.58,22.23
2025-09-22,18,134.97,-6.45
2025-09-22,19,102.37,36.48
2025-09-22,20,129.66,32.14
2025-09-22,21,125.18,-2.01
2025-09-22,22,119.36,-13.94
2025-09-22,23,128.77,19.9
2025-09-22,24,96.21,33.08
2025-09-22,25,122.79,34.63
2025-09-22,26,103.7,44.7
2025-09-22,27,94.36,33.92
2025-09-22,28,106.43,28.12
2025-09-22,29,112.94,6.88
2025-09-22,30,131.69,20.25
2025-09-22,31,143.37,38.5
2025-09-22,32,153.41,8.49
2025-09-22,33,141.06,48.15
2025-09-22,34,145.7,29.81
2025-09-22,35,172.25,36.42
2025-09-22,36,168.4,43.1
2025-09-22,37,138.44,51.69
2025-09-22,38,154.1,18.01
2025-09-22,39,142.46,52.82
2025-09-22,40,110.05,1.81
2025-09-22,41,110.02,-6.02
2025-09-22,42,88.97,36.62
2025-09-22,43,84.92,20.02
2025-09-22,44,134.92,-17.9
2025-09-22,45,121.58,-32.0
2025-09-22,46,108.62,6.51
2025-09-22,47,121.29,0.08
2025-09-22,48,68.62,5.1
2025-09-23,1,95.74,-9.1
2025-09-23,2,86.19,-14.07
2025-09-23,3,70.27,-8.57
2025-09-23,4,93.5,-7.59
2025-09-23,5,82.05,18.15
2025-09-23,6,86.92,-2.7
2025-09-23,7,89.94,17.59
2025-09-23,8,87.04,14.21
2025-09-23,9,105.14,1.31
2025-09-23,10,94.38,-25.48
2025-09-23,11,106.64,-20.92
2025-09-23,12,89.83,6.63
2025-09-23,13,110.73,-3.0
2025-09-23,14,74.31,-14.89
2025-09-23,15,100.22,5.28
2025-09-23,16,119.78,-0.26
2025-09-23,17,103.04,26.89
2025-09-23,18,87.87,3.02
2025-09-23,19,139.15,-15.27
2025-09-23,20,100.23,23.13
2025-09-23,21,140.7,-18.8
2025-09-23,22,134.25,-15.35
2025-09-23,23,113.09,18.82
2025-09-23,24,103.03,-2.32
2025-09-23,25,113.99,18.37
2025-09-23,26,112.77,0.81
2025-09-23,27,113.93,13.66
2025-09-23,28,149.71,19.46
2025-09-23,29,159.71,55.79
2025-09-23,30,145.25,24.76
2025-09-23,31,145.98,40.77
2025-09-23,32,129.88,18.83
2025-09-23,33,169.04,67.36
2025-09-23,34,169.94,43.13
2025-09-23,35,134.67,69.33
2025-09-23,36,158.88,44.51
2025-09-23,37,163.97,22.99
2025-09-23,38,162.15,11.0
2025-09-23,39,146.01,50.76
2025-09-23,40,144.81,27.18
2025-09-23,41,95.65,2.55
2025-09-23,42,130.41,3.77
2025-09-23,43,108.41,-19.01
2025-09-23,44,98.76,23.8
2025-09-23,45,99.1,19.55
2025-09-23,46,77.37,15.29
2025-09-23,47,79.03,0.01
2025-09-23,48,89.27,-34.71
2025-09-24,1,115.33,-13.21
2025-09-24,2,115.68,-8.61
2025-09-24,3,75.97,-3.75
2025-09-24,4,76.47,-7.22
2025-09-24,5,96.71,-3.78
2025-09-24,6,71.5,-30.67
2025-09-24,7,99.98,-27.16
2025-09-24,8,85.44,-30.76
2025-09-24,9,65.54,13.23
2025-09-24,10,108.28,-7.94
2025-09-24,11,87.67,-8.36
2025-09-24,12,90.59,-29.09
2025-09-24,13,117.53,15.87
2025-09-24,14,91.13,24.05
2025-09-24,15,130.68,-11.52
2025-09-24,16,111.15,4.05
2025-09-24,17,129.87,8.95
2025-09-24,18,125.37,33.77
2025-09-24,19,138.34,10.22
2025-09-24,20,117.65,9.03
2025-09-24,21,95.84,0.98
2025-09-24,22,142.83,17.58
2025-09-24,23,130.84,-4.24
2025-09-24,24,128.37,-9.49
2025-09-24,25,109.16,-8.46
2025-09-24,26,136.06,-3.41
2025-09-24,27,147.58,-4.39
2025-09-24,28,107.36,15.41
2025-09-24,29,138.77,-0.15
2025-09-24,30,122.0,25.29
2025-09-24,31,136.51,25.12
2025-09-24,32,131.55,9.08
2025-09-24,33,165.37,36.36
2025-09-24,34,147.19,44.64
2025-09-24,35,140.38,28.37
2025-09-24,36,131.94,48.43
2025-09-24,37,150.21,23.45
2025-09-24,38,149.68,34.97
2025-09-24,39,108.67,23.82
2025-09-24,40,140.88,14.45
2025-09-24,41,133.47,18.04
2025-09-24,42,141.57,7.11
2025-09-24,43,90.1,0.44
2025-09-24,44,104.4,-23.16
2025-09-24,45,112.75,37.71
2025-09-24,46,106.75,13.88
2025-09-24,47,92.81,-9.34
2025-09-24,48,112.37,0.97
2025-09-25,1,82.26,-12.83
2025-09-25,2,71.85,-2.87
2025-09-25,3,70.29,-12.92
2025-09-25,4,107.83,-1.71
2025-09-25,5,67.4,-5.6
2025-09-25,6,99.87,-4.9
2025-09-25,7,101.19,-3.21
2025-09-25,8,64.34,-9.77
2025-09-25,9,89.0,-35.62
2025-09-25,10,98.23,-0.94
2025-09-25,11,112.65,-19.98
2025-09-25,12,95.76,-15.86
2025-09-25,13,115.33,-9.85
2025-09-25,14,122.8,1.13
2025-09-25,15,117.22,-11.39
2025-09-25,16,109.17,13.47
2025-09-25,17,86.82,23.79
2025-09-25,18,96.43,25.38
2025-09-25,19,97.89,47.03
2025-09-25,20,117.63,-7.49
2025-09-25,21,112.02,-6.38
2025-09-25,22,94.47,-1.3
2025-09-25,23,92.27,21.15
2025-09-25,24,123.05,9.27
2025-09-25,25,113.27,34.79
2025-09-25,26,120.23,-5.03
2025-09-25,27,127.68,-5.45
2025-09-25,28,121.56,35.55
2025-09-25,29,117.24,12.23
2025-09-25,30,138.41,45.87
2025-09-25,31,164.67,9.09
2025-09-25,32,143.09,-1.07
2025-09-25,33,166.75,47.04
2025-09-25,34,164.47,27.78
2025-09-25,35,152.72,56.56
2025-09-25,36,152.89,26.19
2025-09-25,37,132.52,71.65
2025-09-25,38,167.15,28.78
2025-09-25,39,155.92,61.65
2025-09-25,40,140.14,-3.87
2025-09-25,41,116.19,4.03
2025-09-25,42,137.52,-15.61
2025-09-25,43,99.66,26.42
2025-09-25,44,108.57,34.51
2025-09-25,45,131.25,-1.58
2025-09-25,46,94.78,-3.41
2025-09-25,47,94.25,-10.49
2025-09-25,48,111.8,-29.62
2025-09-26,1,74.91,12.18
2025-09-26,2,69.43,-22.25
2025-09-26,3,97.24,-39.1
2025-09-26,4,92.73,16.71
2025-09-26,5,104.2,4.75
2025-09-26,6,99.57,-35.0
2025-09-26,7,83.58,-12.62
2025-09-26,8,73.17,-11.62
2025-09-26,9,71.77,-13.53
2025-09-26,10,100.66,-13.55
2025-09-26,11,76.99,-17.6
2025-09-26,12,101.32,-12.17
2025-09-26,13,94.56,20.22
2025-09-26,14,74.49,-4.63
2025-09-26,15,121.37,32.9
2025-09-26,16,136.2,3.13
2025-09-26,17,116.07,-9.66
2025-09-26,18,125.24,30.98
2025-09-26,19,121.19,-8.06
2025-09-26,20,140.26,-14.58
2025-09-26,21,104.31,39.01
2025-09-26,22,93.18,43.29
2025-09-26,23,111.23,41.84
2025-09-26,24,104.75,10.68
2025-09-26,25,120.35,22.14
2025-09-26,26,122.18,19.66
2025-09-26,27,127.12,16.42
2025-09-26,28,128.87,14.75
2025-09-26,29,145.97,45.47
2025-09-26,30,142.71,46.91
2025-09-26,31,134.56,55.05
2025-09-26,32,156.8,19.92
2025-09-26,33,126.49,47.91
2025-09-26,34,165.93,57.33
2025-09-26,35,156.79,37.43
2025-09-26,36,155.42,29.89
2025-09-26,37,152.54,38.33
2025-09-26,38,156.56,54.83
2025-09-26,39,123.94,64.25
2025-09-26,40,160.17,12.42
2025-09-26,41,132.01,16.66
2025-09-26,42,91.87,23.64
2025-09-26,43,102.52,33.73
2025-09-26,44,81.51,-14.97
2025-09-26,45,88.39,1.98
2025-09-26,46,84.66,-20.26
2025-09-26,47,119.27,-4.5
2025-09-26,48,94.06,-5.73
2025-09-27,1,116.75,10.38
2025-09-27,2,83.95,-35.74
2025-09-27,3,107.29,-9.49
2025-09-27,4,102.12,-29.95
2025-09-27,5,94.33,-29.6
2025-09-27,6,75.88,-29.35
2025-09-27,7,113.34,-7.79
2025-09-27,8,73.26,1.56
2025-09-27,9,109.4,-9.32
2025-09-27,10,83.36,-42.22
2025-09-27,11,106.03,-46.53
2025-09-27,12,116.79,5.44
2025-09-27,13,92.6,11.45
2025-09-27,14,126.75,20.66
2025-09-27,15,116.27,-19.02
2025-09-27,16,121.49,-11.87
2025-09-27,17,90.09,18.34
2025-09-27,18,84.94,8.57
2025-09-27,19,97.82,24.17
2025-09-27,20,126.43,28.95
2025-09-27,21,96.07,33.15
2025-09-27,22,121.46,31.3
2025-09-27,23,126.23,34.35
2025-09-27,24,102.29,2.8
2025-09-27,25,120.9,28.56
2025-09-27,26,143.44,28.17
2025-09-27,27,124.57,23.11
2025-09-27,28,131.86,-15.17
2025-09-27,29,107.49,33.45
2025-09-27,30,108.03,1.2
2025-09-27,31,103.8,2.83
2025-09-27,32,111.84,-6.59
2025-09-27,33,100.3,37.38
2025-09-27,34,112.55,50.5
2025-09-27,35,143.78,14.77
2025-09-27,36,117.39,2.84
2025-09-27,37,162.59,64.11
2025-09-27,38,134.56,49.74
2025-09-27,39,130.77,6.58
2025-09-27,40,90.16,8.06
2025-09-27,41,129.02,35.92
2025-09-27,42,121.48,-10.83
2025-09-27,43,107.87,-6.49
2025-09-27,44,111.8,-8.86
2025-09-27,45,102.67,-36.38
2025-09-27,46,80.72,-32.11
2025-09-27,47,67.67,-42.0
2025-09-27,48,108.02,-43.04
2025-09-28,1,74.39,-8.75
2025-09-28,2,112.53,15.79
2025-09-28,3,82.11,-30.66
2025-09-28,4,75.98,-14.69
2025-09-28,5,108.74,-33.51
2025-09-28,6,104.53,-1.23
2025-09-28,7,71.68,8.7
2025-09-28,8,101.93,-26.81
2025-09-28,9,89.91,-44.06
2025-09-28,10,91.19,-13.7
2025-09-28,11,77.59,13.25
2025-09-28,12,66.24,-41.72
2025-09-28,13,71.53,-2.19
2025-09-28,14,105.79,19.79
2025-09-28,15,86.51,2.92
2025-09-28,16,107.86,28.26
2025-09-28,17,103.25,9.1
2025-09-28,18,114.78,16.15
2025-09-28,19,112.19,24.72
2025-09-28,20,95.73,-21.48
2025-09-28,21,118.05,-2.8
2025-09-28,22,114.55,-1.65
2025-09-28,23,122.9,-26.72
2025-09-28,24,132.34,-9.27
2025-09-28,25,132.03,-5.25
2025-09-28,26,122.65,-9.36
2025-09-28,27,96.25,28.81
2025-09-28,28,112.68,-17.58
2025-09-28,29,95.13,32.48
2025-09-28,30,116.32,-0.28
2025-09-28,31,145.43,34.28
2025-09-28,32,119.21,31.02
2025-09-28,33,133.57,46.84
2025-09-28,34,155.7,58.47
2025-09-28,35,115.68,8.62
2025-09-28,36,158.04,23.48
2025-09-28,37,164.36,15.0
2025-09-28,38,141.23,11.06
2025-09-28,39,127.18,47.76
2025-09-28,40,105.78,45.83
2025-09-28,41,110.25,19.47
2025-09-28,42,120.17,23.48
2025-09-28,43,116.39,-20.23
2025-09-28,44,79.53,-14.73
2025-09-28,45,124.72,-28.98
2025-09-28,46,123.93,-22.99
2025-09-28,47,94.97,-18.32
2025-09-28,48,86.93,-6.03
2025-09-29,1,92.53,14.88
2025-09-29,2,112.53,21.02
2025-09-29,3,110.4,-36.92
2025-09-29,4,104.93,-11.28
2025-09-29,5,116.93,3.75
2025-09-29,6,94.13,-16.5
2025-09-29,7,104.69,-27.9
2025-09-29,8,101.39,17.34
2025-09-29,9,84.1,-3.4
2025-09-29,10,91.73,24.7
2025-09-29,11,104.57,-7.95
2025-09-29,12,84.88,4.37
2025-09-29,13,122.25,7.15
2025-09-29,14,95.51,5.52
2025-09-29,15,136.69,16.34
2025-09-29,16,116.98,-10.97
2025-09-29,17,136.04,-2.75
2025-09-29,18,127.23,16.85
2025-09-29,19,102.76,37.81
2025-09-29,20,136.66,-11.88
2025-09-29,21,96.22,43.44
2025-09-29,22,141.28,31.15
2025-09-29,23,124.64,47.52
2025-09-29,24,140.78,-3.53
2025-09-29,25,127.44,29.91
2025-09-29,26,110.81,12.74
2025-09-29,27,117.42,9.7
2025-09-29,28,117.72,-1.63
2025-09-29,29,150.39,52.15
2025-09-29,30,97.79,16.39
2025-09-29,31,122.85,10.39
2025-09-29,32,112.12,59.21
2025-09-29,33,166.09,24.95
2025-09-29,34,368.7,260.8
2025-09-29,35,355.25,229.31
2025-09-29,36,338.86,253.66
2025-09-29,37,348.49,264.87
2025-09-29,38,357.45,225.16
2025-09-29,39,307.16,232.86
2025-09-29,40,142.34,21.31
2025-09-29,41,92.39,6.74
2025-09-29,42,92.69,-9.44
2025-09-29,43,106.46,29.38
2025-09-29,44,95.69,-16.3
2025-09-29,45,117.72,9.1
2025-09-29,46,81.91,-8.91
2025-09-29,47,123.76,-0.7
2025-09-29,48,68.47,-37.53
2025-09-30,1,86.97,12.19
2025-09-30,2,99.49,-19.49
2025-09-30,3,111.48,-0.18
2025-09-30,4,121.04,-30.16
2025-09-30,5,88.94,-14.46
2025-09-30,6,70.59,1.02
2025-09-30,7,67.15,10.87
2025-09-30,8,94.3,24.84
2025-09-30,9,67.57,-24.08
2025-09-30,10,74.69,-28.91
2025-09-30,11,101.68,-36.37
2025-09-30,12,98.31,-22.05
2025-09-30,13,123.25,-18.95
2025-09-30,14,122.37,12.33
2025-09-30,15,103.29,-6.68
2025-09-30,16,101.61,43.77
2025-09-30,17,112.79,44.59
2025-09-30,18,93.83,21.71
2025-09-30,19,102.53,35.27
2025-09-30,20,123.1,13.27
2025-09-30,21,143.21,9.39
2025-09-30,22,118.98,-11.65
2025-09-30,23,114.48,-5.41
2025-09-30,24,139.69,39.0
2025-09-30,25,106.86,-10.33
2025-09-30,26,122.93,3.09
2025-09-30,27,137.22,0.84
2025-09-30,28,113.31,28.68
2025-09-30,29,123.16,40.8
2025-09-30,30,119.28,7.12
2025-09-30,31,142.17,1.42
2025-09-30,32,161.79,11.85
2025-09-30,33,137.07,29.62
2025-09-30,34,167.13,29.76
2025-09-30,35,178.34,26.31
2025-09-30,36,170.88,61.39
2025-09-30,37,167.4,78.71
2025-09-30,38,126.75,40.99
2025-09-30,39,138.75,26.85
2025-09-30,40,113.87,31.62
2025-09-30,41,102.45,-14.23
2025-09-30,42,131.51,0.09
2025-09-30,43,110.73,-8.78
2025-09-30,44,87.91,-11.19
2025-09-30,45,95.86,0.69
2025-09-30,46,90.35,23.16
2025-09-30,47,117.92,24.05
2025-09-30,48,68.42,-4.39
2025-10-01,1,92.8,-7.63
2025-10-01,2,106.69,-10.8
2025-10-01,3,69.01,5.49
2025-10-01,4,69.72,-10.53
2025-10-01,5,66.79,-29.67
2025-10-01,6,96.38,14.61
2025-10-01,7,83.48,-14.21
2025-10-01,8,84.59,-3.15
2025-10-01,9,70.29,-19.26
2025-10-01,10,73.24,-19.54
2025-10-01,11,98.14,9.67
2025-10-01,12,100.83,23.47
2025-10-01,13,80.43,-7.71
2025-10-01,14,119.05,18.75
2025-10-01,15,134.9,39.93
2025-10-01,16,127.93,15.9
2025-10-01,17,111.72,-6.12
2025-10-01,18,118.3,4.19
2025-10-01,19,126.37,34.74
2025-10-01,20,105.59,27.7
2025-10-01,21,133.2,45.87
2025-10-01,22,106.86,44.35
2025-10-01,23,108.92,34.35
2025-10-01,24,124.22,22.95
2025-10-01,25,122.28,-1.59
2025-10-01,26,139.48,39.0
2025-10-01,27,90.51,19.26
2025-10-01,28,126.49,23.89
2025-10-01,29,117.17,10.35
2025-10-01,30,145.76,47.06
2025-10-01,31,152.0,45.29
2025-10-01,32,113.47,14.47
2025-10-01,33,167.35,64.49
2025-10-01,34,148.34,63.07
2025-10-01,35,134.82,64.92
2025-10-01,36,170.43,32.09
2025-10-01,37,127.86,56.75
2025-10-01,38,133.0,38.45
2025-10-01,39,164.28,53.93
2025-10-01,40,104.88,40.66
2025-10-01,41,120.93,5.55
2025-10-01,42,93.94,40.68
2025-10-01,43,80.47,2.35
2025-10-01,44,122.19,-20.05
2025-10-01,45,114.45,-16.62
2025-10-01,46,81.03,-6.7
2025-10-01,47,111.34,-6.14
2025-10-01,48,93.99,-1.69
2025-10-02,1,118.93,-15.55
2025-10-02,2,91.31,16.69
2025-10-02,3,111.88,-33.97
2025-10-02,4,77.51,-25.57
2025-10-02,5,97.32,-8.0
2025-10-02,6,90.44,-18.3
2025-10-02,7,82.6,-5.71
2025-10-02,8,82.41,-9.99
2025-10-02,9,96.54,-11.17
2025-10-02,10,81.64,8.98
2025-10-02,11,108.07,28.99
2025-10-02,12,70.92,5.17
2025-10-02,13,103.36,-13.23
2025-10-02,14,110.16,11.39
2025-10-02,15,90.18,29.05
2025-10-02,16,137.51,9.13
2025-10-02,17,95.32,-9.61
2025-10-02,18,95.75,-11.36
2025-10-02,19,126.98,-0.93
2025-10-02,20,145.75,-0.28
2025-10-02,21,143.99,17.49
2025-10-02,22,93.05,36.28
2025-10-02,23,99.41,-2.74
2025-10-02,24,118.86,10.2
2025-10-02,25,99.74,35.52
2025-10-02,26,89.55,5.22
2025-10-02,27,125.17,12.64
2025-10-02,28,120.23,8.44
2025-10-02,29,137.72,51.17
2025-10-02,30,131.53,43.11
2025-10-02,31,166.13,54.75
2025-10-02,32,117.4,50.45
2025-10-02,33,159.71,28.12
2025-10-02,34,158.92,76.34
2025-10-02,35,170.27,71.82
2025-10-02,36,149.54,28.6
2025-10-02,37,168.34,73.71
2025-10-02,38,166.97,36.66
2025-10-02,39,129.62,16.27
2025-10-02,40,127.28,43.51
2025-10-02,41,96.94,22.2
2025-10-02,42,91.89,15.06
2025-10-02,43,128.14,-20.49
2025-10-02,44,88.54,-5.05
2025-10-02,45,112.34,11.19
2025-10-02,46,114.0,-10.64
2025-10-02,47,102.34,21.69
2025-10-02,48,122.2,7.64
2025-10-03,1,120.27,-25.75
2025-10-03,2,101.58,-5.06
2025-10-03,3,94.21,-42.85
2025-10-03,4,67.35,18.66
2025-10-03,5,87.86,10.03
2025-10-03,6,102.53,6.99
2025-10-03,7,67.24,-29.96
2025-10-03,8,84.31,-28.57
2025-10-03,9,100.12,-15.88
2025-10-03,10,95.85,-16.23
2025-10-03,11,106.16,-15.91
2025-10-03,12,92.79,-12.82
2025-10-03,13,97.21,0.57
2025-10-03,14,113.28,5.59
2025-10-03,15,130.55,11.0
2025-10-03,16,97.64,-9.41
2025-10-03,17,102.86,-0.4
2025-10-03,18,109.32,13.89
2025-10-03,19,88.05,-14.02
2025-10-03,20,99.81,3.63
2025-10-03,21,136.53,-0.39
2025-10-03,22,93.46,10.61
2025-10-03,23,127.44,0.67
2025-10-03,24,114.2,12.4
2025-10-03,25,105.9,37.31
2025-10-03,26,131.08,15.66
2025-10-03,27,126.44,9.36
2025-10-03,28,107.59,34.71
2025-10-03,29,150.56,4.71
2025-10-03,30,114.35,-3.85
2025-10-03,31,127.59,22.71
2025-10-03,32,147.71,35.17
2025-10-03,33,116.26,28.3
2025-10-03,34,131.79,55.13
2025-10-03,35,166.9,75.5
2025-10-03,36,186.89,33.95
2025-10-03,37,127.36,75.14
2025-10-03,38,124.37,26.01
2025-10-03,39,154.5,38.6
2025-10-03,40,136.92,7.76
2025-10-03,41,94.79,24.38
2025-10-03,42,105.64,-13.96
2025-10-03,43,130.11,-22.11
2025-10-03,44,127.14,17.59
2025-10-03,45,87.93,34.09
2025-10-03,46,119.04,-25.48
2025-10-03,47,89.11,-6.32
2025-10-03,48,74.19,-15.22
2025-10-04,1,86.33,-20.87
2025-10-04,2,105.05,-42.19
2025-10-04,3,64.06,-14.29
2025-10-04,4,87.14,9.33
2025-10-04,5,82.39,-1.39
2025-10-04,6,72.31,-35.75
2025-10-04,7,108.97,-14.73
2025-10-04,8,100.84,1.24
2025-10-04,9,69.86,-25.83
2025-10-04,10,116.07,7.91
2025-10-04,11,101.79,15.06
2025-10-04,12,65.23,-36.44
2025-10-04,13,87.89,-18.11
2025-10-04,14,71.97,-11.45
2025-10-04,15,108.3,24.74
2025-10-04,16,132.54,26.98
2025-10-04,17,109.71,-17.72
2025-10-04,18,113.12,25.94
2025-10-04,19,107.89,1.11
2025-10-04,20,118.09,15.5
2025-10-04,21,139.28,31.58
2025-10-04,22,113.77,35.15
2025-10-04,23,111.63,5.62
2025-10-04,24,111.42,-5.88
2025-10-04,25,115.03,18.44
2025-10-04,26,125.11,25.0
2025-10-04,27,95.99,-13.97
2025-10-04,28,120.1,43.23
2025-10-04,29,106.33,-4.06
2025-10-04,30,133.61,-2.26
2025-10-04,31,141.59,4.34
2025-10-04,32,105.9,7.26
2025-10-04,33,126.54,42.42
2025-10-04,34,133.59,11.25
2025-10-04,35,112.21,0.01
2025-10-04,36,169.08,43.11
2025-10-04,37,125.44,36.44
2025-10-04,38,135.62,7.79
2025-10-04,39,140.93,12.45
2025-10-04,40,137.06,-0.71
2025-10-04,41,96.94,20.95
2025-10-04,42,118.56,-9.88
2025-10-04,43,79.17,29.66
2025-10-04,44,111.6,-14.33
2025-10-04,45,98.49,-5.22
2025-10-04,46,75.51,22.56
2025-10-04,47,110.16,5.42
2025-10-04,48,106.49,-0.7
2025-10-05,1,94.29,-28.7
2025-10-05,2,115.0,-12.0
2025-10-05,3,75.06,11.35
2025-10-05,4,103.87,2.54
2025-10-05,5,107.17,15.35
2025-10-05,6,110.46,-28.47
2025-10-05,7,94.84,-3.21
2025-10-05,8,104.48,-42.75
2025-10-05,9,62.91,9.55
2025-10-05,10,73.59,-21.7
2025-10-05,11,87.89,-44.53
2025-10-05,12,119.81,-5.64
2025-10-05,13,86.86,5.65
2025-10-05,14,106.76,24.32
2025-10-05,15,98.77,-26.52
2025-10-05,16,122.48,5.71
2025-10-05,17,136.67,30.12
2025-10-05,18,141.89,9.1
2025-10-05,19,99.51,1.21
2025-10-05,20,82.83,-7.68
2025-10-05,21,137.93,34.46
2025-10-05,22,117.98,8.34
2025-10-05,23,92.21,6.19
2025-10-05,24,79.9,17.7
2025-10-05,25,93.0,20.58
2025-10-05,26,108.62,4.57
2025-10-05,27,96.53,11.13
2025-10-05,28,120.22,-14.16
2025-10-05,29,99.62,29.68
2025-10-05,30,111.6,-3.47
2025-10-05,31,124.82,19.69
2025-10-05,32,144.33,24.73
2025-10-05,33,134.39,58.64
2025-10-05,34,120.45,52.53
2025-10-05,35,133.48,26.62
2025-10-05,36,136.63,52.53
2025-10-05,37,140.05,55.53
2025-10-05,38,117.66,20.92
2025-10-05,39,126.09,16.22
2025-10-05,40,119.55,5.98
2025-10-05,41,94.86,33.8
2025-10-05,42,126.29,17.38
2025-10-05,43,99.33,0.35
2025-10-05,44,91.38,-6.55
2025-10-05,45,103.98,-27.52
2025-10-05,46,120.0,-0.42
2025-10-05,47,94.71,-21.35
2025-10-05,48,87.73,9.0
2025-10-06,1,111.97,-1.39
2025-10-06,2,102.17,-12.45
2025-10-06,3,75.09,-1.68
2025-10-06,4,72.08,16.58
2025-10-06,5,80.62,-21.62
2025-10-06,6,77.18,-17.03
2025-10-06,7,81.99,11.12
2025-10-06,8,74.12,10.01
2025-10-06,9,108.0,16.98
2025-10-06,10,104.81,-18.1
2025-10-06,11,83.3,-26.47
2025-10-06,12,115.95,-4.18
2025-10-06,13,118.74,-8.76
2025-10-06,14,82.89,19.42
2025-10-06,15,97.03,-0.24
2025-10-06,16,106.35,-11.73
2025-10-06,17,124.82,21.92
2025-10-06,18,90.17,-3.6
2025-10-06,19,135.29,-5.64
2025-10-06,20,106.19,43.51
2025-10-06,21,139.87,-10.06
2025-10-06,22,99.86,15.93
2025-10-06,23,117.9,46.02
2025-10-06,24,131.36,-0.55
2025-10-06,25,144.7,40.34
2025-10-06,26,116.15,3.82
2025-10-06,27,138.85,-2.48
2025-10-06,28,141.66,53.16
2025-10-06,29,137.17,23.98
2025-10-06,30,142.66,57.11
2025-10-06,31,122.78,45.37
2025-10-06,32,133.75,65.56
2025-10-06,33,150.92,67.46
2025-10-06,34,180.14,59.56
2025-10-06,35,151.27,71.07
2025-10-06,36,142.48,49.04
2025-10-06,37,126.59,46.4
2025-10-06,38,132.2,64.29
2025-10-06,39,145.46,54.85
2025-10-06,40,112.77,-0.13
2025-10-06,41,149.94,27.48
2025-10-06,42,96.28,-9.86
2025-10-06,43,119.89,-25.52
2025-10-06,44,119.82,-8.26
2025-10-06,45,115.32,2.25
2025-10-06,46,110.48,8.15
2025-10-06,47,127.25,-22.31
2025-10-06,48,103.65,-20.03
2025-10-07,1,124.28,32.86
2025-10-07,2,87.74,-5.68
2025-10-07,3,66.46,-13.25
2025-10-07,4,93.82,-3.39
2025-10-07,5,75.06,-10.19
2025-10-07,6,99.77,-38.71
2025-10-07,7,105.67,-25.45
2025-10-07,8,71.47,-40.51
2025-10-07,9,94.74,-36.38
2025-10-07,10,98.54,-34.93
2025-10-07,11,74.81,-21.32
2025-10-07,12,110.87,25.53
2025-10-07,13,110.67,-5.39
2025-10-07,14,117.0,36.92
2025-10-07,15,101.36,-8.17
2025-10-07,16,135.31,34.76
2025-10-07,17,85.54,23.48
2025-10-07,18,145.62,43.96
2025-10-07,19,146.16,30.04
2025-10-07,20,122.12,11.4
2025-10-07,21,135.15,27.05
2025-10-07,22,125.88,41.05
2025-10-07,23,107.63,17.38
2025-10-07,24,120.22,11.15
2025-10-07,25,117.58,48.41
2025-10-07,26,125.37,43.66
2025-10-07,27,115.95,24.81
2025-10-07,28,98.22,44.31
2025-10-07,29,109.24,60.38
2025-10-07,30,126.89,62.7
2025-10-07,31,141.2,8.33
2025-10-07,32,151.5,36.34
2025-10-07,33,167.77,52.31
2025-10-07,34,173.66,24.57
2025-10-07,35,132.26,75.09
2025-10-07,36,158.7,39.06
2025-10-07,37,139.28,50.48
2025-10-07,38,175.11,68.39
2025-10-07,39,137.85,31.9
2025-10-07,40,158.22,17.81
2025-10-07,41,119.92,36.34
2025-10-07,42,119.05,8.77
2025-10-07,43,104.81,32.45
2025-10-07,44,98.43,5.23
2025-10-07,45,112.49,-10.27
2025-10-07,46,89.25,9.7
2025-10-07,47,121.3,-22.18
2025-10-07,48,120.53,-10.62
2025-10-08,1,84.5,-9.51
2025-10-08,2,103.91,4.12
2025-10-08,3,85.89,17.25
2025-10-08,4,67.9,-18.57
2025-10-08,5,87.58,-2.68
2025-10-08,6,73.51,-6.55
2025-10-08,7,120.77,-16.7
2025-10-08,8,92.82,-36.37
2025-10-08,9,64.79,14.1
2025-10-08,10,95.64,-0.23
2025-10-08,11,94.61,6.11
2025-10-08,12,127.91,-8.62
2025-10-08,13,82.63,-21.14
2025-10-08,14,122.03,0.03
2025-10-08,15,89.39,19.35
2025-10-08,16,134.63,12.06
2025-10-08,17,114.43,11.15
2025-10-08,18,129.15,37.35
2025-10-08,19,106.58,37.99
2025-10-08,20,120.1,43.11
2025-10-08,21,110.97,0.82
2025-10-08,22,92.43,-8.16
2025-10-08,23,105.03,45.59
2025-10-08,24,103.52,3.28
2025-10-08,25,140.78,6.18
2025-10-08,26,146.1,4.81
2025-10-08,27,116.74,1.95
2025-10-08,28,157.53,10.6
2025-10-08,29,130.44,37.6
2025-10-08,30,131.92,44.94
2025-10-08,31,137.73,59.66
2025-10-08,32,128.52,21.13
2025-10-08,33,167.1,29.49
2025-10-08,34,131.3,32.7
2025-10-08,35,180.13,71.06
2025-10-08,36,166.36,57.08
2025-10-08,37,175.72,50.37
2025-10-08,38,146.1,73.88
2025-10-08,39,122.47,43.09
2025-10-08,40,143.66,49.8
2025-10-08,41,96.48,11.13
2025-10-08,42,130.15,17.04
2025-10-08,43,105.93,3.45
2025-10-08,44,133.66,13.47
2025-10-08,45,84.0,-21.67
2025-10-08,46,97.38,-22.63
2025-10-08,47,117.64,8.69
2025-10-08,48,74.88,-28.16
2025-10-09,1,86.62,-19.23
2025-10-09,2,99.72,20.93
2025-10-09,3,86.35,-33.47
2025-10-09,4,87.03,-20.73
2025-10-09,5,73.45,-21.61
2025-10-09,6,64.06,-40.41
2025-10-09,7,116.54,6.0
2025-10-09,8,98.81,-20.1
2025-10-09,9,94.24,-8.59
2025-10-09,10,90.59,-24.27
2025-10-09,11,112.63,-7.72
2025-10-09,12,76.9,-4.87
2025-10-09,13,95.13,-2.16
2025-10-09,14,121.13,25.42
2025-10-09,15,124.8,28.55
2025-10-09,16,110.41,8.81
2025-10-09,17,111.2,-5.58
2025-10-09,18,141.1,-13.14
2025-10-09,19,148.46,38.53
2025-10-09,20,123.66,34.13
2025-10-09,21,121.96,25.26
2025-10-09,22,125.68,32.62
2025-10-09,23,124.21,6.0
2025-10-09,24,108.35,15.3
2025-10-09,25,108.26,-11.81
2025-10-09,26,144.43,46.06
2025-10-09,27,111.55,29.49
2025-10-09,28,146.02,16.79
2025-10-09,29,122.26,50.89
2025-10-09,30,165.3,62.3
2025-10-09,31,119.45,59.15
2025-10-09,32,131.74,16.79
2025-10-09,33,123.31,49.4
2025-10-09,34,136.73,71.04
2025-10-09,35,133.04,37.9
2025-10-09,36,185.14,60.94
2025-10-09,37,152.64,55.54
2025-10-09,38,149.89,69.5
2025-10-09,39,149.0,62.94
2025-10-09,40,115.92,-5.73
2025-10-09,41,142.08,-9.87
2025-10-09,42,95.71,35.47
2025-10-09,43,94.85,20.93
2025-10-09,44,89.48,-4.5
2025-10-09,45,80.67,-15.24
2025-10-09,46,97.06,-24.45
2025-10-09,47,93.54,7.95
2025-10-09,48,84.23,4.38
2025-10-10,1,98.6,-7.53
2025-10-10,2,91.34,21.35
2025-10-10,3,113.32,-6.78
2025-10-10,4,87.86,-6.78
2025-10-10,5,101.62,-17.6
2025-10-10,6,80.13,-35.13
2025-10-10,7,77.94,-37.15
2025-10-10,8,73.29,-41.84
2025-10-10,9,74.08,5.9
2025-10-10,10,126.29,16.66
2025-10-10,11,79.89,11.57
2025-10-10,12,97.98,28.65
2025-10-10,13,95.07,-11.62
2025-10-10,14,94.88,10.77
2025-10-10,15,127.82,-4.92
2025-10-10,16,139.85,-16.11
2025-10-10,17,126.0,-8.07
2025-10-10,18,96.72,1.71
2025-10-10,19,109.23,19.21
2025-10-10,20,107.87,-10.01
2025-10-10,21,122.12,47.27
2025-10-10,22,104.12,-5.34
2025-10-10,23,98.72,28.05
2025-10-10,24,102.04,5.98
2025-10-10,25,121.19,23.32
2025-10-10,26,125.47,31.5
2025-10-10,27,133.86,46.54
2025-10-10,28,130.11,43.89
2025-10-10,29,133.58,7.96
2025-10-10,30,122.16,-1.95
2025-10-10,31,163.01,53.38
2025-10-10,32,170.65,45.3
2025-10-10,33,149.52,47.04
2025-10-10,34,172.52,20.4
2025-10-10,35,166.91,64.82
2025-10-10,36,158.7,52.12
2025-10-10,37,177.85,56.77
2025-10-10,38,139.36,60.62
2025-10-10,39,116.61,25.52
2025-10-10,40,113.06,38.66
2025-10-10,41,138.12,15.95
2025-10-10,42,104.11,16.67
2025-10-10,43,123.01,34.94
2025-10-10,44,101.13,1.07
2025-10-10,45,137.22,1.41
2025-10-10,46,87.7,0.47
2025-10-10,47,130.25,-25.25
2025-10-10,48,85.55,-19.61
2025-10-11,1,95.79,-17.55
2025-10-11,2,89.48,-40.18
2025-10-11,3,68.73,8.68
2025-10-11,4,82.92,-25.49
2025-10-11,5,70.81,6.89
2025-10-11,6,104.93,18.08
2025-10-11,7,78.61,-51.35
2025-10-11,8,80.9,-10.87
2025-10-11,9,101.83,-1.81
2025-10-11,10,82.63,-8.71
2025-10-11,11,81.61,-0.11
2025-10-11,12,114.6,-9.79
2025-10-11,13,119.7,-25.14
2025-10-11,14,110.73,-9.24
2025-10-11,15,78.24,7.94
2025-10-11,16,132.64,6.38
2025-10-11,17,126.15,-24.83
2025-10-11,18,130.17,12.9
2025-10-11,19,94.61,11.87
2025-10-11,20,131.2,42.96
2025-10-11,21,102.55,-13.89
2025-10-11,22,129.23,-14.57
2025-10-11,23,116.56,36.11
2025-10-11,24,105.85,-2.26
2025-10-11,25,121.52,10.41
2025-10-11,26,112.89,5.77
2025-10-11,27,125.49,-19.74
2025-10-11,28,143.84,28.12
2025-10-11,29,129.73,31.67
2025-10-11,30,139.89,1.22
2025-10-11,31,139.43,-2.21
2025-10-11,32,116.34,40.13
2025-10-11,33,124.75,45.53
2025-10-11,34,158.69,75.69
2025-10-11,35,153.33,35.12
2025-10-11,36,150.73,52.67
2025-10-11,37,169.81,29.97
2025-10-11,38,141.63,17.86
2025-10-11,39,120.49,13.99
2025-10-11,40,120.39,1.96
2025-10-11,41,134.88,0.78
2025-10-11,42,126.81,-4.46
2025-10-11,43,118.42,-2.63
2025-10-11,44,117.95,8.96
2025-10-11,45,87.23,-1.02
2025-10-11,46,95.44,-35.62
2025-10-11,47,74.01,-24.05
2025-10-11,48,100.09,6.0
2025-10-12,1,87.56,-27.45
2025-10-12,2,111.12,16.25
2025-10-12,3,97.28,-9.33
2025-10-12,4,77.41,-21.1
2025-10-12,5,109.98,20.8
2025-10-12,6,85.6,-35.11
2025-10-12,7,83.47,19.3
2025-10-12,8,92.93,-21.31
2025-10-12,9,61.51,-39.34
2025-10-12,10,115.89,16.52
2025-10-12,11,85.69,12.93
2025-10-12,12,89.99,25.67
2025-10-12,13,87.26,1.74
2025-10-12,14,88.79,8.91
2025-10-12,15,79.48,-17.4
2025-10-12,16,120.62,22.96
2025-10-12,17,125.66,-3.84
2025-10-12,18,103.32,1.54
2025-10-12,19,126.56,32.43
2025-10-12,20,94.99,34.66
2025-10-12,21,113.62,25.92
2025-10-12,22,103.73,1.61
2025-10-12,23,93.78,33.25
2025-10-12,24,84.43,25.69
2025-10-12,25,116.59,5.73
2025-10-12,26,98.35,34.5
2025-10-12,27,109.34,-8.56
2025-10-12,28,106.25,-11.23
2025-10-12,29,95.36,19.27
2025-10-12,30,100.53,15.89
2025-10-12,31,129.81,53.09
2025-10-12,32,137.44,19.9
2025-10-12,33,107.43,3.99
2025-10-12,34,120.39,30.76
2025-10-12,35,129.29,12.69
2025-10-12,36,172.49,55.43
2025-10-12,37,162.81,55.08
2025-10-12,38,143.46,50.25
2025-10-12,39,140.27,17.53
2025-10-12,40,136.01,-9.15
2025-10-12,41,102.27,-12.62
2025-10-12,42,121.4,-2.69
2025-10-12,43,112.66,1.96
2025-10-12,44,103.33,3.82
2025-10-12,45,123.86,25.21
2025-10-12,46,77.93,-17.76
2025-10-12,47,96.69,-1.56
2025-10-12,48,115.46,-29.37
2025-10-13,1,83.37,-16.9
2025-10-13,2,79.38,3.85
2025-10-13,3,62.76,2.18
2025-10-13,4,83.81,-8.45
2025-10-13,5,103.75,23.61
2025-10-13,6,112.92,-27.39
2025-10-13,7,96.39,0.51
2025-10-13,8,67.71,-32.71
2025-10-13,9,88.14,-34.1
2025-10-13,10,92.48,-5.54
2025-10-13,11,77.32,24.13
2025-10-13,12,126.29,-9.35
2025-10-13,13,133.79,19.08
2025-10-13,14,100.98,-2.87
2025-10-13,15,96.76,3.09
2025-10-13,16,117.59,-3.81
2025-10-13,17,126.7,25.19
2025-10-13,18,119.78,29.59
2025-10-13,19,119.33,-0.76
2025-10-13,20,99.36,21.63
2025-10-13,21,131.53,29.52
2025-10-13,22,114.11,9.54
2025-10-13,23,104.94,-7.33
2025-10-13,24,140.02,55.49
2025-10-13,25,111.5,36.76
2025-10-13,26,155.46,22.74
2025-10-13,27,118.86,23.27
2025-10-13,28,128.55,48.02
2025-10-13,29,115.45,53.54
2025-10-13,30,133.87,47.48
2025-10-13,31,148.39,39.03
2025-10-13,32,134.8,45.87
2025-10-13,33,148.05,66.6
2025-10-13,34,147.34,31.2
2025-10-13,35,153.44,79.28
2025-10-13,36,166.87,57.81
2025-10-13,37,179.22,60.61
2025-10-13,38,152.57,33.27
2025-10-13,39,116.75,42.16
2025-10-13,40,148.34,13.88
2025-10-13,41,129.93,46.78
2025-10-13,42,135.38,3.53
2025-10-13,43,132.93,39.4
2025-10-13,44,121.0,-17.3
2025-10-13,45,137.44,-14.68
2025-10-13,46,82.46,7.44
2025-10-13,47,121.11,14.66
2025-10-13,48,126.82,-25.05
2025-10-14,1,100.46,-31.88
2025-10-14,2,115.04,-10.94
2025-10-14,3,94.13,-25.45
2025-10-14,4,80.13,-21.8
2025-10-14,5,85.7,-36.34
2025-10-14,6,115.96,3.5
2025-10-14,7,103.59,-29.64
2025-10-14,8,113.77,16.6
2025-10-14,9,97.57,-15.07
2025-10-14,10,77.26,-4.34
2025-10-14,11,96.38,-8.61
2025-10-14,12,94.01,29.69
2025-10-14,13,100.24,-32.76
2025-10-14,14,90.0,13.03
2025-10-14,15,109.58,10.23
2025-10-14,16,132.61,40.47
2025-10-14,17,117.56,-15.64
2025-10-14,18,131.02,20.52
2025-10-14,19,110.12,3.04
2025-10-14,20,125.56,-2.06
2025-10-14,21,119.51,31.21
2025-10-14,22,122.42,25.74
2025-10-14,23,120.96,25.06
2025-10-14,24,119.23,36.54
2025-10-14,25,140.08,15.11
2025-10-14,26,143.9,47.2
2025-10-14,27,133.19,10.12
2025-10-14,28,105.36,13.72
2025-10-14,29,142.13,17.13
2025-10-14,30,120.99,24.03
2025-10-14,31,155.22,38.2
2025-10-14,32,158.09,63.06
2025-10-14,33,140.05,31.09
2025-10-14,34,126.29,72.46
2025-10-14,35,184.72,57.03
2025-10-14,36,188.03,57.96
2025-10-14,37,171.36,34.84
2025-10-14,38,143.55,33.03
2025-10-14,39,158.48,50.08
2025-10-14,40,116.97,49.77
2025-10-14,41,136.38,23.65
2025-10-14,42,92.72,18.55
2025-10-14,43,130.65,30.66
2025-10-14,44,118.88,-12.64
2025-10-14,45,86.57,5.6
2025-10-14,46,116.06,27.21
2025-10-14,47,93.72,-8.44
2025-10-14,48,101.25,2.0
2025-10-15,1,99.14,-0.72
2025-10-15,2,82.32,21.02
2025-10-15,3,76.58,-11.47
2025-10-15,4,95.44,20.93
2025-10-15,5,76.38,11.82
2025-10-15,6,84.62,-22.16
2025-10-15,7,111.21,13.23
2025-10-15,8,102.36,-3.96
2025-10-15,9,116.05,12.84
2025-10-15,10,106.12,10.75
2025-10-15,11,90.72,-12.29
2025-10-15,12,114.31,9.02
2025-10-15,13,69.78,-0.93
2025-10-15,14,84.7,0.95
2025-10-15,15,126.99,-3.09
2025-10-15,16,149.7,32.62
2025-10-15,17,96.34,42.18
2025-10-15,18,142.27,13.91
2025-10-15,19,131.01,33.0
2025-10-15,20,134.83,26.64
2025-10-15,21,105.08,29.43
2025-10-15,22,93.09,-14.08
2025-10-15,23,108.28,24.77
2025-10-15,24,127.9,14.55
2025-10-15,25,115.67,25.13
2025-10-15,26,123.16,49.95
2025-10-15,27,117.02,28.23
2025-10-15,28,114.22,14.73
2025-10-15,29,121.83,61.09
2025-10-15,30,131.62,32.0
2025-10-15,31,135.63,7.43
2025-10-15,32,119.65,33.8
2025-10-15,33,158.92,58.63
2025-10-15,34,168.12,40.96
2025-10-15,35,180.06,73.9
2025-10-15,36,184.86,45.55
2025-10-15,37,151.73,62.25
2025-10-15,38,170.17,52.35
2025-10-15,39,143.0,11.22
2025-10-15,40,128.59,52.64
2025-10-15,41,108.09,-5.02
2025-10-15,42,92.24,-2.22
2025-10-15,43,87.56,22.58
2025-10-15,44,110.16,-7.98
2025-10-15,45,110.39,21.7
2025-10-15,46,129.7,6.59
2025-10-15,47,124.19,24.42
2025-10-15,48,107.09,11.72
2025-10-16,1,114.57,1.01
2025-10-16,2,105.74,24.86
2025-10-16,3,114.87,25.69
2025-10-16,4,92.69,7.06
2025-10-16,5,111.23,-9.25
2025-10-16,6,88.56,18.24
2025-10-16,7,105.16,7.41
2025-10-16,8,115.17,-29.32
2025-10-16,9,122.71,-28.94
2025-10-16,10,94.78,-2.54
2025-10-16,11,115.43,10.03
2025-10-16,12,128.56,0.66
2025-10-16,13,117.58,28.64
2025-10-16,14,140.53,25.3
2025-10-16,15,108.46,24.83
2025-10-16,16,113.16,-0.78
2025-10-16,17,94.31,38.27
2025-10-16,18,155.13,22.33
2025-10-16,19,147.73,46.44
2025-10-16,20,116.94,12.81
2025-10-16,21,106.97,41.15
2025-10-16,22,118.93,7.62
2025-10-16,23,133.5,-8.22
2025-10-16,24,128.5,21.62
2025-10-16,25,108.85,-7.25
2025-10-16,26,106.1,32.06
2025-10-16,27,152.15,51.21
2025-10-16,28,129.51,40.06
2025-10-16,29,106.91,22.55
2025-10-16,30,126.02,12.49
2025-10-16,31,139.07,60.18
2025-10-16,32,143.11,40.42
2025-10-16,33,164.15,41.59
2025-10-16,34,317.93,243.92
2025-10-16,35,364.2,232.32
2025-10-16,36,321.36,218.84
2025-10-16,37,315.8,214.83
2025-10-16,38,344.7,209.89
2025-10-16,39,339.49,254.05
2025-10-16,40,141.55,35.28
2025-10-16,41,129.45,14.15
2025-10-16,42,128.43,35.0
2025-10-16,43,115.29,25.98
2025-10-16,44,94.52,37.52
2025-10-16,45,116.63,-23.6
2025-10-16,46,110.4,31.32
2025-10-16,47,90.35,-19.5
2025-10-16,48,117.27,-31.86
2025-10-17,1,126.29,-17.15
2025-10-17,2,82.62,-17.44
2025-10-17,3,94.45,-22.19
2025-10-17,4,109.57,-25.45
2025-10-17,5,68.0,11.53
2025-10-17,6,101.23,-5.34
2025-10-17,7,82.35,5.9
2025-10-17,8,75.75,10.93
2025-10-17,9,72.81,-8.34
2025-10-17,10,117.24,-8.19
2025-10-17,11,108.7,12.58
2025-10-17,12,94.79,18.46
2025-10-17,13,104.81,13.71
2025-10-17,14,115.96,-14.03
2025-10-17,15,140.01,17.9
2025-10-17,16,115.97,1.73
2025-10-17,17,120.95,11.75
2025-10-17,18,148.31,22.63
2025-10-17,19,140.65,12.3
2025-10-17,20,123.85,8.6
2025-10-17,21,139.25,17.05
2025-10-17,22,109.93,33.45
2025-10-17,23,105.51,5.1
2025-10-17,24,135.85,44.48
2025-10-17,25,159.71,55.87
2025-10-17,26,124.65,27.55
2025-10-17,27,135.98,15.79
2025-10-17,28,142.3,48.61
2025-10-17,29,107.59,1.92
2025-10-17,30,110.44,42.26
2025-10-17,31,157.6,58.34
2025-10-17,32,128.86,64.88
2025-10-17,33,125.02,61.72
2025-10-17,34,168.62,73.54
2025-10-17,35,175.28,29.93
2025-10-17,36,183.58,52.29
2025-10-17,37,165.6,53.24
2025-10-17,38,129.21,27.01
2025-10-17,39,116.43,21.13
2025-10-17,40,154.58,22.6
2025-10-17,41,145.51,37.16
2025-10-17,42,118.32,30.71
2025-10-17,43,123.29,-14.71
2025-10-17,44,87.33,-16.86
2025-10-17,45,102.07,25.12
2025-10-17,46,109.85,9.25
2025-10-17,47,89.55,-28.99
2025-10-17,48,108.2,-23.36
2025-10-18,1,94.06,2.27
2025-10-18,2,83.03,5.36
2025-10-18,3,68.08,-34.87
2025-10-18,4,101.59,-11.89
2025-10-18,5,109.25,-26.18
2025-10-18,6,69.53,-38.03
2025-10-18,7,82.52,-19.55
2025-10-18,8,114.71,-1.09
2025-10-18,9,96.19,11.2
2025-10-18,10,112.46,-29.39
2025-10-18,11,91.8,20.35
2025-10-18,12,79.85,-4.42
2025-10-18,13,111.85,-17.76
2025-10-18,14,83.91,12.9
2025-10-18,15,80.73,26.74
2025-10-18,16,115.21,-18.23
2025-10-18,17,138.31,29.39
2025-10-18,18,96.55,31.97
2025-10-18,19,124.73,23.27
2025-10-18,20,104.04,37.95
2025-10-18,21,105.18,25.28
2025-10-18,22,113.06,10.63
2025-10-18,23,141.12,15.09
2025-10-18,24,103.85,9.29
2025-10-18,25,92.67,44.0
2025-10-18,26,122.66,-13.03
2025-10-18,27,96.89,32.97
2025-10-18,28,136.91,10.59
2025-10-18,29,112.33,39.36
2025-10-18,30,127.85,45.4
2025-10-18,31,155.09,28.73
2025-10-18,32,144.93,26.95
2025-10-18,33,170.5,65.89
2025-10-18,34,121.53,21.17
2025-10-18,35,169.02,35.45
2025-10-18,36,146.2,54.39
2025-10-18,37,168.7,65.66
2025-10-18,38,132.61,50.07
2025-10-18,39,140.39,30.08
2025-10-18,40,117.63,-4.6
2025-10-18,41,96.03,24.47
2025-10-18,42,101.93,-15.0
2025-10-18,43,108.6,-19.23
2025-10-18,44,84.83,-14.39
2025-10-18,45,104.09,7.23
2025-10-18,46,107.17,-29.15
2025-10-18,47,86.28,6.82
2025-10-18,48,96.5,4.64
2025-10-19,1,70.36,-14.13
2025-10-19,2,93.09,-28.28
2025-10-19,3,84.3,7.74
2025-10-19,4,84.27,-37.43
2025-10-19,5,92.22,-44.17
2025-10-19,6,87.46,-12.53
2025-10-19,7,64.09,10.93
2025-10-19,8,79.19,-19.79
2025-10-19,9,85.55,19.99
2025-10-19,10,109.31,-39.54
2025-10-19,11,83.07,-9.93
2025-10-19,12,92.71,-9.85
2025-10-19,13,88.49,-31.32
2025-10-19,14,83.56,15.98
2025-10-19,15,123.65,-16.32
2025-10-19,16,135.77,27.12
2025-10-19,17,131.62,20.02
2025-10-19,18,132.96,1.02
2025-10-19,19,98.82,-17.97
2025-10-19,20,106.87,-19.1
2025-10-19,21,129.62,27.77
2025-10-19,22,124.47,3.15
2025-10-19,23,117.9,9.56
2025-10-19,24,112.37,20.0
2025-10-19,25,127.32,38.55
2025-10-19,26,135.8,15.58
2025-10-19,27,141.62,-9.53
2025-10-19,28,109.26,11.36
2025-10-19,29,117.63,31.89
2025-10-19,30,122.28,17.5
2025-10-19,31,104.39,12.29
2025-10-19,32,145.01,24.57
2025-10-19,33,126.73,38.43
2025-10-19,34,132.36,15.85
2025-10-19,35,149.35,68.46
2025-10-19,36,143.88,71.5
2025-10-19,37,168.07,21.45
2025-10-19,38,126.44,8.33
2025-10-19,39,145.51,12.82
2025-10-19,40,101.4,30.16
2025-10-19,41,153.14,20.0
2025-10-19,42,102.88,13.56
2025-10-19,43,103.19,-24.04
2025-10-19,44,103.63,18.68
2025-10-19,45,73.6,-25.8
2025-10-19,46,76.71,-34.68
2025-10-19,47,100.36,2.65
2025-10-19,48,84.53,19.53
2025-10-20,1,82.33,-19.9
2025-10-20,2,116.83,-28.47
2025-10-20,3,75.46,-28.14
2025-10-20,4,97.01,-18.3
2025-10-20,5,81.28,-9.62
2025-10-20,6,115.81,24.43
2025-10-20,7,103.18,-21.88
2025-10-20,8,73.18,-0.11
2025-10-20,9,111.2,-19.59
2025-10-20,10,109.95,-29.14
2025-10-20,11,81.81,-31.03
2025-10-20,12,75.84,25.71
2025-10-20,13,99.84,-14.11
2025-10-20,14,89.92,34.3
2025-10-20,15,135.63,23.94
2025-10-20,16,124.66,-14.09
2025-10-20,17,142.13,16.59
2025-10-20,18,120.83,15.6
2025-10-20,19,113.61,27.21
2025-10-20,20,142.67,16.38
2025-10-20,21,131.79,45.04
2025-10-20,22,112.22,18.98
2025-10-20,23,107.4,38.86
2025-10-20,24,140.3,16.5
2025-10-20,25,121.96,7.82
2025-10-20,26,130.99,27.35
2025-10-20,27,155.48,6.09
2025-10-20,28,147.66,37.64
2025-10-20,29,140.85,51.87
2025-10-20,30,159.33,44.48
2025-10-20,31,140.09,21.24
2025-10-20,32,155.43,31.03
2025-10-20,33,123.2,27.3
2025-10-20,34,135.94,54.36
2025-10-20,35,145.33,85.75
2025-10-20,36,159.9,42.78
2025-10-20,37,138.29,24.89
2025-10-20,38,141.85,48.83
2025-10-20,39,156.9,9.49
2025-10-20,40,116.86,25.64
2025-10-20,41,143.5,-0.82
2025-10-20,42,113.18,-4.21
2025-10-20,43,102.47,19.92
2025-10-20,44,139.81,-3.35
2025-10-20,45,136.78,17.86
2025-10-20,46,92.18,24.26
2025-10-20,47,95.2,-28.82
2025-10-20,48,99.04,-14.24
2025-10-21,1,84.03,18.51
2025-10-21,2,86.42,-30.36
2025-10-21,3,118.73,-6.66
2025-10-21,4,104.85,-27.57
2025-10-21,5,107.27,-21.07
2025-10-21,6,99.8,-27.5
2025-10-21,7,98.91,-5.66
2025-10-21,8,114.8,-4.24
2025-10-21,9,90.6,-26.03
2025-10-21,10,83.08,-16.18
2025-10-21,11,87.76,18.06
2025-10-21,12,116.75,-25.1
2025-10-21,13,123.77,1.32
2025-10-21,14,90.05,21.16
2025-10-21,15,103.06,12.19
2025-10-21,16,119.36,-5.19
2025-10-21,17,109.78,18.72
2025-10-21,18,141.72,5.66
2025-10-21,19,127.85,-11.66
2025-10-21,20,113.63,4.67
2025-10-21,21,134.89,14.11
2025-10-21,22,95.55,15.59
2025-10-21,23,111.22,19.8
2025-10-21,24,158.17,22.34
2025-10-21,25,154.13,16.63
2025-10-21,26,149.29,43.03
2025-10-21,27,125.6,39.72
2025-10-21,28,108.77,57.93
2025-10-21,29,129.6,51.15
2025-10-21,30,129.78,35.88
2025-10-21,31,135.62,33.69
2025-10-21,32,122.08,58.19
2025-10-21,33,155.1,41.47
2025-10-21,34,175.05,69.21
2025-10-21,35,159.35,63.69
2025-10-21,36,168.25,37.01
2025-10-21,37,173.6,57.02
2025-10-21,38,149.9,33.66
2025-10-21,39,155.56,39.39
2025-10-21,40,126.23,31.18
2025-10-21,41,153.51,26.13
2025-10-21,42,105.29,-7.19
2025-10-21,43,137.77,38.23
2025-10-21,44,123.81,20.24
2025-10-21,45,106.37,0.94
2025-10-21,46,135.74,-13.15
2025-10-21,47,90.01,1.96
2025-10-21,48,90.4,22.0
2025-10-22,1,97.51,14.23
2025-10-22,2,113.2,-4.17
2025-10-22,3,113.56,-15.69
2025-10-22,4,80.65,13.94
2025-10-22,5,84.48,13.22
2025-10-22,6,89.15,24.38
2025-10-22,7,120.64,-10.95
2025-10-22,8,111.07,-0.48
2025-10-22,9,110.23,-14.45
2025-10-22,10,107.51,-21.97
2025-10-22,11,103.95,27.59
2025-10-22,12,103.55,12.66
2025-10-22,13,92.38,-28.42
2025-10-22,14,114.66,-3.41
2025-10-22,15,100.32,36.9
2025-10-22,16,140.33,-4.13
2025-10-22,17,97.22,39.21
2025-10-22,18,136.67,60.65
2025-10-22,19,117.61,41.62
2025-10-22,20,130.52,29.75
2025-10-22,21,108.55,44.23
2025-10-22,22,113.56,34.15
2025-10-22,23,134.91,21.13
2025-10-22,24,124.9,53.36
2025-10-22,25,140.88,53.68
2025-10-22,26,108.06,48.09
2025-10-22,27,120.75,46.58
2025-10-22,28,141.2,26.58
2025-10-22,29,127.03,64.79
2025-10-22,30,128.46,16.87
2025-10-22,31,158.22,53.52
2025-10-22,32,143.6,20.54
2025-10-22,33,154.44,37.49
2025-10-22,34,177.13,68.74
2025-10-22,35,182.01,51.87
2025-10-22,36,162.44,66.3
2025-10-22,37,170.38,71.09
2025-10-22,38,140.41,47.97
2025-10-22,39,153.74,64.56
2025-10-22,40,117.78,48.5
2025-10-22,41,105.9,42.38
2025-10-22,42,113.97,-5.62
2025-10-22,43,136.19,1.88
2025-10-22,44,130.69,11.79
2025-10-22,45,137.3,-15.95
2025-10-22,46,107.72,20.6
2025-10-22,47,114.48,35.32
2025-10-22,48,114.78,5.0
2025-10-23,1,126.84,24.68
2025-10-23,2,97.69,5.2
2025-10-23,3,98.14,8.13
2025-10-23,4,105.55,-0.36
2025-10-23,5,88.77,-28.32
2025-10-23,6,77.99,-28.14
2025-10-23,7,85.51,8.13
2025-10-23,8,94.54,-21.18
2025-10-23,9,76.31,-18.91
2025-10-23,10,94.74,23.39
2025-10-23,11,88.15,-2.83
2025-10-23,12,101.83,-19.06
2025-10-23,13,126.07,22.9
2025-10-23,14,131.47,28.11
2025-10-23,15,144.48,-2.94
2025-10-23,16,115.94,48.61
2025-10-23,17,116.4,23.29
2025-10-23,18,132.07,34.25
2025-10-23,19,118.38,29.52
2025-10-23,20,119.74,54.47
2025-10-23,21,89.87,32.76
2025-10-23,22,122.81,42.25
2025-10-23,23,119.2,22.8
2025-10-23,24,151.2,24.1
2025-10-23,25,145.35,42.71
2025-10-23,26,136.3,33.28
2025-10-23,27,130.27,40.03
2025-10-23,28,111.06,11.76
2025-10-23,29,160.89,56.74
2025-10-23,30,152.02,60.59
2025-10-23,31,150.9,55.69
2025-10-23,32,150.06,58.82
2025-10-23,33,178.98,35.42
2025-10-23,34,144.68,60.23
2025-10-23,35,175.59,66.91
2025-10-23,36,151.63,39.16
2025-10-23,37,176.08,55.03
2025-10-23,38,166.7,80.6
2025-10-23,39,119.47,39.23
2025-10-23,40,123.09,33.39
2025-10-23,41,128.1,39.01
2025-10-23,42,149.24,45.75
2025-10-23,43,111.06,8.38
2025-10-23,44,82.78,31.78
2025-10-23,45,111.41,-17.05
2025-10-23,46,127.32,-13.88
2025-10-23,47,88.42,-5.06
2025-10-23,48,116.27,-16.52
2025-10-24,1,93.62,-14.57
2025-10-24,2,90.52,24.9
2025-10-24,3,76.0,14.11
2025-10-24,4,106.88,21.26
2025-10-24,5,79.8,-16.09
2025-10-24,6,116.9,-18.52
2025-10-24,7,113.36,19.91
2025-10-24,8,114.03,5.79
2025-10-24,9,114.51,-21.05
2025-10-24,10,121.66,23.89
2025-10-24,11,86.91,7.67
2025-10-24,12,137.07,14.18
2025-10-24,13,76.05,25.17
2025-10-24,14,115.67,36.43
2025-10-24,15,90.08,-2.8
2025-10-24,16,133.52,-2.76
2025-10-24,17,107.75,2.56
2025-10-24,18,141.77,18.8
2025-10-24,19,146.99,49.24
2025-10-24,20,145.27,51.93
2025-10-24,21,126.86,45.41
2025-10-24,22,144.79,34.95
2025-10-24,23,149.82,16.56
2025-10-24,24,153.13,-3.6
2025-10-24,25,151.15,-4.41
2025-10-24,26,152.21,44.57
2025-10-24,27,120.11,30.93
2025-10-24,28,118.32,47.87
2025-10-24,29,130.08,20.95
2025-10-24,30,115.55,6.17
2025-10-24,31,166.79,48.89
2025-10-24,32,122.82,22.3
2025-10-24,33,135.26,59.17
2025-10-24,34,183.38,69.16
2025-10-24,35,174.33,29.21
2025-10-24,36,186.99,73.77
2025-10-24,37,151.83,56.04
2025-10-24,38,159.46,30.7
2025-10-24,39,145.44,48.81
2025-10-24,40,145.68,50.92
2025-10-24,41,148.12,53.51
2025-10-24,42,114.02,15.36
2025-10-24,43,129.84,30.37
2025-10-24,44,99.86,25.1
2025-10-24,45,93.12,30.12
2025-10-24,46,129.87,32.06
2025-10-24,47,98.62,-10.59
2025-10-24,48,80.83,-22.16
2025-10-25,1,76.6,13.5
2025-10-25,2,89.23,-4.68
2025-10-25,3,109.74,-23.46
2025-10-25,4,109.45,-40.79
2025-10-25,5,75.21,-20.78
2025-10-25,6,72.69,-25.37
2025-10-25,7,65.8,-26.3
2025-10-25,8,81.91,10.26
2025-10-25,9,63.95,-23.66
2025-10-25,10,111.48,-3.33
2025-10-25,11,66.94,-10.48
2025-10-25,12,106.63,21.05
2025-10-25,13,126.02,-22.01
2025-10-25,14,120.14,16.83
2025-10-25,15,126.47,25.0
2025-10-25,16,98.51,-18.36
2025-10-25,17,138.46,-12.23
2025-10-25,18,134.73,43.66
2025-10-25,19,121.45,2.41
2025-10-25,20,124.95,17.41
2025-10-25,21,119.71,43.7
2025-10-25,22,90.18,20.32
2025-10-25,23,112.11,32.22
2025-10-25,24,122.35,29.21
2025-10-25,25,128.59,-1.15
2025-10-25,26,122.54,-6.86
2025-10-25,27,106.93,39.47
2025-10-25,28,147.5,4.75
2025-10-25,29,134.47,46.14
2025-10-25,30,99.36,3.07
2025-10-25,31,151.79,8.65
2025-10-25,32,144.59,27.24
2025-10-25,33,114.74,50.49
2025-10-25,34,117.05,12.64
2025-10-25,35,134.24,69.88
2025-10-25,36,135.35,32.18
2025-10-25,37,137.98,49.24
2025-10-25,38,113.66,29.19
2025-10-25,39,122.23,19.49
2025-10-25,40,143.04,2.38
2025-10-25,41,138.49,0.07
2025-10-25,42,87.2,8.57
2025-10-25,43,136.24,40.54
2025-10-25,44,90.04,14.79
2025-10-25,45,126.38,-10.15
2025-10-25,46,82.07,16.62
2025-10-25,47,99.54,16.2
2025-10-25,48,85.38,-20.12
2025-10-26,1,113.89,-29.92
2025-10-26,2,109.2,-3.71
2025-10-26,3,74.47,-21.41
2025-10-26,4,86.98,-6.04
2025-10-26,5,99.65,10.88
2025-10-26,6,109.99,19.51
2025-10-26,7,115.85,-26.35
2025-10-26,8,95.25,-8.1
2025-10-26,9,101.03,-17.77
2025-10-26,10,96.36,-4.62
2025-10-26,11,89.92,-6.06
2025-10-26,12,101.9,0.24
2025-10-26,13,86.7,-14.5
2025-10-26,14,84.77,-9.93
2025-10-26,15,106.44,12.24
2025-10-26,16,114.01,-15.36
2025-10-26,17,108.36,7.76
2025-10-26,18,129.89,37.33
2025-10-26,19,107.43,-14.51
2025-10-26,20,105.49,-19.48
2025-10-26,21,97.93,16.57
2025-10-26,22,104.8,-0.99
2025-10-26,23,135.35,21.1
2025-10-26,24,136.68,11.07
2025-10-26,25,109.67,-4.89
2025-10-26,26,101.32,48.62
2025-10-26,27,111.13,15.99
2025-10-26,28,141.99,13.75
2025-10-26,29,97.38,15.89
2025-10-26,30,101.09,18.1
2025-10-26,31,129.79,14.98
2025-10-26,32,165.03,67.82
2025-10-26,33,151.03,27.46
2025-10-26,34,150.03,72.87
2025-10-26,35,162.8,42.59
2025-10-26,36,126.07,57.69
2025-10-26,37,171.38,46.52
2025-10-26,38,142.79,24.89
2025-10-26,39,141.22,14.43
2025-10-26,40,107.61,40.78
2025-10-26,41,127.44,-13.04
2025-10-26,42,103.33,20.35
2025-10-26,43,110.0,26.26
2025-10-26,44,100.64,-6.79
2025-10-26,45,128.19,-2.55
2025-10-26,46,72.74,-9.65
2025-10-26,47,71.8,-22.33
2025-10-26,48,90.33,-0.89
2025-10-27,1,112.3,-14.69
2025-10-27,2,116.59,-9.78
2025-10-27,3,100.94,-13.24
2025-10-27,4,117.06,18.01
2025-10-27,5,101.15,-10.93
2025-10-27,6,91.91,17.2
2025-10-27,7,81.13,-19.41
2025-10-27,8,118.76,23.94
2025-10-27,9,93.97,21.12
2025-10-27,10,111.35,18.94
2025-10-27,11,113.84,12.64
2025-10-27,12,99.83,3.31
2025-10-27,13,99.01,-2.49
2025-10-27,14,106.19,-21.07
2025-10-27,15,128.89,5.7
2025-10-27,16,116.31,-2.05
2025-10-27,17,146.06,29.56
2025-10-27,18,138.47,28.2
2025-10-27,19,101.5,7.38
2025-10-27,20,129.12,8.52
2025-10-27,21,106.76,35.17
2025-10-27,22,131.58,33.36
2025-10-27,23,103.41,4.97
2025-10-27,24,137.1,27.27
2025-10-27,25,144.13,42.18
2025-10-27,26,128.82,41.29
2025-10-27,27,132.17,38.97
2025-10-27,28,116.91,4.8
2025-10-27,29,139.8,40.59
2025-10-27,30,113.32,61.51
2025-10-27,31,130.6,31.86
2025-10-27,32,132.61,23.8
2025-10-27,33,173.01,80.49
2025-10-27,34,178.0,56.31
2025-10-27,35,174.32,42.86
2025-10-27,36,141.72,45.24
2025-10-27,37,147.93,84.1
2025-10-27,38,182.83,71.03
2025-10-27,39,163.26,52.48
2025-10-27,40,141.02,24.91
2025-10-27,41,124.04,52.2
2025-10-27,42,107.83,19.88
2025-10-27,43,100.97,-8.78
2025-10-27,44,136.24,1.59
2025-10-27,45,124.36,-3.71
2025-10-27,46,105.76,24.15
2025-10-27,47,80.13,4.14
2025-10-27,48,89.69,18.02
2025-10-28,1,92.29,23.93
2025-10-28,2,116.75,-11.51
2025-10-28,3,97.88,18.59
2025-10-28,4,96.21,7.9
2025-10-28,5,114.35,-5.33
2025-10-28,6,114.39,-27.19
2025-10-28,7,109.54,-1.28
2025-10-28,8,90.0,-22.93
2025-10-28,9,97.87,-17.5
2025-10-28,10,114.88,-33.17
2025-10-28,11,105.2,-10.72
2025-10-28,12,104.48,6.76
2025-10-28,13,114.07,13.84
2025-10-28,14,98.98,38.12
2025-10-28,15,114.24,24.31
2025-10-28,16,116.78,4.81
2025-10-28,17,131.51,36.28
2025-10-28,18,111.83,24.44
2025-10-28,19,100.14,-7.37
2025-10-28,20,141.96,31.36
2025-10-28,21,131.01,-8.66
2025-10-28,22,144.61,27.3
2025-10-28,23,139.51,-0.16
2025-10-28,24,109.53,27.72
2025-10-28,25,149.56,30.97
2025-10-28,26,111.79,58.0
2025-10-28,27,131.9,10.14
2025-10-28,28,119.5,43.99
2025-10-28,29,137.62,6.85
2025-10-28,30,161.02,32.32
2025-10-28,31,150.85,53.75
2025-10-28,32,162.09,25.51
2025-10-28,33,139.32,47.48
2025-10-28,34,150.47,36.62
2025-10-28,35,172.92,30.96
2025-10-28,36,166.2,37.52
2025-10-28,37,174.58,59.05
2025-10-28,38,171.77,66.95
2025-10-28,39,166.17,37.13
2025-10-28,40,131.41,25.79
2025-10-28,41,138.28,3.97
2025-10-28,42,103.07,-0.76
2025-10-28,43,134.61,40.18
2025-10-28,44,137.22,20.87
2025-10-28,45,87.48,-13.2
2025-10-28,46,105.91,-18.97
2025-10-28,47,101.45,26.95
2025-10-28,48,90.69,-14.51
2025-10-29,1,86.89,19.52
2025-10-29,2,71.48,23.95
2025-10-29,3,123.94,-16.76
2025-10-29,4,115.6,-32.3
2025-10-29,5,122.92,-19.14
2025-10-29,6,78.89,-28.71
2025-10-29,7,102.94,-35.16
2025-10-29,8,101.38,7.83
2025-10-29,9,70.88,-5.59
2025-10-29,10,113.66,-22.01
2025-10-29,11,99.3,33.47
2025-10-29,12,97.66,31.3
2025-10-29,13,85.64,-20.55
2025-10-29,14,93.59,-15.4
2025-10-29,15,102.92,21.4
2025-10-29,16,144.45,48.88
2025-10-29,17,105.73,26.2
2025-10-29,18,138.2,9.05
2025-10-29,19,105.54,52.69
2025-10-29,20,126.94,46.29
2025-10-29,21,95.47,37.24
2025-10-29,22,104.23,28.3
2025-10-29,23,129.27,24.11
2025-10-29,24,139.33,24.6
2025-10-29,25,116.89,30.26
2025-10-29,26,121.12,5.65
2025-10-29,27,129.56,8.73
2025-10-29,28,122.56,46.23
2025-10-29,29,115.2,47.51
2025-10-29,30,139.16,17.21
2025-10-29,31,173.2,62.06
2025-10-29,32,129.41,56.06
2025-10-29,33,134.01,30.78
2025-10-29,34,177.53,38.02
2025-10-29,35,184.46,70.12
2025-10-29,36,181.71,51.28
2025-10-29,37,148.94,81.62
2025-10-29,38,132.12,77.96
2025-10-29,39,122.54,28.78
2025-10-29,40,157.43,14.92
2025-10-29,41,97.99,27.21
2025-10-29,42,145.12,14.58
2025-10-29,43,101.22,33.32
2025-10-29,44,95.05,-4.95
2025-10-29,45,144.24,29.51
2025-10-29,46,131.75,-19.45
2025-10-29,47,127.82,-19.43
2025-10-29,48,71.76,-26.25
2025-10-30,1,80.88,-10.5
2025-10-30,2,127.18,5.24
2025-10-30,3,109.76,-25.75
2025-10-30,4,106.1,-1.45
2025-10-30,5,89.98,-11.75
2025-10-30,6,108.73,-37.29
2025-10-30,7,112.3,14.55
2025-10-30,8,76.42,-10.94
2025-10-30,9,121.47,-15.27
2025-10-30,10,76.42,-22.74
2025-10-30,11,100.91,-28.27
2025-10-30,12,101.98,4.92
2025-10-30,13,94.43,19.05
2025-10-30,14,115.06,-8.82
2025-10-30,15,143.55,45.5
2025-10-30,16,97.84,18.48
2025-10-30,17,119.58,-8.75
2025-10-30,18,134.34,11.08
2025-10-30,19,119.83,54.31
2025-10-30,20,123.48,18.18
2025-10-30,21,107.6,27.25
2025-10-30,22,122.31,54.05
2025-10-30,23,134.82,4.52
2025-10-30,24,146.99,28.85
2025-10-30,25,132.45,6.19
2025-10-30,26,108.47,19.2
2025-10-30,27,155.65,27.59
2025-10-30,28,131.67,47.95
2025-10-30,29,143.88,52.64
2025-10-30,30,121.13,63.34
2025-10-30,31,121.45,25.11
2025-10-30,32,128.19,25.69
2025-10-30,33,140.51,64.98
2025-10-30,34,153.25,37.42
2025-10-30,35,156.94,52.54
2025-10-30,36,163.68,94.55
2025-10-30,37,174.37,30.62
2025-10-30,38,141.32,45.09
2025-10-30,39,164.48,62.32
2025-10-30,40,127.33,36.25
2025-10-30,41,120.79,46.01
2025-10-30,42,121.44,51.08
2025-10-30,43,133.68,-15.92
2025-10-30,44,97.42,13.9
2025-10-30,45,96.79,12.37
2025-10-30,46,98.38,9.74
2025-10-30,47,106.38,24.45
2025-10-30,48,118.75,-6.64
2025-10-31,1,131.35,9.54
2025-10-31,2,126.82,-2.67
2025-10-31,3,96.68,1.44
2025-10-31,4,124.77,-14.7
2025-10-31,5,108.56,-16.73
2025-10-31,6,116.73,-34.51
2025-10-31,7,88.34,-13.62
2025-10-31,8,93.53,-13.03
2025-10-31,9,133.94,15.2
2025-10-31,10,127.86,8.54
2025-10-31,11,83.56,19.3
2025-10-31,12,102.86,8.24
2025-10-31,13,109.33,12.16
2025-10-31,14,127.79,-9.47
2025-10-31,15,99.81,12.32
2025-10-31,16,127.24,-6.92
2025-10-31,17,120.1,2.96
2025-10-31,18,128.63,-4.89
2025-10-31,19,105.51,34.68
2025-10-31,20,126.04,7.0
2025-10-31,21,142.81,39.54
2025-10-31,22,114.1,10.82
2025-10-31,23,117.48,45.93
2025-10-31,24,125.35,24.23
2025-10-31,25,137.4,3.9
2025-10-31,26,155.47,29.22
2025-10-31,27,127.6,38.42
2025-10-31,28,159.31,38.0
2025-10-31,29,111.26,55.62
2025-10-31,30,155.56,24.47
2025-10-31,31,178.94,41.88
2025-10-31,32,128.57,42.37
2025-10-31,33,171.61,58.6
2025-10-31,34,183.11,48.66
2025-10-31,35,144.96,84.41
2025-10-31,36,173.06,70.23
2025-10-31,37,141.48,36.25
2025-10-31,38,134.81,79.31
2025-10-31,39,146.39,31.94
2025-10-31,40,126.83,60.53
2025-10-31,41,136.37,42.2
2025-10-31,42,118.13,26.27
2025-10-31,43,137.41,-5.28
2025-10-31,44,98.15,17.35
2025-10-31,45,102.67,5.99
2025-10-31,46,103.75,34.67
2025-10-31,47,86.42,34.74
2025-10-31,48,128.51,0.08
2025-11-01,1,71.95,-33.09
2025-11-01,2,101.84,-10.95
2025-11-01,3,68.72,-16.46
2025-11-01,4,82.82,-30.43
2025-11-01,5,117.09,-18.13
2025-11-01,6,116.99,3.96
2025-11-01,7,110.11,-40.99
2025-11-01,8,89.49,10.68
2025-11-01,9,114.14,11.19
2025-11-01,10,115.64,6.35
2025-11-01,11,110.37,0.41
2025-11-01,12,79.66,-19.36
2025-11-01,13,125.56,22.88
2025-11-01,14,105.69,30.13
2025-11-01,15,95.14,-10.85
2025-11-01,16,126.96,32.21
2025-11-01,17,122.46,24.17
2025-11-01,18,144.83,12.72
2025-11-01,19,136.18,42.85
2025-11-01,20,125.9,40.68
2025-11-01,21,118.54,28.0
2025-11-01,22,101.69,-8.39
2025-11-01,23,123.35,35.2
2025-11-01,24,97.66,42.04
2025-11-01,25,135.93,22.71
2025-11-01,26,102.31,27.86
2025-11-01,27,105.18,1.72
2025-11-01,28,117.8,3.75
2025-11-01,29,118.81,29.89
2025-11-01,30,159.44,40.88
2025-11-01,31,145.91,31.6
2025-11-01,32,142.79,12.18
2025-11-01,33,164.3,27.89
2025-11-01,34,157.56,62.58
2025-11-01,35,146.35,46.25
2025-11-01,36,141.65,79.33
2025-11-01,37,170.72,53.61
2025-11-01,38,145.09,72.32
2025-11-01,39,149.64,20.9
2025-11-01,40,123.86,19.84
2025-11-01,41,130.06,11.09
2025-11-01,42,83.35,2.52
2025-11-01,43,106.29,8.87
2025-11-01,44,127.55,-19.53
2025-11-01,45,99.43,-30.07
2025-11-01,46,74.7,-17.85
2025-11-01,47,76.17,-31.11
2025-11-01,48,99.97,21.43
2025-11-02,1,115.01,-18.0
2025-11-02,2,124.17,-21.31
2025-11-02,3,84.32,-16.46
2025-11-02,4,96.3,-15.27
2025-11-02,5,77.63,-31.93
2025-11-02,6,115.8,-28.08
2025-11-02,7,71.68,-5.0
2025-11-02,8,94.84,-33.4
2025-11-02,9,79.47,-15.74
2025-11-02,10,82.8,2.81
2025-11-02,11,64.15,-25.77
2025-11-02,12,80.41,13.41
2025-11-02,13,89.44,7.82
2025-11-02,14,78.22,-20.22
2025-11-02,15,87.99,8.94
2025-11-02,16,122.67,38.14
2025-11-02,17,132.58,-0.88
2025-11-02,18,115.19,32.61
2025-11-02,19,100.67,31.19
2025-11-02,20,97.0,18.8
2025-11-02,21,133.14,10.13
2025-11-02,22,95.92,47.18
2025-11-02,23,121.81,50.03
2025-11-02,24,135.73,-9.6
2025-11-02,25,110.95,18.66
2025-11-02,26,121.19,39.79
2025-11-02,27,122.16,11.69
2025-11-02,28,120.02,-4.96
2025-11-02,29,130.88,4.73
2025-11-02,30,114.0,34.86
2025-11-02,31,131.2,40.79
2025-11-02,32,146.95,12.21
2025-11-02,33,130.54,20.91
2025-11-02,34,310.44,231.51
2025-11-02,35,301.44,211.46
2025-11-02,36,347.77,201.3
2025-11-02,37,282.64,185.38
2025-11-02,38,308.65,210.86
2025-11-02,39,291.07,221.42
2025-11-02,40,154.52,53.98
2025-11-02,41,128.9,42.27
2025-11-02,42,98.53,23.49
2025-11-02,43,99.71,-16.16
2025-11-02,44,112.75,7.55
2025-11-02,45,117.3,34.69
2025-11-02,46,128.17,20.38
2025-11-02,47,106.09,1.94
2025-11-02,48,121.7,-11.15
2025-11-03,1,87.23,18.33
2025-11-03,2,117.58,-26.3
2025-11-03,3,78.29,-7.64
2025-11-03,4,95.13,1.3
2025-11-03,5,96.84,-3.36
2025-11-03,6,137.61,16.0
2025-11-03,7,95.3,-5.45
2025-11-03,8,100.32,23.67
2025-11-03,9,87.0,-2.18
2025-11-03,10,87.24,-29.22
2025-11-03,11,121.03,-8.97
2025-11-03,12,122.85,-17.39
2025-11-03,13,120.5,-12.93
2025-11-03,14,89.99,3.12
2025-11-03,15,119.47,2.45
2025-11-03,16,126.71,37.26
2025-11-03,17,147.51,20.05
2025-11-03,18,155.37,46.25
2025-11-03,19,112.42,40.92
2025-11-03,20,122.62,45.97
2025-11-03,21,143.74,26.73
2025-11-03,22,150.02,6.17
2025-11-03,23,150.64,43.1
2025-11-03,24,110.07,41.0
2025-11-03,25,147.75,-4.41
2025-11-03,26,123.42,28.71
2025-11-03,27,120.36,54.47
2025-11-03,28,155.78,35.47
2025-11-03,29,163.97,62.61
2025-11-03,30,139.34,19.41
2025-11-03,31,125.64,41.33
2025-11-03,32,181.79,49.75
2025-11-03,33,155.85,49.33
2025-11-03,34,170.09,48.37
2025-11-03,35,194.53,66.34
2025-11-03,36,180.46,64.48
2025-11-03,37,147.15,70.69
2025-11-03,38,178.2,82.4
2025-11-03,39,167.11,46.16
2025-11-03,40,137.05,25.08
2025-11-03,41,138.77,49.93
2025-11-03,42,121.92,-1.43
2025-11-03,43,146.06,33.17
2025-11-03,44,124.57,2.68
2025-11-03,45,101.34,28.0
2025-11-03,46,123.94,1.48
2025-11-03,47,98.22,25.59
2025-11-03,48,105.15,-13.74
2025-11-04,1,98.66,16.97
2025-11-04,2,119.18,-19.02
2025-11-04,3,101.54,3.14
2025-11-04,4,126.81,8.79
2025-11-04,5,86.05,-10.89
2025-11-04,6,121.96,-34.24
2025-11-04,7,113.35,-29.69
2025-11-04,8,88.77,-14.39
2025-11-04,9,72.08,2.06
2025-11-04,10,123.91,22.88
2025-11-04,11,97.09,13.16
2025-11-04,12,94.67,-11.01
2025-11-04,13,92.45,-21.63
2025-11-04,14,118.51,19.92
2025-11-04,15,144.49,-4.31
2025-11-04,16,98.51,33.66
2025-11-04,17,154.28,25.49
2025-11-04,18,141.75,23.13
2025-11-04,19,138.11,5.67
2025-11-04,20,128.02,37.08
2025-11-04,21,128.01,43.03
2025-11-04,22,106.36,52.46
2025-11-04,23,155.98,38.02
2025-11-04,24,149.65,50.53
2025-11-04,25,155.15,3.85
2025-11-04,26,160.43,14.97
2025-11-04,27,138.78,9.99
2025-11-04,28,154.6,51.17
2025-11-04,29,120.68,28.02
2025-11-04,30,126.47,17.35
2025-11-04,31,131.45,35.71
2025-11-04,32,178.82,61.91
2025-11-04,33,130.45,54.73
2025-11-04,34,186.26,41.76
2025-11-04,35,140.27,45.38
2025-11-04,36,166.51,62.78
2025-11-04,37,172.42,82.96
2025-11-04,38,157.91,85.81
2025-11-04,39,119.3,55.74
2025-11-04,40,137.86,40.05
2025-11-04,41,158.64,61.23
2025-11-04,42,147.83,52.76
2025-11-04,43,139.33,-11.32
2025-11-04,44,104.91,21.27
2025-11-04,45,101.9,42.33
2025-11-04,46,122.95,27.37
2025-11-04,47,112.92,28.74
2025-11-04,48,80.65,-10.57
2025-11-05,1,110.2,-20.74
2025-11-05,2,131.63,-8.33
2025-11-05,3,132.44,1.4
2025-11-05,4,74.53,-3.44
2025-11-05,5,123.26,22.62
2025-11-05,6,89.73,-8.98
2025-11-05,7,68.68,14.72
2025-11-05,8,78.24,27.77
2025-11-05,9,94.89,18.88
2025-11-05,10,98.61,-10.34
2025-11-05,11,92.95,-23.12
2025-11-05,12,107.37,8.82
2025-11-05,13,103.78,3.53
2025-11-05,14,94.36,2.72
2025-11-05,15,116.57,15.08
2025-11-05,16,122.19,48.86
2025-11-05,17,147.11,38.25
2025-11-05,18,143.27,45.31
2025-11-05,19,151.94,55.61
2025-11-05,20,116.14,6.15
2025-11-05,21,135.43,50.12
2025-11-05,22,130.31,18.74
2025-11-05,23,128.18,31.93
2025-11-05,24,110.8,29.81
2025-11-05,25,125.57,17.18
2025-11-05,26,150.71,31.91
2025-11-05,27,132.61,58.31
2025-11-05,28,156.99,13.65
2025-11-05,29,139.41,7.99
2025-11-05,30,164.59,48.67
2025-11-05,31,155.36,73.8
2025-11-05,32,140.44,29.75
2025-11-05,33,138.31,33.48
2025-11-05,34,154.14,80.27
2025-11-05,35,177.49,41.69
2025-11-05,36,177.96,63.63
2025-11-05,37,139.25,41.33
2025-11-05,38,163.44,77.57
2025-11-05,39,177.86,29.02
2025-11-05,40,139.2,56.44
2025-11-05,41,108.89,8.05
2025-11-05,42,147.59,41.36
2025-11-05,43,139.31,9.23
2025-11-05,44,125.22,29.58
2025-11-05,45,85.74,39.24
2025-11-05,46,114.25,16.51
2025-11-05,47,112.79,12.41
2025-11-05,48,102.57,-31.08
2025-11-06,1,128.7,-6.26
2025-11-06,2,85.07,25.65
2025-11-06,3,111.59,-18.51
2025-11-06,4,118.53,-7.2
2025-11-06,5,122.14,-13.98
2025-11-06,6,117.69,-1.89
2025-11-06,7,126.52,26.66
2025-11-06,8,104.08,8.0
2025-11-06,9,126.81,20.04
2025-11-06,10,94.22,-34.49
2025-11-06,11,97.45,11.17
2025-11-06,12,86.49,22.69
2025-11-06,13,119.84,25.93
2025-11-06,14,123.44,-8.94
2025-11-06,15,122.42,20.67
2025-11-06,16,100.28,12.87
2025-11-06,17,140.35,32.05
2025-11-06,18,150.83,44.99
2025-11-06,19,108.89,7.33
2025-11-06,20,121.72,29.1
2025-11-06,21,118.84,47.31
2025-11-06,22,112.29,56.58
2025-11-06,23,116.11,13.38
2025-11-06,24,124.8,30.89
2025-11-06,25,149.3,39.39
2025-11-06,26,143.12,63.44
2025-11-06,27,124.97,36.5
2025-11-06,28,155.72,43.66
2025-11-06,29,143.51,36.81
2025-11-06,30,134.57,16.36
2025-11-06,31,147.75,58.39
2025-11-06,32,130.85,82.35
2025-11-06,33,183.67,73.2
2025-11-06,34,141.35,72.22
2025-11-06,35,185.26,49.5
2025-11-06,36,177.64,86.91
2025-11-06,37,188.97,51.33
2025-11-06,38,165.03,81.01
2025-11-06,39,129.92,27.91
2025-11-06,40,131.76,66.94
2025-11-06,41,137.81,16.92
2025-11-06,42,112.83,4.05
2025-11-06,43,100.17,-12.63
2025-11-06,44,107.89,33.68
2025-11-06,45,134.73,-16.18
2025-11-06,46,111.09,8.4
2025-11-06,47,98.13,-14.62
2025-11-06,48,126.99,-12.75
2025-11-07,1,129.19,7.2
2025-11-07,2,87.51,-26.14
2025-11-07,3,91.59,-28.06
2025-11-07,4,82.51,3.85
2025-11-07,5,87.46,-5.61
2025-11-07,6,114.71,-6.97
2025-11-07,7,116.55,-14.13
2025-11-07,8,117.16,24.59
2025-11-07,9,89.72,-13.4
2025-11-07,10,97.75,-22.84
2025-11-07,11,88.06,30.69
2025-11-07,12,114.01,-10.75
2025-11-07,13,98.74,1.38
2025-11-07,14,92.54,-9.12
2025-11-07,15,122.42,10.32
2025-11-07,16,144.66,46.96
2025-11-07,17,152.5,10.44
2025-11-07,18,146.77,38.63
2025-11-07,19,148.06,16.22
2025-11-07,20,117.84,12.97
2025-11-07,21,123.42,55.14
2025-11-07,22,144.57,44.06
2025-11-07,23,113.61,32.93
2025-11-07,24,155.33,12.62
2025-11-07,25,106.74,51.06
2025-11-07,26,117.8,9.54
2025-11-07,27,117.34,49.77
2025-11-07,28,133.47,43.55
2025-11-07,29,124.98,58.12
2025-11-07,30,148.21,71.06
2025-11-07,31,160.2,43.31
2025-11-07,32,180.75,43.24
2025-11-07,33,180.64,57.47
2025-11-07,34,172.82,82.53
2025-11-07,35,164.72,56.41
2025-11-07,36,191.87,54.7
2025-11-07,37,163.73,65.5
2025-11-07,38,147.92,78.42
2025-11-07,39,143.31,71.08
2025-11-07,40,120.37,19.6
2025-11-07,41,130.69,54.64
2025-11-07,42,118.04,41.86
2025-11-07,43,100.5,-4.51
2025-11-07,44,109.65,35.04
2025-11-07,45,119.38,-6.05
2025-11-07,46,116.94,6.53
2025-11-07,47,111.79,-20.36
2025-11-07,48,91.9,26.5
2025-11-08,1,84.9,-5.27
2025-11-08,2,112.66,17.44
2025-11-08,3,83.16,2.79
2025-11-08,4,83.14,-25.35
2025-11-08,5,87.55,8.2
2025-11-08,6,111.64,-11.07
2025-11-08,7,78.96,-8.46
2025-11-08,8,106.06,-15.36
2025-11-08,9,112.52,-14.67
2025-11-08,10,109.69,13.83
2025-11-08,11,79.06,-30.38
2025-11-08,12,79.15,22.72
2025-11-08,13,90.71,33.25
2025-11-08,14,112.69,5.84
2025-11-08,15,98.45,28.72
2025-11-08,16,107.14,35.42
2025-11-08,17,102.56,18.01
2025-11-08,18,112.97,15.98
2025-11-08,19,134.31,4.05
2025-11-08,20,132.76,33.49
2025-11-08,21,93.1,22.66
2025-11-08,22,137.16,3.94
2025-11-08,23,109.41,11.34
2025-11-08,24,132.14,44.72
2025-11-08,25,120.19,4.91
2025-11-08,26,103.84,23.73
2025-11-08,27,118.21,41.69
2025-11-08,28,136.09,-11.16
2025-11-08,29,155.12,46.54
2025-11-08,30,144.74,45.47
2025-11-08,31,116.34,53.42
2025-11-08,32,131.27,36.83
2025-11-08,33,134.88,63.59
2025-11-08,34,132.89,42.56
2025-11-08,35,131.56,73.44
2025-11-08,36,135.37,45.58
2025-11-08,37,158.15,63.83
2025-11-08,38,153.49,23.04
2025-11-08,39,139.9,50.85
2025-11-08,40,154.03,39.65
2025-11-08,41,102.23,39.02
2025-11-08,42,115.56,28.23
2025-11-08,43,91.22,2.33
2025-11-08,44,120.35,13.32
2025-11-08,45,97.54,9.97
2025-11-08,46,109.69,13.03
2025-11-08,47,95.46,-17.97
2025-11-08,48,71.22,-1.35
2025-11-09,1,76.49,5.0
2025-11-09,2,104.42,-6.2
2025-11-09,3,119.44,-15.76
2025-11-09,4,113.91,-9.91
2025-11-09,5,110.97,-15.05
2025-11-09,6,73.96,-12.01
2025-11-09,7,77.33,-40.2
2025-11-09,8,71.58,-5.05
2025-11-09,9,79.92,-18.15
2025-11-09,10,116.49,16.85
2025-11-09,11,99.49,-25.97
2025-11-09,12,120.78,-16.06
2025-11-09,13,127.06,-27.92
2025-11-09,14,138.55,-8.72
2025-11-09,15,95.43,-5.83
2025-11-09,16,85.02,25.57
2025-11-09,17,123.5,40.06
2025-11-09,18,103.99,31.31
2025-11-09,19,150.37,2.95
2025-11-09,20,126.1,27.97
2025-11-09,21,142.17,43.71
2025-11-09,22,127.48,34.86
2025-11-09,23,137.83,5.01
2025-11-09,24,121.96,1.67
2025-11-09,25,130.37,20.56
2025-11-09,26,117.67,15.43
2025-11-09,27,135.27,34.21
2025-11-09,28,98.17,30.15
2025-11-09,29,139.2,5.08
2025-11-09,30,153.26,27.89
2025-11-09,31,118.52,30.99
2025-11-09,32,167.01,21.88
2025-11-09,33,150.42,57.4
2025-11-09,34,177.7,49.99
2025-11-09,35,146.09,23.82
2025-11-09,36,162.21,30.55
2025-11-09,37,131.26,45.72
2025-11-09,38,172.32,46.22
2025-11-09,39,147.37,26.43
2025-11-09,40,126.9,22.26
2025-11-09,41,105.13,41.68
2025-11-09,42,127.48,24.76
2025-11-09,43,128.33,-7.64
2025-11-09,44,88.45,10.85
2025-11-09,45,115.29,-25.31
2025-11-09,46,92.78,21.06
2025-11-09,47,77.71,26.51
2025-11-09,48,139.08,-13.55
2025-11-10,1,123.21,13.58
2025-11-10,2,92.33,21.31
2025-11-10,3,102.09,18.01
2025-11-10,4,102.23,-9.48
2025-11-10,5,118.43,18.91
2025-11-10,6,122.64,13.25
2025-11-10,7,106.94,-8.01
2025-11-10,8,105.09,13.53
2025-11-10,9,93.34,-15.14
2025-11-10,10,124.96,0.65
2025-11-10,11,89.48,8.6
2025-11-10,12,107.18,25.78
2025-11-10,13,131.53,-0.93
2025-11-10,14,110.44,38.08
2025-11-10,15,115.64,28.6
2025-11-10,16,149.42,36.76
2025-11-10,17,156.11,58.19
2025-11-10,18,108.95,15.67
2025-11-10,19,148.3,25.01
2025-11-10,20,136.66,52.43
2025-11-10,21,157.08,37.86
2025-11-10,22,106.54,20.56
2025-11-10,23,158.81,46.32
2025-11-10,24,114.38,13.3
2025-11-10,25,142.79,43.66
2025-11-10,26,120.59,13.08
2025-11-10,27,135.59,46.06
2025-11-10,28,159.51,15.24
2025-11-10,29,139.09,14.2
2025-11-10,30,147.68,61.92
2025-11-10,31,155.97,66.94
2025-11-10,32,172.85,41.15
2025-11-10,33,183.64,37.55
2025-11-10,34,161.33,87.48
2025-11-10,35,193.99,71.7
2025-11-10,36,195.42,44.4
2025-11-10,37,149.15,86.86
2025-11-10,38,171.94,70.67
2025-11-10,39,159.51,49.59
2025-11-10,40,157.85,35.35
2025-11-10,41,111.46,54.44
2025-11-10,42,151.88,11.53
2025-11-10,43,123.29,20.96
2025-11-10,44,124.98,26.13
2025-11-10,45,136.69,19.89
2025-11-10,46,95.96,12.75
2025-11-10,47,101.48,-9.59
2025-11-10,48,102.63,24.69
2025-11-11,1,108.29,-2.12
2025-11-11,2,89.47,-14.45
2025-11-11,3,125.28,25.28
2025-11-11,4,100.08,-23.85
2025-11-11,5,111.23,22.82
2025-11-11,6,126.82,33.92
2025-11-11,7,126.65,10.56
2025-11-11,8,121.61,-21.09
2025-11-11,9,113.44,31.9
2025-11-11,10,133.23,9.33
2025-11-11,11,127.07,-18.05
2025-11-11,12,101.78,15.05
2025-11-11,13,111.37,-0.21
2025-11-11,14,148.61,14.49
2025-11-11,15,96.81,-11.52
2025-11-11,16,148.55,42.92
2025-11-11,17,157.48,5.56
2025-11-11,18,153.97,44.71
2025-11-11,19,140.06,54.77
2025-11-11,20,124.04,58.76
2025-11-11,21,130.74,35.77
2025-11-11,22,125.0,39.13
2025-11-11,23,154.93,28.44
2025-11-11,24,125.95,2.65
2025-11-11,25,127.78,12.23
2025-11-11,26,111.08,14.45
2025-11-11,27,160.78,36.05
2025-11-11,28,122.51,67.29
2025-11-11,29,165.02,49.75
2025-11-11,30,149.98,53.71
2025-11-11,31,179.36,58.89
2025-11-11,32,169.95,23.51
2025-11-11,33,165.82,73.73
2025-11-11,34,183.52,62.13
2025-11-11,35,174.75,74.52
2025-11-11,36,163.99,69.78
2025-11-11,37,187.82,60.38
2025-11-11,38,160.3,74.97
2025-11-11,39,131.81,45.59
2025-11-11,40,121.76,17.99
2025-11-11,41,146.93,-1.7
2025-11-11,42,115.19,41.3
2025-11-11,43,146.4,36.54
2025-11-11,44,132.94,24.55
2025-11-11,45,131.09,6.94
2025-11-11,46,131.55,26.15
2025-11-11,47,108.92,-8.34
2025-11-11,48,122.29,7.79
2025-11-12,1,92.17,-7.4
2025-11-12,2,110.0,-4.65
2025-11-12,3,80.18,-10.64
2025-11-12,4,73.11,7.25
2025-11-12,5,79.47,13.02
2025-11-12,6,115.64,-12.7
2025-11-12,7,99.45,13.85
2025-11-12,8,123.23,1.91
2025-11-12,9,113.92,18.57
2025-11-12,10,89.56,-1.64
2025-11-12,11,94.94,-6.95
2025-11-12,12,114.91,29.35
2025-11-12,13,124.07,-19.96
2025-11-12,14,112.2,4.28
2025-11-12,15,127.74,8.46
2025-11-12,16,111.92,49.03
2025-11-12,17,124.58,25.56
2025-11-12,18,141.72,20.85
2025-11-12,19,159.28,15.64
2025-11-12,20,111.51,23.27
2025-11-12,21,101.78,49.65
2025-11-12,22,131.77,38.31
2025-11-12,23,104.13,-4.08
2025-11-12,24,131.36,6.64
2025-11-12,25,129.16,58.62
2025-11-12,26,127.67,51.12
2025-11-12,27,116.22,14.05
2025-11-12,28,145.78,28.45
2025-11-12,29,138.3,60.26
2025-11-12,30,165.03,33.58
2025-11-12,31,172.72,46.3
2025-11-12,32,135.71,68.08
2025-11-12,33,143.78,93.89
2025-11-12,34,198.81,70.93
2025-11-12,35,171.42,57.67
2025-11-12,36,163.39,51.38
2025-11-12,37,183.61,73.25
2025-11-12,38,153.45,46.89
2025-11-12,39,146.61,65.39
2025-11-12,40,156.59,61.7
2025-11-12,41,131.98,39.26
2025-11-12,42,129.35,-8.48
2025-11-12,43,104.67,46.3
2025-11-12,44,129.6,26.15
2025-11-12,45,107.18,31.54
2025-11-12,46,118.11,17.93
2025-11-12,47,99.9,13.13
2025-11-12,48,85.02,24.05
2025-11-13,1,110.57,-1.25
2025-11-13,2,83.44,-9.72
2025-11-13,3,114.5,18.7
2025-11-13,4,116.93,-10.26
2025-11-13,5,110.98,1.71
2025-11-13,6,85.57,-33.78
2025-11-13,7,111.53,30.37
2025-11-13,8,88.06,25.89
2025-11-13,9,105.92,1.71
2025-11-13,10,120.98,-16.52
2025-11-13,11,102.65,-8.37
2025-11-13,12,131.87,-10.41
2025-11-13,13,112.49,-5.83
2025-11-13,14,106.04,-0.54
2025-11-13,15,100.74,20.06
2025-11-13,16,107.17,19.14
2025-11-13,17,108.2,45.1
2025-11-13,18,128.49,2.1
2025-11-13,19,134.08,20.79
2025-11-13,20,143.96,53.73
2025-11-13,21,105.51,1.22
2025-11-13,22,126.98,21.17
2025-11-13,23,125.49,60.77
2025-11-13,24,120.15,52.84
2025-11-13,25,153.98,37.9
2025-11-13,26,136.95,52.53
2025-11-13,27,110.78,21.73
2025-11-13,28,135.99,21.38
2025-11-13,29,146.46,9.81
2025-11-13,30,171.15,24.62
2025-11-13,31,162.94,31.83
2025-11-13,32,162.67,41.92
2025-11-13,33,149.36,61.1
2025-11-13,34,190.67,51.72
2025-11-13,35,161.53,66.5
2025-11-13,36,187.77,80.94
2025-11-13,37,183.25,42.22
2025-11-13,38,161.82,64.0
2025-11-13,39,171.2,43.7
2025-11-13,40,139.0,39.46
2025-11-13,41,146.54,23.35
2025-11-13,42,125.13,7.67
2025-11-13,43,127.79,24.34
2025-11-13,44,97.62,-2.95
2025-11-13,45,93.62,-12.08
2025-11-13,46,113.54,-12.64
2025-11-13,47,126.14,30.14
2025-11-13,48,89.81,-17.92
2025-11-14,1,103.26,5.23
2025-11-14,2,136.38,-1.22
2025-11-14,3,123.43,17.73
2025-11-14,4,109.12,-19.45
2025-11-14,5,110.35,-20.84
2025-11-14,6,82.27,6.85
2025-11-14,7,130.11,-21.71
2025-11-14,8,121.96,6.54
2025-11-14,9,115.65,-17.06
2025-11-14,10,105.73,22.6
2025-11-14,11,83.0,-19.75
2025-11-14,12,112.03,17.54
2025-11-14,13,122.71,17.77
2025-11-14,14,115.18,10.92
2025-11-14,15,101.85,45.1
2025-11-14,16,137.77,30.12
2025-11-14,17,139.46,21.16
2025-11-14,18,129.78,17.61
2025-11-14,19,151.67,6.77
2025-11-14,20,154.58,42.77
2025-11-14,21,161.11,27.15
2025-11-14,22,149.9,24.49
2025-11-14,23,133.63,52.98
2025-11-14,24,133.88,34.82
2025-11-14,25,139.67,32.66
2025-11-14,26,135.43,9.75
2025-11-14,27,136.51,52.8
2025-11-14,28,128.7,10.65
2025-11-14,29,115.77,38.71
2025-11-14,30,148.23,71.65
2025-11-14,31,152.37,70.55
2025-11-14,32,168.45,29.15
2025-11-14,33,162.36,76.11
2025-11-14,34,168.53,85.52
2025-11-14,35,169.73,60.56
2025-11-14,36,182.49,100.83
2025-11-14,37,152.64,53.2
2025-11-14,38,143.52,37.72
2025-11-14,39,155.63,67.64
2025-11-14,40,175.33,75.22
2025-11-14,41,147.41,21.08
2025-11-14,42,133.18,42.91
2025-11-14,43,141.28,38.14
2025-11-14,44,118.78,56.68
2025-11-14,45,99.49,-12.05
2025-11-14,46,140.88,20.65
2025-11-14,47,119.6,2.86
2025-11-14,48,114.59,35.72
2025-11-15,1,109.44,23.4
2025-11-15,2,78.55,-16.53
2025-11-15,3,82.04,-36.26
2025-11-15,4,76.03,7.47
2025-11-15,5,65.66,-34.65
2025-11-15,6,100.52,-7.36
2025-11-15,7,100.99,-6.22
2025-11-15,8,105.04,-18.21
2025-11-15,9,112.18,6.16
2025-11-15,10,100.34,5.39
2025-11-15,11,115.09,-18.17
2025-11-15,12,80.11,-10.62
2025-11-15,13,93.05,24.56
2025-11-15,14,114.82,-7.63
2025-11-15,15,89.88,3.16
2025-11-15,16,93.27,22.25
2025-11-15,17,133.66,27.98
2025-11-15,18,115.63,42.21
2025-11-15,19,126.03,53.06
2025-11-15,20,115.77,50.84
2025-11-15,21,119.21,49.97
2025-11-15,22,106.1,24.69
2025-11-15,23,140.48,29.9
2025-11-15,24,114.95,29.19
2025-11-15,25,127.02,5.85
2025-11-15,26,118.64,30.48
2025-11-15,27,116.41,41.08
2025-11-15,28,131.56,2.23
2025-11-15,29,131.99,33.5
2025-11-15,30,134.67,16.06
2025-11-15,31,145.99,26.23
2025-11-15,32,146.75,40.28
2025-11-15,33,156.33,39.42
2025-11-15,34,175.19,77.71
2025-11-15,35,166.52,52.97
2025-11-15,36,135.29,33.16
2025-11-15,37,133.54,49.62
2025-11-15,38,151.27,26.36
2025-11-15,39,134.75,65.02
2025-11-15,40,113.24,49.53
2025-11-15,41,105.67,-1.91
2025-11-15,42,105.2,30.06
2025-11-15,43,109.29,27.39
2025-11-15,44,86.62,-10.7
2025-11-15,45,112.52,19.77
2025-11-15,46,112.25,0.28
2025-11-15,47,70.89,11.64
2025-11-15,48,75.54,-27.99
2025-11-16,1,127.28,5.17
2025-11-16,2,116.08,8.82
2025-11-16,3,104.32,14.28
2025-11-16,4,89.35,14.58
2025-11-16,5,121.62,1.36
2025-11-16,6,80.4,11.4
2025-11-16,7,68.99,-30.35
2025-11-16,8,73.06,-25.73
2025-11-16,9,72.5,-34.11
2025-11-16,10,126.77,3.05
2025-11-16,11,100.37,-13.3
2025-11-16,12,88.48,24.42
2025-11-16,13,87.86,13.16
2025-11-16,14,117.47,-2.11
2025-11-16,15,116.37,22.47
2025-11-16,16,105.32,40.89
2025-11-16,17,99.2,7.0
2025-11-16,18,134.58,20.61
2025-11-16,19,105.17,3.45
2025-11-16,20,110.08,21.37
2025-11-16,21,126.13,42.01
2025-11-16,22,122.77,2.11
2025-11-16,23,119.02,13.9
2025-11-16,24,134.03,41.68
2025-11-16,25,121.32,17.27
2025-11-16,26,132.34,42.08
2025-11-16,27,117.23,7.09
2025-11-16,28,131.97,41.74
2025-11-16,29,121.45,5.57
2025-11-16,30,116.25,25.08
2025-11-16,31,154.74,9.96
2025-11-16,32,155.46,28.58
2025-11-16,33,172.96,20.38
2025-11-16,34,173.63,52.47
2025-11-16,35,184.71,34.77
2025-11-16,36,152.42,35.73
2025-11-16,37,163.78,68.2
2025-11-16,38,146.96,54.04
2025-11-16,39,166.72,18.79
2025-11-16,40,163.24,22.15
2025-11-16,41,109.17,48.26
2025-11-16,42,115.94,21.09
2025-11-16,43,102.33,-20.93
2025-11-16,44,84.7,-1.84
2025-11-16,45,95.86,18.83
2025-11-16,46,117.85,2.56
2025-11-16,47,105.52,-14.59
2025-11-16,48,92.01,11.81
2025-11-17,1,120.5,27.1
2025-11-17,2,108.56,-13.99
2025-11-17,3,89.75,-6.17
2025-11-17,4,85.89,24.48
2025-11-17,5,108.0,16.91
2025-11-17,6,91.57,-13.12
2025-11-17,7,121.35,14.1
2025-11-17,8,132.67,-24.82
2025-11-17,9,95.6,-22.54
2025-11-17,10,86.98,-32.92
2025-11-17,11,117.45,-22.19
2025-11-17,12,107.87,-19.47
2025-11-17,13,92.02,-11.28
2025-11-17,14,102.98,-7.98
2025-11-17,15,128.84,-6.28
2025-11-17,16,135.42,25.9
2025-11-17,17,136.38,55.99
2025-11-17,18,126.2,14.8
2025-11-17,19,135.13,12.31
2025-11-17,20,132.33,21.31
2025-11-17,21,106.68,25.65
2025-11-17,22,158.46,3.66
2025-11-17,23,149.26,28.59
2025-11-17,24,109.77,35.71
2025-11-17,25,127.67,35.73
2025-11-17,26,129.11,37.81
2025-11-17,27,158.74,54.81
2025-11-17,28,131.79,54.98
2025-11-17,29,134.57,69.97
2025-11-17,30,176.08,51.08
2025-11-17,31,165.66,79.96
2025-11-17,32,139.74,54.14
2025-11-17,33,150.03,43.02
2025-11-17,34,175.57,89.96
2025-11-17,35,149.41,85.28
2025-11-17,36,181.56,78.21
2025-11-17,37,164.42,69.57
2025-11-17,38,153.01,59.99
2025-11-17,39,160.66,79.01
2025-11-17,40,159.87,44.13
2025-11-17,41,129.54,37.21
2025-11-17,42,147.69,36.14
2025-11-17,43,162.46,21.39
2025-11-17,44,142.55,7.12
2025-11-17,45,136.95,41.88
2025-11-17,46,86.63,22.46
2025-11-17,47,119.11,0.14
2025-11-17,48,112.5,21.16
2025-11-18,1,129.86,25.33
2025-11-18,2,85.08,-2.6
2025-11-18,3,115.94,15.04
2025-11-18,4,99.74,-22.06
2025-11-18,5,97.55,14.62
2025-11-18,6,71.74,-31.56
2025-11-18,7,110.04,-0.82
2025-11-18,8,88.26,10.34
2025-11-18,9,107.39,-28.55
2025-11-18,10,101.71,-1.51
2025-11-18,11,131.65,1.51
2025-11-18,12,107.62,10.26
2025-11-18,13,104.2,-8.19
2025-11-18,14,127.73,0.72
2025-11-18,15,131.1,14.55
2025-11-18,16,128.47,23.6
2025-11-18,17,155.11,11.97
2025-11-18,18,155.75,18.73
2025-11-18,19,132.66,13.29
2025-11-18,20,138.86,26.76
2025-11-18,21,151.24,8.26
2025-11-18,22,121.52,0.22
2025-11-18,23,151.04,6.34
2025-11-18,24,116.09,51.63
2025-11-18,25,117.84,44.83
2025-11-18,26,126.46,10.59
2025-11-18,27,142.8,11.86
2025-11-18,28,134.36,12.47
2025-11-18,29,149.15,54.82
2025-11-18,30,126.28,16.15
2025-11-18,31,135.11,28.97
2025-11-18,32,146.89,41.96
2025-11-18,33,167.56,75.75
2025-11-18,34,140.08,85.07
2025-11-18,35,146.52,93.25
2025-11-18,36,178.5,68.83
2025-11-18,37,201.98,47.68
2025-11-18,38,156.41,77.97
2025-11-18,39,168.99,26.23
2025-11-18,40,165.86,30.63
2025-11-18,41,119.44,22.62
2025-11-18,42,163.19,7.43
2025-11-18,43,116.63,-0.81
2025-11-18,44,114.07,-0.78
2025-11-18,45,117.74,31.46
2025-11-18,46,89.26,8.9
2025-11-18,47,111.24,0.51
2025-11-18,48,134.46,12.11
2025-11-19,1,87.68,-11.42
2025-11-19,2,129.79,-6.12
2025-11-19,3,123.31,16.3
2025-11-19,4,83.13,16.08
2025-11-19,5,105.02,0.9
2025-11-19,6,88.19,-26.47
2025-11-19,7,118.21,7.74
2025-11-19,8,87.78,-2.67
2025-11-19,9,123.35,11.09
2025-11-19,10,87.8,-13.23
2025-11-19,11,87.47,-5.78
2025-11-19,12,112.05,29.77
2025-11-19,13,133.72,-4.22
2025-11-19,14,146.84,13.5
2025-11-19,15,113.24,-8.44
2025-11-19,16,125.07,45.56
2025-11-19,17,128.82,27.29
2025-11-19,18,159.02,59.91
2025-11-19,19,127.97,37.29
2025-11-19,20,144.94,43.02
2025-11-19,21,115.81,5.39
2025-11-19,22,120.61,60.04
2025-11-19,23,135.52,14.8
2025-11-19,24,123.16,53.76
2025-11-19,25,115.64,49.27
2025-11-19,26,157.63,42.34
2025-11-19,27,155.68,67.63
2025-11-19,28,162.18,24.34
2025-11-19,29,163.45,50.2
2025-11-19,30,178.31,39.23
2025-11-19,31,129.62,34.54
2025-11-19,32,158.49,47.1
2025-11-19,33,189.32,37.0
2025-11-19,34,332.7,204.86
2025-11-19,35,316.19,188.1
2025-11-19,36,331.07,224.12
2025-11-19,37,333.68,189.61
2025-11-19,38,309.38,226.17
2025-11-19,39,322.0,207.04
2025-11-19,40,166.97,43.53
2025-11-19,41,123.88,24.22
2025-11-19,42,133.13,28.29
2025-11-19,43,101.33,45.79
2025-11-19,44,118.47,46.99
2025-11-19,45,126.73,40.7
2025-11-19,46,132.45,17.78
2025-11-19,47,108.29,10.01
2025-11-19,48,105.08,-2.91
2025-11-20,1,108.9,24.99
2025-11-20,2,118.84,0.08
2025-11-20,3,82.98,9.68
2025-11-20,4,130.49,-15.53
2025-11-20,5,82.02,-12.38
2025-11-20,6,119.77,-24.78
2025-11-20,7,128.38,-0.44
2025-11-20,8,80.07,-19.79
2025-11-20,9,131.24,-27.05
2025-11-20,10,99.91,-15.3
2025-11-20,11,102.1,-17.59
2025-11-20,12,82.38,2.74
2025-11-20,13,110.67,-11.46
2025-11-20,14,146.45,33.88
2025-11-20,15,102.31,32.34
2025-11-20,16,118.4,34.32
2025-11-20,17,106.52,34.0
2025-11-20,18,121.71,53.37
2025-11-20,19,154.48,18.41
2025-11-20,20,109.07,31.12
2025-11-20,21,114.25,23.96
2025-11-20,22,114.66,55.96
2025-11-20,23,102.98,18.42
2025-11-20,24,147.1,26.52
2025-11-20,25,126.09,46.57
2025-11-20,26,134.29,36.77
2025-11-20,27,143.85,63.36
2025-11-20,28,121.47,60.59
2025-11-20,29,148.75,43.91
2025-11-20,30,150.37,20.72
2025-11-20,31,134.09,49.3
2025-11-20,32,165.41,39.24
2025-11-20,33,198.65,63.99
2025-11-20,34,350.75,264.26
2025-11-20,35,345.06,255.29
2025-11-20,36,383.89,239.17
2025-11-20,37,337.09,262.39
2025-11-20,38,337.51,271.35
2025-11-20,39,308.73,212.77
2025-11-20,40,165.66,47.85
2025-11-20,41,123.72,68.42
2025-11-20,42,118.09,11.15
2025-11-20,43,128.92,24.15
2025-11-20,44,131.88,31.86
2025-11-20,45,117.23,42.19
2025-11-20,46,146.92,13.1
2025-11-20,47,93.58,3.91
2025-11-20,48,107.31,28.04
2025-11-21,1,130.26,7.88
2025-11-21,2,80.61,23.06
2025-11-21,3,108.1,-8.04
2025-11-21,4,97.28,37.26
2025-11-21,5,107.89,-12.29
2025-11-21,6,95.45,-6.78
2025-11-21,7,103.66,-28.91
2025-11-21,8,97.18,15.36
2025-11-21,9,112.74,-15.95
2025-11-21,10,79.46,-20.84
2025-11-21,11,103.53,10.24
2025-11-21,12,85.24,29.18
2025-11-21,13,108.89,3.26
2025-11-21,14,132.52,21.04
2025-11-21,15,117.33,47.91
2025-11-21,16,150.04,32.53
2025-11-21,17,150.87,9.59
2025-11-21,18,111.12,55.72
2025-11-21,19,149.28,30.33
2025-11-21,20,134.01,20.2
2025-11-21,21,133.11,62.21
2025-11-21,22,107.99,13.54
2025-11-21,23,121.1,43.33
2025-11-21,24,134.97,25.73
2025-11-21,25,133.4,50.48
2025-11-21,26,136.07,66.79
2025-11-21,27,136.05,22.07
2025-11-21,28,168.51,52.87
2025-11-21,29,126.63,30.84
2025-11-21,30,140.32,20.74
2025-11-21,31,148.69,42.41
2025-11-21,32,184.43,46.75
2025-11-21,33,193.07,51.7
2025-11-21,34,183.14,39.48
2025-11-21,35,187.77,101.71
2025-11-21,36,193.85,53.87
2025-11-21,37,155.82,88.91
2025-11-21,38,179.45,84.1
2025-11-21,39,160.41,47.23
2025-11-21,40,174.84,57.22
2025-11-21,41,128.76,37.4
2025-11-21,42,131.7,27.92
2025-11-21,43,139.92,52.22
2025-11-21,44,134.39,55.75
2025-11-21,45,101.22,4.41
2025-11-21,46,124.81,-2.84
2025-11-21,47,95.52,-5.96
2025-11-21,48,96.24,4.64
2025-11-22,1,77.71,-14.79
2025-11-22,2,97.06,6.37
2025-11-22,3,106.44,20.19
2025-11-22,4,110.94,1.05
2025-11-22,5,109.07,-9.06
2025-11-22,6,97.46,-13.69
2025-11-22,7,108.52,-18.54
2025-11-22,8,88.8,-18.45
2025-11-22,9,114.56,-7.0
2025-11-22,10,115.24,-38.22
2025-11-22,11,87.32,-1.17
2025-11-22,12,77.73,-1.22
2025-11-22,13,98.16,-19.32
2025-11-22,14,138.55,-7.03
2025-11-22,15,97.55,29.77
2025-11-22,16,108.0,32.44
2025-11-22,17,137.58,46.62
2025-11-22,18,117.69,52.12
2025-11-22,19,135.03,53.71
2025-11-22,20,138.89,28.75
2025-11-22,21,110.93,28.74
2025-11-22,22,112.89,36.4
2025-11-22,23,99.21,41.73
2025-11-22,24,109.25,45.26
2025-11-22,25,95.63,44.68
2025-11-22,26,107.87,7.72
2025-11-22,27,142.25,9.5
2025-11-22,28,127.77,38.63
2025-11-22,29,150.97,10.87
2025-11-22,30,151.87,45.42
2025-11-22,31,121.05,62.16
2025-11-22,32,136.49,55.05
2025-11-22,33,166.77,67.39
2025-11-22,34,130.4,78.75
2025-11-22,35,154.72,49.73
2025-11-22,36,147.82,82.64
2025-11-22,37,172.5,53.13
2025-11-22,38,141.25,47.25
2025-11-22,39,148.73,19.53
2025-11-22,40,147.21,45.44
2025-11-22,41,117.15,-2.69
2025-11-22,42,125.19,1.56
2025-11-22,43,109.07,-4.3
2025-11-22,44,88.31,-4.69
2025-11-22,45,111.09,28.49
2025-11-22,46,91.55,3.99
2025-11-22,47,105.61,22.56
2025-11-22,48,107.54,12.57
2025-11-23,1,102.33,-22.96
2025-11-23,2,103.85,-18.48
2025-11-23,3,84.78,-15.96
2025-11-23,4,80.64,12.76
2025-11-23,5,124.16,-12.51
2025-11-23,6,113.49,-1.45
2025-11-23,7,117.38,-16.12
2025-11-23,8,106.74,-16.29
2025-11-23,9,83.49,11.3
2025-11-23,10,120.25,-13.18
2025-11-23,11,120.71,26.18
2025-11-23,12,110.21,-4.15
2025-11-23,13,103.86,18.78
2025-11-23,14,85.88,25.8
2025-11-23,15,124.03,27.53
2025-11-23,16,144.07,6.04
2025-11-23,17,151.75,46.4
2025-11-23,18,123.77,23.76
2025-11-23,19,123.07,49.91
2025-11-23,20,118.6,28.37
2025-11-23,21,147.72,40.33
2025-11-23,22,117.02,19.26
2025-11-23,23,113.89,34.85
2025-11-23,24,145.15,33.71
2025-11-23,25,101.21,28.61
2025-11-23,26,110.19,35.94
2025-11-23,27,136.4,36.05
2025-11-23,28,146.89,43.14
2025-11-23,29,137.48,52.16
2025-11-23,30,137.42,32.62
2025-11-23,31,151.93,43.06
2025-11-23,32,139.26,69.71
2025-11-23,33,155.21,52.41
2025-11-23,34,152.05,32.92
2025-11-23,35,176.1,37.52
2025-11-23,36,184.95,62.12
2025-11-23,37,132.59,71.77
2025-11-23,38,149.7,50.32
2025-11-23,39,123.1,47.0
2025-11-23,40,118.37,8.24
2025-11-23,41,127.61,24.83
2025-11-23,42,126.61,1.58
2025-11-23,43,146.99,46.53
2025-11-23,44,86.22,-15.46
2025-11-23,45,85.91,-16.82
2025-11-23,46,81.0,30.14
2025-11-23,47,126.7,-12.35
2025-11-23,48,80.94,7.41
2025-11-24,1,92.03,10.13
2025-11-24,2,100.47,-20.04
2025-11-24,3,134.08,37.57
2025-11-24,4,95.42,-21.62
2025-11-24,5,92.33,8.69
2025-11-24,6,126.62,-14.74
2025-11-24,7,117.41,14.0
2025-11-24,8,111.83,-19.26
2025-11-24,9,114.45,-21.92
2025-11-24,10,122.29,-17.97
2025-11-24,11,97.38,-11.19
2025-11-24,12,99.91,-16.05
2025-11-24,13,96.93,15.9
2025-11-24,14,146.68,-2.39
2025-11-24,15,134.31,37.8
2025-11-24,16,135.58,0.83
2025-11-24,17,103.99,6.72
2025-11-24,18,141.04,25.37
2025-11-24,19,136.04,11.86
2025-11-24,20,155.06,38.14
2025-11-24,21,146.16,53.48
2025-11-24,22,107.3,52.47
2025-11-24,23,160.01,59.12
2025-11-24,24,139.33,16.62
2025-11-24,25,129.08,17.09
2025-11-24,26,160.4,28.59
2025-11-24,27,127.04,62.6
2025-11-24,28,155.55,47.44
2025-11-24,29,160.34,41.86
2025-11-24,30,136.68,77.82
2025-11-24,31,163.5,33.78
2025-11-24,32,179.12,46.55
2025-11-24,33,192.84,87.35
2025-11-24,34,164.43,66.27
2025-11-24,35,188.26,77.63
2025-11-24,36,172.01,52.33
2025-11-24,37,165.22,54.32
2025-11-24,38,164.83,67.7
2025-11-24,39,168.6,37.36
2025-11-24,40,132.22,26.43
2025-11-24,41,157.58,53.52
2025-11-24,42,136.14,49.21
2025-11-24,43,111.65,47.31
2025-11-24,44,143.4,40.68
2025-11-24,45,111.63,-13.08
2025-11-24,46,142.18,43.95
2025-11-24,47,141.83,5.47
2025-11-24,48,82.99,6.3
2025-11-25,1,84.88,-15.23
2025-11-25,2,103.68,-25.82
2025-11-25,3,103.83,21.94
2025-11-25,4,84.5,6.59
2025-11-25,5,119.29,-25.71
2025-11-25,6,112.11,-4.0
2025-11-25,7,108.22,-30.69
2025-11-25,8,102.98,-5.05
2025-11-25,9,129.04,13.65
2025-11-25,10,105.62,19.32
2025-11-25,11,125.63,-10.46
2025-11-25,12,104.6,1.35
2025-11-25,13,97.95,15.6
2025-11-25,14,119.79,3.68
2025-11-25,15,122.81,44.38
2025-11-25,16,148.21,43.2
2025-11-25,17,148.52,59.39
2025-11-25,18,165.43,15.73
2025-11-25,19,150.76,15.57
2025-11-25,20,160.09,69.49
2025-11-25,21,164.04,33.82
2025-11-25,22,131.46,50.97
2025-11-25,23,128.47,31.43
2025-11-25,24,113.51,27.42
2025-11-25,25,125.63,67.69
2025-11-25,26,119.77,19.66
2025-11-25,27,159.42,32.6
2025-11-25,28,147.77,25.33
2025-11-25,29,161.45,15.98
2025-11-25,30,151.28,38.28
2025-11-25,31,147.21,64.44
2025-11-25,32,162.98,55.56
2025-11-25,33,150.46,72.74
2025-11-25,34,191.53,55.44
2025-11-25,35,166.29,62.71
2025-11-25,36,197.75,42.4
2025-11-25,37,171.48,77.05
2025-11-25,38,150.61,84.02
2025-11-25,39,176.89,54.97
2025-11-25,40,134.45,16.4
2025-11-25,41,164.57,13.79
2025-11-25,42,155.83,34.4
2025-11-25,43,141.19,18.86
2025-11-25,44,140.31,16.67
2025-11-25,45,127.1,5.32
2025-11-25,46,97.57,16.42
2025-11-25,47,119.97,10.05
2025-11-25,48,95.18,2.95
2025-11-26,1,100.51,30.03
2025-11-26,2,121.94,-9.26
2025-11-26,3,107.58,28.05
2025-11-26,4,75.36,-17.9
2025-11-26,5,101.39,-4.87
2025-11-26,6,76.14,-2.89
2025-11-26,7,115.95,3.2
2025-11-26,8,122.88,24.03
2025-11-26,9,113.06,-23.42
2025-11-26,10,124.29,-8.48
2025-11-26,11,101.27,-21.32
2025-11-26,12,137.92,-1.97
2025-11-26,13,113.11,-5.73
2025-11-26,14,91.11,-0.43
2025-11-26,15,124.03,48.43
2025-11-26,16,126.94,47.02
2025-11-26,17,146.07,33.58
2025-11-26,18,142.69,3.65
2025-11-26,19,129.15,28.86
2025-11-26,20,111.25,26.56
2025-11-26,21,145.75,6.47
2025-11-26,22,121.87,23.01
2025-11-26,23,107.26,55.24
2025-11-26,24,154.31,25.77
2025-11-26,25,150.72,60.02
2025-11-26,26,147.33,15.17
2025-11-26,27,120.51,20.37
2025-11-26,28,130.78,54.84
2025-11-26,29,145.78,18.66
2025-11-26,30,155.55,30.76
2025-11-26,31,141.12,62.52
2025-11-26,32,164.12,62.47
2025-11-26,33,192.93,64.38
2025-11-26,34,284.36,196.18
2025-11-26,35,312.78,181.66
2025-11-26,36,284.7,227.03
2025-11-26,37,287.81,176.65
2025-11-26,38,308.76,193.51
2025-11-26,39,270.73,208.9
2025-11-26,40,135.7,24.54
2025-11-26,41,171.8,15.45
2025-11-26,42,117.84,30.32
2025-11-26,43,120.85,6.93
2025-11-26,44,87.81,-11.01
2025-11-26,45,94.85,3.71
2025-11-26,46,127.24,33.44
2025-11-26,47,86.3,-20.92
2025-11-26,48,79.55,21.48
2025-11-27,1,88.73,-20.92
2025-11-27,2,111.06,33.73
2025-11-27,3,127.86,35.07
2025-11-27,4,82.37,13.53
2025-11-27,5,126.35,5.6
2025-11-27,6,118.66,29.27
2025-11-27,7,112.53,-7.02
2025-11-27,8,118.24,-16.05
2025-11-27,9,108.79,-10.8
2025-11-27,10,79.1,-2.88
2025-11-27,11,127.92,-12.98
2025-11-27,12,88.52,-15.52
2025-11-27,13,128.4,-6.81
2025-11-27,14,98.66,-12.33
2025-11-27,15,137.34,34.16
2025-11-27,16,151.41,42.22
2025-11-27,17,135.83,57.69
2025-11-27,18,125.85,39.1
2025-11-27,19,140.07,29.51
2025-11-27,20,133.92,5.71
2025-11-27,21,152.41,60.11
2025-11-27,22,129.91,43.55
2025-11-27,23,143.13,26.73
2025-11-27,24,153.11,61.3
2025-11-27,25,139.49,10.67
2025-11-27,26,154.54,53.04
2025-11-27,27,121.37,18.23
2025-11-27,28,154.15,29.54
2025-11-27,29,154.56,50.43
2025-11-27,30,155.35,59.61
2025-11-27,31,180.16,47.2
2025-11-27,32,144.64,62.98
2025-11-27,33,144.78,54.16
2025-11-27,34,168.93,45.51
2025-11-27,35,152.98,93.01
2025-11-27,36,202.55,74.99
2025-11-27,37,180.17,67.11
2025-11-27,38,164.83,84.47
2025-11-27,39,143.06,43.62
2025-11-27,40,170.94,39.52
2025-11-27,41,123.03,40.75
2025-11-27,42,145.0,36.93
2025-11-27,43,149.47,30.19
2025-11-27,44,99.61,45.61
2025-11-27,45,145.32,41.52
2025-11-27,46,136.5,-9.64
2025-11-27,47,96.76,-12.96
2025-11-27,48,109.22,4.33
2025-11-28,1,120.14,18.52
2025-11-28,2,88.98,-6.75
2025-11-28,3,95.56,30.41
2025-11-28,4,87.94,-15.65
2025-11-28,5,134.23,20.05
2025-11-28,6,88.0,-25.42
2025-11-28,7,96.14,25.98
2025-11-28,8,90.11,5.78
2025-11-28,9,102.28,4.68
2025-11-28,10,106.29,1.62
2025-11-28,11,110.76,39.64
2025-11-28,12,123.2,19.69
2025-11-28,13,109.19,41.78
2025-11-28,14,147.4,35.62
2025-11-28,15,140.09,6.43
2025-11-28,16,108.07,2.8
2025-11-28,17,123.06,39.89
2025-11-28,18,159.95,33.13
2025-11-28,19,163.07,20.14
2025-11-28,20,111.58,54.4
2025-11-28,21,127.83,53.75
2025-11-28,22,111.77,25.58
2025-11-28,23,130.54,27.34
2025-11-28,24,153.13,52.61
2025-11-28,25,129.49,53.3
2025-11-28,26,147.03,42.3
2025-11-28,27,143.87,14.1
2025-11-28,28,142.64,60.08
2025-11-28,29,141.71,67.15
2025-11-28,30,141.57,48.2
2025-11-28,31,146.23,26.35
2025-11-28,32,139.13,61.72
2025-11-28,33,174.34,74.17
2025-11-28,34,183.76,99.93
2025-11-28,35,157.75,71.56
2025-11-28,36,158.73,69.38
2025-11-28,37,170.47,50.33
2025-11-28,38,193.16,39.7
2025-11-28,39,156.29,32.2
2025-11-28,40,168.61,49.93
2025-11-28,41,113.41,19.49
2025-11-28,42,120.24,2.11
2025-11-28,43,138.36,59.81
2025-11-28,44,120.35,30.63
2025-11-28,45,142.74,21.34
2025-11-28,46,98.67,41.88
2025-11-28,47,122.65,-6.89
2025-11-28,48,137.32,-10.55
2025-11-29,1,116.53,9.03
2025-11-29,2,102.18,-10.68
2025-11-29,3,84.12,-6.86
2025-11-29,4,102.26,-3.92
2025-11-29,5,96.79,-11.16
2025-11-29,6,96.64,4.78
2025-11-29,7,122.95,23.61
2025-11-29,8,83.41,-29.22
2025-11-29,9,96.37,-40.74
2025-11-29,10,123.13,6.87
2025-11-29,11,123.37,17.45
2025-11-29,12,123.03,11.75
2025-11-29,13,117.01,-3.1
2025-11-29,14,102.98,-20.81
2025-11-29,15,88.43,13.35
2025-11-29,16,128.98,48.82
2025-11-29,17,138.24,20.26
2025-11-29,18,109.77,38.23
2025-11-29,19,129.75,-9.69
2025-11-29,20,99.73,25.33
2025-11-29,21,132.52,47.76
2025-11-29,22,148.21,30.33
2025-11-29,23,103.62,11.5
2025-11-29,24,148.12,39.68
2025-11-29,25,116.21,1.16
2025-11-29,26,154.88,34.52
2025-11-29,27,128.07,3.48
2025-11-29,28,129.08,42.2
2025-11-29,29,134.24,17.36
2025-11-29,30,136.66,9.26
2025-11-29,31,167.87,67.18
2025-11-29,32,151.32,20.77
2025-11-29,33,145.74,34.35
2025-11-29,34,168.76,54.13
2025-11-29,35,169.89,71.99
2025-11-29,36,185.03,86.16
2025-11-29,37,172.42,61.22
2025-11-29,38,180.6,52.5
2025-11-29,39,137.93,22.04
2025-11-29,40,145.11,42.32
2025-11-29,41,129.11,7.53
2025-11-29,42,111.23,1.66
2025-11-29,43,106.75,41.48
2025-11-29,44,106.76,-8.95
2025-11-29,45,127.63,35.25
2025-11-29,46,94.71,17.88
2025-11-29,47,131.04,15.3
2025-11-29,48,94.2,10.2
2025-11-30,1,79.83,-16.97
2025-11-30,2,117.66,24.17
2025-11-30,3,93.2,-33.84
2025-11-30,4,81.78,-10.55
2025-11-30,5,95.05,-6.75
2025-11-30,6,99.09,-4.72
2025-11-30,7,88.37,-8.63
2025-11-30,8,101.58,-3.98
2025-11-30,9,82.91,-18.17
2025-11-30,10,94.8,-12.62
2025-11-30,11,124.07,2.83
2025-11-30,12,106.55,27.5
2025-11-30,13,97.32,11.96
2025-11-30,14,132.38,8.66
2025-11-30,15,110.16,38.41
2025-11-30,16,106.03,20.12
2025-11-30,17,126.17,0.15
2025-11-30,18,122.62,2.01
2025-11-30,19,151.65,49.19
2025-11-30,20,125.46,11.14
2025-11-30,21,119.51,23.79
2025-11-30,22,109.22,8.42
2025-11-30,23,153.99,42.32
2025-11-30,24,148.43,5.78
2025-11-30,25,144.39,17.09
2025-11-30,26,123.07,8.38
2025-11-30,27,148.44,16.5
2025-11-30,28,106.66,10.14
2025-11-30,29,132.84,58.72
2025-11-30,30,117.33,22.1
2025-11-30,31,152.42,14.14
2025-11-30,32,133.66,19.25
2025-11-30,33,175.43,46.39
2025-11-30,34,161.78,41.18
2025-11-30,35,148.94,50.22
2025-11-30,36,176.12,28.74
2025-11-30,37,159.17,55.61
2025-11-30,38,180.18,38.43
2025-11-30,39,147.8,27.65
2025-11-30,40,139.58,68.29
2025-11-30,41,108.17,18.7
2025-11-30,42,121.03,8.31
2025-11-30,43,137.46,-7.1
2025-11-30,44,124.48,43.91
2025-11-30,45,105.49,34.94
2025-11-30,46,89.56,-3.38
2025-11-30,47,114.17,6.76
2025-11-30,48,101.2,-21.28
2025-12-01,1,106.84,1.49
2025-12-01,2,131.66,4.59
2025-12-01,3,106.75,-11.53
2025-12-01,4,94.46,21.12
2025-12-01,5,105.0,-12.23
2025-12-01,6,126.52,18.6
2025-12-01,7,91.33,7.67
2025-12-01,8,114.25,33.91
2025-12-01,9,110.33,-1.58
2025-12-01,10,91.09,17.33
2025-12-01,11,111.17,2.24
2025-12-01,12,129.96,31.27
2025-12-01,13,144.08,51.94
2025-12-01,14,122.84,43.48
2025-12-01,15,114.61,29.98
2025-12-01,16,131.21,37.53
2025-12-01,17,113.46,13.43
2025-12-01,18,129.3,29.38
2025-12-01,19,145.65,60.39
2025-12-01,20,144.94,23.49
2025-12-01,21,132.35,46.34
2025-12-01,22,122.35,9.52
2025-12-01,23,152.63,48.81
2025-12-01,24,152.48,66.14
2025-12-01,25,163.08,48.74
2025-12-01,26,120.42,40.66
2025-12-01,27,150.61,32.02
2025-12-01,28,165.68,43.82
2025-12-01,29,139.83,17.53
2025-12-01,30,134.29,71.21
2025-12-01,31,171.57,81.45
2025-12-01,32,157.17,83.59
2025-12-01,33,164.27,57.98
2025-12-01,34,192.07,85.67
2025-12-01,35,189.58,48.73
2025-12-01,36,168.18,99.49
2025-12-01,37,170.06,88.78
2025-12-01,38,186.06,87.34
2025-12-01,39,170.25,29.61
2025-12-01,40,131.33,61.4
2025-12-01,41,165.72,52.32
2025-12-01,42,116.59,45.52
2025-12-01,43,127.14,30.31
2025-12-01,44,102.91,4.92
2025-12-01,45,103.94,-1.77
2025-12-01,46,141.04,-11.78
2025-12-01,47,89.54,15.23
2025-12-01,48,131.57,25.85
2025-12-02,1,92.03,3.09
2025-12-02,2,117.6,10.68
2025-12-02,3,82.9,-14.71
2025-12-02,4,77.63,12.58
2025-12-02,5,101.79,-3.53
2025-12-02,6,102.97,-12.82
2025-12-02,7,85.35,12.21
2025-12-02,8,129.45,-1.86
2025-12-02,9,104.45,8.55
2025-12-02,10,108.09,20.08
2025-12-02,11,103.58,-12.97
2025-12-02,12,135.2,-13.55
2025-12-02,13,102.51,-11.21
2025-12-02,14,121.45,-2.26
2025-12-02,15,150.93,4.6
2025-12-02,16,135.71,20.49
2025-12-02,17,125.44,49.03
2025-12-02,18,149.48,55.58
2025-12-02,19,139.6,8.32
2025-12-02,20,111.28,25.92
2025-12-02,21,126.55,16.2
2025-12-02,22,152.93,27.07
2025-12-02,23,123.87,11.71
2025-12-02,24,121.55,17.56
2025-12-02,25,158.71,10.97
2025-12-02,26,128.53,68.12
2025-12-02,27,133.15,55.99
2025-12-02,28,141.42,76.95
2025-12-02,29,135.72,62.49
2025-12-02,30,150.16,67.78
2025-12-02,31,190.38,70.95
2025-12-02,32,148.33,54.09
2025-12-02,33,172.54,78.84
2025-12-02,34,274.97,206.7
2025-12-02,35,295.16,217.75
2025-12-02,36,292.22,215.01
2025-12-02,37,282.48,180.91
2025-12-02,38,281.51,172.67
2025-12-02,39,264.16,190.62
2025-12-02,40,150.74,30.33
2025-12-02,41,138.2,10.81
2025-12-02,42,141.94,61.84
2025-12-02,43,148.45,30.03
2025-12-02,44,115.75,-5.15
2025-12-02,45,111.01,28.84
2025-12-02,46,90.26,-13.64
2025-12-02,47,101.74,7.77
2025-12-02,48,109.63,-10.86
2025-12-03,1,119.74,20.18
2025-12-03,2,101.61,-26.53
2025-12-03,3,122.45,15.62
2025-12-03,4,101.42,-3.96
2025-12-03,5,87.86,10.61
2025-12-03,6,69.87,-16.27
2025-12-03,7,81.53,8.74
2025-12-03,8,126.91,-15.28
2025-12-03,9,126.79,26.43
2025-12-03,10,94.5,-3.64
2025-12-03,11,126.19,-5.93
2025-12-03,12,115.64,19.35
2025-12-03,13,96.22,-4.97
2025-12-03,14,95.28,2.66
2025-12-03,15,134.12,41.67
2025-12-03,16,117.41,17.35
2025-12-03,17,156.73,59.37
2025-12-03,18,137.9,27.99
2025-12-03,19,122.5,60.98
2025-12-03,20,162.41,9.58
2025-12-03,21,140.45,57.41
2025-12-03,22,112.39,5.95
2025-12-03,23,142.59,53.68
2025-12-03,24,144.06,25.37
2025-12-03,25,126.7,25.97
2025-12-03,26,165.82,12.06
2025-12-03,27,136.79,19.83
2025-12-03,28,173.14,23.34
2025-12-03,29,154.89,36.73
2025-12-03,30,127.62,47.21
2025-12-03,31,140.57,59.36
2025-12-03,32,180.75,32.79
2025-12-03,33,201.09,67.5
2025-12-03,34,151.94,77.21
2025-12-03,35,185.79,80.7
2025-12-03,36,193.08,72.43
2025-12-03,37,194.07,48.02
2025-12-03,38,150.3,74.26
2025-12-03,39,160.18,75.08
2025-12-03,40,150.41,15.51
2025-12-03,41,162.09,69.74
2025-12-03,42,130.78,14.05
2025-12-03,43,110.9,8.88
2025-12-03,44,139.75,6.02
2025-12-03,45,110.01,-6.94
2025-12-03,46,109.88,12.1
2025-12-03,47,117.67,24.95
2025-12-03,48,91.62,-18.48
2025-12-04,1,123.13,14.99
2025-12-04,2,91.49,-1.03
2025-12-04,3,116.45,10.3
2025-12-04,4,128.7,4.65
2025-12-04,5,102.97,22.64
2025-12-04,6,124.68,-16.82
2025-12-04,7,99.13,23.92
2025-12-04,8,124.69,-20.82
2025-12-04,9,78.35,22.09
2025-12-04,10,86.84,20.65
2025-12-04,11,90.57,39.03
2025-12-04,12,128.11,-24.3
2025-12-04,13,137.68,28.14
2025-12-04,14,122.21,32.87
2025-12-04,15,126.12,15.6
2025-12-04,16,120.54,19.39
2025-12-04,17,148.96,5.35
2025-12-04,18,139.39,39.14
2025-12-04,19,147.38,49.93
2025-12-04,20,139.2,61.19
2025-12-04,21,132.73,41.82
2025-12-04,22,125.09,15.8
2025-12-04,23,157.04,50.32
2025-12-04,24,139.47,14.13
2025-12-04,25,152.6,53.29
2025-12-04,26,166.63,23.75
2025-12-04,27,138.4,33.15
2025-12-04,28,124.17,67.56
2025-12-04,29,141.1,50.89
2025-12-04,30,159.52,58.59
2025-12-04,31,143.06,65.63
2025-12-04,32,181.27,43.85
2025-12-04,33,155.55,45.2
2025-12-04,34,151.22,89.89
2025-12-04,35,180.57,97.11
2025-12-04,36,179.51,93.74
2025-12-04,37,189.39,67.72
2025-12-04,38,168.31,100.93
2025-12-04,39,154.33,45.94
2025-12-04,40,174.64,68.85
2025-12-04,41,140.16,58.26
2025-12-04,42,131.55,58.15
2025-12-04,43,155.66,8.2
2025-12-04,44,130.36,30.48
2025-12-04,45,138.09,-5.86
2025-12-04,46,145.03,-3.85
2025-12-04,47,115.15,-25.01
2025-12-04,48,126.72,35.41
2025-12-05,1,92.17,-7.78
2025-12-05,2,87.07,19.68
2025-12-05,3,122.92,39.17
2025-12-05,4,114.06,-2.82
2025-12-05,5,93.52,17.31
2025-12-05,6,119.87,26.25
2025-12-05,7,107.61,-5.52
2025-12-05,8,97.18,20.51
2025-12-05,9,119.18,17.94
2025-12-05,10,123.04,19.73
2025-12-05,11,109.81,-4.74
2025-12-05,12,138.02,7.19
2025-12-05,13,125.76,12.99
2025-12-05,14,107.18,44.16
2025-12-05,15,154.14,45.5
2025-12-05,16,153.29,40.62
2025-12-05,17,128.41,34.54
2025-12-05,18,149.61,55.04
2025-12-05,19,114.1,42.97
2025-12-05,20,130.0,18.08
2025-12-05,21,138.45,59.86
2025-12-05,22,114.15,43.63
2025-12-05,23,133.66,32.14
2025-12-05,24,165.87,10.37
2025-12-05,25,129.47,31.24
2025-12-05,26,147.28,44.04
2025-12-05,27,159.25,44.14
2025-12-05,28,140.69,38.95
2025-12-05,29,152.4,36.6
2025-12-05,30,166.72,50.86
2025-12-05,31,181.0,70.14
2025-12-05,32,138.22,41.24
2025-12-05,33,165.25,84.1
2025-12-05,34,152.45,48.11
2025-12-05,35,168.55,56.31
2025-12-05,36,201.34,57.03
2025-12-05,37,162.34,89.11
2025-12-05,38,188.73,62.02
2025-12-05,39,130.5,53.15
2025-12-05,40,158.11,47.97
2025-12-05,41,117.87,10.45
2025-12-05,42,152.45,19.86
2025-12-05,43,121.7,16.49
2025-12-05,44,98.22,42.23
2025-12-05,45,103.89,-5.71
2025-12-05,46,122.81,25.01
2025-12-05,47,93.51,27.64
2025-12-05,48,132.71,13.03
2025-12-06,1,109.53,11.49
2025-12-06,2,103.5,32.21
2025-12-06,3,125.88,12.79
2025-12-06,4,104.46,26.07
2025-12-06,5,121.39,-23.78
2025-12-06,6,74.4,5.27
2025-12-06,7,124.82,25.45
2025-12-06,8,91.95,9.74
2025-12-06,9,95.66,-8.09
2025-12-06,10,110.14,22.06
2025-12-06,11,94.83,13.49
2025-12-06,12,94.07,-6.04
2025-12-06,13,98.56,16.91
2025-12-06,14,98.72,27.57
2025-12-06,15,122.34,8.91
2025-12-06,16,112.5,5.55
2025-12-06,17,107.91,25.79
2025-12-06,18,154.05,34.26
2025-12-06,19,132.01,58.18
2025-12-06,20,128.04,21.58
2025-12-06,21,141.05,39.13
2025-12-06,22,106.57,39.73
2025-12-06,23,128.98,9.91
2025-12-06,24,152.78,51.99
2025-12-06,25,129.4,45.09
2025-12-06,26,118.39,46.44
2025-12-06,27,159.89,26.32
2025-12-06,28,115.13,22.82
2025-12-06,29,140.51,57.65
2025-12-06,30,131.08,23.47
2025-12-06,31,128.64,25.59
2025-12-06,32,169.16,19.45
2025-12-06,33,137.74,62.08
2025-12-06,34,150.61,61.27
2025-12-06,35,152.21,47.61
2025-12-06,36,141.82,61.88
2025-12-06,37,146.36,61.4
2025-12-06,38,127.37,64.28
2025-12-06,39,134.98,21.55
2025-12-06,40,166.58,41.32
2025-12-06,41,149.64,1.0
2025-12-06,42,114.82,19.01
2025-12-06,43,138.39,15.93
2025-12-06,44,101.83,-15.47
2025-12-06,45,99.77,27.52
2025-12-06,46,101.09,12.83
2025-12-06,47,92.86,0.21
2025-12-06,48,134.11,6.66
2025-12-07,1,91.44,-20.9
2025-12-07,2,119.37,21.31
2025-12-07,3,97.75,-1.16
2025-12-07,4,127.68,5.0
2025-12-07,5,123.44,7.94
2025-12-07,6,121.31,3.78
2025-12-07,7,111.79,-15.8
2025-12-07,8,119.27,5.26
2025-12-07,9,116.2,9.12
2025-12-07,10,103.33,-16.24
2025-12-07,11,94.94,18.99
2025-12-07,12,84.08,-24.62
2025-12-07,13,112.31,-11.33
2025-12-07,14,112.04,-10.18
2025-12-07,15,118.93,40.99
2025-12-07,16,109.13,-6.24
2025-12-07,17,98.91,46.57
2025-12-07,18,140.63,21.73
2025-12-07,19,125.47,-5.86
2025-12-07,20,145.87,30.74
2025-12-07,21,103.62,47.93
2025-12-07,22,103.89,44.58
2025-12-07,23,111.5,42.84
2025-12-07,24,104.26,6.14
2025-12-07,25,122.89,17.9
2025-12-07,26,142.78,25.61
2025-12-07,27,160.16,51.79
2025-12-07,28,121.17,41.19
2025-12-07,29,133.99,36.42
2025-12-07,30,129.69,47.99
2025-12-07,31,120.15,62.81
2025-12-07,32,144.35,22.41
2025-12-07,33,153.83,51.3
2025-12-07,34,187.52,83.41
2025-12-07,35,190.82,76.95
2025-12-07,36,192.08,80.55
2025-12-07,37,178.61,94.2
2025-12-07,38,175.18,41.07
2025-12-07,39,131.93,47.85
2025-12-07,40,156.48,34.8
2025-12-07,41,139.97,13.85
2025-12-07,42,115.34,-0.0
2025-12-07,43,114.7,26.06
2025-12-07,44,113.24,14.11
2025-12-07,45,119.45,27.55
2025-12-07,46,92.77,28.72
2025-12-07,47,112.97,13.2
2025-12-07,48,91.35,15.56
2025-12-08,1,97.34,-2.12
2025-12-08,2,107.69,18.68
2025-12-08,3,83.31,-21.05
2025-12-08,4,104.26,0.61
2025-12-08,5,97.58,2.61
2025-12-08,6,118.75,-14.05
2025-12-08,7,110.87,2.99
2025-12-08,8,80.41,7.02
2025-12-08,9,98.06,-13.31
2025-12-08,10,116.51,12.7
2025-12-08,11,97.32,22.69
2025-12-08,12,94.57,-15.82
2025-12-08,13,114.4,43.39
2025-12-08,14,130.52,18.28
2025-12-08,15,131.41,51.83
2025-12-08,16,111.1,47.53
2025-12-08,17,156.82,56.91
2025-12-08,18,161.9,23.11
2025-12-08,19,147.53,9.4
2025-12-08,20,142.5,8.4
2025-12-08,21,134.9,40.11
2025-12-08,22,122.68,60.72
2025-12-08,23,116.74,58.51
2025-12-08,24,135.76,9.64
2025-12-08,25,143.56,45.4
2025-12-08,26,130.24,45.68
2025-12-08,27,175.56,32.63
2025-12-08,28,176.17,43.43
2025-12-08,29,165.17,43.65
2025-12-08,30,144.01,27.96
2025-12-08,31,135.87,76.6
2025-12-08,32,151.83,61.18
2025-12-08,33,157.21,83.79
2025-12-08,34,195.77,65.25
2025-12-08,35,180.06,91.28
2025-12-08,36,210.34,116.58
2025-12-08,37,174.54,86.68
2025-12-08,38,150.23,66.57
2025-12-08,39,143.59,82.71
2025-12-08,40,180.81,32.29
2025-12-08,41,170.86,47.78
2025-12-08,42,160.36,5.65
2025-12-08,43,139.59,43.16
2025-12-08,44,126.5,51.7
2025-12-08,45,132.92,18.26
2025-12-08,46,96.58,7.08
2025-12-08,47,119.07,-5.8
2025-12-08,48,94.69,26.87
2025-12-09,1,82.78,17.29
2025-12-09,2,122.75,26.3
2025-12-09,3,130.9,15.22
2025-12-09,4,126.72,-20.18
2025-12-09,5,103.81,-16.55
2025-12-09,6,107.57,5.72
2025-12-09,7,82.32,11.74
2025-12-09,8,128.46,22.55
2025-12-09,9,84.81,16.37
2025-12-09,10,128.96,7.73
2025-12-09,11,85.42,18.99
2025-12-09,12,106.27,-1.33
2025-12-09,13,105.77,-13.66
2025-12-09,14,121.64,31.11
2025-12-09,15,117.89,8.65
2025-12-09,16,149.96,63.77
2025-12-09,17,157.26,30.65
2025-12-09,18,111.76,49.97
2025-12-09,19,115.67,30.93
2025-12-09,20,115.69,33.0
2025-12-09,21,124.97,58.1
2025-12-09,22,131.29,17.9
2025-12-09,23,138.64,49.29
2025-12-09,24,146.78,26.05
2025-12-09,25,164.38,37.8
2025-12-09,26,164.84,34.66
2025-12-09,27,158.69,22.03
2025-12-09,28,136.9,70.64
2025-12-09,29,176.0,31.34
2025-12-09,30,171.78,49.53
2025-12-09,31,138.74,42.33
2025-12-09,32,163.76,81.87
2025-12-09,33,147.2,52.57
2025-12-09,34,168.38,68.57
2025-12-09,35,168.4,68.71
2025-12-09,36,172.33,103.18
2025-12-09,37,176.2,78.87
2025-12-09,38,149.49,83.05
2025-12-09,39,166.51,47.75
2025-12-09,40,138.73,42.68
2025-12-09,41,126.17,72.06
2025-12-09,42,144.83,41.69
2025-12-09,43,160.88,12.04
2025-12-09,44,144.53,47.77
2025-12-09,45,135.97,41.95
2025-12-09,46,146.17,6.35
2025-12-09,47,103.38,2.94
2025-12-09,48,88.77,-5.3
2025-12-10,1,90.96,-13.52
2025-12-10,2,129.75,9.53
2025-12-10,3,83.14,21.77
2025-12-10,4,108.13,0.17
2025-12-10,5,78.7,7.14
2025-12-10,6,107.56,-8.12
2025-12-10,7,97.7,-21.51
2025-12-10,8,117.8,-9.34
2025-12-10,9,88.04,-21.55
2025-12-10,10,130.67,33.23
2025-12-10,11,87.18,31.56
2025-12-10,12,123.73,1.79
2025-12-10,13,106.63,37.86
2025-12-10,14,143.5,8.24
2025-12-10,15,105.75,32.98
2025-12-10,16,108.33,34.67
2025-12-10,17,147.6,35.65
2025-12-10,18,144.87,11.45
2025-12-10,19,136.7,33.95
2025-12-10,20,138.57,21.15
2025-12-10,21,159.51,31.24
2025-12-10,22,134.41,49.95
2025-12-10,23,142.13,60.83
2025-12-10,24,138.67,42.08
2025-12-10,25,150.26,40.53
2025-12-10,26,178.11,53.76
2025-12-10,27,116.94,47.77
2025-12-10,28,171.68,29.58
2025-12-10,29,165.63,40.05
2025-12-10,30,147.66,76.56
2025-12-10,31,155.85,58.12
2025-12-10,32,171.25,67.96
2025-12-10,33,173.61,87.35
2025-12-10,34,184.83,68.16
2025-12-10,35,191.38,73.87
2025-12-10,36,194.65,99.57
2025-12-10,37,191.66,79.02
2025-12-10,38,187.56,39.07
2025-12-10,39,161.11,76.06
2025-12-10,40,147.72,22.14
2025-12-10,41,158.49,13.18
2025-12-10,42,145.27,9.4
2025-12-10,43,150.44,22.59
2025-12-10,44,120.03,-1.86
2025-12-10,45,98.03,11.47
2025-12-10,46,112.38,-12.37
2025-12-10,47,100.85,15.33
2025-12-10,48,134.99,-14.99
2025-12-11,1,118.68,-3.31
2025-12-11,2,127.3,30.37
2025-12-11,3,136.86,21.75
2025-12-11,4,81.81,28.4
2025-12-11,5,106.45,-6.02
2025-12-11,6,119.14,24.02
2025-12-11,7,102.06,17.4
2025-12-11,8,85.86,21.87
2025-12-11,9,119.36,18.03
2025-12-11,10,97.24,-11.42
2025-12-11,11,104.49,-17.97
2025-12-11,12,87.43,33.11
2025-12-11,13,131.69,16.0
2025-12-11,14,93.79,9.4
2025-12-11,15,134.81,-5.46
2025-12-11,16,131.96,13.7
2025-12-11,17,124.75,51.24
2025-12-11,18,149.03,52.8
2025-12-11,19,132.26,20.34
2025-12-11,20,133.51,66.54
2025-12-11,21,123.82,63.07
2025-12-11,22,127.07,41.34
2025-12-11,23,111.47,47.28
2025-12-11,24,162.6,58.0
2025-12-11,25,166.67,38.14
2025-12-11,26,135.34,39.13
2025-12-11,27,118.5,35.49
2025-12-11,28,125.57,71.52
2025-12-11,29,126.63,54.25
2025-12-11,30,146.17,63.32
2025-12-11,31,151.23,67.28
2025-12-11,32,167.31,35.55
2025-12-11,33,164.94,60.62
2025-12-11,34,199.92,98.3
2025-12-11,35,208.77,57.57
2025-12-11,36,189.28,59.99
2025-12-11,37,176.49,59.4
2025-12-11,38,182.29,80.0
2025-12-11,39,176.82,70.27
2025-12-11,40,129.63,28.64
2025-12-11,41,120.28,30.87
2025-12-11,42,127.2,64.76
2025-12-11,43,115.41,39.49
2025-12-11,44,153.1,19.67
2025-12-11,45,145.33,45.89
2025-12-11,46,108.92,10.37
2025-12-11,47,138.56,-3.44
2025-12-11,48,120.99,38.95
2025-12-12,1,106.38,-19.06
2025-12-12,2,101.05,-19.21
2025-12-12,3,107.52,-23.67
2025-12-12,4,91.85,6.26
2025-12-12,5,130.37,22.76
2025-12-12,6,89.18,5.51
2025-12-12,7,130.74,-0.52
2025-12-12,8,117.71,25.69
2025-12-12,9,86.0,-2.25
2025-12-12,10,109.46,-11.95
2025-12-12,11,91.07,2.4
2025-12-12,12,132.28,-9.92
2025-12-12,13,129.57,-13.19
2025-12-12,14,110.63,33.03
2025-12-12,15,116.31,17.07
2025-12-12,16,118.01,61.44
2025-12-12,17,108.44,56.01
2025-12-12,18,134.77,13.68
2025-12-12,19,112.63,54.67
2025-12-12,20,146.1,50.33
2025-12-12,21,141.71,51.36
2025-12-12,22,127.83,57.22
2025-12-12,23,116.62,25.43
2025-12-12,24,144.0,61.54
2025-12-12,25,158.8,42.58
2025-12-12,26,117.24,50.39
2025-12-12,27,160.0,33.08
2025-12-12,28,165.1,25.02
2025-12-12,29,150.42,73.39
2025-12-12,30,178.81,65.78
2025-12-12,31,155.59,50.78
2025-12-12,32,151.04,74.09
2025-12-12,33,189.32,96.12
2025-12-12,34,175.2,57.21
2025-12-12,35,165.06,61.31
2025-12-12,36,190.97,82.3
2025-12-12,37,158.67,47.39
2025-12-12,38,177.4,65.04
2025-12-12,39,133.71,43.07
2025-12-12,40,171.91,53.97
2025-12-12,41,160.74,35.49
2025-12-12,42,120.5,53.27
2025-12-12,43,131.14,39.87
2025-12-12,44,152.67,24.27
2025-12-12,45,146.22,1.36
2025-12-12,46,99.85,-3.92
2025-12-12,47,125.37,33.96
2025-12-12,48,88.79,3.69
2025-12-13,1,97.63,24.56
2025-12-13,2,116.77,18.18
2025-12-13,3,104.24,-26.25
2025-12-13,4,94.87,11.73
2025-12-13,5,114.33,25.7
2025-12-13,6,116.18,7.07
2025-12-13,7,95.64,-20.72
2025-12-13,8,99.47,16.36
2025-12-13,9,85.98,-4.41
2025-12-13,10,91.08,-19.33
2025-12-13,11,109.55,24.37
2025-12-13,12,100.95,8.26
2025-12-13,13,135.59,13.57
2025-12-13,14,112.98,19.21
2025-12-13,15,96.57,46.3
2025-12-13,16,106.05,-9.22
2025-12-13,17,126.86,19.25
2025-12-13,18,120.97,40.42
2025-12-13,19,138.44,-3.1
2025-12-13,20,113.79,8.3
2025-12-13,21,131.03,1.59
2025-12-13,22,144.79,15.35
2025-12-13,23,134.95,8.54
2025-12-13,24,112.83,23.14
2025-12-13,25,114.67,30.72
2025-12-13,26,142.41,52.56
2025-12-13,27,133.29,55.22
2025-12-13,28,121.7,66.19
2025-12-13,29,131.44,21.55
2025-12-13,30,143.62,27.04
2025-12-13,31,163.64,51.6
2025-12-13,32,176.31,39.08
2025-12-13,33,160.24,43.22
2025-12-13,34,170.06,91.56
2025-12-13,35,164.2,62.83
2025-12-13,36,166.86,67.46
2025-12-13,37,170.15,51.88
2025-12-13,38,140.28,66.98
2025-12-13,39,148.89,74.93
2025-12-13,40,116.82,69.16
2025-12-13,41,141.33,18.4
2025-12-13,42,137.08,41.24
2025-12-13,43,131.73,-7.09
2025-12-13,44,121.59,-8.27
2025-12-13,45,133.99,39.07
2025-12-13,46,117.08,15.66
2025-12-13,47,120.63,3.1
2025-12-13,48,83.69,23.28
2025-12-14,1,109.61,-1.38
2025-12-14,2,130.63,17.71
2025-12-14,3,79.4,-1.98
2025-12-14,4,88.29,-35.36
2025-12-14,5,99.56,-28.59
2025-12-14,6,103.41,-21.2
2025-12-14,7,91.92,3.37
2025-12-14,8,105.5,23.83
2025-12-14,9,70.8,17.61
2025-12-14,10,110.99,14.74
2025-12-14,11,82.28,0.28
2025-12-14,12,87.79,-25.33
2025-12-14,13,118.28,-22.8
2025-12-14,14,121.69,44.45
2025-12-14,15,137.84,27.55
2025-12-14,16,120.33,6.38
2025-12-14,17,110.42,51.51
2025-12-14,18,123.31,30.1
2025-12-14,19,112.24,37.16
2025-12-14,20,146.17,10.13
2025-12-14,21,118.57,16.84
2025-12-14,22,155.31,32.67
2025-12-14,23,118.42,10.57
2025-12-14,24,126.44,13.44
2025-12-14,25,153.43,14.81
2025-12-14,26,124.19,3.46
2025-12-14,27,128.46,9.83
2025-12-14,28,142.23,38.23
2025-12-14,29,162.6,18.63
2025-12-14,30,134.75,34.54
2025-12-14,31,169.82,31.7
2025-12-14,32,153.56,20.59
2025-12-14,33,163.92,42.47
2025-12-14,34,185.25,80.35
2025-12-14,35,168.97,31.84
2025-12-14,36,153.7,82.07
2025-12-14,37,173.34,54.08
2025-12-14,38,150.01,64.39
2025-12-14,39,169.97,31.64
2025-12-14,40,127.5,15.89
2025-12-14,41,116.56,44.6
2025-12-14,42,137.95,13.35
2025-12-14,43,139.06,5.8
2025-12-14,44,93.26,41.17
2025-12-14,45,101.26,29.02
2025-12-14,46,119.82,5.91
2025-12-14,47,88.28,35.38
2025-12-14,48,88.14,14.09
2025-12-15,1,96.82,44.29
2025-12-15,2,126.52,-12.66
2025-12-15,3,96.66,25.9
2025-12-15,4,132.46,-10.66
2025-12-15,5,132.27,-9.97
2025-12-15,6,97.08,7.63
2025-12-15,7,85.63,35.91
2025-12-15,8,92.34,-13.33
2025-12-15,9,97.72,19.67
2025-12-15,10,116.34,-18.46
2025-12-15,11,98.2,1.95
2025-12-15,12,103.19,-10.12
2025-12-15,13,120.42,16.34
2025-12-15,14,148.97,51.58
2025-12-15,15,137.25,58.02
2025-12-15,16,142.19,16.18
2025-12-15,17,123.08,50.72
2025-12-15,18,169.02,47.81
2025-12-15,19,129.96,30.75
2025-12-15,20,170.82,53.19
2025-12-15,21,141.61,57.53
2025-12-15,22,151.26,58.85
2025-12-15,23,140.25,42.77
2025-12-15,24,130.8,33.03
2025-12-15,25,154.3,42.28
2025-12-15,26,135.3,45.31
2025-12-15,27,135.01,58.79
2025-12-15,28,133.9,31.8
2025-12-15,29,133.41,16.53
2025-12-15,30,146.17,21.81
2025-12-15,31,125.81,62.62
2025-12-15,32,157.04,37.12
2025-12-15,33,142.5,52.18
2025-12-15,34,188.38,54.99
2025-12-15,35,201.54,101.76
2025-12-15,36,165.47,91.68
2025-12-15,37,178.63,90.41
2025-12-15,38,164.68,73.5
2025-12-15,39,159.86,56.09
2025-12-15,40,180.29,34.9
2025-12-15,41,141.38,37.99
2025-12-15,42,120.13,56.17
2025-12-15,43,146.42,55.31
2025-12-15,44,110.95,31.14
2025-12-15,45,136.05,-4.22
2025-12-15,46,84.44,25.76
2025-12-15,47,98.17,5.6
2025-12-15,48,136.05,-6.05
2025-12-16,1,92.23,-16.05
2025-12-16,2,118.05,27.16
2025-12-16,3,82.28,-2.78
2025-12-16,4,93.72,30.24
2025-12-16,5,82.74,-8.38
2025-12-16,6,106.91,-10.1
2025-12-16,7,135.37,-19.29
2025-12-16,8,107.39,-15.75
2025-12-16,9,93.69,0.74
2025-12-16,10,87.56,0.43
2025-12-16,11,110.1,16.94
2025-12-16,12,96.32,2.18
2025-12-16,13,134.72,27.92
2025-12-16,14,95.12,-5.37
2025-12-16,15,146.32,27.68
2025-12-16,16,138.47,19.36
2025-12-16,17,149.88,35.23
2025-12-16,18,165.62,24.79
2025-12-16,19,126.8,62.96
2025-12-16,20,145.92,32.41
2025-12-16,21,148.34,52.82
2025-12-16,22,160.11,44.15
2025-12-16,23,159.19,27.54
2025-12-16,24,126.45,43.64
2025-12-16,25,148.94,25.62
2025-12-16,26,145.64,68.49
2025-12-16,27,149.97,61.79
2025-12-16,28,159.85,19.6
2025-12-16,29,165.53,74.63
2025-12-16,30,128.55,71.04
2025-12-16,31,172.16,46.46
2025-12-16,32,167.76,71.63
2025-12-16,33,170.15,101.5
2025-12-16,34,168.12,64.45
2025-12-16,35,187.19,93.23
2025-12-16,36,185.95,94.59
2025-12-16,37,203.81,87.16
2025-12-16,38,178.12,67.14
2025-12-16,39,178.44,89.54
2025-12-16,40,158.61,54.87
2025-12-16,41,146.63,55.9
2025-12-16,42,134.03,52.53
2025-12-16,43,156.18,26.35
2025-12-16,44,119.29,43.53
2025-12-16,45,142.61,33.61
2025-12-16,46,102.81,19.73
2025-12-16,47,100.95,-4.24
2025-12-16,48,92.67,26.06
2025-12-17,1,113.66,3.44
2025-12-17,2,120.08,10.9
2025-12-17,3,104.52,27.29
2025-12-17,4,81.4,-26.34
2025-12-17,5,103.49,5.43
2025-12-17,6,92.19,9.51
2025-12-17,7,88.15,14.95
2025-12-17,8,92.68,22.31
2025-12-17,9,81.54,-17.35
2025-12-17,10,89.46,31.2
2025-12-17,11,111.86,-10.93
2025-12-17,12,103.55,40.45
2025-12-17,13,110.3,14.09
2025-12-17,14,146.27,28.87
2025-12-17,15,154.05,17.47
2025-12-17,16,127.62,12.37
2025-12-17,17,155.96,29.35
2025-12-17,18,135.09,34.01
2025-12-17,19,129.17,62.83
2025-12-17,20,132.66,15.94
2025-12-17,21,118.93,63.09
2025-12-17,22,154.01,43.95
2025-12-17,23,153.94,67.55
2025-12-17,24,112.1,46.72
2025-12-17,25,127.72,64.73
2025-12-17,26,149.76,40.39
2025-12-17,27,134.18,43.58
2025-12-17,28,160.57,71.59
2025-12-17,29,155.21,33.69
2025-12-17,30,156.02,33.31
2025-12-17,31,135.04,82.87
2025-12-17,32,138.62,57.1
2025-12-17,33,174.74,54.51
2025-12-17,34,179.92,98.62
2025-12-17,35,182.64,58.97
2025-12-17,36,165.74,96.38
2025-12-17,37,161.53,63.49
2025-12-17,38,165.71,73.77
2025-12-17,39,140.6,68.57
2025-12-17,40,157.71,75.31
2025-12-17,41,155.23,37.67
2025-12-17,42,106.21,49.84
2025-12-17,43,150.2,27.7
2025-12-17,44,136.72,-5.67
2025-12-17,45,116.74,32.92
2025-12-17,46,122.17,8.32
2025-12-17,47,107.01,-5.21
2025-12-17,48,122.53,42.71
2025-12-18,1,90.51,3.28
2025-12-18,2,89.23,18.12
2025-12-18,3,96.96,11.52
2025-12-18,4,78.27,-0.64
2025-12-18,5,80.49,-6.35
2025-12-18,6,100.63,28.37
2025-12-18,7,95.65,20.6
2025-12-18,8,116.22,19.37
2025-12-18,9,108.91,10.76
2025-12-18,10,127.28,21.66
2025-12-18,11,134.36,17.85
2025-12-18,12,124.99,1.24
2025-12-18,13,126.46,27.84
2025-12-18,14,131.94,-0.07
2025-12-18,15,115.38,53.0
2025-12-18,16,141.54,3.67
2025-12-18,17,153.99,10.08
2025-12-18,18,134.2,12.78
2025-12-18,19,157.58,45.26
2025-12-18,20,118.34,66.05
2025-12-18,21,114.32,40.36
2025-12-18,22,147.27,38.82
2025-12-18,23,145.43,10.13
2025-12-18,24,141.18,34.55
2025-12-18,25,167.45,37.34
2025-12-18,26,143.08,71.75
2025-12-18,27,128.07,73.13
2025-12-18,28,130.88,50.38
2025-12-18,29,140.69,56.51
2025-12-18,30,135.8,41.08
2025-12-18,31,137.8,40.45
2025-12-18,32,171.59,93.41
2025-12-18,33,179.01,53.43
2025-12-18,34,169.28,90.5
2025-12-18,35,178.61,98.74
2025-12-18,36,153.93,95.42
2025-12-18,37,166.59,82.59
2025-12-18,38,187.34,61.06
2025-12-18,39,181.13,67.3
2025-12-18,40,147.16,20.83
2025-12-18,41,126.08,21.72
2025-12-18,42,130.33,44.18
2025-12-18,43,153.85,37.28
2025-12-18,44,155.29,43.65
2025-12-18,45,159.65,22.77
2025-12-18,46,130.26,5.67
2025-12-18,47,101.33,41.63
2025-12-18,48,114.35,12.76
2025-12-19,1,119.76,23.83
2025-12-19,2,141.65,20.98
2025-12-19,3,84.37,-15.17
2025-12-19,4,128.2,8.7
2025-12-19,5,129.05,10.29
2025-12-19,6,104.68,-9.68
2025-12-19,7,112.98,18.9
2025-12-19,8,114.4,7.89
2025-12-19,9,133.6,-10.8
2025-12-19,10,108.51,-21.02
2025-12-19,11,95.47,-16.47
2025-12-19,12,90.17,1.36
2025-12-19,13,142.22,48.88
2025-12-19,14,124.68,39.05
2025-12-19,15,148.84,33.39
2025-12-19,16,170.49,62.84
2025-12-19,17,145.5,17.94
2025-12-19,18,158.32,46.95
2025-12-19,19,128.42,11.38
2025-12-19,20,119.06,64.97
2025-12-19,21,134.37,43.41
2025-12-19,22,124.87,21.92
2025-12-19,23,157.31,18.95
2025-12-19,24,162.96,18.7
2025-12-19,25,147.29,57.27
2025-12-19,26,149.61,39.93
2025-12-19,27,137.7,38.13
2025-12-19,28,148.72,26.74
2025-12-19,29,170.68,67.7
2025-12-19,30,173.8,34.02
2025-12-19,31,168.2,71.38
2025-12-19,32,163.41,32.93
2025-12-19,33,179.22,67.67
2025-12-19,34,409.89,295.06
2025-12-19,35,405.99,308.11
2025-12-19,36,435.79,326.53
2025-12-19,37,448.16,345.45
2025-12-19,38,448.85,337.35
2025-12-19,39,437.85,294.09
2025-12-19,40,137.8,53.34
2025-12-19,41,159.88,39.8
2025-12-19,42,131.57,17.67
2025-12-19,43,113.86,9.73
2025-12-19,44,118.35,9.91
2025-12-19,45,125.47,8.39
2025-12-19,46,143.64,24.3
2025-12-19,47,127.9,31.01
2025-12-19,48,121.02,32.89
2025-12-20,1,95.24,-15.79
2025-12-20,2,112.27,-20.12
2025-12-20,3,88.77,-8.21
2025-12-20,4,106.42,20.33
2025-12-20,5,98.97,5.47
2025-12-20,6,104.99,-6.45
2025-12-20,7,107.42,1.48
2025-12-20,8,117.28,-29.62
2025-12-20,9,85.74,22.27
2025-12-20,10,98.72,4.21
2025-12-20,11,105.47,29.83
2025-12-20,12,110.9,25.37
2025-12-20,13,135.99,34.54
2025-12-20,14,140.05,2.57
2025-12-20,15,127.18,16.87
2025-12-20,16,120.11,48.06
2025-12-20,17,126.98,24.01
2025-12-20,18,108.31,52.93
2025-12-20,19,105.82,-1.64
2025-12-20,20,112.22,-2.55
2025-12-20,21,132.8,37.09
2025-12-20,22,109.63,36.2
2025-12-20,23,111.07,32.71
2025-12-20,24,149.96,30.32
2025-12-20,25,130.08,7.41
2025-12-20,26,142.81,27.11
2025-12-20,27,132.77,15.31
2025-12-20,28,139.13,48.9
2025-12-20,29,171.4,33.52
2025-12-20,30,141.32,75.95
2025-12-20,31,119.73,66.76
2025-12-20,32,133.93,60.44
2025-12-20,33,133.59,83.25
2025-12-20,34,152.47,32.07
2025-12-20,35,161.84,70.96
2025-12-20,36,187.8,48.18
2025-12-20,37,154.29,79.16
2025-12-20,38,137.52,56.17
2025-12-20,39,153.15,29.74
2025-12-20,40,136.66,52.4
2025-12-20,41,155.91,10.17
2025-12-20,42,146.93,17.1
2025-12-20,43,125.97,31.0
2025-12-20,44,100.81,23.76
2025-12-20,45,117.2,28.99
2025-12-20,46,117.68,18.91
2025-12-20,47,86.71,23.47
2025-12-20,48,137.56,-7.75
2025-12-21,1,125.84,-20.83
2025-12-21,2,81.24,7.71
2025-12-21,3,96.4,-9.8
2025-12-21,4,122.45,0.49
2025-12-21,5,119.5,-23.01
2025-12-21,6,99.45,16.27
2025-12-21,7,90.95,-26.13
2025-12-21,8,94.86,-8.24
2025-12-21,9,109.66,-16.35
2025-12-21,10,84.45,7.13
2025-12-21,11,100.0,-12.23
2025-12-21,12,119.35,-22.2
2025-12-21,13,109.84,29.13
2025-12-21,14,102.09,30.36
2025-12-21,15,150.74,39.46
2025-12-21,16,136.62,8.77
2025-12-21,17,137.14,28.69
2025-12-21,18,112.67,7.77
2025-12-21,19,111.56,44.79
2025-12-21,20,129.01,2.12
2025-12-21,21,132.62,51.5
2025-12-21,22,120.08,17.99
2025-12-21,23,118.02,12.41
2025-12-21,24,143.35,55.35
2025-12-21,25,156.99,10.67
2025-12-21,26,159.32,30.03
2025-12-21,27,121.3,38.24
2025-12-21,28,146.63,18.2
2025-12-21,29,115.62,18.34
2025-12-21,30,151.24,55.77
2025-12-21,31,154.15,32.58
2025-12-21,32,172.33,67.29
2025-12-21,33,148.91,48.44
2025-12-21,34,166.33,36.73
2025-12-21,35,173.28,75.03
2025-12-21,36,168.94,64.97
2025-12-21,37,153.2,75.67
2025-12-21,38,187.2,69.84
2025-12-21,39,128.05,62.29
2025-12-21,40,123.29,16.62
2025-12-21,41,126.01,33.42
2025-12-21,42,102.4,35.47
2025-12-21,43,147.52,33.18
2025-12-21,44,107.41,-6.82
2025-12-21,45,113.52,18.26
2025-12-21,46,90.26,11.33
2025-12-21,47,135.16,5.73
2025-12-21,48,130.43,-1.06
2025-12-22,1,93.2,7.5
2025-12-22,2,112.26,18.88
2025-12-22,3,81.98,3.73
2025-12-22,4,95.76,-17.19
2025-12-22,5,102.28,13.81
2025-12-22,6,129.97,1.26
2025-12-22,7,121.14,12.0
2025-12-22,8,124.06,26.99
2025-12-22,9,94.7,30.76
2025-12-22,10,124.4,1.57
2025-12-22,11,96.23,23.62
2025-12-22,12,103.92,29.9
2025-12-22,13,150.92,3.5
2025-12-22,14,132.13,25.5
2025-12-22,15,112.3,47.0
2025-12-22,16,160.53,8.87
2025-12-22,17,166.18,32.92
2025-12-22,18,110.12,16.42
2025-12-22,19,121.91,37.99
2025-12-22,20,121.52,57.82
2025-12-22,21,130.54,30.41
2025-12-22,22,139.09,18.59
2025-12-22,23,146.57,10.59
2025-12-22,24,168.42,48.55
2025-12-22,25,142.86,47.06
2025-12-22,26,158.36,22.91
2025-12-22,27,125.43,21.03
2025-12-22,28,148.79,70.59
2025-12-22,29,172.74,67.34
2025-12-22,30,167.37,41.88
2025-12-22,31,141.33,62.55
2025-12-22,32,140.04,33.18
2025-12-22,33,154.84,87.95
2025-12-22,34,201.95,58.13
2025-12-22,35,190.71,68.21
2025-12-22,36,196.4,97.16
2025-12-22,37,174.64,84.71
2025-12-22,38,161.52,59.52
2025-12-22,39,185.23,80.39
2025-12-22,40,139.57,82.08
2025-12-22,41,121.05,59.58
2025-12-22,42,107.57,1.91
2025-12-22,43,110.11,57.2
2025-12-22,44,153.36,38.88
2025-12-22,45,115.04,15.77
2025-12-22,46,116.94,-14.43
2025-12-22,47,117.05,-6.0
2025-12-22,48,91.66,-0.14
2025-12-23,1,139.05,-11.31
2025-12-23,2,122.63,35.08
2025-12-23,3,116.0,26.16
2025-12-23,4,92.92,-8.99
2025-12-23,5,107.31,7.98
2025-12-23,6,113.82,23.69
2025-12-23,7,101.27,6.25
2025-12-23,8,116.81,33.88
2025-12-23,9,116.4,-29.08
2025-12-23,10,112.36,33.06
2025-12-23,11,91.54,3.09
2025-12-23,12,116.61,-6.88
2025-12-23,13,134.89,-8.2
2025-12-23,14,104.6,35.7
2025-12-23,15,135.2,19.4
2025-12-23,16,145.95,14.81
2025-12-23,17,149.1,12.87
2025-12-23,18,166.48,48.74
2025-12-23,19,135.54,37.26
2025-12-23,20,142.58,67.6
2025-12-23,21,151.36,53.07
2025-12-23,22,136.09,22.49
2025-12-23,23,143.85,59.95
2025-12-23,24,157.99,31.52
2025-12-23,25,152.56,12.58
2025-12-23,26,173.18,41.41
2025-12-23,27,168.91,52.31
2025-12-23,28,124.28,20.22
2025-12-23,29,162.28,48.56
2025-12-23,30,155.94,80.6
2025-12-23,31,175.42,73.59
2025-12-23,32,197.65,86.9
2025-12-23,33,166.74,39.76
2025-12-23,34,195.58,60.05
2025-12-23,35,204.67,71.77
2025-12-23,36,176.49,94.67
2025-12-23,37,184.09,83.35
2025-12-23,38,196.02,47.95
2025-12-23,39,154.76,71.14
2025-12-23,40,173.67,55.48
2025-12-23,41,153.02,40.6
2025-12-23,42,158.04,61.94
2025-12-23,43,145.19,3.39
2025-12-23,44,103.88,12.85
2025-12-23,45,104.85,32.35
2025-12-23,46,104.43,45.65
2025-12-23,47,137.21,3.27
2025-12-23,48,92.98,-10.24
2025-12-24,1,136.25,17.48
2025-12-24,2,117.08,-6.28
2025-12-24,3,103.19,8.89
2025-12-24,4,117.13,26.35
2025-12-24,5,98.2,-12.45
2025-12-24,6,98.83,2.17
2025-12-24,7,113.48,7.53
2025-12-24,8,105.76,28.37
2025-12-24,9,89.41,-9.12
2025-12-24,10,100.23,-31.3
2025-12-24,11,113.62,-13.69
2025-12-24,12,130.48,6.02
2025-12-24,13,128.3,45.64
2025-12-24,14,112.6,25.85
2025-12-24,15,124.82,0.71
2025-12-24,16,154.58,57.59
2025-12-24,17,123.68,44.39
2025-12-24,18,113.38,21.77
2025-12-24,19,130.19,32.51
2025-12-24,20,156.65,46.33
2025-12-24,21,137.85,18.08
2025-12-24,22,119.16,13.54
2025-12-24,23,149.91,53.87
2025-12-24,24,142.8,61.7
2025-12-24,25,176.35,33.76
2025-12-24,26,159.1,28.78
2025-12-24,27,134.89,29.49
2025-12-24,28,165.8,49.55
2025-12-24,29,158.12,63.98
2025-12-24,30,170.8,72.64
2025-12-24,31,145.11,67.88
2025-12-24,32,159.34,82.76
2025-12-24,33,156.21,54.25
2025-12-24,34,303.64,209.01
2025-12-24,35,332.63,191.87
2025-12-24,36,307.53,241.5
2025-12-24,37,292.77,203.41
2025-12-24,38,294.04,212.99
2025-12-24,39,293.28,199.71
2025-12-24,40,138.54,67.73
2025-12-24,41,127.66,67.29
2025-12-24,42,114.44,28.64
2025-12-24,43,128.34,5.16
2025-12-24,44,130.5,16.15
2025-12-24,45,129.17,49.88
2025-12-24,46,129.55,28.06
2025-12-24,47,117.11,40.83
2025-12-24,48,125.86,33.4
2025-12-25,1,84.74,16.17
2025-12-25,2,134.07,-5.74
2025-12-25,3,110.23,36.92
2025-12-25,4,134.53,-4.99
2025-12-25,5,117.9,3.93
2025-12-25,6,85.43,-1.26
2025-12-25,7,117.34,23.0
2025-12-25,8,104.51,22.65
2025-12-25,9,86.27,-7.91
2025-12-25,10,113.17,5.34
2025-12-25,11,107.03,23.82
2025-12-25,12,101.69,-4.27
2025-12-25,13,118.43,14.48
2025-12-25,14,125.27,50.57
2025-12-25,15,134.77,36.82
2025-12-25,16,136.23,53.6
2025-12-25,17,162.66,65.64
2025-12-25,18,141.21,58.15
2025-12-25,19,147.6,62.54
2025-12-25,20,118.51,48.71
2025-12-25,21,111.74,61.9
2025-12-25,22,145.24,44.4
2025-12-25,23,147.33,52.95
2025-12-25,24,141.58,35.47
2025-12-25,25,146.52,31.27
2025-12-25,26,176.7,31.22
2025-12-25,27,129.78,59.71
2025-12-25,28,139.94,50.47
2025-12-25,29,131.42,63.06
2025-12-25,30,149.97,44.09
2025-12-25,31,155.72,91.53
2025-12-25,32,146.36,44.35
2025-12-25,33,193.78,64.34
2025-12-25,34,175.12,85.02
2025-12-25,35,184.64,88.84
2025-12-25,36,156.08,83.63
2025-12-25,37,206.32,81.94
2025-12-25,38,183.81,67.05
2025-12-25,39,164.34,46.78
2025-12-25,40,151.11,28.26
2025-12-25,41,166.19,57.37
2025-12-25,42,125.18,39.07
2025-12-25,43,141.32,14.37
2025-12-25,44,111.53,2.58
2025-12-25,45,94.41,8.93
2025-12-25,46,138.79,25.26
2025-12-25,47,133.72,38.44
2025-12-25,48,107.61,23.23
2025-12-26,1,135.39,6.76
2025-12-26,2,100.12,4.4
2025-12-26,3,133.28,15.11
2025-12-26,4,90.1,-2.88
2025-12-26,5,103.86,15.81
2025-12-26,6,91.8,21.42
2025-12-26,7,108.51,25.26
2025-12-26,8,90.35,3.63
2025-12-26,9,97.23,-12.01
2025-12-26,10,88.01,2.89
2025-12-26,11,90.48,-5.07
2025-12-26,12,117.61,7.72
2025-12-26,13,102.56,7.94
2025-12-26,14,105.42,39.22
2025-12-26,15,137.78,8.78
2025-12-26,16,110.25,5.54
2025-12-26,17,139.53,30.52
2025-12-26,18,124.87,31.77
2025-12-26,19,149.55,47.16
2025-12-26,20,144.29,25.46
2025-12-26,21,125.43,60.51
2025-12-26,22,156.31,37.27
2025-12-26,23,111.52,12.86
2025-12-26,24,161.5,15.18
2025-12-26,25,158.2,51.28
2025-12-26,26,119.83,60.17
2025-12-26,27,181.66,41.25
2025-12-26,28,145.84,76.68
2025-12-26,29,160.68,48.99
2025-12-26,30,169.63,76.18
2025-12-26,31,180.63,84.4
2025-12-26,32,166.8,74.02
2025-12-26,33,178.44,54.96
2025-12-26,34,177.5,74.52
2025-12-26,35,200.99,97.36
2025-12-26,36,160.91,54.41
2025-12-26,37,184.25,104.11
2025-12-26,38,178.17,59.35
2025-12-26,39,163.7,40.92
2025-12-26,40,179.85,71.09
2025-12-26,41,140.95,31.64
2025-12-26,42,119.24,39.67
2025-12-26,43,159.11,35.87
2025-12-26,44,105.56,53.26
2025-12-26,45,134.61,5.79
2025-12-26,46,115.99,25.3
2025-12-26,47,92.66,11.27
2025-12-26,48,117.71,-10.43
2025-12-27,1,100.69,17.23
2025-12-27,2,81.85,3.68
2025-12-27,3,106.07,-10.31
2025-12-27,4,77.86,6.6
2025-12-27,5,103.06,-31.41
2025-12-27,6,115.93,18.4
2025-12-27,7,98.63,19.71
2025-12-27,8,104.24,-1.89
2025-12-27,9,102.69,9.5
2025-12-27,10,84.86,0.1
2025-12-27,11,110.36,19.77
2025-12-27,12,103.11,-15.81
2025-12-27,13,94.11,-2.84
2025-12-27,14,107.67,5.09
2025-12-27,15,96.96,15.76
2025-12-27,16,123.67,10.5
2025-12-27,17,152.6,36.43
2025-12-27,18,121.51,25.32
2025-12-27,19,152.19,45.68
2025-12-27,20,105.97,9.6
2025-12-27,21,123.38,37.29
2025-12-27,22,132.46,27.36
2025-12-27,23,149.3,11.73
2025-12-27,24,115.7,59.17
2025-12-27,25,110.19,41.25
2025-12-27,26,150.17,20.87
2025-12-27,27,113.17,57.09
2025-12-27,28,162.76,35.81
2025-12-27,29,166.63,63.26
2025-12-27,30,119.71,10.73
2025-12-27,31,136.21,73.48
2025-12-27,32,140.51,48.51
2025-12-27,33,159.04,45.81
2025-12-27,34,167.77,88.07
2025-12-27,35,155.7,71.38
2025-12-27,36,140.81,44.62
2025-12-27,37,188.57,44.12
2025-12-27,38,149.47,30.45
2025-12-27,39,159.91,26.46
2025-12-27,40,130.13,22.02
2025-12-27,41,126.38,56.37
2025-12-27,42,103.85,17.49
2025-12-27,43,99.35,17.62
2025-12-27,44,103.44,-13.25
2025-12-27,45,91.25,-7.37
2025-12-27,46,125.46,7.41
2025-12-27,47,141.76,-0.61
2025-12-27,48,96.76,-19.88
2025-12-28,1,113.27,9.1
2025-12-28,2,70.19,-1.27
2025-12-28,3,99.05,-21.18
2025-12-28,4,78.23,-29.03
2025-12-28,5,99.45,-18.49
2025-12-28,6,85.98,-26.68
2025-12-28,7,118.01,-2.05
2025-12-28,8,81.13,-17.37
2025-12-28,9,88.29,0.97
2025-12-28,10,118.04,17.72
2025-12-28,11,86.64,22.75
2025-12-28,12,102.87,18.41
2025-12-28,13,86.36,-2.17
2025-12-28,14,113.76,40.13
2025-12-28,15,119.99,-7.4
2025-12-28,16,125.33,28.9
2025-12-28,17,133.53,1.2
2025-12-28,18,128.36,30.19
2025-12-28,19,133.46,13.55
2025-12-28,20,113.92,12.05
2025-12-28,21,108.43,9.16
2025-12-28,22,158.64,21.93
2025-12-28,23,143.63,8.57
2025-12-28,24,121.7,27.12
2025-12-28,25,161.9,26.33
2025-12-28,26,127.46,57.5
2025-12-28,27,152.96,31.9
2025-12-28,28,111.07,32.7
2025-12-28,29,138.7,56.18
2025-12-28,30,142.71,16.63
2025-12-28,31,130.7,43.74
2025-12-28,32,169.46,54.63
2025-12-28,33,142.86,51.32
2025-12-28,34,170.0,34.77
2025-12-28,35,142.43,43.84
2025-12-28,36,157.02,47.11
2025-12-28,37,163.46,58.92
2025-12-28,38,173.66,80.3
2025-12-28,39,170.83,38.51
2025-12-28,40,169.55,34.86
2025-12-28,41,136.04,47.71
2025-12-28,42,135.02,29.1
2025-12-28,43,94.4,-3.83
2025-12-28,44,128.34,-15.03
2025-12-28,45,139.31,32.38
2025-12-28,46,118.91,29.05
2025-12-28,47,89.83,22.28
2025-12-28,48,88.34,-14.02
2025-12-29,1,116.73,9.86
2025-12-29,2,132.24,-1.2
2025-12-29,3,112.67,-20.0
2025-12-29,4,123.11,-13.79
2025-12-29,5,92.94,13.37
2025-12-29,6,120.52,9.82
2025-12-29,7,111.86,-22.31
2025-12-29,8,93.69,-16.83
2025-12-29,9,105.72,-1.03
2025-12-29,10,93.01,-16.4
2025-12-29,11,96.4,20.32
2025-12-29,12,116.24,41.24
2025-12-29,13,130.78,45.45
2025-12-29,14,130.72,30.65
2025-12-29,15,103.38,49.9
2025-12-29,16,109.44,47.37
2025-12-29,17,125.69,33.83
2025-12-29,18,166.36,63.25
2025-12-29,19,142.4,18.74
2025-12-29,20,160.64,67.64
2025-12-29,21,127.45,22.59
2025-12-29,22,134.39,61.33
2025-12-29,23,153.53,66.32
2025-12-29,24,138.33,32.99
2025-12-29,25,157.76,36.49
2025-12-29,26,140.92,65.72
2025-12-29,27,167.33,50.42
2025-12-29,28,161.86,21.77
2025-12-29,29,142.48,38.83
2025-12-29,30,130.84,54.73
2025-12-29,31,161.19,70.21
2025-12-29,32,187.07,53.89
2025-12-29,33,153.66,96.38
2025-12-29,34,172.27,51.49
2025-12-29,35,158.27,66.47
2025-12-29,36,175.22,82.1
2025-12-29,37,200.54,106.06
2025-12-29,38,176.16,99.02
2025-12-29,39,186.98,85.98
2025-12-29,40,183.73,39.47
2025-12-29,41,122.68,14.35
2025-12-29,42,107.04,43.79
2025-12-29,43,130.32,33.91
2025-12-29,44,105.43,28.89
2025-12-29,45,151.5,-1.81
2025-12-29,46,100.12,19.97
2025-12-29,47,133.05,45.68
2025-12-29,48,138.79,5.3
2025-12-30,1,134.18,-9.45
2025-12-30,2,118.96,29.05
2025-12-30,3,124.72,0.7
2025-12-30,4,129.23,23.23
2025-12-30,5,99.82,-15.9
2025-12-30,6,79.05,-21.31
2025-12-30,7,118.14,-17.52
2025-12-30,8,106.78,20.35
2025-12-30,9,88.94,18.23
2025-12-30,10,79.06,5.39
2025-12-30,11,114.82,-3.02
2025-12-30,12,113.73,31.2
2025-12-30,13,119.47,38.06
2025-12-30,14,107.99,19.76
2025-12-30,15,139.75,19.18
2025-12-30,16,149.71,8.62
2025-12-30,17,151.16,57.59
2025-12-30,18,124.67,50.12
2025-12-30,19,143.16,21.5
2025-12-30,20,171.86,46.44
2025-12-30,21,163.94,20.69
2025-12-30,22,133.0,26.47
2025-12-30,23,155.28,28.84
2025-12-30,24,156.72,55.41
2025-12-30,25,163.0,47.74
2025-12-30,26,148.8,45.92
2025-12-30,27,164.02,46.75
2025-12-30,28,177.15,31.01
2025-12-30,29,160.01,65.86
2025-12-30,30,151.5,40.37
2025-12-30,31,181.39,50.65
2025-12-30,32,191.92,80.27
2025-12-30,33,188.22,57.71
2025-12-30,34,206.19,90.62
2025-12-30,35,185.76,63.52
2025-12-30,36,209.78,72.0
2025-12-30,37,158.23,102.85
2025-12-30,38,187.84,54.25
2025-12-30,39,139.37,54.56
2025-12-30,40,169.83,61.06
2025-12-30,41,153.6,72.24
2025-12-30,42,131.85,23.23
2025-12-30,43,135.3,26.78
2025-12-30,44,130.27,19.12
2025-12-30,45,143.23,42.17
2025-12-30,46,101.44,-3.6
2025-12-30,47,109.61,-12.04
2025-12-30,48,112.55,40.16
2025-12-31,1,121.44,32.66
2025-12-31,2,107.39,-2.66
2025-12-31,3,130.95,15.21
2025-12-31,4,124.72,4.6
2025-12-31,5,117.83,9.02
2025-12-31,6,115.25,-20.23
2025-12-31,7,75.6,-0.23
2025-12-31,8,119.49,8.87
2025-12-31,9,117.21,-3.26
2025-12-31,10,131.48,-14.19
2025-12-31,11,87.24,-7.35
2025-12-31,12,123.68,-11.11
2025-12-31,13,144.98,1.53
2025-12-31,14,125.96,23.25
2025-12-31,15,142.11,11.32
2025-12-31,16,152.67,14.35
2025-12-31,17,119.99,7.73
2025-12-31,18,158.86,56.12
2025-12-31,19,129.28,46.27
2025-12-31,20,116.4,26.36
2025-12-31,21,155.09,24.57
2025-12-31,22,163.89,14.76
2025-12-31,23,132.75,25.05
2025-12-31,24,132.05,22.58
2025-12-31,25,165.88,72.39
2025-12-31,26,161.92,17.99
2025-12-31,27,155.57,60.33
2025-12-31,28,130.36,74.54
2025-12-31,29,171.69,49.24
2025-12-31,30,152.61,46.51
2025-12-31,31,146.73,54.48
2025-12-31,32,142.41,52.28
2025-12-31,33,170.75,64.15
2025-12-31,34,209.5,67.97
2025-12-31,35,193.11,112.97
2025-12-31,36,211.31,69.85
2025-12-31,37,204.11,95.78
2025-12-31,38,198.35,98.86
2025-12-31,39,144.0,56.93
2025-12-31,40,170.32,64.82
2025-12-31,41,161.6,53.59
2025-12-31,42,124.22,62.6
2025-12-31,43,131.16,53.76
2025-12-31,44,150.83,43.19
2025-12-31,45,118.5,43.48
2025-12-31,46,131.42,2.6
2025-12-31,47,109.36,35.33
2025-12-31,48,137.1,-12.0
2026-01-01,1,123.29,7.94
2026-01-01,2,104.34,19.92
2026-01-01,3,133.27,0.26
2026-01-01,4,92.05,7.98
2026-01-01,5,132.04,14.74
2026-01-01,6,75.87,-4.33
2026-01-01,7,102.66,3.44
2026-01-01,8,101.55,-24.47
2026-01-01,9,126.88,17.29
2026-01-01,10,126.21,3.32
2026-01-01,11,96.37,17.67
2026-01-01,12,131.39,0.76
2026-01-01,13,111.15,-4.55
2026-01-01,14,131.14,35.38
2026-01-01,15,105.95,37.7
2026-01-01,16,125.76,64.1
2026-01-01,17,116.4,21.37
2026-01-01,18,140.97,-0.58
2026-01-01,19,166.0,17.84
2026-01-01,20,149.49,16.91
2026-01-01,21,161.0,63.88
2026-01-01,22,173.55,70.24
2026-01-01,23,157.79,47.57
2026-01-01,24,136.14,32.49
2026-01-01,25,121.18,30.92
2026-01-01,26,136.33,64.64
2026-01-01,27,147.22,70.92
2026-01-01,28,172.14,73.59
2026-01-01,29,173.22,39.11
2026-01-01,30,170.51,74.52
2026-01-01,31,160.73,76.77
2026-01-01,32,169.19,46.83
2026-01-01,33,157.05,47.74
2026-01-01,34,193.08,63.81
2026-01-01,35,187.05,105.84
2026-01-01,36,179.27,95.59
2026-01-01,37,165.73,84.5
2026-01-01,38,169.71,65.99
2026-01-01,39,164.76,73.94
2026-01-01,40,137.61,50.52
2026-01-01,41,145.52,43.52
2026-01-01,42,132.58,34.1
2026-01-01,43,111.26,34.49
2026-01-01,44,150.85,44.82
2026-01-01,45,136.38,12.05
2026-01-01,46,120.74,28.54
2026-01-01,47,119.5,2.21
2026-01-01,48,137.41,16.84
