date,period,product,avail_gbp_mw_h
2025-01-01,1,BRpos,4.623
2025-01-01,1,BRneg,0.839
2025-01-01,2,BRpos,2.61
2025-01-01,2,BRneg,1.427
2025-01-01,3,BRpos,5.38
2025-01-01,3,BRneg,0.758
2025-01-01,4,BRpos,4.53
2025-01-01,4,BRneg,2.225
2025-01-01,5,BRpos,2.826
2025-01-01,5,BRneg,2.377
2025-01-01,6,BRpos,2.09
2025-01-01,6,BRneg,1.068
2025-01-01,7,BRpos,4.748
2025-01-01,7,BRneg,1.333
2025-01-01,8,BRpos,3.028
2025-01-01,8,BRneg,1.984
2025-01-01,9,BRpos,2.931
2025-01-01,9,BRneg,0.943
2025-01-01,10,BRpos,3.499
2025-01-01,10,BRneg,2.006
2025-01-01,11,BRpos,3.329
2025-01-01,11,BRneg,1.335
2025-01-01,12,BRpos,1.814
2025-01-01,12,BRneg,0.891
2025-01-01,13,BRpos,2.315
2025-01-01,13,BRneg,1.363
2025-01-01,14,BRpos,4.849
2025-01-01,14,BRneg,1.061
2025-01-01,15,BRpos,2.987
2025-01-01,15,BRneg,2.358
2025-01-01,16,BRpos,3.873
2025-01-01,16,BRneg,1.237
2025-01-01,17,BRpos,2.742
2025-01-01,17,BRneg,1.794
2025-01-01,18,BRpos,3.124
2025-01-01,18,BRneg,1.019
2025-01-01,19,BRpos,6.415
2025-01-01,19,BRneg,2.353
2025-01-01,20,BRpos,2.038
2025-01-01,20,BRneg,1.211
2025-01-01,21,BRpos,1.873
2025-01-01,21,BRneg,2.15
2025-01-01,22,BRpos,2.203
2025-01-01,22,BRneg,1.86
2025-01-01,23,BRpos,12.913
2025-01-01,23,BRneg,1.947
2025-01-01,24,BRpos,3.925
2025-01-01,24,BRneg,1.121
2025-01-01,25,BRpos,3.266
2025-01-01,25,BRneg,2.61
2025-01-01,26,BRpos,2.183
2025-01-01,26,BRneg,0.76
2025-01-01,27,BRpos,3.948
2025-01-01,27,BRneg,3.58
2025-01-01,28,BRpos,2.78
2025-01-01,28,BRneg,0.948
2025-01-01,29,BRpos,9.068
2025-01-01,29,BRneg,1.116
2025-01-01,30,BRpos,5.292
2025-01-01,30,BRneg,1.921
2025-01-01,31,BRpos,2.592
2025-01-01,31,BRneg,1.975
2025-01-01,32,BRpos,1.958
2025-01-01,32,BRneg,1.746
2025-01-01,33,BRpos,3.299
2025-01-01,33,BRneg,1.837
2025-01-01,34,BRpos,4.628
2025-01-01,34,BRneg,4.253
2025-01-01,35,BRpos,6.046
2025-01-01,35,BRneg,1.49
2025-01-01,36,BRpos,12.093
2025-01-01,36,BRneg,2.384
2025-01-01,37,BRpos,3.383
2025-01-01,37,BRneg,1.728
2025-01-01,38,BRpos,5.555
2025-01-01,38,BRneg,2.402
2025-01-01,39,BRpos,5.799
2025-01-01,39,BRneg,3.454
2025-01-01,40,BRpos,2.381
2025-01-01,40,BRneg,0.934
2025-01-01,41,BRpos,5.255
2025-01-01,41,BRneg,0.889
2025-01-01,42,BRpos,4.335
2025-01-01,42,BRneg,1.299
2025-01-01,43,BRpos,4.433
2025-01-01,43,BRneg,2.949
2025-01-01,44,BRpos,3.146
2025-01-01,44,BRneg,1.802
2025-01-01,45,BRpos,3.624
2025-01-01,45,BRneg,1.79
2025-01-01,46,BRpos,2.37
2025-01-01,46,BRneg,1.42
2025-01-01,47,BRpos,4.011
2025-01-01,47,BRneg,2.78
2025-01-01,48,BRpos,1.324
2025-01-01,48,BRneg,1.502
2025-01-02,1,BRpos,3.292
2025-01-02,1,BRneg,3.149
2025-01-02,2,BRpos,3.814
2025-01-02,2,BRneg,2.364
2025-01-02,3,BRpos,5.121
2025-01-02,3,BRneg,2.362
2025-01-02,4,BRpos,3.175
2025-01-02,4,BRneg,0.656
2025-01-02,5,BRpos,3.656
2025-01-02,5,BRneg,2.915
2025-01-02,6,BRpos,1.694
2025-01-02,6,BRneg,1.131
2025-01-02,7,BRpos,3.944
2025-01-02,7,BRneg,0.856
2025-01-02,8,BRpos,2.816
2025-01-02,8,BRneg,1.988
2025-01-02,9,BRpos,2.585
2025-01-02,9,BRneg,1.721
2025-01-02,10,BRpos,4.421
2025-01-02,10,BRneg,1.178
2025-01-02,11,BRpos,5.038
2025-01-02,11,BRneg,1.354
2025-01-02,12,BRpos,3.303
2025-01-02,12,BRneg,2.349
2025-01-02,13,BRpos,1.787
2025-01-02,13,BRneg,0.566
2025-01-02,14,BRpos,3.064
2025-01-02,14,BRneg,1.767
2025-01-02,15,BRpos,3.376
2025-01-02,15,BRneg,2.973
2025-01-02,16,BRpos,2.665
2025-01-02,16,BRneg,0.83
2025-01-02,17,BRpos,5.0
2025-01-02,17,BRneg,3.507
2025-01-02,18,BRpos,2.18
2025-01-02,18,BRneg,2.002
2025-01-02,19,BRpos,5.288
2025-01-02,19,BRneg,1.232
2025-01-02,20,BRpos,2.594
2025-01-02,20,BRneg,1.96
2025-01-02,21,BRpos,4.099
2025-01-02,21,BRneg,2.929
2025-01-02,22,BRpos,5.629
2025-01-02,22,BRneg,1.393
2025-01-02,23,BRpos,3.283
2025-01-02,23,BRneg,1.892
2025-01-02,24,BRpos,3.593
2025-01-02,24,BRneg,1.738
2025-01-02,25,BRpos,4.046
2025-01-02,25,BRneg,1.598
2025-01-02,26,BRpos,1.703
2025-01-02,26,BRneg,0.636
2025-01-02,27,BRpos,3.052
2025-01-02,27,BRneg,3.866
2025-01-02,28,BRpos,4.072
2025-01-02,28,BRneg,1.346
2025-01-02,29,BRpos,4.602
2025-01-02,29,BRneg,1.388
2025-01-02,30,BRpos,3.492
2025-01-02,30,BRneg,5.204
2025-01-02,31,BRpos,3.629
2025-01-02,31,BRneg,2.1
2025-01-02,32,BRpos,2.452
2025-01-02,32,BRneg,1.962
2025-01-02,33,BRpos,4.588
2025-01-02,33,BRneg,2.182
2025-01-02,34,BRpos,4.899
2025-01-02,34,BRneg,3.173
2025-01-02,35,BRpos,2.444
2025-01-02,35,BRneg,2.224
2025-01-02,36,BRpos,10.293
2025-01-02,36,BRneg,3.87
2025-01-02,37,BRpos,1.468
2025-01-02,37,BRneg,2.026
2025-01-02,38,BRpos,4.332
2025-01-02,38,BRneg,3.189
2025-01-02,39,BRpos,5.827
2025-01-02,39,BRneg,2.489
2025-01-02,40,BRpos,4.704
2025-01-02,40,BRneg,1.186
2025-01-02,41,BRpos,2.251
2025-01-02,41,BRneg,1.084
2025-01-02,42,BRpos,6.55
2025-01-02,42,BRneg,1.325
2025-01-02,43,BRpos,3.912
2025-01-02,43,BRneg,3.269
2025-01-02,44,BRpos,2.846
2025-01-02,44,BRneg,1.982
2025-01-02,45,BRpos,2.733
2025-01-02,45,BRneg,2.71
2025-01-02,46,BRpos,1.63
2025-01-02,46,BRneg,1.115
2025-01-02,47,BRpos,3.107
2025-01-02,47,BRneg,1.505
2025-01-02,48,BRpos,4.787
2025-01-02,48,BRneg,2.179
2025-01-03,1,BRpos,2.528
2025-01-03,1,BRneg,0.895
2025-01-03,2,BRpos,10.183
2025-01-03,2,BRneg,1.955
2025-01-03,3,BRpos,5.033
2025-01-03,3,BRneg,2.144
2025-01-03,4,BRpos,2.865
2025-01-03,4,BRneg,1.304
2025-01-03,5,BRpos,2.835
2025-01-03,5,BRneg,1.337
2025-01-03,6,BRpos,5.349
2025-01-03,6,BRneg,0.587
2025-01-03,7,BRpos,1.227
2025-01-03,7,BRneg,1.049
2025-01-03,8,BRpos,5.751
2025-01-03,8,BRneg,1.449
2025-01-03,9,BRpos,5.588
2025-01-03,9,BRneg,1.043
2025-01-03,10,BRpos,3.154
2025-01-03,10,BRneg,2.165
2025-01-03,11,BRpos,2.187
2025-01-03,11,BRneg,1.609
2025-01-03,12,BRpos,1.724
2025-01-03,12,BRneg,2.203
2025-01-03,13,BRpos,3.337
2025-01-03,13,BRneg,2.688
2025-01-03,14,BRpos,2.301
2025-01-03,14,BRneg,3.123
2025-01-03,15,BRpos,2.086
2025-01-03,15,BRneg,0.978
2025-01-03,16,BRpos,4.461
2025-01-03,16,BRneg,1.487
2025-01-03,17,BRpos,4.946
2025-01-03,17,BRneg,2.327
2025-01-03,18,BRpos,5.47
2025-01-03,18,BRneg,2.761
2025-01-03,19,BRpos,3.644
2025-01-03,19,BRneg,2.46
2025-01-03,20,BRpos,2.948
2025-01-03,20,BRneg,1.083
2025-01-03,21,BRpos,2.207
2025-01-03,21,BRneg,4.068
2025-01-03,22,BRpos,2.303
2025-01-03,22,BRneg,2.377
2025-01-03,23,BRpos,6.116
2025-01-03,23,BRneg,2.154
2025-01-03,24,BRpos,4.063
2025-01-03,24,BRneg,0.725
2025-01-03,25,BRpos,1.959
2025-01-03,25,BRneg,3.449
2025-01-03,26,BRpos,3.909
2025-01-03,26,BRneg,2.971
2025-01-03,27,BRpos,2.131
2025-01-03,27,BRneg,1.935
2025-01-03,28,BRpos,3.406
2025-01-03,28,BRneg,1.561
2025-01-03,29,BRpos,3.503
2025-01-03,29,BRneg,1.81
2025-01-03,30,BRpos,2.141
2025-01-03,30,BRneg,1.512
2025-01-03,31,BRpos,4.387
2025-01-03,31,BRneg,1.93
2025-01-03,32,BRpos,5.455
2025-01-03,32,BRneg,2.606
2025-01-03,33,BRpos,2.383
2025-01-03,33,BRneg,0.994
2025-01-03,34,BRpos,9.952
2025-01-03,34,BRneg,4.247
2025-01-03,35,BRpos,4.83
2025-01-03,35,BRneg,2.855
2025-01-03,36,BRpos,6.248
2025-01-03,36,BRneg,2.064
2025-01-03,37,BRpos,4.653
2025-01-03,37,BRneg,2.89
2025-01-03,38,BRpos,4.49
2025-01-03,38,BRneg,4.944
2025-01-03,39,BRpos,3.305
2025-01-03,39,BRneg,0.999
2025-01-03,40,BRpos,3.534
2025-01-03,40,BRneg,1.535
2025-01-03,41,BRpos,4.165
2025-01-03,41,BRneg,3.267
2025-01-03,42,BRpos,2.484
2025-01-03,42,BRneg,1.082
2025-01-03,43,BRpos,7.967
2025-01-03,43,BRneg,1.391
2025-01-03,44,BRpos,7.673
2025-01-03,44,BRneg,1.552
2025-01-03,45,BRpos,14.57
2025-01-03,45,BRneg,2.373
2025-01-03,46,BRpos,2.961
2025-01-03,46,BRneg,1.298
2025-01-03,47,BRpos,3.951
2025-01-03,47,BRneg,1.628
2025-01-03,48,BRpos,1.458
2025-01-03,48,BRneg,2.184
2025-01-04,1,BRpos,1.854
2025-01-04,1,BRneg,1.879
2025-01-04,2,BRpos,3.043
2025-01-04,2,BRneg,1.303
2025-01-04,3,BRpos,7.82
2025-01-04,3,BRneg,2.926
2025-01-04,4,BRpos,4.925
2025-01-04,4,BRneg,1.71
2025-01-04,5,BRpos,3.396
2025-01-04,5,BRneg,1.166
2025-01-04,6,BRpos,3.492
2025-01-04,6,BRneg,1.887
2025-01-04,7,BRpos,4.901
2025-01-04,7,BRneg,1.92
2025-01-04,8,BRpos,2.784
2025-01-04,8,BRneg,0.769
2025-01-04,9,BRpos,3.57
2025-01-04,9,BRneg,1.431
2025-01-04,10,BRpos,4.064
2025-01-04,10,BRneg,1.867
2025-01-04,11,BRpos,1.351
2025-01-04,11,BRneg,1.374
2025-01-04,12,BRpos,3.48
2025-01-04,12,BRneg,2.592
2025-01-04,13,BRpos,2.784
2025-01-04,13,BRneg,2.014
2025-01-04,14,BRpos,5.435
2025-01-04,14,BRneg,1.26
2025-01-04,15,BRpos,2.269
2025-01-04,15,BRneg,2.51
2025-01-04,16,BRpos,2.475
2025-01-04,16,BRneg,1.1
2025-01-04,17,BRpos,2.269
2025-01-04,17,BRneg,1.972
2025-01-04,18,BRpos,3.664
2025-01-04,18,BRneg,4.866
2025-01-04,19,BRpos,3.731
2025-01-04,19,BRneg,1.948
2025-01-04,20,BRpos,3.254
2025-01-04,20,BRneg,3.115
2025-01-04,21,BRpos,2.61
2025-01-04,21,BRneg,1.576
2025-01-04,22,BRpos,6.682
2025-01-04,22,BRneg,1.564
2025-01-04,23,BRpos,3.146
2025-01-04,23,BRneg,0.791
2025-01-04,24,BRpos,6.314
2025-01-04,24,BRneg,5.732
2025-01-04,25,BRpos,3.892
2025-01-04,25,BRneg,1.513
2025-01-04,26,BRpos,3.665
2025-01-04,26,BRneg,1.347
2025-01-04,27,BRpos,4.679
2025-01-04,27,BRneg,1.43
2025-01-04,28,BRpos,4.987
2025-01-04,28,BRneg,1.756
2025-01-04,29,BRpos,3.384
2025-01-04,29,BRneg,3.296
2025-01-04,30,BRpos,6.099
2025-01-04,30,BRneg,2.693
2025-01-04,31,BRpos,4.406
2025-01-04,31,BRneg,0.988
2025-01-04,32,BRpos,2.439
2025-01-04,32,BRneg,2.911
2025-01-04,33,BRpos,3.086
2025-01-04,33,BRneg,0.964
2025-01-04,34,BRpos,5.782
2025-01-04,34,BRneg,4.315
2025-01-04,35,BRpos,3.576
2025-01-04,35,BRneg,3.173
2025-01-04,36,BRpos,5.018
2025-01-04,36,BRneg,2.385
2025-01-04,37,BRpos,5.338
2025-01-04,37,BRneg,2.321
2025-01-04,38,BRpos,4.957
2025-01-04,38,BRneg,1.903
2025-01-04,39,BRpos,9.964
2025-01-04,39,BRneg,2.664
2025-01-04,40,BRpos,3.493
2025-01-04,40,BRneg,3.509
2025-01-04,41,BRpos,2.731
2025-01-04,41,BRneg,1.63
2025-01-04,42,BRpos,2.934
2025-01-04,42,BRneg,2.561
2025-01-04,43,BRpos,5.378
2025-01-04,43,BRneg,1.831
2025-01-04,44,BRpos,3.665
2025-01-04,44,BRneg,1.62
2025-01-04,45,BRpos,1.843
2025-01-04,45,BRneg,0.949
2025-01-04,46,BRpos,1.77
2025-01-04,46,BRneg,1.039
2025-01-04,47,BRpos,7.846
2025-01-04,47,BRneg,1.345
2025-01-04,48,BRpos,1.478
2025-01-04,48,BRneg,1.536
2025-01-05,1,BRpos,1.717
2025-01-05,1,BRneg,1.203
2025-01-05,2,BRpos,3.575
2025-01-05,2,BRneg,0.634
2025-01-05,3,BRpos,3.117
2025-01-05,3,BRneg,0.531
2025-01-05,4,BRpos,1.0
2025-01-05,4,BRneg,1.386
2025-01-05,5,BRpos,2.575
2025-01-05,5,BRneg,1.943
2025-01-05,6,BRpos,3.185
2025-01-05,6,BRneg,1.919
2025-01-05,7,BRpos,2.478
2025-01-05,7,BRneg,1.259
2025-01-05,8,BRpos,3.868
2025-01-05,8,BRneg,2.504
2025-01-05,9,BRpos,3.301
2025-01-05,9,BRneg,2.262
2025-01-05,10,BRpos,5.177
2025-01-05,10,BRneg,1.83
2025-01-05,11,BRpos,4.309
2025-01-05,11,BRneg,2.178
2025-01-05,12,BRpos,2.437
2025-01-05,12,BRneg,1.964
2025-01-05,13,BRpos,2.193
2025-01-05,13,BRneg,4.581
2025-01-05,14,BRpos,5.27
2025-01-05,14,BRneg,1.543
2025-01-05,15,BRpos,1.951
2025-01-05,15,BRneg,1.899
2025-01-05,16,BRpos,2.946
2025-01-05,16,BRneg,1.29
2025-01-05,17,BRpos,2.944
2025-01-05,17,BRneg,2.447
2025-01-05,18,BRpos,2.942
2025-01-05,18,BRneg,1.92
2025-01-05,19,BRpos,6.113
2025-01-05,19,BRneg,2.495
2025-01-05,20,BRpos,4.187
2025-01-05,20,BRneg,0.787
2025-01-05,21,BRpos,4.482
2025-01-05,21,BRneg,1.755
2025-01-05,22,BRpos,6.059
2025-01-05,22,BRneg,0.446
2025-01-05,23,BRpos,1.586
2025-01-05,23,BRneg,1.69
2025-01-05,24,BRpos,4.06
2025-01-05,24,BRneg,1.073
2025-01-05,25,BRpos,2.734
2025-01-05,25,BRneg,1.995
2025-01-05,26,BRpos,4.577
2025-01-05,26,BRneg,1.492
2025-01-05,27,BRpos,5.941
2025-01-05,27,BRneg,1.4
2025-01-05,28,BRpos,2.687
2025-01-05,28,BRneg,2.215
2025-01-05,29,BRpos,3.476
2025-01-05,29,BRneg,2.041
2025-01-05,30,BRpos,1.723
2025-01-05,30,BRneg,2.858
2025-01-05,31,BRpos,9.516
2025-01-05,31,BRneg,2.536
2025-01-05,32,BRpos,3.165
2025-01-05,32,BRneg,1.474
2025-01-05,33,BRpos,3.786
2025-01-05,33,BRneg,1.075
2025-01-05,34,BRpos,7.496
2025-01-05,34,BRneg,3.626
2025-01-05,35,BRpos,3.778
2025-01-05,35,BRneg,1.242
2025-01-05,36,BRpos,4.581
2025-01-05,36,BRneg,0.686
2025-01-05,37,BRpos,4.14
2025-01-05,37,BRneg,3.049
2025-01-05,38,BRpos,5.233
2025-01-05,38,BRneg,2.954
2025-01-05,39,BRpos,4.864
2025-01-05,39,BRneg,1.985
2025-01-05,40,BRpos,3.328
2025-01-05,40,BRneg,1.356
2025-01-05,41,BRpos,9.822
2025-01-05,41,BRneg,1.688
2025-01-05,42,BRpos,5.382
2025-01-05,42,BRneg,1.169
2025-01-05,43,BRpos,5.445
2025-01-05,43,BRneg,1.65
2025-01-05,44,BRpos,1.836
2025-01-05,44,BRneg,0.731
2025-01-05,45,BRpos,3.469
2025-01-05,45,BRneg,0.586
2025-01-05,46,BRpos,8.962
2025-01-05,46,BRneg,0.841
2025-01-05,47,BRpos,4.273
2025-01-05,47,BRneg,2.088
2025-01-05,48,BRpos,4.952
2025-01-05,48,BRneg,1.126
2025-01-06,1,BRpos,2.938
2025-01-06,1,BRneg,1.846
2025-01-06,2,BRpos,3.617
2025-01-06,2,BRneg,1.195
2025-01-06,3,BRpos,1.569
2025-01-06,3,BRneg,1.876
2025-01-06,4,BRpos,3.566
2025-01-06,4,BRneg,2.284
2025-01-06,5,BRpos,5.811
2025-01-06,5,BRneg,0.564
2025-01-06,6,BRpos,5.671
2025-01-06,6,BRneg,0.936
2025-01-06,7,BRpos,3.465
2025-01-06,7,BRneg,1.841
2025-01-06,8,BRpos,5.412
2025-01-06,8,BRneg,1.627
2025-01-06,9,BRpos,4.379
2025-01-06,9,BRneg,0.547
2025-01-06,10,BRpos,3.577
2025-01-06,10,BRneg,1.536
2025-01-06,11,BRpos,2.555
2025-01-06,11,BRneg,1.291
2025-01-06,12,BRpos,2.935
2025-01-06,12,BRneg,1.457
2025-01-06,13,BRpos,1.582
2025-01-06,13,BRneg,2.274
2025-01-06,14,BRpos,2.128
2025-01-06,14,BRneg,1.548
2025-01-06,15,BRpos,2.552
2025-01-06,15,BRneg,1.793
2025-01-06,16,BRpos,2.55
2025-01-06,16,BRneg,1.557
2025-01-06,17,BRpos,4.275
2025-01-06,17,BRneg,1.463
2025-01-06,18,BRpos,4.114
2025-01-06,18,BRneg,1.169
2025-01-06,19,BRpos,2.201
2025-01-06,19,BRneg,1.273
2025-01-06,20,BRpos,4.657
2025-01-06,20,BRneg,1.272
2025-01-06,21,BRpos,5.172
2025-01-06,21,BRneg,1.274
2025-01-06,22,BRpos,1.875
2025-01-06,22,BRneg,1.276
2025-01-06,23,BRpos,2.831
2025-01-06,23,BRneg,4.719
2025-01-06,24,BRpos,2.102
2025-01-06,24,BRneg,1.298
2025-01-06,25,BRpos,3.884
2025-01-06,25,BRneg,3.817
2025-01-06,26,BRpos,5.538
2025-01-06,26,BRneg,1.506
2025-01-06,27,BRpos,4.659
2025-01-06,27,BRneg,1.541
2025-01-06,28,BRpos,2.685
2025-01-06,28,BRneg,1.278
2025-01-06,29,BRpos,5.594
2025-01-06,29,BRneg,0.864
2025-01-06,30,BRpos,5.799
2025-01-06,30,BRneg,1.694
2025-01-06,31,BRpos,3.609
2025-01-06,31,BRneg,1.649
2025-01-06,32,BRpos,3.171
2025-01-06,32,BRneg,0.847
2025-01-06,33,BRpos,1.886
2025-01-06,33,BRneg,1.489
2025-01-06,34,BRpos,4.69
2025-01-06,34,BRneg,5.043
2025-01-06,35,BRpos,7.557
2025-01-06,35,BRneg,1.83
2025-01-06,36,BRpos,4.478
2025-01-06,36,BRneg,3.876
2025-01-06,37,BRpos,4.158
2025-01-06,37,BRneg,2.011
2025-01-06,38,BRpos,12.059
2025-01-06,38,BRneg,7.196
2025-01-06,39,BRpos,3.291
2025-01-06,39,BRneg,1.828
2025-01-06,40,BRpos,2.175
2025-01-06,40,BRneg,1.519
2025-01-06,41,BRpos,2.31
2025-01-06,41,BRneg,5.74
2025-01-06,42,BRpos,2.85
2025-01-06,42,BRneg,1.675
2025-01-06,43,BRpos,5.778
2025-01-06,43,BRneg,1.853
2025-01-06,44,BRpos,2.108
2025-01-06,44,BRneg,3.13
2025-01-06,45,BRpos,1.166
2025-01-06,45,BRneg,1.041
2025-01-06,46,BRpos,5.752
2025-01-06,46,BRneg,0.792
2025-01-06,47,BRpos,1.656
2025-01-06,47,BRneg,1.615
2025-01-06,48,BRpos,1.517
2025-01-06,48,BRneg,1.4
2025-01-07,1,BRpos,1.471
2025-01-07,1,BRneg,2.696
2025-01-07,2,BRpos,2.687
2025-01-07,2,BRneg,1.026
2025-01-07,3,BRpos,1.612
2025-01-07,3,BRneg,1.353
2025-01-07,4,BRpos,1.903
2025-01-07,4,BRneg,3.338
2025-01-07,5,BRpos,2.576
2025-01-07,5,BRneg,1.131
2025-01-07,6,BRpos,2.01
2025-01-07,6,BRneg,0.608
2025-01-07,7,BRpos,2.49
2025-01-07,7,BRneg,1.077
2025-01-07,8,BRpos,3.583
2025-01-07,8,BRneg,1.811
2025-01-07,9,BRpos,3.849
2025-01-07,9,BRneg,1.023
2025-01-07,10,BRpos,3.071
2025-01-07,10,BRneg,1.246
2025-01-07,11,BRpos,3.092
2025-01-07,11,BRneg,1.458
2025-01-07,12,BRpos,3.889
2025-01-07,12,BRneg,1.559
2025-01-07,13,BRpos,3.142
2025-01-07,13,BRneg,1.413
2025-01-07,14,BRpos,1.911
2025-01-07,14,BRneg,2.293
2025-01-07,15,BRpos,7.097
2025-01-07,15,BRneg,2.021
2025-01-07,16,BRpos,3.543
2025-01-07,16,BRneg,1.448
2025-01-07,17,BRpos,3.82
2025-01-07,17,BRneg,1.148
2025-01-07,18,BRpos,4.165
2025-01-07,18,BRneg,2.073
2025-01-07,19,BRpos,3.634
2025-01-07,19,BRneg,1.935
2025-01-07,20,BRpos,2.751
2025-01-07,20,BRneg,4.393
2025-01-07,21,BRpos,4.247
2025-01-07,21,BRneg,1.817
2025-01-07,22,BRpos,3.348
2025-01-07,22,BRneg,0.984
2025-01-07,23,BRpos,1.977
2025-01-07,23,BRneg,3.609
2025-01-07,24,BRpos,3.753
2025-01-07,24,BRneg,1.602
2025-01-07,25,BRpos,4.329
2025-01-07,25,BRneg,1.633
2025-01-07,26,BRpos,3.385
2025-01-07,26,BRneg,0.89
2025-01-07,27,BRpos,1.083
2025-01-07,27,BRneg,1.779
2025-01-07,28,BRpos,2.798
2025-01-07,28,BRneg,2.182
2025-01-07,29,BRpos,4.867
2025-01-07,29,BRneg,1.317
2025-01-07,30,BRpos,3.989
2025-01-07,30,BRneg,2.457
2025-01-07,31,BRpos,2.478
2025-01-07,31,BRneg,0.872
2025-01-07,32,BRpos,4.371
2025-01-07,32,BRneg,1.698
2025-01-07,33,BRpos,2.013
2025-01-07,33,BRneg,2.732
2025-01-07,34,BRpos,5.726
2025-01-07,34,BRneg,3.374
2025-01-07,35,BRpos,4.262
2025-01-07,35,BRneg,1.587
2025-01-07,36,BRpos,6.32
2025-01-07,36,BRneg,3.079
2025-01-07,37,BRpos,8.627
2025-01-07,37,BRneg,2.558
2025-01-07,38,BRpos,4.792
2025-01-07,38,BRneg,1.378
2025-01-07,39,BRpos,5.733
2025-01-07,39,BRneg,1.455
2025-01-07,40,BRpos,1.324
2025-01-07,40,BRneg,1.074
2025-01-07,41,BRpos,2.079
2025-01-07,41,BRneg,1.742
2025-01-07,42,BRpos,3.347
2025-01-07,42,BRneg,1.314
2025-01-07,43,BRpos,3.814
2025-01-07,43,BRneg,2.153
2025-01-07,44,BRpos,3.645
2025-01-07,44,BRneg,2.309
2025-01-07,45,BRpos,1.548
2025-01-07,45,BRneg,3.248
2025-01-07,46,BRpos,2.534
2025-01-07,46,BRneg,2.296
2025-01-07,47,BRpos,6.562
2025-01-07,47,BRneg,1.012
2025-01-07,48,BRpos,4.164
2025-01-07,48,BRneg,2.028
2025-01-08,1,BRpos,2.328
2025-01-08,1,BRneg,1.415
2025-01-08,2,BRpos,1.867
2025-01-08,2,BRneg,2.48
2025-01-08,3,BRpos,1.715
2025-01-08,3,BRneg,1.161
2025-01-08,4,BRpos,2.192
2025-01-08,4,BRneg,1.562
2025-01-08,5,BRpos,5.565
2025-01-08,5,BRneg,0.953
2025-01-08,6,BRpos,5.694
2025-01-08,6,BRneg,2.079
2025-01-08,7,BRpos,3.719
2025-01-08,7,BRneg,1.486
2025-01-08,8,BRpos,4.596
2025-01-08,8,BRneg,1.473
2025-01-08,9,BRpos,4.215
2025-01-08,9,BRneg,0.993
2025-01-08,10,BRpos,3.7
2025-01-08,10,BRneg,0.409
2025-01-08,11,BRpos,2.733
2025-01-08,11,BRneg,0.664
2025-01-08,12,BRpos,5.746
2025-01-08,12,BRneg,1.838
2025-01-08,13,BRpos,4.784
2025-01-08,13,BRneg,4.522
2025-01-08,14,BRpos,4.273
2025-01-08,14,BRneg,2.712
2025-01-08,15,BRpos,5.903
2025-01-08,15,BRneg,2.463
2025-01-08,16,BRpos,2.781
2025-01-08,16,BRneg,1.414
2025-01-08,17,BRpos,1.008
2025-01-08,17,BRneg,1.334
2025-01-08,18,BRpos,8.35
2025-01-08,18,BRneg,1.632
2025-01-08,19,BRpos,5.069
2025-01-08,19,BRneg,1.84
2025-01-08,20,BRpos,4.369
2025-01-08,20,BRneg,1.913
2025-01-08,21,BRpos,9.552
2025-01-08,21,BRneg,1.437
2025-01-08,22,BRpos,5.838
2025-01-08,22,BRneg,1.631
2025-01-08,23,BRpos,1.287
2025-01-08,23,BRneg,3.144
2025-01-08,24,BRpos,2.329
2025-01-08,24,BRneg,0.807
2025-01-08,25,BRpos,2.801
2025-01-08,25,BRneg,1.686
2025-01-08,26,BRpos,5.605
2025-01-08,26,BRneg,2.372
2025-01-08,27,BRpos,1.386
2025-01-08,27,BRneg,1.491
2025-01-08,28,BRpos,3.228
2025-01-08,28,BRneg,1.189
2025-01-08,29,BRpos,4.686
2025-01-08,29,BRneg,2.146
2025-01-08,30,BRpos,2.05
2025-01-08,30,BRneg,0.607
2025-01-08,31,BRpos,6.022
2025-01-08,31,BRneg,3.291
2025-01-08,32,BRpos,2.983
2025-01-08,32,BRneg,2.014
2025-01-08,33,BRpos,5.784
2025-01-08,33,BRneg,1.363
2025-01-08,34,BRpos,3.408
2025-01-08,34,BRneg,2.332
2025-01-08,35,BRpos,4.767
2025-01-08,35,BRneg,0.866
2025-01-08,36,BRpos,5.7
2025-01-08,36,BRneg,2.497
2025-01-08,37,BRpos,2.805
2025-01-08,37,BRneg,2.057
2025-01-08,38,BRpos,2.711
2025-01-08,38,BRneg,3.508
2025-01-08,39,BRpos,2.314
2025-01-08,39,BRneg,3.567
2025-01-08,40,BRpos,2.344
2025-01-08,40,BRneg,0.963
2025-01-08,41,BRpos,2.615
2025-01-08,41,BRneg,2.115
2025-01-08,42,BRpos,3.966
2025-01-08,42,BRneg,1.185
2025-01-08,43,BRpos,2.367
2025-01-08,43,BRneg,0.773
2025-01-08,44,BRpos,1.202
2025-01-08,44,BRneg,1.275
2025-01-08,45,BRpos,1.624
2025-01-08,45,BRneg,0.848
2025-01-08,46,BRpos,2.499
2025-01-08,46,BRneg,1.221
2025-01-08,47,BRpos,1.513
2025-01-08,47,BRneg,1.43
2025-01-08,48,BRpos,3.657
2025-01-08,48,BRneg,2.703
2025-01-09,1,BRpos,2.876
2025-01-09,1,BRneg,0.635
2025-01-09,2,BRpos,1.359
2025-01-09,2,BRneg,2.368
2025-01-09,3,BRpos,4.109
2025-01-09,3,BRneg,1.657
2025-01-09,4,BRpos,5.823
2025-01-09,4,BRneg,1.063
2025-01-09,5,BRpos,1.549
2025-01-09,5,BRneg,2.005
2025-01-09,6,BRpos,6.785
2025-01-09,6,BRneg,1.763
2025-01-09,7,BRpos,2.422
2025-01-09,7,BRneg,1.052
2025-01-09,8,BRpos,2.238
2025-01-09,8,BRneg,2.509
2025-01-09,9,BRpos,4.301
2025-01-09,9,BRneg,2.539
2025-01-09,10,BRpos,4.019
2025-01-09,10,BRneg,2.15
2025-01-09,11,BRpos,4.319
2025-01-09,11,BRneg,2.237
2025-01-09,12,BRpos,6.103
2025-01-09,12,BRneg,1.847
2025-01-09,13,BRpos,2.737
2025-01-09,13,BRneg,3.063
2025-01-09,14,BRpos,5.943
2025-01-09,14,BRneg,1.084
2025-01-09,15,BRpos,5.073
2025-01-09,15,BRneg,0.892
2025-01-09,16,BRpos,2.665
2025-01-09,16,BRneg,1.361
2025-01-09,17,BRpos,3.484
2025-01-09,17,BRneg,2.467
2025-01-09,18,BRpos,2.569
2025-01-09,18,BRneg,1.194
2025-01-09,19,BRpos,2.727
2025-01-09,19,BRneg,1.514
2025-01-09,20,BRpos,2.421
2025-01-09,20,BRneg,1.593
2025-01-09,21,BRpos,3.41
2025-01-09,21,BRneg,1.627
2025-01-09,22,BRpos,4.764
2025-01-09,22,BRneg,2.795
2025-01-09,23,BRpos,4.714
2025-01-09,23,BRneg,1.247
2025-01-09,24,BRpos,2.26
2025-01-09,24,BRneg,1.055
2025-01-09,25,BRpos,7.314
2025-01-09,25,BRneg,1.288
2025-01-09,26,BRpos,2.172
2025-01-09,26,BRneg,0.691
2025-01-09,27,BRpos,3.464
2025-01-09,27,BRneg,1.247
2025-01-09,28,BRpos,3.224
2025-01-09,28,BRneg,1.987
2025-01-09,29,BRpos,2.99
2025-01-09,29,BRneg,0.853
2025-01-09,30,BRpos,2.921
2025-01-09,30,BRneg,1.437
2025-01-09,31,BRpos,4.772
2025-01-09,31,BRneg,3.098
2025-01-09,32,BRpos,3.139
2025-01-09,32,BRneg,1.913
2025-01-09,33,BRpos,1.574
2025-01-09,33,BRneg,1.991
2025-01-09,34,BRpos,8.756
2025-01-09,34,BRneg,1.904
2025-01-09,35,BRpos,2.538
2025-01-09,35,BRneg,2.332
2025-01-09,36,BRpos,3.145
2025-01-09,36,BRneg,1.632
2025-01-09,37,BRpos,10.499
2025-01-09,37,BRneg,3.99
2025-01-09,38,BRpos,6.677
2025-01-09,38,BRneg,1.762
2025-01-09,39,BRpos,8.147
2025-01-09,39,BRneg,4.429
2025-01-09,40,BRpos,4.186
2025-01-09,40,BRneg,0.448
2025-01-09,41,BRpos,3.418
2025-01-09,41,BRneg,2.231
2025-01-09,42,BRpos,3.281
2025-01-09,42,BRneg,1.673
2025-01-09,43,BRpos,5.581
2025-01-09,43,BRneg,0.996
2025-01-09,44,BRpos,1.602
2025-01-09,44,BRneg,1.76
2025-01-09,45,BRpos,2.327
2025-01-09,45,BRneg,1.504
2025-01-09,46,BRpos,2.065
2025-01-09,46,BRneg,0.904
2025-01-09,47,BRpos,3.456
2025-01-09,47,BRneg,1.354
2025-01-09,48,BRpos,10.569
2025-01-09,48,BRneg,3.037
2025-01-10,1,BRpos,1.986
2025-01-10,1,BRneg,2.043
2025-01-10,2,BRpos,4.525
2025-01-10,2,BRneg,0.708
2025-01-10,3,BRpos,1.491
2025-01-10,3,BRneg,1.712
2025-01-10,4,BRpos,2.746
2025-01-10,4,BRneg,1.117
2025-01-10,5,BRpos,5.229
2025-01-10,5,BRneg,2.278
2025-01-10,6,BRpos,4.009
2025-01-10,6,BRneg,2.044
2025-01-10,7,BRpos,3.011
2025-01-10,7,BRneg,1.124
2025-01-10,8,BRpos,2.595
2025-01-10,8,BRneg,1.205
2025-01-10,9,BRpos,3.623
2025-01-10,9,BRneg,1.101
2025-01-10,10,BRpos,1.857
2025-01-10,10,BRneg,2.571
2025-01-10,11,BRpos,3.563
2025-01-10,11,BRneg,2.715
2025-01-10,12,BRpos,4.467
2025-01-10,12,BRneg,1.305
2025-01-10,13,BRpos,1.279
2025-01-10,13,BRneg,1.907
2025-01-10,14,BRpos,7.972
2025-01-10,14,BRneg,1.026
2025-01-10,15,BRpos,3.869
2025-01-10,15,BRneg,0.916
2025-01-10,16,BRpos,5.24
2025-01-10,16,BRneg,2.328
2025-01-10,17,BRpos,3.04
2025-01-10,17,BRneg,1.161
2025-01-10,18,BRpos,5.626
2025-01-10,18,BRneg,1.156
2025-01-10,19,BRpos,6.631
2025-01-10,19,BRneg,1.356
2025-01-10,20,BRpos,6.18
2025-01-10,20,BRneg,1.642
2025-01-10,21,BRpos,3.874
2025-01-10,21,BRneg,3.336
2025-01-10,22,BRpos,5.919
2025-01-10,22,BRneg,0.959
2025-01-10,23,BRpos,3.017
2025-01-10,23,BRneg,0.523
2025-01-10,24,BRpos,4.442
2025-01-10,24,BRneg,1.709
2025-01-10,25,BRpos,1.976
2025-01-10,25,BRneg,1.604
2025-01-10,26,BRpos,3.542
2025-01-10,26,BRneg,0.79
2025-01-10,27,BRpos,8.725
2025-01-10,27,BRneg,1.6
2025-01-10,28,BRpos,3.449
2025-01-10,28,BRneg,1.249
2025-01-10,29,BRpos,2.457
2025-01-10,29,BRneg,1.535
2025-01-10,30,BRpos,3.359
2025-01-10,30,BRneg,3.255
2025-01-10,31,BRpos,1.93
2025-01-10,31,BRneg,1.328
2025-01-10,32,BRpos,3.865
2025-01-10,32,BRneg,3.027
2025-01-10,33,BRpos,3.406
2025-01-10,33,BRneg,4.761
2025-01-10,34,BRpos,3.246
2025-01-10,34,BRneg,7.417
2025-01-10,35,BRpos,9.817
2025-01-10,35,BRneg,3.54
2025-01-10,36,BRpos,4.966
2025-01-10,36,BRneg,2.11
2025-01-10,37,BRpos,4.955
2025-01-10,37,BRneg,3.624
2025-01-10,38,BRpos,4.63
2025-01-10,38,BRneg,2.741
2025-01-10,39,BRpos,4.213
2025-01-10,39,BRneg,4.181
2025-01-10,40,BRpos,2.754
2025-01-10,40,BRneg,0.647
2025-01-10,41,BRpos,4.191
2025-01-10,41,BRneg,1.152
2025-01-10,42,BRpos,2.737
2025-01-10,42,BRneg,2.261
2025-01-10,43,BRpos,3.954
2025-01-10,43,BRneg,1.552
2025-01-10,44,BRpos,4.107
2025-01-10,44,BRneg,2.654
2025-01-10,45,BRpos,3.35
2025-01-10,45,BRneg,1.115
2025-01-10,46,BRpos,3.315
2025-01-10,46,BRneg,1.088
2025-01-10,47,BRpos,2.956
2025-01-10,47,BRneg,2.02
2025-01-10,48,BRpos,6.637
2025-01-10,48,BRneg,2.542
2025-01-11,1,BRpos,4.151
2025-01-11,1,BRneg,1.042
2025-01-11,2,BRpos,4.511
2025-01-11,2,BRneg,2.216
2025-01-11,3,BRpos,2.526
2025-01-11,3,BRneg,1.383
2025-01-11,4,BRpos,2.417
2025-01-11,4,BRneg,1.689
2025-01-11,5,BRpos,5.633
2025-01-11,5,BRneg,0.904
2025-01-11,6,BRpos,2.898
2025-01-11,6,BRneg,1.255
2025-01-11,7,BRpos,5.751
2025-01-11,7,BRneg,1.97
2025-01-11,8,BRpos,4.041
2025-01-11,8,BRneg,2.571
2025-01-11,9,BRpos,3.403
2025-01-11,9,BRneg,2.23
2025-01-11,10,BRpos,4.315
2025-01-11,10,BRneg,0.898
2025-01-11,11,BRpos,5.491
2025-01-11,11,BRneg,3.087
2025-01-11,12,BRpos,1.526
2025-01-11,12,BRneg,1.822
2025-01-11,13,BRpos,3.401
2025-01-11,13,BRneg,2.143
2025-01-11,14,BRpos,6.901
2025-01-11,14,BRneg,1.001
2025-01-11,15,BRpos,4.472
2025-01-11,15,BRneg,2.661
2025-01-11,16,BRpos,2.084
2025-01-11,16,BRneg,2.681
2025-01-11,17,BRpos,3.929
2025-01-11,17,BRneg,2.02
2025-01-11,18,BRpos,1.906
2025-01-11,18,BRneg,2.405
2025-01-11,19,BRpos,3.429
2025-01-11,19,BRneg,0.863
2025-01-11,20,BRpos,4.08
2025-01-11,20,BRneg,1.214
2025-01-11,21,BRpos,3.006
2025-01-11,21,BRneg,1.705
2025-01-11,22,BRpos,7.226
2025-01-11,22,BRneg,1.303
2025-01-11,23,BRpos,3.438
2025-01-11,23,BRneg,1.411
2025-01-11,24,BRpos,3.021
2025-01-11,24,BRneg,1.5
2025-01-11,25,BRpos,2.102
2025-01-11,25,BRneg,2.503
2025-01-11,26,BRpos,2.922
2025-01-11,26,BRneg,3.56
2025-01-11,27,BRpos,6.292
2025-01-11,27,BRneg,1.164
2025-01-11,28,BRpos,5.67
2025-01-11,28,BRneg,1.353
2025-01-11,29,BRpos,3.963
2025-01-11,29,BRneg,1.3
2025-01-11,30,BRpos,4.625
2025-01-11,30,BRneg,1.982
2025-01-11,31,BRpos,3.745
2025-01-11,31,BRneg,2.081
2025-01-11,32,BRpos,5.428
2025-01-11,32,BRneg,6.52
2025-01-11,33,BRpos,4.802
2025-01-11,33,BRneg,1.031
2025-01-11,34,BRpos,7.491
2025-01-11,34,BRneg,2.403
2025-01-11,35,BRpos,8.254
2025-01-11,35,BRneg,2.416
2025-01-11,36,BRpos,7.929
2025-01-11,36,BRneg,1.261
2025-01-11,37,BRpos,7.947
2025-01-11,37,BRneg,3.914
2025-01-11,38,BRpos,5.761
2025-01-11,38,BRneg,1.919
2025-01-11,39,BRpos,5.511
2025-01-11,39,BRneg,1.112
2025-01-11,40,BRpos,3.082
2025-01-11,40,BRneg,1.453
2025-01-11,41,BRpos,1.681
2025-01-11,41,BRneg,1.389
2025-01-11,42,BRpos,4.974
2025-01-11,42,BRneg,0.839
2025-01-11,43,BRpos,3.789
2025-01-11,43,BRneg,2.07
2025-01-11,44,BRpos,4.227
2025-01-11,44,BRneg,2.355
2025-01-11,45,BRpos,1.036
2025-01-11,45,BRneg,1.228
2025-01-11,46,BRpos,3.769
2025-01-11,46,BRneg,1.584
2025-01-11,47,BRpos,2.304
2025-01-11,47,BRneg,2.021
2025-01-11,48,BRpos,3.08
2025-01-11,48,BRneg,1.862
2025-01-12,1,BRpos,3.082
2025-01-12,1,BRneg,1.811
2025-01-12,2,BRpos,5.496
2025-01-12,2,BRneg,2.64
2025-01-12,3,BRpos,3.136
2025-01-12,3,BRneg,2.945
2025-01-12,4,BRpos,3.763
2025-01-12,4,BRneg,3.411
2025-01-12,5,BRpos,4.473
2025-01-12,5,BRneg,1.019
2025-01-12,6,BRpos,2.64
2025-01-12,6,BRneg,2.636
2025-01-12,7,BRpos,4.108
2025-01-12,7,BRneg,1.417
2025-01-12,8,BRpos,3.519
2025-01-12,8,BRneg,2.183
2025-01-12,9,BRpos,3.04
2025-01-12,9,BRneg,0.796
2025-01-12,10,BRpos,4.16
2025-01-12,10,BRneg,0.895
2025-01-12,11,BRpos,7.064
2025-01-12,11,BRneg,1.494
2025-01-12,12,BRpos,4.326
2025-01-12,12,BRneg,0.891
2025-01-12,13,BRpos,5.16
2025-01-12,13,BRneg,1.126
2025-01-12,14,BRpos,3.265
2025-01-12,14,BRneg,1.949
2025-01-12,15,BRpos,7.206
2025-01-12,15,BRneg,2.605
2025-01-12,16,BRpos,2.505
2025-01-12,16,BRneg,0.953
2025-01-12,17,BRpos,5.31
2025-01-12,17,BRneg,1.45
2025-01-12,18,BRpos,4.545
2025-01-12,18,BRneg,1.12
2025-01-12,19,BRpos,1.988
2025-01-12,19,BRneg,1.505
2025-01-12,20,BRpos,4.832
2025-01-12,20,BRneg,0.951
2025-01-12,21,BRpos,4.85
2025-01-12,21,BRneg,2.313
2025-01-12,22,BRpos,3.429
2025-01-12,22,BRneg,1.236
2025-01-12,23,BRpos,3.805
2025-01-12,23,BRneg,2.088
2025-01-12,24,BRpos,8.82
2025-01-12,24,BRneg,1.683
2025-01-12,25,BRpos,8.732
2025-01-12,25,BRneg,1.025
2025-01-12,26,BRpos,2.736
2025-01-12,26,BRneg,1.589
2025-01-12,27,BRpos,4.281
2025-01-12,27,BRneg,1.371
2025-01-12,28,BRpos,2.706
2025-01-12,28,BRneg,0.731
2025-01-12,29,BRpos,10.387
2025-01-12,29,BRneg,0.869
2025-01-12,30,BRpos,5.029
2025-01-12,30,BRneg,0.774
2025-01-12,31,BRpos,3.438
2025-01-12,31,BRneg,2.172
2025-01-12,32,BRpos,2.84
2025-01-12,32,BRneg,0.706
2025-01-12,33,BRpos,2.552
2025-01-12,33,BRneg,1.9
2025-01-12,34,BRpos,4.221
2025-01-12,34,BRneg,1.747
2025-01-12,35,BRpos,13.908
2025-01-12,35,BRneg,2.654
2025-01-12,36,BRpos,7.436
2025-01-12,36,BRneg,3.605
2025-01-12,37,BRpos,5.287
2025-01-12,37,BRneg,2.406
2025-01-12,38,BRpos,10.215
2025-01-12,38,BRneg,2.892
2025-01-12,39,BRpos,11.842
2025-01-12,39,BRneg,2.496
2025-01-12,40,BRpos,1.8
2025-01-12,40,BRneg,3.082
2025-01-12,41,BRpos,3.581
2025-01-12,41,BRneg,3.091
2025-01-12,42,BRpos,4.836
2025-01-12,42,BRneg,2.151
2025-01-12,43,BRpos,8.285
2025-01-12,43,BRneg,1.08
2025-01-12,44,BRpos,4.194
2025-01-12,44,BRneg,1.339
2025-01-12,45,BRpos,1.717
2025-01-12,45,BRneg,1.632
2025-01-12,46,BRpos,3.721
2025-01-12,46,BRneg,2.023
2025-01-12,47,BRpos,1.466
2025-01-12,47,BRneg,0.881
2025-01-12,48,BRpos,4.606
2025-01-12,48,BRneg,1.193
2025-01-13,1,BRpos,3.169
2025-01-13,1,BRneg,1.861
2025-01-13,2,BRpos,2.407
2025-01-13,2,BRneg,1.745
2025-01-13,3,BRpos,3.947
2025-01-13,3,BRneg,1.417
2025-01-13,4,BRpos,5.868
2025-01-13,4,BRneg,1.169
2025-01-13,5,BRpos,7.063
2025-01-13,5,BRneg,1.419
2025-01-13,6,BRpos,3.401
2025-01-13,6,BRneg,1.478
2025-01-13,7,BRpos,5.14
2025-01-13,7,BRneg,1.803
2025-01-13,8,BRpos,2.264
2025-01-13,8,BRneg,4.263
2025-01-13,9,BRpos,6.663
2025-01-13,9,BRneg,1.844
2025-01-13,10,BRpos,3.032
2025-01-13,10,BRneg,1.505
2025-01-13,11,BRpos,3.998
2025-01-13,11,BRneg,3.736
2025-01-13,12,BRpos,3.355
2025-01-13,12,BRneg,5.574
2025-01-13,13,BRpos,4.566
2025-01-13,13,BRneg,1.164
2025-01-13,14,BRpos,3.647
2025-01-13,14,BRneg,0.7
2025-01-13,15,BRpos,2.912
2025-01-13,15,BRneg,1.941
2025-01-13,16,BRpos,2.054
2025-01-13,16,BRneg,3.403
2025-01-13,17,BRpos,4.223
2025-01-13,17,BRneg,3.436
2025-01-13,18,BRpos,3.527
2025-01-13,18,BRneg,1.024
2025-01-13,19,BRpos,1.968
2025-01-13,19,BRneg,1.947
2025-01-13,20,BRpos,1.948
2025-01-13,20,BRneg,1.857
2025-01-13,21,BRpos,4.048
2025-01-13,21,BRneg,2.833
2025-01-13,22,BRpos,2.251
2025-01-13,22,BRneg,1.349
2025-01-13,23,BRpos,2.025
2025-01-13,23,BRneg,0.86
2025-01-13,24,BRpos,4.641
2025-01-13,24,BRneg,0.791
2025-01-13,25,BRpos,2.628
2025-01-13,25,BRneg,1.877
2025-01-13,26,BRpos,1.764
2025-01-13,26,BRneg,1.464
2025-01-13,27,BRpos,1.707
2025-01-13,27,BRneg,1.014
2025-01-13,28,BRpos,6.432
2025-01-13,28,BRneg,4.833
2025-01-13,29,BRpos,1.279
2025-01-13,29,BRneg,1.456
2025-01-13,30,BRpos,3.866
2025-01-13,30,BRneg,1.941
2025-01-13,31,BRpos,2.132
2025-01-13,31,BRneg,2.192
2025-01-13,32,BRpos,4.994
2025-01-13,32,BRneg,0.857
2025-01-13,33,BRpos,2.176
2025-01-13,33,BRneg,2.282
2025-01-13,34,BRpos,6.693
2025-01-13,34,BRneg,2.856
2025-01-13,35,BRpos,5.774
2025-01-13,35,BRneg,5.061
2025-01-13,36,BRpos,3.841
2025-01-13,36,BRneg,3.567
2025-01-13,37,BRpos,10.087
2025-01-13,37,BRneg,1.071
2025-01-13,38,BRpos,4.037
2025-01-13,38,BRneg,7.6
2025-01-13,39,BRpos,5.665
2025-01-13,39,BRneg,1.056
2025-01-13,40,BRpos,2.637
2025-01-13,40,BRneg,1.119
2025-01-13,41,BRpos,4.416
2025-01-13,41,BRneg,1.324
2025-01-13,42,BRpos,2.237
2025-01-13,42,BRneg,1.016
2025-01-13,43,BRpos,1.731
2025-01-13,43,BRneg,1.793
2025-01-13,44,BRpos,2.591
2025-01-13,44,BRneg,1.856
2025-01-13,45,BRpos,4.892
2025-01-13,45,BRneg,2.303
2025-01-13,46,BRpos,2.98
2025-01-13,46,BRneg,0.878
2025-01-13,47,BRpos,2.11
2025-01-13,47,BRneg,1.981
2025-01-13,48,BRpos,3.976
2025-01-13,48,BRneg,1.02
2025-01-14,1,BRpos,2.547
2025-01-14,1,BRneg,1.168
2025-01-14,2,BRpos,2.232
2025-01-14,2,BRneg,1.908
2025-01-14,3,BRpos,5.514
2025-01-14,3,BRneg,1.417
2025-01-14,4,BRpos,5.532
2025-01-14,4,BRneg,1.151
2025-01-14,5,BRpos,2.179
2025-01-14,5,BRneg,1.235
2025-01-14,6,BRpos,2.222
2025-01-14,6,BRneg,1.864
2025-01-14,7,BRpos,3.183
2025-01-14,7,BRneg,1.847
2025-01-14,8,BRpos,1.528
2025-01-14,8,BRneg,1.695
2025-01-14,9,BRpos,1.604
2025-01-14,9,BRneg,1.36
2025-01-14,10,BRpos,2.399
2025-01-14,10,BRneg,1.194
2025-01-14,11,BRpos,6.391
2025-01-14,11,BRneg,2.609
2025-01-14,12,BRpos,1.925
2025-01-14,12,BRneg,2.066
2025-01-14,13,BRpos,4.013
2025-01-14,13,BRneg,0.974
2025-01-14,14,BRpos,4.39
2025-01-14,14,BRneg,2.62
2025-01-14,15,BRpos,2.502
2025-01-14,15,BRneg,1.004
2025-01-14,16,BRpos,4.072
2025-01-14,16,BRneg,0.632
2025-01-14,17,BRpos,3.627
2025-01-14,17,BRneg,0.859
2025-01-14,18,BRpos,4.161
2025-01-14,18,BRneg,1.945
2025-01-14,19,BRpos,9.093
2025-01-14,19,BRneg,2.552
2025-01-14,20,BRpos,2.228
2025-01-14,20,BRneg,2.887
2025-01-14,21,BRpos,1.674
2025-01-14,21,BRneg,0.649
2025-01-14,22,BRpos,1.43
2025-01-14,22,BRneg,2.072
2025-01-14,23,BRpos,3.117
2025-01-14,23,BRneg,1.631
2025-01-14,24,BRpos,2.999
2025-01-14,24,BRneg,1.65
2025-01-14,25,BRpos,3.296
2025-01-14,25,BRneg,1.539
2025-01-14,26,BRpos,4.339
2025-01-14,26,BRneg,3.522
2025-01-14,27,BRpos,4.468
2025-01-14,27,BRneg,7.081
2025-01-14,28,BRpos,4.226
2025-01-14,28,BRneg,1.943
2025-01-14,29,BRpos,5.259
2025-01-14,29,BRneg,2.742
2025-01-14,30,BRpos,6.594
2025-01-14,30,BRneg,2.825
2025-01-14,31,BRpos,3.875
2025-01-14,31,BRneg,1.568
2025-01-14,32,BRpos,2.389
2025-01-14,32,BRneg,1.014
2025-01-14,33,BRpos,3.458
2025-01-14,33,BRneg,1.79
2025-01-14,34,BRpos,10.83
2025-01-14,34,BRneg,2.305
2025-01-14,35,BRpos,2.451
2025-01-14,35,BRneg,1.822
2025-01-14,36,BRpos,9.259
2025-01-14,36,BRneg,5.132
2025-01-14,37,BRpos,9.266
2025-01-14,37,BRneg,2.107
2025-01-14,38,BRpos,4.517
2025-01-14,38,BRneg,1.814
2025-01-14,39,BRpos,5.155
2025-01-14,39,BRneg,1.467
2025-01-14,40,BRpos,8.025
2025-01-14,40,BRneg,1.94
2025-01-14,41,BRpos,3.142
2025-01-14,41,BRneg,1.371
2025-01-14,42,BRpos,1.116
2025-01-14,42,BRneg,2.327
2025-01-14,43,BRpos,7.495
2025-01-14,43,BRneg,1.178
2025-01-14,44,BRpos,4.216
2025-01-14,44,BRneg,1.332
2025-01-14,45,BRpos,6.23
2025-01-14,45,BRneg,1.681
2025-01-14,46,BRpos,2.601
2025-01-14,46,BRneg,3.457
2025-01-14,47,BRpos,5.732
2025-01-14,47,BRneg,1.174
2025-01-14,48,BRpos,3.5
2025-01-14,48,BRneg,1.826
2025-01-15,1,BRpos,4.149
2025-01-15,1,BRneg,3.835
2025-01-15,2,BRpos,5.058
2025-01-15,2,BRneg,0.866
2025-01-15,3,BRpos,1.325
2025-01-15,3,BRneg,1.598
2025-01-15,4,BRpos,2.155
2025-01-15,4,BRneg,1.967
2025-01-15,5,BRpos,3.511
2025-01-15,5,BRneg,1.15
2025-01-15,6,BRpos,4.202
2025-01-15,6,BRneg,2.119
2025-01-15,7,BRpos,3.103
2025-01-15,7,BRneg,1.254
2025-01-15,8,BRpos,3.417
2025-01-15,8,BRneg,2.649
2025-01-15,9,BRpos,4.46
2025-01-15,9,BRneg,1.616
2025-01-15,10,BRpos,2.423
2025-01-15,10,BRneg,1.858
2025-01-15,11,BRpos,5.217
2025-01-15,11,BRneg,1.198
2025-01-15,12,BRpos,2.774
2025-01-15,12,BRneg,2.286
2025-01-15,13,BRpos,3.435
2025-01-15,13,BRneg,1.973
2025-01-15,14,BRpos,2.623
2025-01-15,14,BRneg,3.482
2025-01-15,15,BRpos,3.03
2025-01-15,15,BRneg,3.587
2025-01-15,16,BRpos,2.262
2025-01-15,16,BRneg,1.88
2025-01-15,17,BRpos,1.329
2025-01-15,17,BRneg,1.811
2025-01-15,18,BRpos,5.705
2025-01-15,18,BRneg,0.902
2025-01-15,19,BRpos,7.196
2025-01-15,19,BRneg,2.277
2025-01-15,20,BRpos,4.596
2025-01-15,20,BRneg,1.444
2025-01-15,21,BRpos,2.499
2025-01-15,21,BRneg,1.693
2025-01-15,22,BRpos,3.257
2025-01-15,22,BRneg,1.427
2025-01-15,23,BRpos,4.984
2025-01-15,23,BRneg,1.01
2025-01-15,24,BRpos,3.62
2025-01-15,24,BRneg,2.594
2025-01-15,25,BRpos,3.81
2025-01-15,25,BRneg,1.184
2025-01-15,26,BRpos,3.988
2025-01-15,26,BRneg,3.643
2025-01-15,27,BRpos,4.127
2025-01-15,27,BRneg,1.077
2025-01-15,28,BRpos,4.776
2025-01-15,28,BRneg,2.616
2025-01-15,29,BRpos,2.265
2025-01-15,29,BRneg,2.095
2025-01-15,30,BRpos,3.053
2025-01-15,30,BRneg,2.843
2025-01-15,31,BRpos,5.477
2025-01-15,31,BRneg,1.198
2025-01-15,32,BRpos,7.801
2025-01-15,32,BRneg,3.374
2025-01-15,33,BRpos,4.997
2025-01-15,33,BRneg,0.923
2025-01-15,34,BRpos,7.483
2025-01-15,34,BRneg,1.869
2025-01-15,35,BRpos,7.017
2025-01-15,35,BRneg,2.742
2025-01-15,36,BRpos,7.476
2025-01-15,36,BRneg,3.178
2025-01-15,37,BRpos,6.442
2025-01-15,37,BRneg,3.166
2025-01-15,38,BRpos,3.738
2025-01-15,38,BRneg,0.868
2025-01-15,39,BRpos,4.777
2025-01-15,39,BRneg,3.729
2025-01-15,40,BRpos,3.065
2025-01-15,40,BRneg,2.006
2025-01-15,41,BRpos,1.624
2025-01-15,41,BRneg,1.322
2025-01-15,42,BRpos,3.899
2025-01-15,42,BRneg,1.424
2025-01-15,43,BRpos,4.921
2025-01-15,43,BRneg,2.402
2025-01-15,44,BRpos,5.954
2025-01-15,44,BRneg,3.805
2025-01-15,45,BRpos,3.416
2025-01-15,45,BRneg,2.088
2025-01-15,46,BRpos,2.174
2025-01-15,46,BRneg,2.913
2025-01-15,47,BRpos,3.657
2025-01-15,47,BRneg,3.981
2025-01-15,48,BRpos,2.732
2025-01-15,48,BRneg,3.428
2025-01-16,1,BRpos,3.339
2025-01-16,1,BRneg,1.569
2025-01-16,2,BRpos,4.912
2025-01-16,2,BRneg,0.934
2025-01-16,3,BRpos,5.169
2025-01-16,3,BRneg,1.819
2025-01-16,4,BRpos,7.814
2025-01-16,4,BRneg,1.236
2025-01-16,5,BRpos,2.245
2025-01-16,5,BRneg,1.271
2025-01-16,6,BRpos,4.008
2025-01-16,6,BRneg,3.348
2025-01-16,7,BRpos,2.243
2025-01-16,7,BRneg,2.618
2025-01-16,8,BRpos,3.83
2025-01-16,8,BRneg,0.493
2025-01-16,9,BRpos,3.146
2025-01-16,9,BRneg,2.242
2025-01-16,10,BRpos,3.389
2025-01-16,10,BRneg,1.648
2025-01-16,11,BRpos,2.387
2025-01-16,11,BRneg,1.871
2025-01-16,12,BRpos,1.933
2025-01-16,12,BRneg,1.634
2025-01-16,13,BRpos,1.61
2025-01-16,13,BRneg,0.401
2025-01-16,14,BRpos,5.849
2025-01-16,14,BRneg,1.093
2025-01-16,15,BRpos,4.288
2025-01-16,15,BRneg,1.329
2025-01-16,16,BRpos,4.207
2025-01-16,16,BRneg,2.074
2025-01-16,17,BRpos,2.843
2025-01-16,17,BRneg,0.894
2025-01-16,18,BRpos,2.71
2025-01-16,18,BRneg,1.578
2025-01-16,19,BRpos,3.473
2025-01-16,19,BRneg,1.596
2025-01-16,20,BRpos,8.159
2025-01-16,20,BRneg,1.521
2025-01-16,21,BRpos,2.831
2025-01-16,21,BRneg,1.201
2025-01-16,22,BRpos,4.923
2025-01-16,22,BRneg,1.213
2025-01-16,23,BRpos,6.237
2025-01-16,23,BRneg,0.694
2025-01-16,24,BRpos,2.145
2025-01-16,24,BRneg,1.128
2025-01-16,25,BRpos,1.414
2025-01-16,25,BRneg,1.028
2025-01-16,26,BRpos,3.808
2025-01-16,26,BRneg,1.035
2025-01-16,27,BRpos,3.433
2025-01-16,27,BRneg,2.402
2025-01-16,28,BRpos,2.511
2025-01-16,28,BRneg,1.643
2025-01-16,29,BRpos,8.753
2025-01-16,29,BRneg,0.735
2025-01-16,30,BRpos,1.81
2025-01-16,30,BRneg,1.216
2025-01-16,31,BRpos,1.707
2025-01-16,31,BRneg,2.124
2025-01-16,32,BRpos,2.366
2025-01-16,32,BRneg,1.689
2025-01-16,33,BRpos,9.224
2025-01-16,33,BRneg,1.696
2025-01-16,34,BRpos,3.048
2025-01-16,34,BRneg,1.516
2025-01-16,35,BRpos,8.537
2025-01-16,35,BRneg,3.373
2025-01-16,36,BRpos,4.389
2025-01-16,36,BRneg,2.938
2025-01-16,37,BRpos,6.83
2025-01-16,37,BRneg,2.222
2025-01-16,38,BRpos,5.183
2025-01-16,38,BRneg,4.42
2025-01-16,39,BRpos,3.41
2025-01-16,39,BRneg,1.787
2025-01-16,40,BRpos,4.615
2025-01-16,40,BRneg,2.859
2025-01-16,41,BRpos,1.371
2025-01-16,41,BRneg,1.677
2025-01-16,42,BRpos,9.03
2025-01-16,42,BRneg,2.84
2025-01-16,43,BRpos,2.778
2025-01-16,43,BRneg,1.557
2025-01-16,44,BRpos,4.11
2025-01-16,44,BRneg,0.996
2025-01-16,45,BRpos,1.607
2025-01-16,45,BRneg,1.588
2025-01-16,46,BRpos,3.007
2025-01-16,46,BRneg,2.359
2025-01-16,47,BRpos,1.851
2025-01-16,47,BRneg,2.693
2025-01-16,48,BRpos,6.861
2025-01-16,48,BRneg,2.614
2025-01-17,1,BRpos,3.095
2025-01-17,1,BRneg,1.363
2025-01-17,2,BRpos,2.183
2025-01-17,2,BRneg,2.331
2025-01-17,3,BRpos,3.064
2025-01-17,3,BRneg,1.909
2025-01-17,4,BRpos,2.581
2025-01-17,4,BRneg,2.813
2025-01-17,5,BRpos,8.28
2025-01-17,5,BRneg,1.434
2025-01-17,6,BRpos,4.219
2025-01-17,6,BRneg,1.677
2025-01-17,7,BRpos,2.248
2025-01-17,7,BRneg,1.219
2025-01-17,8,BRpos,4.818
2025-01-17,8,BRneg,2.923
2025-01-17,9,BRpos,1.834
2025-01-17,9,BRneg,4.051
2025-01-17,10,BRpos,1.915
2025-01-17,10,BRneg,1.624
2025-01-17,11,BRpos,5.679
2025-01-17,11,BRneg,4.598
2025-01-17,12,BRpos,2.358
2025-01-17,12,BRneg,3.347
2025-01-17,13,BRpos,3.558
2025-01-17,13,BRneg,1.125
2025-01-17,14,BRpos,3.113
2025-01-17,14,BRneg,2.137
2025-01-17,15,BRpos,3.516
2025-01-17,15,BRneg,2.324
2025-01-17,16,BRpos,5.024
2025-01-17,16,BRneg,1.485
2025-01-17,17,BRpos,3.78
2025-01-17,17,BRneg,0.857
2025-01-17,18,BRpos,2.781
2025-01-17,18,BRneg,3.165
2025-01-17,19,BRpos,3.94
2025-01-17,19,BRneg,1.685
2025-01-17,20,BRpos,3.52
2025-01-17,20,BRneg,0.878
2025-01-17,21,BRpos,4.215
2025-01-17,21,BRneg,2.0
2025-01-17,22,BRpos,3.224
2025-01-17,22,BRneg,0.447
2025-01-17,23,BRpos,1.642
2025-01-17,23,BRneg,1.709
2025-01-17,24,BRpos,3.503
2025-01-17,24,BRneg,0.904
2025-01-17,25,BRpos,3.574
2025-01-17,25,BRneg,2.989
2025-01-17,26,BRpos,2.615
2025-01-17,26,BRneg,2.03
2025-01-17,27,BRpos,3.417
2025-01-17,27,BRneg,0.835
2025-01-17,28,BRpos,2.329
2025-01-17,28,BRneg,1.186
2025-01-17,29,BRpos,5.529
2025-01-17,29,BRneg,4.436
2025-01-17,30,BRpos,2.881
2025-01-17,30,BRneg,1.057
2025-01-17,31,BRpos,9.067
2025-01-17,31,BRneg,3.042
2025-01-17,32,BRpos,2.59
2025-01-17,32,BRneg,1.567
2025-01-17,33,BRpos,4.162
2025-01-17,33,BRneg,1.001
2025-01-17,34,BRpos,5.595
2025-01-17,34,BRneg,2.732
2025-01-17,35,BRpos,7.048
2025-01-17,35,BRneg,3.013
2025-01-17,36,BRpos,8.536
2025-01-17,36,BRneg,2.684
2025-01-17,37,BRpos,5.072
2025-01-17,37,BRneg,2.912
2025-01-17,38,BRpos,3.28
2025-01-17,38,BRneg,1.237
2025-01-17,39,BRpos,3.569
2025-01-17,39,BRneg,2.177
2025-01-17,40,BRpos,4.883
2025-01-17,40,BRneg,1.269
2025-01-17,41,BRpos,2.538
2025-01-17,41,BRneg,1.142
2025-01-17,42,BRpos,4.588
2025-01-17,42,BRneg,2.464
2025-01-17,43,BRpos,4.175
2025-01-17,43,BRneg,2.561
2025-01-17,44,BRpos,3.092
2025-01-17,44,BRneg,1.917
2025-01-17,45,BRpos,1.714
2025-01-17,45,BRneg,1.273
2025-01-17,46,BRpos,3.143
2025-01-17,46,BRneg,1.092
2025-01-17,47,BRpos,3.219
2025-01-17,47,BRneg,2.381
2025-01-17,48,BRpos,5.066
2025-01-17,48,BRneg,2.612
2025-01-18,1,BRpos,4.018
2025-01-18,1,BRneg,1.577
2025-01-18,2,BRpos,5.24
2025-01-18,2,BRneg,1.615
2025-01-18,3,BRpos,3.034
2025-01-18,3,BRneg,1.451
2025-01-18,4,BRpos,2.592
2025-01-18,4,BRneg,1.202
2025-01-18,5,BRpos,5.86
2025-01-18,5,BRneg,0.925
2025-01-18,6,BRpos,3.102
2025-01-18,6,BRneg,3.344
2025-01-18,7,BRpos,2.624
2025-01-18,7,BRneg,1.119
2025-01-18,8,BRpos,4.26
2025-01-18,8,BRneg,2.757
2025-01-18,9,BRpos,3.041
2025-01-18,9,BRneg,2.258
2025-01-18,10,BRpos,3.892
2025-01-18,10,BRneg,2.733
2025-01-18,11,BRpos,2.147
2025-01-18,11,BRneg,2.04
2025-01-18,12,BRpos,2.75
2025-01-18,12,BRneg,2.466
2025-01-18,13,BRpos,4.609
2025-01-18,13,BRneg,2.501
2025-01-18,14,BRpos,5.349
2025-01-18,14,BRneg,0.947
2025-01-18,15,BRpos,4.828
2025-01-18,15,BRneg,1.225
2025-01-18,16,BRpos,5.503
2025-01-18,16,BRneg,4.548
2025-01-18,17,BRpos,2.146
2025-01-18,17,BRneg,2.569
2025-01-18,18,BRpos,2.684
2025-01-18,18,BRneg,1.57
2025-01-18,19,BRpos,3.49
2025-01-18,19,BRneg,0.893
2025-01-18,20,BRpos,5.902
2025-01-18,20,BRneg,1.181
2025-01-18,21,BRpos,6.269
2025-01-18,21,BRneg,1.747
2025-01-18,22,BRpos,7.718
2025-01-18,22,BRneg,1.022
2025-01-18,23,BRpos,1.518
2025-01-18,23,BRneg,2.883
2025-01-18,24,BRpos,4.498
2025-01-18,24,BRneg,1.511
2025-01-18,25,BRpos,2.256
2025-01-18,25,BRneg,2.022
2025-01-18,26,BRpos,4.136
2025-01-18,26,BRneg,2.463
2025-01-18,27,BRpos,4.33
2025-01-18,27,BRneg,1.365
2025-01-18,28,BRpos,2.353
2025-01-18,28,BRneg,2.162
2025-01-18,29,BRpos,4.732
2025-01-18,29,BRneg,1.278
2025-01-18,30,BRpos,5.032
2025-01-18,30,BRneg,2.324
2025-01-18,31,BRpos,2.245
2025-01-18,31,BRneg,1.174
2025-01-18,32,BRpos,3.187
2025-01-18,32,BRneg,1.271
2025-01-18,33,BRpos,2.67
2025-01-18,33,BRneg,2.119
2025-01-18,34,BRpos,4.485
2025-01-18,34,BRneg,0.955
2025-01-18,35,BRpos,5.789
2025-01-18,35,BRneg,1.699
2025-01-18,36,BRpos,6.047
2025-01-18,36,BRneg,3.148
2025-01-18,37,BRpos,2.798
2025-01-18,37,BRneg,1.967
2025-01-18,38,BRpos,5.791
2025-01-18,38,BRneg,4.937
2025-01-18,39,BRpos,7.597
2025-01-18,39,BRneg,3.467
2025-01-18,40,BRpos,3.255
2025-01-18,40,BRneg,0.861
2025-01-18,41,BRpos,3.158
2025-01-18,41,BRneg,1.597
2025-01-18,42,BRpos,3.431
2025-01-18,42,BRneg,1.751
2025-01-18,43,BRpos,2.34
2025-01-18,43,BRneg,0.601
2025-01-18,44,BRpos,3.714
2025-01-18,44,BRneg,1.92
2025-01-18,45,BRpos,3.398
2025-01-18,45,BRneg,3.445
2025-01-18,46,BRpos,4.073
2025-01-18,46,BRneg,1.033
2025-01-18,47,BRpos,4.503
2025-01-18,47,BRneg,1.222
2025-01-18,48,BRpos,3.909
2025-01-18,48,BRneg,2.029
2025-01-19,1,BRpos,5.128
2025-01-19,1,BRneg,1.279
2025-01-19,2,BRpos,2.36
2025-01-19,2,BRneg,1.039
2025-01-19,3,BRpos,6.484
2025-01-19,3,BRneg,2.128
2025-01-19,4,BRpos,2.986
2025-01-19,4,BRneg,1.439
2025-01-19,5,BRpos,9.42
2025-01-19,5,BRneg,1.817
2025-01-19,6,BRpos,1.524
2025-01-19,6,BRneg,1.433
2025-01-19,7,BRpos,3.53
2025-01-19,7,BRneg,1.038
2025-01-19,8,BRpos,4.247
2025-01-19,8,BRneg,1.751
2025-01-19,9,BRpos,0.855
2025-01-19,9,BRneg,1.93
2025-01-19,10,BRpos,3.138
2025-01-19,10,BRneg,1.618
2025-01-19,11,BRpos,4.327
2025-01-19,11,BRneg,1.739
2025-01-19,12,BRpos,14.632
2025-01-19,12,BRneg,1.739
2025-01-19,13,BRpos,2.739
2025-01-19,13,BRneg,2.722
2025-01-19,14,BRpos,3.55
2025-01-19,14,BRneg,3.01
2025-01-19,15,BRpos,1.516
2025-01-19,15,BRneg,1.991
2025-01-19,16,BRpos,5.829
2025-01-19,16,BRneg,2.292
2025-01-19,17,BRpos,4.695
2025-01-19,17,BRneg,2.053
2025-01-19,18,BRpos,1.78
2025-01-19,18,BRneg,1.166
2025-01-19,19,BRpos,4.049
2025-01-19,19,BRneg,2.685
2025-01-19,20,BRpos,3.895
2025-01-19,20,BRneg,1.109
2025-01-19,21,BRpos,0.755
2025-01-19,21,BRneg,4.807
2025-01-19,22,BRpos,8.328
2025-01-19,22,BRneg,1.389
2025-01-19,23,BRpos,7.357
2025-01-19,23,BRneg,1.549
2025-01-19,24,BRpos,4.552
2025-01-19,24,BRneg,1.585
2025-01-19,25,BRpos,4.035
2025-01-19,25,BRneg,1.712
2025-01-19,26,BRpos,2.672
2025-01-19,26,BRneg,1.433
2025-01-19,27,BRpos,2.771
2025-01-19,27,BRneg,1.584
2025-01-19,28,BRpos,2.321
2025-01-19,28,BRneg,1.171
2025-01-19,29,BRpos,3.543
2025-01-19,29,BRneg,1.331
2025-01-19,30,BRpos,4.173
2025-01-19,30,BRneg,4.516
2025-01-19,31,BRpos,4.208
2025-01-19,31,BRneg,1.315
2025-01-19,32,BRpos,5.785
2025-01-19,32,BRneg,1.412
2025-01-19,33,BRpos,3.27
2025-01-19,33,BRneg,1.261
2025-01-19,34,BRpos,6.905
2025-01-19,34,BRneg,3.362
2025-01-19,35,BRpos,4.648
2025-01-19,35,BRneg,2.938
2025-01-19,36,BRpos,6.528
2025-01-19,36,BRneg,2.188
2025-01-19,37,BRpos,5.106
2025-01-19,37,BRneg,1.11
2025-01-19,38,BRpos,17.462
2025-01-19,38,BRneg,2.179
2025-01-19,39,BRpos,6.148
2025-01-19,39,BRneg,2.846
2025-01-19,40,BRpos,1.436
2025-01-19,40,BRneg,2.464
2025-01-19,41,BRpos,1.841
2025-01-19,41,BRneg,1.25
2025-01-19,42,BRpos,4.341
2025-01-19,42,BRneg,3.104
2025-01-19,43,BRpos,6.706
2025-01-19,43,BRneg,2.099
2025-01-19,44,BRpos,5.67
2025-01-19,44,BRneg,2.175
2025-01-19,45,BRpos,3.091
2025-01-19,45,BRneg,2.307
2025-01-19,46,BRpos,6.323
2025-01-19,46,BRneg,2.786
2025-01-19,47,BRpos,4.347
2025-01-19,47,BRneg,1.236
2025-01-19,48,BRpos,6.35
2025-01-19,48,BRneg,1.998
2025-01-20,1,BRpos,5.296
2025-01-20,1,BRneg,1.811
2025-01-20,2,BRpos,1.805
2025-01-20,2,BRneg,1.796
2025-01-20,3,BRpos,1.877
2025-01-20,3,BRneg,1.797
2025-01-20,4,BRpos,4.595
2025-01-20,4,BRneg,0.424
2025-01-20,5,BRpos,1.845
2025-01-20,5,BRneg,1.492
2025-01-20,6,BRpos,4.802
2025-01-20,6,BRneg,2.289
2025-01-20,7,BRpos,2.251
2025-01-20,7,BRneg,2.577
2025-01-20,8,BRpos,3.247
2025-01-20,8,BRneg,1.555
2025-01-20,9,BRpos,1.945
2025-01-20,9,BRneg,2.14
2025-01-20,10,BRpos,3.64
2025-01-20,10,BRneg,1.215
2025-01-20,11,BRpos,4.088
2025-01-20,11,BRneg,3.365
2025-01-20,12,BRpos,3.053
2025-01-20,12,BRneg,1.22
2025-01-20,13,BRpos,2.432
2025-01-20,13,BRneg,2.283
2025-01-20,14,BRpos,1.91
2025-01-20,14,BRneg,0.887
2025-01-20,15,BRpos,5.189
2025-01-20,15,BRneg,1.277
2025-01-20,16,BRpos,2.515
2025-01-20,16,BRneg,1.356
2025-01-20,17,BRpos,3.349
2025-01-20,17,BRneg,2.17
2025-01-20,18,BRpos,3.148
2025-01-20,18,BRneg,2.665
2025-01-20,19,BRpos,3.751
2025-01-20,19,BRneg,2.033
2025-01-20,20,BRpos,4.673
2025-01-20,20,BRneg,2.244
2025-01-20,21,BRpos,2.147
2025-01-20,21,BRneg,0.892
2025-01-20,22,BRpos,3.625
2025-01-20,22,BRneg,0.506
2025-01-20,23,BRpos,8.805
2025-01-20,23,BRneg,0.846
2025-01-20,24,BRpos,4.116
2025-01-20,24,BRneg,0.989
2025-01-20,25,BRpos,4.962
2025-01-20,25,BRneg,2.237
2025-01-20,26,BRpos,3.859
2025-01-20,26,BRneg,0.909
2025-01-20,27,BRpos,4.31
2025-01-20,27,BRneg,2.566
2025-01-20,28,BRpos,5.481
2025-01-20,28,BRneg,1.592
2025-01-20,29,BRpos,2.718
2025-01-20,29,BRneg,3.557
2025-01-20,30,BRpos,3.108
2025-01-20,30,BRneg,4.882
2025-01-20,31,BRpos,3.092
2025-01-20,31,BRneg,1.475
2025-01-20,32,BRpos,4.261
2025-01-20,32,BRneg,3.121
2025-01-20,33,BRpos,2.814
2025-01-20,33,BRneg,1.334
2025-01-20,34,BRpos,8.559
2025-01-20,34,BRneg,2.307
2025-01-20,35,BRpos,7.955
2025-01-20,35,BRneg,3.241
2025-01-20,36,BRpos,5.089
2025-01-20,36,BRneg,2.437
2025-01-20,37,BRpos,2.888
2025-01-20,37,BRneg,3.618
2025-01-20,38,BRpos,2.19
2025-01-20,38,BRneg,2.443
2025-01-20,39,BRpos,6.566
2025-01-20,39,BRneg,6.282
2025-01-20,40,BRpos,2.855
2025-01-20,40,BRneg,1.288
2025-01-20,41,BRpos,6.241
2025-01-20,41,BRneg,1.217
2025-01-20,42,BRpos,3.19
2025-01-20,42,BRneg,3.591
2025-01-20,43,BRpos,2.982
2025-01-20,43,BRneg,1.019
2025-01-20,44,BRpos,2.626
2025-01-20,44,BRneg,1.678
2025-01-20,45,BRpos,4.473
2025-01-20,45,BRneg,2.195
2025-01-20,46,BRpos,8.93
2025-01-20,46,BRneg,2.949
2025-01-20,47,BRpos,2.037
2025-01-20,47,BRneg,3.507
2025-01-20,48,BRpos,4.076
2025-01-20,48,BRneg,1.149
2025-01-21,1,BRpos,2.717
2025-01-21,1,BRneg,3.291
2025-01-21,2,BRpos,2.151
2025-01-21,2,BRneg,2.535
2025-01-21,3,BRpos,8.985
2025-01-21,3,BRneg,0.735
2025-01-21,4,BRpos,1.823
2025-01-21,4,BRneg,2.095
2025-01-21,5,BRpos,3.995
2025-01-21,5,BRneg,2.079
2025-01-21,6,BRpos,3.4
2025-01-21,6,BRneg,1.277
2025-01-21,7,BRpos,1.886
2025-01-21,7,BRneg,1.449
2025-01-21,8,BRpos,3.965
2025-01-21,8,BRneg,5.147
2025-01-21,9,BRpos,5.521
2025-01-21,9,BRneg,1.808
2025-01-21,10,BRpos,3.126
2025-01-21,10,BRneg,0.727
2025-01-21,11,BRpos,4.147
2025-01-21,11,BRneg,0.879
2025-01-21,12,BRpos,3.132
2025-01-21,12,BRneg,1.11
2025-01-21,13,BRpos,2.244
2025-01-21,13,BRneg,2.771
2025-01-21,14,BRpos,4.666
2025-01-21,14,BRneg,1.63
2025-01-21,15,BRpos,8.876
2025-01-21,15,BRneg,1.251
2025-01-21,16,BRpos,5.027
2025-01-21,16,BRneg,2.259
2025-01-21,17,BRpos,5.673
2025-01-21,17,BRneg,3.726
2025-01-21,18,BRpos,2.763
2025-01-21,18,BRneg,1.389
2025-01-21,19,BRpos,2.288
2025-01-21,19,BRneg,3.351
2025-01-21,20,BRpos,2.855
2025-01-21,20,BRneg,1.718
2025-01-21,21,BRpos,1.574
2025-01-21,21,BRneg,2.209
2025-01-21,22,BRpos,2.933
2025-01-21,22,BRneg,1.085
2025-01-21,23,BRpos,4.402
2025-01-21,23,BRneg,4.129
2025-01-21,24,BRpos,2.746
2025-01-21,24,BRneg,1.962
2025-01-21,25,BRpos,4.158
2025-01-21,25,BRneg,1.616
2025-01-21,26,BRpos,5.914
2025-01-21,26,BRneg,0.918
2025-01-21,27,BRpos,5.694
2025-01-21,27,BRneg,1.055
2025-01-21,28,BRpos,3.222
2025-01-21,28,BRneg,2.366
2025-01-21,29,BRpos,2.103
2025-01-21,29,BRneg,1.212
2025-01-21,30,BRpos,3.613
2025-01-21,30,BRneg,1.034
2025-01-21,31,BRpos,2.215
2025-01-21,31,BRneg,2.994
2025-01-21,32,BRpos,3.349
2025-01-21,32,BRneg,1.597
2025-01-21,33,BRpos,3.834
2025-01-21,33,BRneg,1.588
2025-01-21,34,BRpos,3.359
2025-01-21,34,BRneg,4.542
2025-01-21,35,BRpos,6.113
2025-01-21,35,BRneg,2.371
2025-01-21,36,BRpos,6.136
2025-01-21,36,BRneg,3.895
2025-01-21,37,BRpos,10.596
2025-01-21,37,BRneg,3.416
2025-01-21,38,BRpos,5.37
2025-01-21,38,BRneg,2.636
2025-01-21,39,BRpos,5.573
2025-01-21,39,BRneg,2.118
2025-01-21,40,BRpos,4.03
2025-01-21,40,BRneg,1.404
2025-01-21,41,BRpos,2.593
2025-01-21,41,BRneg,1.72
2025-01-21,42,BRpos,5.251
2025-01-21,42,BRneg,2.899
2025-01-21,43,BRpos,4.913
2025-01-21,43,BRneg,1.681
2025-01-21,44,BRpos,3.734
2025-01-21,44,BRneg,5.215
2025-01-21,45,BRpos,3.911
2025-01-21,45,BRneg,1.747
2025-01-21,46,BRpos,2.361
2025-01-21,46,BRneg,1.589
2025-01-21,47,BRpos,3.128
2025-01-21,47,BRneg,1.473
2025-01-21,48,BRpos,7.595
2025-01-21,48,BRneg,2.187
2025-01-22,1,BRpos,2.148
2025-01-22,1,BRneg,1.579
2025-01-22,2,BRpos,4.543
2025-01-22,2,BRneg,1.683
2025-01-22,3,BRpos,2.68
2025-01-22,3,BRneg,1.523
2025-01-22,4,BRpos,10.339
2025-01-22,4,BRneg,1.936
2025-01-22,5,BRpos,4.396
2025-01-22,5,BRneg,1.45
2025-01-22,6,BRpos,4.071
2025-01-22,6,BRneg,1.381
2025-01-22,7,BRpos,3.619
2025-01-22,7,BRneg,1.496
2025-01-22,8,BRpos,4.894
2025-01-22,8,BRneg,2.225
2025-01-22,9,BRpos,2.708
2025-01-22,9,BRneg,1.014
2025-01-22,10,BRpos,2.453
2025-01-22,10,BRneg,1.694
2025-01-22,11,BRpos,5.053
2025-01-22,11,BRneg,1.311
2025-01-22,12,BRpos,4.228
2025-01-22,12,BRneg,3.012
2025-01-22,13,BRpos,5.661
2025-01-22,13,BRneg,0.718
2025-01-22,14,BRpos,1.034
2025-01-22,14,BRneg,1.553
2025-01-22,15,BRpos,2.895
2025-01-22,15,BRneg,2.338
2025-01-22,16,BRpos,3.234
2025-01-22,16,BRneg,2.046
2025-01-22,17,BRpos,8.568
2025-01-22,17,BRneg,1.215
2025-01-22,18,BRpos,2.922
2025-01-22,18,BRneg,2.077
2025-01-22,19,BRpos,1.765
2025-01-22,19,BRneg,0.87
2025-01-22,20,BRpos,1.61
2025-01-22,20,BRneg,2.346
2025-01-22,21,BRpos,7.93
2025-01-22,21,BRneg,1.451
2025-01-22,22,BRpos,4.627
2025-01-22,22,BRneg,1.297
2025-01-22,23,BRpos,2.834
2025-01-22,23,BRneg,1.402
2025-01-22,24,BRpos,7.63
2025-01-22,24,BRneg,0.894
2025-01-22,25,BRpos,3.493
2025-01-22,25,BRneg,1.301
2025-01-22,26,BRpos,6.864
2025-01-22,26,BRneg,2.773
2025-01-22,27,BRpos,2.458
2025-01-22,27,BRneg,1.039
2025-01-22,28,BRpos,3.91
2025-01-22,28,BRneg,0.686
2025-01-22,29,BRpos,5.79
2025-01-22,29,BRneg,1.247
2025-01-22,30,BRpos,1.232
2025-01-22,30,BRneg,2.674
2025-01-22,31,BRpos,1.607
2025-01-22,31,BRneg,2.453
2025-01-22,32,BRpos,1.887
2025-01-22,32,BRneg,2.122
2025-01-22,33,BRpos,5.501
2025-01-22,33,BRneg,1.242
2025-01-22,34,BRpos,10.851
2025-01-22,34,BRneg,1.829
2025-01-22,35,BRpos,5.285
2025-01-22,35,BRneg,3.288
2025-01-22,36,BRpos,7.528
2025-01-22,36,BRneg,2.578
2025-01-22,37,BRpos,5.241
2025-01-22,37,BRneg,1.813
2025-01-22,38,BRpos,6.968
2025-01-22,38,BRneg,2.117
2025-01-22,39,BRpos,11.215
2025-01-22,39,BRneg,3.864
2025-01-22,40,BRpos,6.51
2025-01-22,40,BRneg,1.384
2025-01-22,41,BRpos,3.421
2025-01-22,41,BRneg,3.596
2025-01-22,42,BRpos,8.876
2025-01-22,42,BRneg,1.645
2025-01-22,43,BRpos,5.688
2025-01-22,43,BRneg,1.147
2025-01-22,44,BRpos,7.042
2025-01-22,44,BRneg,2.729
2025-01-22,45,BRpos,6.976
2025-01-22,45,BRneg,1.376
2025-01-22,46,BRpos,2.613
2025-01-22,46,BRneg,0.843
2025-01-22,47,BRpos,2.952
2025-01-22,47,BRneg,1.904
2025-01-22,48,BRpos,2.789
2025-01-22,48,BRneg,3.851
2025-01-23,1,BRpos,1.942
2025-01-23,1,BRneg,3.051
2025-01-23,2,BRpos,5.593
2025-01-23,2,BRneg,1.6
2025-01-23,3,BRpos,3.15
2025-01-23,3,BRneg,1.154
2025-01-23,4,BRpos,5.037
2025-01-23,4,BRneg,1.708
2025-01-23,5,BRpos,2.869
2025-01-23,5,BRneg,1.17
2025-01-23,6,BRpos,3.353
2025-01-23,6,BRneg,1.116
2025-01-23,7,BRpos,4.107
2025-01-23,7,BRneg,1.724
2025-01-23,8,BRpos,4.916
2025-01-23,8,BRneg,3.021
2025-01-23,9,BRpos,8.035
2025-01-23,9,BRneg,2.488
2025-01-23,10,BRpos,3.429
2025-01-23,10,BRneg,1.393
2025-01-23,11,BRpos,3.206
2025-01-23,11,BRneg,0.562
2025-01-23,12,BRpos,4.288
2025-01-23,12,BRneg,3.126
2025-01-23,13,BRpos,1.998
2025-01-23,13,BRneg,4.77
2025-01-23,14,BRpos,6.634
2025-01-23,14,BRneg,0.959
2025-01-23,15,BRpos,1.508
2025-01-23,15,BRneg,2.087
2025-01-23,16,BRpos,1.713
2025-01-23,16,BRneg,3.347
2025-01-23,17,BRpos,2.016
2025-01-23,17,BRneg,0.994
2025-01-23,18,BRpos,4.874
2025-01-23,18,BRneg,1.204
2025-01-23,19,BRpos,4.065
2025-01-23,19,BRneg,1.432
2025-01-23,20,BRpos,5.686
2025-01-23,20,BRneg,1.411
2025-01-23,21,BRpos,4.317
2025-01-23,21,BRneg,0.841
2025-01-23,22,BRpos,3.181
2025-01-23,22,BRneg,1.152
2025-01-23,23,BRpos,1.716
2025-01-23,23,BRneg,1.396
2025-01-23,24,BRpos,2.659
2025-01-23,24,BRneg,1.354
2025-01-23,25,BRpos,2.594
2025-01-23,25,BRneg,3.154
2025-01-23,26,BRpos,3.645
2025-01-23,26,BRneg,1.715
2025-01-23,27,BRpos,4.934
2025-01-23,27,BRneg,1.653
2025-01-23,28,BRpos,3.817
2025-01-23,28,BRneg,1.441
2025-01-23,29,BRpos,7.441
2025-01-23,29,BRneg,1.68
2025-01-23,30,BRpos,2.024
2025-01-23,30,BRneg,2.084
2025-01-23,31,BRpos,1.952
2025-01-23,31,BRneg,1.718
2025-01-23,32,BRpos,8.663
2025-01-23,32,BRneg,1.339
2025-01-23,33,BRpos,4.843
2025-01-23,33,BRneg,1.835
2025-01-23,34,BRpos,12.345
2025-01-23,34,BRneg,3.283
2025-01-23,35,BRpos,2.48
2025-01-23,35,BRneg,8.403
2025-01-23,36,BRpos,5.657
2025-01-23,36,BRneg,4.183
2025-01-23,37,BRpos,4.988
2025-01-23,37,BRneg,5.281
2025-01-23,38,BRpos,2.111
2025-01-23,38,BRneg,2.497
2025-01-23,39,BRpos,8.614
2025-01-23,39,BRneg,2.201
2025-01-23,40,BRpos,1.253
2025-01-23,40,BRneg,2.115
2025-01-23,41,BRpos,4.065
2025-01-23,41,BRneg,2.818
2025-01-23,42,BRpos,5.181
2025-01-23,42,BRneg,2.397
2025-01-23,43,BRpos,2.625
2025-01-23,43,BRneg,2.365
2025-01-23,44,BRpos,1.637
2025-01-23,44,BRneg,2.358
2025-01-23,45,BRpos,6.103
2025-01-23,45,BRneg,0.9
2025-01-23,46,BRpos,4.144
2025-01-23,46,BRneg,2.833
2025-01-23,47,BRpos,5.557
2025-01-23,47,BRneg,1.491
2025-01-23,48,BRpos,4.08
2025-01-23,48,BRneg,2.108
2025-01-24,1,BRpos,5.913
2025-01-24,1,BRneg,3.432
2025-01-24,2,BRpos,3.065
2025-01-24,2,BRneg,2.658
2025-01-24,3,BRpos,1.217
2025-01-24,3,BRneg,0.979
2025-01-24,4,BRpos,4.231
2025-01-24,4,BRneg,2.438
2025-01-24,5,BRpos,2.821
2025-01-24,5,BRneg,1.05
2025-01-24,6,BRpos,3.042
2025-01-24,6,BRneg,3.444
2025-01-24,7,BRpos,2.185
2025-01-24,7,BRneg,1.675
2025-01-24,8,BRpos,2.89
2025-01-24,8,BRneg,2.081
2025-01-24,9,BRpos,4.607
2025-01-24,9,BRneg,3.748
2025-01-24,10,BRpos,4.725
2025-01-24,10,BRneg,0.84
2025-01-24,11,BRpos,2.678
2025-01-24,11,BRneg,4.289
2025-01-24,12,BRpos,5.865
2025-01-24,12,BRneg,1.058
2025-01-24,13,BRpos,3.559
2025-01-24,13,BRneg,0.803
2025-01-24,14,BRpos,6.982
2025-01-24,14,BRneg,1.234
2025-01-24,15,BRpos,2.381
2025-01-24,15,BRneg,1.486
2025-01-24,16,BRpos,3.943
2025-01-24,16,BRneg,1.465
2025-01-24,17,BRpos,3.605
2025-01-24,17,BRneg,1.745
2025-01-24,18,BRpos,3.31
2025-01-24,18,BRneg,1.589
2025-01-24,19,BRpos,1.543
2025-01-24,19,BRneg,1.167
2025-01-24,20,BRpos,7.268
2025-01-24,20,BRneg,1.635
2025-01-24,21,BRpos,3.467
2025-01-24,21,BRneg,0.938
2025-01-24,22,BRpos,3.082
2025-01-24,22,BRneg,0.512
2025-01-24,23,BRpos,5.074
2025-01-24,23,BRneg,2.935
2025-01-24,24,BRpos,2.848
2025-01-24,24,BRneg,1.016
2025-01-24,25,BRpos,10.726
2025-01-24,25,BRneg,1.375
2025-01-24,26,BRpos,6.37
2025-01-24,26,BRneg,3.479
2025-01-24,27,BRpos,2.194
2025-01-24,27,BRneg,0.932
2025-01-24,28,BRpos,3.575
2025-01-24,28,BRneg,2.082
2025-01-24,29,BRpos,2.984
2025-01-24,29,BRneg,2.06
2025-01-24,30,BRpos,3.331
2025-01-24,30,BRneg,0.623
2025-01-24,31,BRpos,2.192
2025-01-24,31,BRneg,1.732
2025-01-24,32,BRpos,4.723
2025-01-24,32,BRneg,1.258
2025-01-24,33,BRpos,6.088
2025-01-24,33,BRneg,1.592
2025-01-24,34,BRpos,6.88
2025-01-24,34,BRneg,4.76
2025-01-24,35,BRpos,7.339
2025-01-24,35,BRneg,1.394
2025-01-24,36,BRpos,4.03
2025-01-24,36,BRneg,1.607
2025-01-24,37,BRpos,4.978
2025-01-24,37,BRneg,2.514
2025-01-24,38,BRpos,4.596
2025-01-24,38,BRneg,4.237
2025-01-24,39,BRpos,6.122
2025-01-24,39,BRneg,1.38
2025-01-24,40,BRpos,3.326
2025-01-24,40,BRneg,1.159
2025-01-24,41,BRpos,3.515
2025-01-24,41,BRneg,2.097
2025-01-24,42,BRpos,3.52
2025-01-24,42,BRneg,1.761
2025-01-24,43,BRpos,2.317
2025-01-24,43,BRneg,5.727
2025-01-24,44,BRpos,2.686
2025-01-24,44,BRneg,0.466
2025-01-24,45,BRpos,2.317
2025-01-24,45,BRneg,1.312
2025-01-24,46,BRpos,1.926
2025-01-24,46,BRneg,1.463
2025-01-24,47,BRpos,1.977
2025-01-24,47,BRneg,1.785
2025-01-24,48,BRpos,3.821
2025-01-24,48,BRneg,1.779
2025-01-25,1,BRpos,4.718
2025-01-25,1,BRneg,2.274
2025-01-25,2,BRpos,6.948
2025-01-25,2,BRneg,1.307
2025-01-25,3,BRpos,2.652
2025-01-25,3,BRneg,1.126
2025-01-25,4,BRpos,1.811
2025-01-25,4,BRneg,1.208
2025-01-25,5,BRpos,4.478
2025-01-25,5,BRneg,0.503
2025-01-25,6,BRpos,4.279
2025-01-25,6,BRneg,1.61
2025-01-25,7,BRpos,3.455
2025-01-25,7,BRneg,2.967
2025-01-25,8,BRpos,5.327
2025-01-25,8,BRneg,2.187
2025-01-25,9,BRpos,2.84
2025-01-25,9,BRneg,2.236
2025-01-25,10,BRpos,8.492
2025-01-25,10,BRneg,1.053
2025-01-25,11,BRpos,2.889
2025-01-25,11,BRneg,1.588
2025-01-25,12,BRpos,2.144
2025-01-25,12,BRneg,1.356
2025-01-25,13,BRpos,1.791
2025-01-25,13,BRneg,2.377
2025-01-25,14,BRpos,4.883
2025-01-25,14,BRneg,1.503
2025-01-25,15,BRpos,3.463
2025-01-25,15,BRneg,1.562
2025-01-25,16,BRpos,2.756
2025-01-25,16,BRneg,0.808
2025-01-25,17,BRpos,5.075
2025-01-25,17,BRneg,1.445
2025-01-25,18,BRpos,3.095
2025-01-25,18,BRneg,1.504
2025-01-25,19,BRpos,3.497
2025-01-25,19,BRneg,1.861
2025-01-25,20,BRpos,3.045
2025-01-25,20,BRneg,2.573
2025-01-25,21,BRpos,2.81
2025-01-25,21,BRneg,2.496
2025-01-25,22,BRpos,4.701
2025-01-25,22,BRneg,1.347
2025-01-25,23,BRpos,5.137
2025-01-25,23,BRneg,0.89
2025-01-25,24,BRpos,6.058
2025-01-25,24,BRneg,0.601
2025-01-25,25,BRpos,1.495
2025-01-25,25,BRneg,0.42
2025-01-25,26,BRpos,3.388
2025-01-25,26,BRneg,2.154
2025-01-25,27,BRpos,2.898
2025-01-25,27,BRneg,1.645
2025-01-25,28,BRpos,5.235
2025-01-25,28,BRneg,1.225
2025-01-25,29,BRpos,5.66
2025-01-25,29,BRneg,1.526
2025-01-25,30,BRpos,9.153
2025-01-25,30,BRneg,1.781
2025-01-25,31,BRpos,2.657
2025-01-25,31,BRneg,1.64
2025-01-25,32,BRpos,1.959
2025-01-25,32,BRneg,1.477
2025-01-25,33,BRpos,2.49
2025-01-25,33,BRneg,1.424
2025-01-25,34,BRpos,2.413
2025-01-25,34,BRneg,1.853
2025-01-25,35,BRpos,7.003
2025-01-25,35,BRneg,2.91
2025-01-25,36,BRpos,4.519
2025-01-25,36,BRneg,1.553
2025-01-25,37,BRpos,8.558
2025-01-25,37,BRneg,1.971
2025-01-25,38,BRpos,7.492
2025-01-25,38,BRneg,2.06
2025-01-25,39,BRpos,4.874
2025-01-25,39,BRneg,2.701
2025-01-25,40,BRpos,2.068
2025-01-25,40,BRneg,1.257
2025-01-25,41,BRpos,5.551
2025-01-25,41,BRneg,3.151
2025-01-25,42,BRpos,2.073
2025-01-25,42,BRneg,2.916
2025-01-25,43,BRpos,1.862
2025-01-25,43,BRneg,0.9
2025-01-25,44,BRpos,1.377
2025-01-25,44,BRneg,1.402
2025-01-25,45,BRpos,6.822
2025-01-25,45,BRneg,2.17
2025-01-25,46,BRpos,3.293
2025-01-25,46,BRneg,1.055
2025-01-25,47,BRpos,2.248
2025-01-25,47,BRneg,2.632
2025-01-25,48,BRpos,4.494
2025-01-25,48,BRneg,1.238
2025-01-26,1,BRpos,2.006
2025-01-26,1,BRneg,1.584
2025-01-26,2,BRpos,5.167
2025-01-26,2,BRneg,1.576
2025-01-26,3,BRpos,3.45
2025-01-26,3,BRneg,1.257
2025-01-26,4,BRpos,2.898
2025-01-26,4,BRneg,2.045
2025-01-26,5,BRpos,2.686
2025-01-26,5,BRneg,2.375
2025-01-26,6,BRpos,2.075
2025-01-26,6,BRneg,0.833
2025-01-26,7,BRpos,1.872
2025-01-26,7,BRneg,2.142
2025-01-26,8,BRpos,2.93
2025-01-26,8,BRneg,1.238
2025-01-26,9,BRpos,1.924
2025-01-26,9,BRneg,2.317
2025-01-26,10,BRpos,2.752
2025-01-26,10,BRneg,2.369
2025-01-26,11,BRpos,2.496
2025-01-26,11,BRneg,2.26
2025-01-26,12,BRpos,2.099
2025-01-26,12,BRneg,0.517
2025-01-26,13,BRpos,3.242
2025-01-26,13,BRneg,0.756
2025-01-26,14,BRpos,2.577
2025-01-26,14,BRneg,1.707
2025-01-26,15,BRpos,3.456
2025-01-26,15,BRneg,2.675
2025-01-26,16,BRpos,2.976
2025-01-26,16,BRneg,0.789
2025-01-26,17,BRpos,1.447
2025-01-26,17,BRneg,3.537
2025-01-26,18,BRpos,5.224
2025-01-26,18,BRneg,1.167
2025-01-26,19,BRpos,2.734
2025-01-26,19,BRneg,1.891
2025-01-26,20,BRpos,3.349
2025-01-26,20,BRneg,2.054
2025-01-26,21,BRpos,3.271
2025-01-26,21,BRneg,0.845
2025-01-26,22,BRpos,2.895
2025-01-26,22,BRneg,2.877
2025-01-26,23,BRpos,3.453
2025-01-26,23,BRneg,1.868
2025-01-26,24,BRpos,3.275
2025-01-26,24,BRneg,1.882
2025-01-26,25,BRpos,1.3
2025-01-26,25,BRneg,0.809
2025-01-26,26,BRpos,6.628
2025-01-26,26,BRneg,1.064
2025-01-26,27,BRpos,2.411
2025-01-26,27,BRneg,3.315
2025-01-26,28,BRpos,3.092
2025-01-26,28,BRneg,2.178
2025-01-26,29,BRpos,7.595
2025-01-26,29,BRneg,1.23
2025-01-26,30,BRpos,2.156
2025-01-26,30,BRneg,1.783
2025-01-26,31,BRpos,4.097
2025-01-26,31,BRneg,1.729
2025-01-26,32,BRpos,3.349
2025-01-26,32,BRneg,1.372
2025-01-26,33,BRpos,11.528
2025-01-26,33,BRneg,0.859
2025-01-26,34,BRpos,13.977
2025-01-26,34,BRneg,1.43
2025-01-26,35,BRpos,6.484
2025-01-26,35,BRneg,4.519
2025-01-26,36,BRpos,6.089
2025-01-26,36,BRneg,1.12
2025-01-26,37,BRpos,5.131
2025-01-26,37,BRneg,1.214
2025-01-26,38,BRpos,5.965
2025-01-26,38,BRneg,1.492
2025-01-26,39,BRpos,7.27
2025-01-26,39,BRneg,4.345
2025-01-26,40,BRpos,6.846
2025-01-26,40,BRneg,0.837
2025-01-26,41,BRpos,2.295
2025-01-26,41,BRneg,2.135
2025-01-26,42,BRpos,3.842
2025-01-26,42,BRneg,1.718
2025-01-26,43,BRpos,4.45
2025-01-26,43,BRneg,1.775
2025-01-26,44,BRpos,3.287
2025-01-26,44,BRneg,0.869
2025-01-26,45,BRpos,2.817
2025-01-26,45,BRneg,1.715
2025-01-26,46,BRpos,2.757
2025-01-26,46,BRneg,1.908
2025-01-26,47,BRpos,5.723
2025-01-26,47,BRneg,2.543
2025-01-26,48,BRpos,3.842
2025-01-26,48,BRneg,2.079
2025-01-27,1,BRpos,1.997
2025-01-27,1,BRneg,1.19
2025-01-27,2,BRpos,7.964
2025-01-27,2,BRneg,1.796
2025-01-27,3,BRpos,4.455
2025-01-27,3,BRneg,1.529
2025-01-27,4,BRpos,2.153
2025-01-27,4,BRneg,2.178
2025-01-27,5,BRpos,7.513
2025-01-27,5,BRneg,2.083
2025-01-27,6,BRpos,2.623
2025-01-27,6,BRneg,1.742
2025-01-27,7,BRpos,3.567
2025-01-27,7,BRneg,1.91
2025-01-27,8,BRpos,2.41
2025-01-27,8,BRneg,2.878
2025-01-27,9,BRpos,3.606
2025-01-27,9,BRneg,1.071
2025-01-27,10,BRpos,3.255
2025-01-27,10,BRneg,2.112
2025-01-27,11,BRpos,4.188
2025-01-27,11,BRneg,0.986
2025-01-27,12,BRpos,4.414
2025-01-27,12,BRneg,0.92
2025-01-27,13,BRpos,7.751
2025-01-27,13,BRneg,2.433
2025-01-27,14,BRpos,1.893
2025-01-27,14,BRneg,1.195
2025-01-27,15,BRpos,3.336
2025-01-27,15,BRneg,1.809
2025-01-27,16,BRpos,3.05
2025-01-27,16,BRneg,1.336
2025-01-27,17,BRpos,3.811
2025-01-27,17,BRneg,0.952
2025-01-27,18,BRpos,6.758
2025-01-27,18,BRneg,1.733
2025-01-27,19,BRpos,2.09
2025-01-27,19,BRneg,2.916
2025-01-27,20,BRpos,3.233
2025-01-27,20,BRneg,1.276
2025-01-27,21,BRpos,3.737
2025-01-27,21,BRneg,2.095
2025-01-27,22,BRpos,3.943
2025-01-27,22,BRneg,0.804
2025-01-27,23,BRpos,3.695
2025-01-27,23,BRneg,1.644
2025-01-27,24,BRpos,2.05
2025-01-27,24,BRneg,1.387
2025-01-27,25,BRpos,4.285
2025-01-27,25,BRneg,5.587
2025-01-27,26,BRpos,3.035
2025-01-27,26,BRneg,1.035
2025-01-27,27,BRpos,4.185
2025-01-27,27,BRneg,1.94
2025-01-27,28,BRpos,3.214
2025-01-27,28,BRneg,2.242
2025-01-27,29,BRpos,4.911
2025-01-27,29,BRneg,1.207
2025-01-27,30,BRpos,7.051
2025-01-27,30,BRneg,1.341
2025-01-27,31,BRpos,2.352
2025-01-27,31,BRneg,1.566
2025-01-27,32,BRpos,2.859
2025-01-27,32,BRneg,2.669
2025-01-27,33,BRpos,4.015
2025-01-27,33,BRneg,0.863
2025-01-27,34,BRpos,7.398
2025-01-27,34,BRneg,2.061
2025-01-27,35,BRpos,5.892
2025-01-27,35,BRneg,3.929
2025-01-27,36,BRpos,6.842
2025-01-27,36,BRneg,3.213
2025-01-27,37,BRpos,7.073
2025-01-27,37,BRneg,3.543
2025-01-27,38,BRpos,7.554
2025-01-27,38,BRneg,2.008
2025-01-27,39,BRpos,5.053
2025-01-27,39,BRneg,2.882
2025-01-27,40,BRpos,2.042
2025-01-27,40,BRneg,4.445
2025-01-27,41,BRpos,6.187
2025-01-27,41,BRneg,1.558
2025-01-27,42,BRpos,1.732
2025-01-27,42,BRneg,3.183
2025-01-27,43,BRpos,2.008
2025-01-27,43,BRneg,1.243
2025-01-27,44,BRpos,1.694
2025-01-27,44,BRneg,1.841
2025-01-27,45,BRpos,3.88
2025-01-27,45,BRneg,1.392
2025-01-27,46,BRpos,2.479
2025-01-27,46,BRneg,0.553
2025-01-27,47,BRpos,8.901
2025-01-27,47,BRneg,1.687
2025-01-27,48,BRpos,5.163
2025-01-27,48,BRneg,1.284
2025-01-28,1,BRpos,4.28
2025-01-28,1,BRneg,2.202
2025-01-28,2,BRpos,5.424
2025-01-28,2,BRneg,3.993
2025-01-28,3,BRpos,3.538
2025-01-28,3,BRneg,1.777
2025-01-28,4,BRpos,2.097
2025-01-28,4,BRneg,1.654
2025-01-28,5,BRpos,3.425
2025-01-28,5,BRneg,1.401
2025-01-28,6,BRpos,3.014
2025-01-28,6,BRneg,1.225
2025-01-28,7,BRpos,1.425
2025-01-28,7,BRneg,1.619
2025-01-28,8,BRpos,2.733
2025-01-28,8,BRneg,1.07
2025-01-28,9,BRpos,6.999
2025-01-28,9,BRneg,1.397
2025-01-28,10,BRpos,3.19
2025-01-28,10,BRneg,2.077
2025-01-28,11,BRpos,3.967
2025-01-28,11,BRneg,1.764
2025-01-28,12,BRpos,4.032
2025-01-28,12,BRneg,4.029
2025-01-28,13,BRpos,5.119
2025-01-28,13,BRneg,1.093
2025-01-28,14,BRpos,6.8
2025-01-28,14,BRneg,1.143
2025-01-28,15,BRpos,3.637
2025-01-28,15,BRneg,3.673
2025-01-28,16,BRpos,3.035
2025-01-28,16,BRneg,2.471
2025-01-28,17,BRpos,2.972
2025-01-28,17,BRneg,2.441
2025-01-28,18,BRpos,5.485
2025-01-28,18,BRneg,2.657
2025-01-28,19,BRpos,2.022
2025-01-28,19,BRneg,1.081
2025-01-28,20,BRpos,2.254
2025-01-28,20,BRneg,1.172
2025-01-28,21,BRpos,1.437
2025-01-28,21,BRneg,1.026
2025-01-28,22,BRpos,1.547
2025-01-28,22,BRneg,1.64
2025-01-28,23,BRpos,1.545
2025-01-28,23,BRneg,1.849
2025-01-28,24,BRpos,3.309
2025-01-28,24,BRneg,2.81
2025-01-28,25,BRpos,4.783
2025-01-28,25,BRneg,0.589
2025-01-28,26,BRpos,3.607
2025-01-28,26,BRneg,1.476
2025-01-28,27,BRpos,3.518
2025-01-28,27,BRneg,2.062
2025-01-28,28,BRpos,4.173
2025-01-28,28,BRneg,2.345
2025-01-28,29,BRpos,5.875
2025-01-28,29,BRneg,0.984
2025-01-28,30,BRpos,2.981
2025-01-28,30,BRneg,1.054
2025-01-28,31,BRpos,2.78
2025-01-28,31,BRneg,1.368
2025-01-28,32,BRpos,3.28
2025-01-28,32,BRneg,0.33
2025-01-28,33,BRpos,5.557
2025-01-28,33,BRneg,2.914
2025-01-28,34,BRpos,3.394
2025-01-28,34,BRneg,3.654
2025-01-28,35,BRpos,5.126
2025-01-28,35,BRneg,4.858
2025-01-28,36,BRpos,3.978
2025-01-28,36,BRneg,4.146
2025-01-28,37,BRpos,6.143
2025-01-28,37,BRneg,3.484
2025-01-28,38,BRpos,8.281
2025-01-28,38,BRneg,5.639
2025-01-28,39,BRpos,6.976
2025-01-28,39,BRneg,2.229
2025-01-28,40,BRpos,2.836
2025-01-28,40,BRneg,1.433
2025-01-28,41,BRpos,3.53
2025-01-28,41,BRneg,0.927
2025-01-28,42,BRpos,2.095
2025-01-28,42,BRneg,0.8
2025-01-28,43,BRpos,2.951
2025-01-28,43,BRneg,1.845
2025-01-28,44,BRpos,4.572
2025-01-28,44,BRneg,0.501
2025-01-28,45,BRpos,2.895
2025-01-28,45,BRneg,1.643
2025-01-28,46,BRpos,1.942
2025-01-28,46,BRneg,3.187
2025-01-28,47,BRpos,3.186
2025-01-28,47,BRneg,0.448
2025-01-28,48,BRpos,3.847
2025-01-28,48,BRneg,1.732
2025-01-29,1,BRpos,3.091
2025-01-29,1,BRneg,1.892
2025-01-29,2,BRpos,8.122
2025-01-29,2,BRneg,1.954
2025-01-29,3,BRpos,2.843
2025-01-29,3,BRneg,1.553
2025-01-29,4,BRpos,1.781
2025-01-29,4,BRneg,2.262
2025-01-29,5,BRpos,3.326
2025-01-29,5,BRneg,2.276
2025-01-29,6,BRpos,4.767
2025-01-29,6,BRneg,0.724
2025-01-29,7,BRpos,3.3
2025-01-29,7,BRneg,0.957
2025-01-29,8,BRpos,1.656
2025-01-29,8,BRneg,1.716
2025-01-29,9,BRpos,4.409
2025-01-29,9,BRneg,0.659
2025-01-29,10,BRpos,4.993
2025-01-29,10,BRneg,2.894
2025-01-29,11,BRpos,1.167
2025-01-29,11,BRneg,1.926
2025-01-29,12,BRpos,4.286
2025-01-29,12,BRneg,0.946
2025-01-29,13,BRpos,1.839
2025-01-29,13,BRneg,0.964
2025-01-29,14,BRpos,2.045
2025-01-29,14,BRneg,3.213
2025-01-29,15,BRpos,2.078
2025-01-29,15,BRneg,4.059
2025-01-29,16,BRpos,5.202
2025-01-29,16,BRneg,1.278
2025-01-29,17,BRpos,6.72
2025-01-29,17,BRneg,0.694
2025-01-29,18,BRpos,2.186
2025-01-29,18,BRneg,1.818
2025-01-29,19,BRpos,2.429
2025-01-29,19,BRneg,1.29
2025-01-29,20,BRpos,2.203
2025-01-29,20,BRneg,3.279
2025-01-29,21,BRpos,3.238
2025-01-29,21,BRneg,1.262
2025-01-29,22,BRpos,3.211
2025-01-29,22,BRneg,2.234
2025-01-29,23,BRpos,4.524
2025-01-29,23,BRneg,2.86
2025-01-29,24,BRpos,3.311
2025-01-29,24,BRneg,1.096
2025-01-29,25,BRpos,1.831
2025-01-29,25,BRneg,2.083
2025-01-29,26,BRpos,5.456
2025-01-29,26,BRneg,0.658
2025-01-29,27,BRpos,4.944
2025-01-29,27,BRneg,0.805
2025-01-29,28,BRpos,5.611
2025-01-29,28,BRneg,1.504
2025-01-29,29,BRpos,3.158
2025-01-29,29,BRneg,0.987
2025-01-29,30,BRpos,5.203
2025-01-29,30,BRneg,1.859
2025-01-29,31,BRpos,3.478
2025-01-29,31,BRneg,1.3
2025-01-29,32,BRpos,5.191
2025-01-29,32,BRneg,0.853
2025-01-29,33,BRpos,7.193
2025-01-29,33,BRneg,2.596
2025-01-29,34,BRpos,10.219
2025-01-29,34,BRneg,1.524
2025-01-29,35,BRpos,9.226
2025-01-29,35,BRneg,5.29
2025-01-29,36,BRpos,2.043
2025-01-29,36,BRneg,2.19
2025-01-29,37,BRpos,9.986
2025-01-29,37,BRneg,3.971
2025-01-29,38,BRpos,7.001
2025-01-29,38,BRneg,1.219
2025-01-29,39,BRpos,8.882
2025-01-29,39,BRneg,2.384
2025-01-29,40,BRpos,4.099
2025-01-29,40,BRneg,1.556
2025-01-29,41,BRpos,5.468
2025-01-29,41,BRneg,1.389
2025-01-29,42,BRpos,2.093
2025-01-29,42,BRneg,1.868
2025-01-29,43,BRpos,2.057
2025-01-29,43,BRneg,0.977
2025-01-29,44,BRpos,3.82
2025-01-29,44,BRneg,0.654
2025-01-29,45,BRpos,3.797
2025-01-29,45,BRneg,0.613
2025-01-29,46,BRpos,6.201
2025-01-29,46,BRneg,1.203
2025-01-29,47,BRpos,2.124
2025-01-29,47,BRneg,2.251
2025-01-29,48,BRpos,6.61
2025-01-29,48,BRneg,1.621
2025-01-30,1,BRpos,2.402
2025-01-30,1,BRneg,1.931
2025-01-30,2,BRpos,4.296
2025-01-30,2,BRneg,1.016
2025-01-30,3,BRpos,3.426
2025-01-30,3,BRneg,2.11
2025-01-30,4,BRpos,2.41
2025-01-30,4,BRneg,1.314
2025-01-30,5,BRpos,3.209
2025-01-30,5,BRneg,1.357
2025-01-30,6,BRpos,1.511
2025-01-30,6,BRneg,2.04
2025-01-30,7,BRpos,4.105
2025-01-30,7,BRneg,2.628
2025-01-30,8,BRpos,2.274
2025-01-30,8,BRneg,1.674
2025-01-30,9,BRpos,3.206
2025-01-30,9,BRneg,0.992
2025-01-30,10,BRpos,3.806
2025-01-30,10,BRneg,1.697
2025-01-30,11,BRpos,6.189
2025-01-30,11,BRneg,1.16
2025-01-30,12,BRpos,3.047
2025-01-30,12,BRneg,3.409
2025-01-30,13,BRpos,2.938
2025-01-30,13,BRneg,2.687
2025-01-30,14,BRpos,3.266
2025-01-30,14,BRneg,1.769
2025-01-30,15,BRpos,3.862
2025-01-30,15,BRneg,1.57
2025-01-30,16,BRpos,5.471
2025-01-30,16,BRneg,0.762
2025-01-30,17,BRpos,7.048
2025-01-30,17,BRneg,1.14
2025-01-30,18,BRpos,2.627
2025-01-30,18,BRneg,1.43
2025-01-30,19,BRpos,1.436
2025-01-30,19,BRneg,0.899
2025-01-30,20,BRpos,3.042
2025-01-30,20,BRneg,0.863
2025-01-30,21,BRpos,2.16
2025-01-30,21,BRneg,1.812
2025-01-30,22,BRpos,7.828
2025-01-30,22,BRneg,1.308
2025-01-30,23,BRpos,5.823
2025-01-30,23,BRneg,0.372
2025-01-30,24,BRpos,2.582
2025-01-30,24,BRneg,2.381
2025-01-30,25,BRpos,8.919
2025-01-30,25,BRneg,0.851
2025-01-30,26,BRpos,2.772
2025-01-30,26,BRneg,1.343
2025-01-30,27,BRpos,2.298
2025-01-30,27,BRneg,1.453
2025-01-30,28,BRpos,2.407
2025-01-30,28,BRneg,0.962
2025-01-30,29,BRpos,3.671
2025-01-30,29,BRneg,3.925
2025-01-30,30,BRpos,3.487
2025-01-30,30,BRneg,2.33
2025-01-30,31,BRpos,3.758
2025-01-30,31,BRneg,1.155
2025-01-30,32,BRpos,4.932
2025-01-30,32,BRneg,1.597
2025-01-30,33,BRpos,3.236
2025-01-30,33,BRneg,2.894
2025-01-30,34,BRpos,4.313
2025-01-30,34,BRneg,3.429
2025-01-30,35,BRpos,3.154
2025-01-30,35,BRneg,2.51
2025-01-30,36,BRpos,4.022
2025-01-30,36,BRneg,3.342
2025-01-30,37,BRpos,2.948
2025-01-30,37,BRneg,7.443
2025-01-30,38,BRpos,5.417
2025-01-30,38,BRneg,1.55
2025-01-30,39,BRpos,5.094
2025-01-30,39,BRneg,1.768
2025-01-30,40,BRpos,5.713
2025-01-30,40,BRneg,1.488
2025-01-30,41,BRpos,3.218
2025-01-30,41,BRneg,0.912
2025-01-30,42,BRpos,1.562
2025-01-30,42,BRneg,3.048
2025-01-30,43,BRpos,2.182
2025-01-30,43,BRneg,2.277
2025-01-30,44,BRpos,3.804
2025-01-30,44,BRneg,0.757
2025-01-30,45,BRpos,4.069
2025-01-30,45,BRneg,1.612
2025-01-30,46,BRpos,4.503
2025-01-30,46,BRneg,1.534
2025-01-30,47,BRpos,3.375
2025-01-30,47,BRneg,1.216
2025-01-30,48,BRpos,3.244
2025-01-30,48,BRneg,1.341
2025-01-31,1,BRpos,2.236
2025-01-31,1,BRneg,2.205
2025-01-31,2,BRpos,2.911
2025-01-31,2,BRneg,2.521
2025-01-31,3,BRpos,1.823
2025-01-31,3,BRneg,0.964
2025-01-31,4,BRpos,4.41
2025-01-31,4,BRneg,1.094
2025-01-31,5,BRpos,2.332
2025-01-31,5,BRneg,1.984
2025-01-31,6,BRpos,6.097
2025-01-31,6,BRneg,2.907
2025-01-31,7,BRpos,4.546
2025-01-31,7,BRneg,1.378
2025-01-31,8,BRpos,3.909
2025-01-31,8,BRneg,1.708
2025-01-31,9,BRpos,7.944
2025-01-31,9,BRneg,1.483
2025-01-31,10,BRpos,1.653
2025-01-31,10,BRneg,2.164
2025-01-31,11,BRpos,5.787
2025-01-31,11,BRneg,1.192
2025-01-31,12,BRpos,2.917
2025-01-31,12,BRneg,5.136
2025-01-31,13,BRpos,2.638
2025-01-31,13,BRneg,1.582
2025-01-31,14,BRpos,4.409
2025-01-31,14,BRneg,1.05
2025-01-31,15,BRpos,2.053
2025-01-31,15,BRneg,2.239
2025-01-31,16,BRpos,3.649
2025-01-31,16,BRneg,0.756
2025-01-31,17,BRpos,7.99
2025-01-31,17,BRneg,2.612
2025-01-31,18,BRpos,2.473
2025-01-31,18,BRneg,0.931
2025-01-31,19,BRpos,5.287
2025-01-31,19,BRneg,1.419
2025-01-31,20,BRpos,5.715
2025-01-31,20,BRneg,1.856
2025-01-31,21,BRpos,3.045
2025-01-31,21,BRneg,1.314
2025-01-31,22,BRpos,3.635
2025-01-31,22,BRneg,1.687
2025-01-31,23,BRpos,2.941
2025-01-31,23,BRneg,1.986
2025-01-31,24,BRpos,5.324
2025-01-31,24,BRneg,1.556
2025-01-31,25,BRpos,1.884
2025-01-31,25,BRneg,1.791
2025-01-31,26,BRpos,1.4
2025-01-31,26,BRneg,1.491
2025-01-31,27,BRpos,4.64
2025-01-31,27,BRneg,4.648
2025-01-31,28,BRpos,2.619
2025-01-31,28,BRneg,1.613
2025-01-31,29,BRpos,5.412
2025-01-31,29,BRneg,2.559
2025-01-31,30,BRpos,2.819
2025-01-31,30,BRneg,2.112
2025-01-31,31,BRpos,2.817
2025-01-31,31,BRneg,1.338
2025-01-31,32,BRpos,3.26
2025-01-31,32,BRneg,1.338
2025-01-31,33,BRpos,3.2
2025-01-31,33,BRneg,2.858
2025-01-31,34,BRpos,4.948
2025-01-31,34,BRneg,1.007
2025-01-31,35,BRpos,4.972
2025-01-31,35,BRneg,3.908
2025-01-31,36,BRpos,4.487
2025-01-31,36,BRneg,3.967
2025-01-31,37,BRpos,11.121
2025-01-31,37,BRneg,2.187
2025-01-31,38,BRpos,3.417
2025-01-31,38,BRneg,3.621
2025-01-31,39,BRpos,5.817
2025-01-31,39,BRneg,4.18
2025-01-31,40,BRpos,4.368
2025-01-31,40,BRneg,1.197
2025-01-31,41,BRpos,3.428
2025-01-31,41,BRneg,1.343
2025-01-31,42,BRpos,2.846
2025-01-31,42,BRneg,1.304
2025-01-31,43,BRpos,4.668
2025-01-31,43,BRneg,2.35
2025-01-31,44,BRpos,3.647
2025-01-31,44,BRneg,2.48
2025-01-31,45,BRpos,5.409
2025-01-31,45,BRneg,3.269
2025-01-31,46,BRpos,4.683
2025-01-31,46,BRneg,2.291
2025-01-31,47,BRpos,8.337
2025-01-31,47,BRneg,2.132
2025-01-31,48,BRpos,3.99
2025-01-31,48,BRneg,1.258
2025-02-01,1,BRpos,3.821
2025-02-01,1,BRneg,0.691
2025-02-01,2,BRpos,2.418
2025-02-01,2,BRneg,1.609
2025-02-01,3,BRpos,6.874
2025-02-01,3,BRneg,2.231
2025-02-01,4,BRpos,7.455
2025-02-01,4,BRneg,1.123
2025-02-01,5,BRpos,4.371
2025-02-01,5,BRneg,2.564
2025-02-01,6,BRpos,5.698
2025-02-01,6,BRneg,2.442
2025-02-01,7,BRpos,1.108
2025-02-01,7,BRneg,1.94
2025-02-01,8,BRpos,5.909
2025-02-01,8,BRneg,1.301
2025-02-01,9,BRpos,3.869
2025-02-01,9,BRneg,0.961
2025-02-01,10,BRpos,1.523
2025-02-01,10,BRneg,1.525
2025-02-01,11,BRpos,2.591
2025-02-01,11,BRneg,3.764
2025-02-01,12,BRpos,3.792
2025-02-01,12,BRneg,2.53
2025-02-01,13,BRpos,4.833
2025-02-01,13,BRneg,0.709
2025-02-01,14,BRpos,3.175
2025-02-01,14,BRneg,2.092
2025-02-01,15,BRpos,1.981
2025-02-01,15,BRneg,1.603
2025-02-01,16,BRpos,1.49
2025-02-01,16,BRneg,1.885
2025-02-01,17,BRpos,5.191
2025-02-01,17,BRneg,1.785
2025-02-01,18,BRpos,2.564
2025-02-01,18,BRneg,0.82
2025-02-01,19,BRpos,4.465
2025-02-01,19,BRneg,1.965
2025-02-01,20,BRpos,3.069
2025-02-01,20,BRneg,0.994
2025-02-01,21,BRpos,2.372
2025-02-01,21,BRneg,1.677
2025-02-01,22,BRpos,1.894
2025-02-01,22,BRneg,1.523
2025-02-01,23,BRpos,2.968
2025-02-01,23,BRneg,2.356
2025-02-01,24,BRpos,2.859
2025-02-01,24,BRneg,0.858
2025-02-01,25,BRpos,3.587
2025-02-01,25,BRneg,2.072
2025-02-01,26,BRpos,1.6
2025-02-01,26,BRneg,2.054
2025-02-01,27,BRpos,6.275
2025-02-01,27,BRneg,1.481
2025-02-01,28,BRpos,4.06
2025-02-01,28,BRneg,1.398
2025-02-01,29,BRpos,4.341
2025-02-01,29,BRneg,1.379
2025-02-01,30,BRpos,2.457
2025-02-01,30,BRneg,1.774
2025-02-01,31,BRpos,3.599
2025-02-01,31,BRneg,2.031
2025-02-01,32,BRpos,1.425
2025-02-01,32,BRneg,2.862
2025-02-01,33,BRpos,2.434
2025-02-01,33,BRneg,1.788
2025-02-01,34,BRpos,8.05
2025-02-01,34,BRneg,1.151
2025-02-01,35,BRpos,3.708
2025-02-01,35,BRneg,5.082
2025-02-01,36,BRpos,4.166
2025-02-01,36,BRneg,2.333
2025-02-01,37,BRpos,4.291
2025-02-01,37,BRneg,4.917
2025-02-01,38,BRpos,5.585
2025-02-01,38,BRneg,2.928
2025-02-01,39,BRpos,7.299
2025-02-01,39,BRneg,6.232
2025-02-01,40,BRpos,6.9
2025-02-01,40,BRneg,1.258
2025-02-01,41,BRpos,5.632
2025-02-01,41,BRneg,1.895
2025-02-01,42,BRpos,1.808
2025-02-01,42,BRneg,1.569
2025-02-01,43,BRpos,3.108
2025-02-01,43,BRneg,1.353
2025-02-01,44,BRpos,4.236
2025-02-01,44,BRneg,1.958
2025-02-01,45,BRpos,3.905
2025-02-01,45,BRneg,1.283
2025-02-01,46,BRpos,8.5
2025-02-01,46,BRneg,1.055
2025-02-01,47,BRpos,4.882
2025-02-01,47,BRneg,1.374
2025-02-01,48,BRpos,3.676
2025-02-01,48,BRneg,0.806
2025-02-02,1,BRpos,5.446
2025-02-02,1,BRneg,1.624
2025-02-02,2,BRpos,2.408
2025-02-02,2,BRneg,1.92
2025-02-02,3,BRpos,2.418
2025-02-02,3,BRneg,0.595
2025-02-02,4,BRpos,2.315
2025-02-02,4,BRneg,2.195
2025-02-02,5,BRpos,3.714
2025-02-02,5,BRneg,4.65
2025-02-02,6,BRpos,4.074
2025-02-02,6,BRneg,0.732
2025-02-02,7,BRpos,7.551
2025-02-02,7,BRneg,3.2
2025-02-02,8,BRpos,1.725
2025-02-02,8,BRneg,1.458
2025-02-02,9,BRpos,2.689
2025-02-02,9,BRneg,0.73
2025-02-02,10,BRpos,1.572
2025-02-02,10,BRneg,1.062
2025-02-02,11,BRpos,3.806
2025-02-02,11,BRneg,1.283
2025-02-02,12,BRpos,5.591
2025-02-02,12,BRneg,1.371
2025-02-02,13,BRpos,2.309
2025-02-02,13,BRneg,1.014
2025-02-02,14,BRpos,3.958
2025-02-02,14,BRneg,0.683
2025-02-02,15,BRpos,2.92
2025-02-02,15,BRneg,2.113
2025-02-02,16,BRpos,3.24
2025-02-02,16,BRneg,1.162
2025-02-02,17,BRpos,5.023
2025-02-02,17,BRneg,1.292
2025-02-02,18,BRpos,2.201
2025-02-02,18,BRneg,1.365
2025-02-02,19,BRpos,1.658
2025-02-02,19,BRneg,0.88
2025-02-02,20,BRpos,6.038
2025-02-02,20,BRneg,2.996
2025-02-02,21,BRpos,4.957
2025-02-02,21,BRneg,0.962
2025-02-02,22,BRpos,2.205
2025-02-02,22,BRneg,1.563
2025-02-02,23,BRpos,5.287
2025-02-02,23,BRneg,2.341
2025-02-02,24,BRpos,3.639
2025-02-02,24,BRneg,1.231
2025-02-02,25,BRpos,3.763
2025-02-02,25,BRneg,1.971
2025-02-02,26,BRpos,4.881
2025-02-02,26,BRneg,2.273
2025-02-02,27,BRpos,6.144
2025-02-02,27,BRneg,1.828
2025-02-02,28,BRpos,2.308
2025-02-02,28,BRneg,1.165
2025-02-02,29,BRpos,5.031
2025-02-02,29,BRneg,1.044
2025-02-02,30,BRpos,3.528
2025-02-02,30,BRneg,1.379
2025-02-02,31,BRpos,2.835
2025-02-02,31,BRneg,1.137
2025-02-02,32,BRpos,3.16
2025-02-02,32,BRneg,1.303
2025-02-02,33,BRpos,2.768
2025-02-02,33,BRneg,1.537
2025-02-02,34,BRpos,3.256
2025-02-02,34,BRneg,2.068
2025-02-02,35,BRpos,5.354
2025-02-02,35,BRneg,2.565
2025-02-02,36,BRpos,4.606
2025-02-02,36,BRneg,3.153
2025-02-02,37,BRpos,8.208
2025-02-02,37,BRneg,1.977
2025-02-02,38,BRpos,3.314
2025-02-02,38,BRneg,4.106
2025-02-02,39,BRpos,12.276
2025-02-02,39,BRneg,1.795
2025-02-02,40,BRpos,3.252
2025-02-02,40,BRneg,1.495
2025-02-02,41,BRpos,3.217
2025-02-02,41,BRneg,1.895
2025-02-02,42,BRpos,3.498
2025-02-02,42,BRneg,0.704
2025-02-02,43,BRpos,8.426
2025-02-02,43,BRneg,1.615
2025-02-02,44,BRpos,2.991
2025-02-02,44,BRneg,1.957
2025-02-02,45,BRpos,1.66
2025-02-02,45,BRneg,1.812
2025-02-02,46,BRpos,4.999
2025-02-02,46,BRneg,2.539
2025-02-02,47,BRpos,3.785
2025-02-02,47,BRneg,2.771
2025-02-02,48,BRpos,2.815
2025-02-02,48,BRneg,1.469
2025-02-03,1,BRpos,7.383
2025-02-03,1,BRneg,1.64
2025-02-03,2,BRpos,3.438
2025-02-03,2,BRneg,1.925
2025-02-03,3,BRpos,2.631
2025-02-03,3,BRneg,4.302
2025-02-03,4,BRpos,2.232
2025-02-03,4,BRneg,2.423
2025-02-03,5,BRpos,2.693
2025-02-03,5,BRneg,3.874
2025-02-03,6,BRpos,2.557
2025-02-03,6,BRneg,0.769
2025-02-03,7,BRpos,4.94
2025-02-03,7,BRneg,2.422
2025-02-03,8,BRpos,2.526
2025-02-03,8,BRneg,2.047
2025-02-03,9,BRpos,4.106
2025-02-03,9,BRneg,1.658
2025-02-03,10,BRpos,2.144
2025-02-03,10,BRneg,1.424
2025-02-03,11,BRpos,2.926
2025-02-03,11,BRneg,2.899
2025-02-03,12,BRpos,3.966
2025-02-03,12,BRneg,1.263
2025-02-03,13,BRpos,5.925
2025-02-03,13,BRneg,1.515
2025-02-03,14,BRpos,2.99
2025-02-03,14,BRneg,0.561
2025-02-03,15,BRpos,2.601
2025-02-03,15,BRneg,0.976
2025-02-03,16,BRpos,2.19
2025-02-03,16,BRneg,1.139
2025-02-03,17,BRpos,5.923
2025-02-03,17,BRneg,2.573
2025-02-03,18,BRpos,2.56
2025-02-03,18,BRneg,0.709
2025-02-03,19,BRpos,2.606
2025-02-03,19,BRneg,1.044
2025-02-03,20,BRpos,7.493
2025-02-03,20,BRneg,0.74
2025-02-03,21,BRpos,3.792
2025-02-03,21,BRneg,1.126
2025-02-03,22,BRpos,2.5
2025-02-03,22,BRneg,2.22
2025-02-03,23,BRpos,2.398
2025-02-03,23,BRneg,1.816
2025-02-03,24,BRpos,2.75
2025-02-03,24,BRneg,2.438
2025-02-03,25,BRpos,6.318
2025-02-03,25,BRneg,1.977
2025-02-03,26,BRpos,4.27
2025-02-03,26,BRneg,5.188
2025-02-03,27,BRpos,3.946
2025-02-03,27,BRneg,1.538
2025-02-03,28,BRpos,4.378
2025-02-03,28,BRneg,2.703
2025-02-03,29,BRpos,2.989
2025-02-03,29,BRneg,0.887
2025-02-03,30,BRpos,5.352
2025-02-03,30,BRneg,1.821
2025-02-03,31,BRpos,2.429
2025-02-03,31,BRneg,1.04
2025-02-03,32,BRpos,5.746
2025-02-03,32,BRneg,2.998
2025-02-03,33,BRpos,3.534
2025-02-03,33,BRneg,0.955
2025-02-03,34,BRpos,4.426
2025-02-03,34,BRneg,2.223
2025-02-03,35,BRpos,2.427
2025-02-03,35,BRneg,3.224
2025-02-03,36,BRpos,4.889
2025-02-03,36,BRneg,3.474
2025-02-03,37,BRpos,9.06
2025-02-03,37,BRneg,4.553
2025-02-03,38,BRpos,6.921
2025-02-03,38,BRneg,3.22
2025-02-03,39,BRpos,2.23
2025-02-03,39,BRneg,2.655
2025-02-03,40,BRpos,5.545
2025-02-03,40,BRneg,1.722
2025-02-03,41,BRpos,2.143
2025-02-03,41,BRneg,1.976
2025-02-03,42,BRpos,1.81
2025-02-03,42,BRneg,1.682
2025-02-03,43,BRpos,2.883
2025-02-03,43,BRneg,3.494
2025-02-03,44,BRpos,6.589
2025-02-03,44,BRneg,1.077
2025-02-03,45,BRpos,2.546
2025-02-03,45,BRneg,1.795
2025-02-03,46,BRpos,4.368
2025-02-03,46,BRneg,1.459
2025-02-03,47,BRpos,4.81
2025-02-03,47,BRneg,1.006
2025-02-03,48,BRpos,4.426
2025-02-03,48,BRneg,1.82
2025-02-04,1,BRpos,3.347
2025-02-04,1,BRneg,1.358
2025-02-04,2,BRpos,8.455
2025-02-04,2,BRneg,1.611
2025-02-04,3,BRpos,4.718
2025-02-04,3,BRneg,0.834
2025-02-04,4,BRpos,2.635
2025-02-04,4,BRneg,2.819
2025-02-04,5,BRpos,6.846
2025-02-04,5,BRneg,1.586
2025-02-04,6,BRpos,3.645
2025-02-04,6,BRneg,2.251
2025-02-04,7,BRpos,2.246
2025-02-04,7,BRneg,1.016
2025-02-04,8,BRpos,2.716
2025-02-04,8,BRneg,0.614
2025-02-04,9,BRpos,3.357
2025-02-04,9,BRneg,1.742
2025-02-04,10,BRpos,4.037
2025-02-04,10,BRneg,2.091
2025-02-04,11,BRpos,4.252
2025-02-04,11,BRneg,1.058
2025-02-04,12,BRpos,5.817
2025-02-04,12,BRneg,1.937
2025-02-04,13,BRpos,2.844
2025-02-04,13,BRneg,1.749
2025-02-04,14,BRpos,2.08
2025-02-04,14,BRneg,0.625
2025-02-04,15,BRpos,3.26
2025-02-04,15,BRneg,4.562
2025-02-04,16,BRpos,3.7
2025-02-04,16,BRneg,0.831
2025-02-04,17,BRpos,3.125
2025-02-04,17,BRneg,1.479
2025-02-04,18,BRpos,2.972
2025-02-04,18,BRneg,1.632
2025-02-04,19,BRpos,1.762
2025-02-04,19,BRneg,2.151
2025-02-04,20,BRpos,3.362
2025-02-04,20,BRneg,0.916
2025-02-04,21,BRpos,4.7
2025-02-04,21,BRneg,2.621
2025-02-04,22,BRpos,4.437
2025-02-04,22,BRneg,1.692
2025-02-04,23,BRpos,4.438
2025-02-04,23,BRneg,1.29
2025-02-04,24,BRpos,4.674
2025-02-04,24,BRneg,1.879
2025-02-04,25,BRpos,6.78
2025-02-04,25,BRneg,1.582
2025-02-04,26,BRpos,2.774
2025-02-04,26,BRneg,0.881
2025-02-04,27,BRpos,2.009
2025-02-04,27,BRneg,2.012
2025-02-04,28,BRpos,5.479
2025-02-04,28,BRneg,0.513
2025-02-04,29,BRpos,2.984
2025-02-04,29,BRneg,1.672
2025-02-04,30,BRpos,3.573
2025-02-04,30,BRneg,1.653
2025-02-04,31,BRpos,2.913
2025-02-04,31,BRneg,1.058
2025-02-04,32,BRpos,3.501
2025-02-04,32,BRneg,1.251
2025-02-04,33,BRpos,2.795
2025-02-04,33,BRneg,0.909
2025-02-04,34,BRpos,3.935
2025-02-04,34,BRneg,2.755
2025-02-04,35,BRpos,5.187
2025-02-04,35,BRneg,6.788
2025-02-04,36,BRpos,3.667
2025-02-04,36,BRneg,1.595
2025-02-04,37,BRpos,6.165
2025-02-04,37,BRneg,6.311
2025-02-04,38,BRpos,6.995
2025-02-04,38,BRneg,1.972
2025-02-04,39,BRpos,10.114
2025-02-04,39,BRneg,1.973
2025-02-04,40,BRpos,2.282
2025-02-04,40,BRneg,1.325
2025-02-04,41,BRpos,2.752
2025-02-04,41,BRneg,2.292
2025-02-04,42,BRpos,2.814
2025-02-04,42,BRneg,1.445
2025-02-04,43,BRpos,2.502
2025-02-04,43,BRneg,0.966
2025-02-04,44,BRpos,3.79
2025-02-04,44,BRneg,2.86
2025-02-04,45,BRpos,3.346
2025-02-04,45,BRneg,1.428
2025-02-04,46,BRpos,3.648
2025-02-04,46,BRneg,2.153
2025-02-04,47,BRpos,3.794
2025-02-04,47,BRneg,1.71
2025-02-04,48,BRpos,8.702
2025-02-04,48,BRneg,0.974
2025-02-05,1,BRpos,4.403
2025-02-05,1,BRneg,2.034
2025-02-05,2,BRpos,3.11
2025-02-05,2,BRneg,2.172
2025-02-05,3,BRpos,3.903
2025-02-05,3,BRneg,2.17
2025-02-05,4,BRpos,2.804
2025-02-05,4,BRneg,1.306
2025-02-05,5,BRpos,4.17
2025-02-05,5,BRneg,2.492
2025-02-05,6,BRpos,6.954
2025-02-05,6,BRneg,1.49
2025-02-05,7,BRpos,5.752
2025-02-05,7,BRneg,2.718
2025-02-05,8,BRpos,2.333
2025-02-05,8,BRneg,3.815
2025-02-05,9,BRpos,6.557
2025-02-05,9,BRneg,1.26
2025-02-05,10,BRpos,2.282
2025-02-05,10,BRneg,2.084
2025-02-05,11,BRpos,2.474
2025-02-05,11,BRneg,3.056
2025-02-05,12,BRpos,3.273
2025-02-05,12,BRneg,1.606
2025-02-05,13,BRpos,5.316
2025-02-05,13,BRneg,1.785
2025-02-05,14,BRpos,3.448
2025-02-05,14,BRneg,1.769
2025-02-05,15,BRpos,1.838
2025-02-05,15,BRneg,1.245
2025-02-05,16,BRpos,6.195
2025-02-05,16,BRneg,3.565
2025-02-05,17,BRpos,1.795
2025-02-05,17,BRneg,1.946
2025-02-05,18,BRpos,13.507
2025-02-05,18,BRneg,1.839
2025-02-05,19,BRpos,2.738
2025-02-05,19,BRneg,1.041
2025-02-05,20,BRpos,4.036
2025-02-05,20,BRneg,1.345
2025-02-05,21,BRpos,3.966
2025-02-05,21,BRneg,0.401
2025-02-05,22,BRpos,4.032
2025-02-05,22,BRneg,2.616
2025-02-05,23,BRpos,2.855
2025-02-05,23,BRneg,0.922
2025-02-05,24,BRpos,2.581
2025-02-05,24,BRneg,1.156
2025-02-05,25,BRpos,2.872
2025-02-05,25,BRneg,1.356
2025-02-05,26,BRpos,2.71
2025-02-05,26,BRneg,1.779
2025-02-05,27,BRpos,7.905
2025-02-05,27,BRneg,3.168
2025-02-05,28,BRpos,2.61
2025-02-05,28,BRneg,1.617
2025-02-05,29,BRpos,4.573
2025-02-05,29,BRneg,1.519
2025-02-05,30,BRpos,5.134
2025-02-05,30,BRneg,1.581
2025-02-05,31,BRpos,2.543
2025-02-05,31,BRneg,1.801
2025-02-05,32,BRpos,2.754
2025-02-05,32,BRneg,1.79
2025-02-05,33,BRpos,3.008
2025-02-05,33,BRneg,1.158
2025-02-05,34,BRpos,3.773
2025-02-05,34,BRneg,2.301
2025-02-05,35,BRpos,2.622
2025-02-05,35,BRneg,1.285
2025-02-05,36,BRpos,4.727
2025-02-05,36,BRneg,5.429
2025-02-05,37,BRpos,14.43
2025-02-05,37,BRneg,3.084
2025-02-05,38,BRpos,6.706
2025-02-05,38,BRneg,5.505
2025-02-05,39,BRpos,2.972
2025-02-05,39,BRneg,2.688
2025-02-05,40,BRpos,2.295
2025-02-05,40,BRneg,2.601
2025-02-05,41,BRpos,1.679
2025-02-05,41,BRneg,1.702
2025-02-05,42,BRpos,9.345
2025-02-05,42,BRneg,2.44
2025-02-05,43,BRpos,2.289
2025-02-05,43,BRneg,2.71
2025-02-05,44,BRpos,1.884
2025-02-05,44,BRneg,1.801
2025-02-05,45,BRpos,5.647
2025-02-05,45,BRneg,1.243
2025-02-05,46,BRpos,1.772
2025-02-05,46,BRneg,1.145
2025-02-05,47,BRpos,6.549
2025-02-05,47,BRneg,1.456
2025-02-05,48,BRpos,4.008
2025-02-05,48,BRneg,1.403
2025-02-06,1,BRpos,4.323
2025-02-06,1,BRneg,1.205
2025-02-06,2,BRpos,3.255
2025-02-06,2,BRneg,0.514
2025-02-06,3,BRpos,10.047
2025-02-06,3,BRneg,0.712
2025-02-06,4,BRpos,7.65
2025-02-06,4,BRneg,1.755
2025-02-06,5,BRpos,2.742
2025-02-06,5,BRneg,1.662
2025-02-06,6,BRpos,1.675
2025-02-06,6,BRneg,2.391
2025-02-06,7,BRpos,1.647
2025-02-06,7,BRneg,1.031
2025-02-06,8,BRpos,3.911
2025-02-06,8,BRneg,1.078
2025-02-06,9,BRpos,3.609
2025-02-06,9,BRneg,1.893
2025-02-06,10,BRpos,2.958
2025-02-06,10,BRneg,2.04
2025-02-06,11,BRpos,8.126
2025-02-06,11,BRneg,1.044
2025-02-06,12,BRpos,4.633
2025-02-06,12,BRneg,2.203
2025-02-06,13,BRpos,1.422
2025-02-06,13,BRneg,1.215
2025-02-06,14,BRpos,3.604
2025-02-06,14,BRneg,0.824
2025-02-06,15,BRpos,3.331
2025-02-06,15,BRneg,1.279
2025-02-06,16,BRpos,2.266
2025-02-06,16,BRneg,0.887
2025-02-06,17,BRpos,1.281
2025-02-06,17,BRneg,1.21
2025-02-06,18,BRpos,6.77
2025-02-06,18,BRneg,1.09
2025-02-06,19,BRpos,4.225
2025-02-06,19,BRneg,0.863
2025-02-06,20,BRpos,2.402
2025-02-06,20,BRneg,2.485
2025-02-06,21,BRpos,1.849
2025-02-06,21,BRneg,1.218
2025-02-06,22,BRpos,3.598
2025-02-06,22,BRneg,1.973
2025-02-06,23,BRpos,3.746
2025-02-06,23,BRneg,1.008
2025-02-06,24,BRpos,3.733
2025-02-06,24,BRneg,1.383
2025-02-06,25,BRpos,1.636
2025-02-06,25,BRneg,0.994
2025-02-06,26,BRpos,1.619
2025-02-06,26,BRneg,1.877
2025-02-06,27,BRpos,2.061
2025-02-06,27,BRneg,2.512
2025-02-06,28,BRpos,3.642
2025-02-06,28,BRneg,3.259
2025-02-06,29,BRpos,6.867
2025-02-06,29,BRneg,0.871
2025-02-06,30,BRpos,2.321
2025-02-06,30,BRneg,2.193
2025-02-06,31,BRpos,1.508
2025-02-06,31,BRneg,1.863
2025-02-06,32,BRpos,3.383
2025-02-06,32,BRneg,2.811
2025-02-06,33,BRpos,4.918
2025-02-06,33,BRneg,2.29
2025-02-06,34,BRpos,3.548
2025-02-06,34,BRneg,4.778
2025-02-06,35,BRpos,7.587
2025-02-06,35,BRneg,1.849
2025-02-06,36,BRpos,14.064
2025-02-06,36,BRneg,1.738
2025-02-06,37,BRpos,9.537
2025-02-06,37,BRneg,2.298
2025-02-06,38,BRpos,7.165
2025-02-06,38,BRneg,1.695
2025-02-06,39,BRpos,5.563
2025-02-06,39,BRneg,1.277
2025-02-06,40,BRpos,3.987
2025-02-06,40,BRneg,0.969
2025-02-06,41,BRpos,2.104
2025-02-06,41,BRneg,1.059
2025-02-06,42,BRpos,3.06
2025-02-06,42,BRneg,1.486
2025-02-06,43,BRpos,4.131
2025-02-06,43,BRneg,1.818
2025-02-06,44,BRpos,5.199
2025-02-06,44,BRneg,0.985
2025-02-06,45,BRpos,4.218
2025-02-06,45,BRneg,0.863
2025-02-06,46,BRpos,5.406
2025-02-06,46,BRneg,2.009
2025-02-06,47,BRpos,3.729
2025-02-06,47,BRneg,1.277
2025-02-06,48,BRpos,3.354
2025-02-06,48,BRneg,1.52
2025-02-07,1,BRpos,6.029
2025-02-07,1,BRneg,2.585
2025-02-07,2,BRpos,3.114
2025-02-07,2,BRneg,0.951
2025-02-07,3,BRpos,2.935
2025-02-07,3,BRneg,0.836
2025-02-07,4,BRpos,5.034
2025-02-07,4,BRneg,1.511
2025-02-07,5,BRpos,3.68
2025-02-07,5,BRneg,1.936
2025-02-07,6,BRpos,0.945
2025-02-07,6,BRneg,0.996
2025-02-07,7,BRpos,1.994
2025-02-07,7,BRneg,0.845
2025-02-07,8,BRpos,4.356
2025-02-07,8,BRneg,1.329
2025-02-07,9,BRpos,3.879
2025-02-07,9,BRneg,1.631
2025-02-07,10,BRpos,3.336
2025-02-07,10,BRneg,1.005
2025-02-07,11,BRpos,8.728
2025-02-07,11,BRneg,0.872
2025-02-07,12,BRpos,3.006
2025-02-07,12,BRneg,2.594
2025-02-07,13,BRpos,4.972
2025-02-07,13,BRneg,3.614
2025-02-07,14,BRpos,3.072
2025-02-07,14,BRneg,1.504
2025-02-07,15,BRpos,3.681
2025-02-07,15,BRneg,1.093
2025-02-07,16,BRpos,3.377
2025-02-07,16,BRneg,0.903
2025-02-07,17,BRpos,2.652
2025-02-07,17,BRneg,1.242
2025-02-07,18,BRpos,4.457
2025-02-07,18,BRneg,3.07
2025-02-07,19,BRpos,7.948
2025-02-07,19,BRneg,1.151
2025-02-07,20,BRpos,3.44
2025-02-07,20,BRneg,1.767
2025-02-07,21,BRpos,7.146
2025-02-07,21,BRneg,0.975
2025-02-07,22,BRpos,1.693
2025-02-07,22,BRneg,1.101
2025-02-07,23,BRpos,2.921
2025-02-07,23,BRneg,1.539
2025-02-07,24,BRpos,3.558
2025-02-07,24,BRneg,2.003
2025-02-07,25,BRpos,8.149
2025-02-07,25,BRneg,0.675
2025-02-07,26,BRpos,2.872
2025-02-07,26,BRneg,1.201
2025-02-07,27,BRpos,1.085
2025-02-07,27,BRneg,1.388
2025-02-07,28,BRpos,6.808
2025-02-07,28,BRneg,1.224
2025-02-07,29,BRpos,3.322
2025-02-07,29,BRneg,2.882
2025-02-07,30,BRpos,5.622
2025-02-07,30,BRneg,3.464
2025-02-07,31,BRpos,4.922
2025-02-07,31,BRneg,1.707
2025-02-07,32,BRpos,3.93
2025-02-07,32,BRneg,0.799
2025-02-07,33,BRpos,2.087
2025-02-07,33,BRneg,1.595
2025-02-07,34,BRpos,3.67
2025-02-07,34,BRneg,3.836
2025-02-07,35,BRpos,3.218
2025-02-07,35,BRneg,2.362
2025-02-07,36,BRpos,3.851
2025-02-07,36,BRneg,2.003
2025-02-07,37,BRpos,2.938
2025-02-07,37,BRneg,2.405
2025-02-07,38,BRpos,5.293
2025-02-07,38,BRneg,2.318
2025-02-07,39,BRpos,4.256
2025-02-07,39,BRneg,1.749
2025-02-07,40,BRpos,3.243
2025-02-07,40,BRneg,1.64
2025-02-07,41,BRpos,1.643
2025-02-07,41,BRneg,2.141
2025-02-07,42,BRpos,3.993
2025-02-07,42,BRneg,0.736
2025-02-07,43,BRpos,2.335
2025-02-07,43,BRneg,1.229
2025-02-07,44,BRpos,2.773
2025-02-07,44,BRneg,0.881
2025-02-07,45,BRpos,3.404
2025-02-07,45,BRneg,1.394
2025-02-07,46,BRpos,2.117
2025-02-07,46,BRneg,1.193
2025-02-07,47,BRpos,3.46
2025-02-07,47,BRneg,1.759
2025-02-07,48,BRpos,3.451
2025-02-07,48,BRneg,5.046
2025-02-08,1,BRpos,6.945
2025-02-08,1,BRneg,2.24
2025-02-08,2,BRpos,3.294
2025-02-08,2,BRneg,1.644
2025-02-08,3,BRpos,3.445
2025-02-08,3,BRneg,1.193
2025-02-08,4,BRpos,4.375
2025-02-08,4,BRneg,1.925
2025-02-08,5,BRpos,1.762
2025-02-08,5,BRneg,1.719
2025-02-08,6,BRpos,3.691
2025-02-08,6,BRneg,1.222
2025-02-08,7,BRpos,2.94
2025-02-08,7,BRneg,1.119
2025-02-08,8,BRpos,4.577
2025-02-08,8,BRneg,1.612
2025-02-08,9,BRpos,4.004
2025-02-08,9,BRneg,1.934
2025-02-08,10,BRpos,2.383
2025-02-08,10,BRneg,1.497
2025-02-08,11,BRpos,1.544
2025-02-08,11,BRneg,2.415
2025-02-08,12,BRpos,3.6
2025-02-08,12,BRneg,1.335
2025-02-08,13,BRpos,1.923
2025-02-08,13,BRneg,0.971
2025-02-08,14,BRpos,2.073
2025-02-08,14,BRneg,2.279
2025-02-08,15,BRpos,3.908
2025-02-08,15,BRneg,1.508
2025-02-08,16,BRpos,1.835
2025-02-08,16,BRneg,1.39
2025-02-08,17,BRpos,1.843
2025-02-08,17,BRneg,1.734
2025-02-08,18,BRpos,5.313
2025-02-08,18,BRneg,1.202
2025-02-08,19,BRpos,3.929
2025-02-08,19,BRneg,1.453
2025-02-08,20,BRpos,2.063
2025-02-08,20,BRneg,1.51
2025-02-08,21,BRpos,3.359
2025-02-08,21,BRneg,0.964
2025-02-08,22,BRpos,4.808
2025-02-08,22,BRneg,2.582
2025-02-08,23,BRpos,2.939
2025-02-08,23,BRneg,5.691
2025-02-08,24,BRpos,5.162
2025-02-08,24,BRneg,2.242
2025-02-08,25,BRpos,1.347
2025-02-08,25,BRneg,3.267
2025-02-08,26,BRpos,1.378
2025-02-08,26,BRneg,1.793
2025-02-08,27,BRpos,3.969
2025-02-08,27,BRneg,1.884
2025-02-08,28,BRpos,3.173
2025-02-08,28,BRneg,1.997
2025-02-08,29,BRpos,1.505
2025-02-08,29,BRneg,0.9
2025-02-08,30,BRpos,7.217
2025-02-08,30,BRneg,0.419
2025-02-08,31,BRpos,3.17
2025-02-08,31,BRneg,1.299
2025-02-08,32,BRpos,2.052
2025-02-08,32,BRneg,2.728
2025-02-08,33,BRpos,5.707
2025-02-08,33,BRneg,0.797
2025-02-08,34,BRpos,14.448
2025-02-08,34,BRneg,1.878
2025-02-08,35,BRpos,6.758
2025-02-08,35,BRneg,3.638
2025-02-08,36,BRpos,5.992
2025-02-08,36,BRneg,1.712
2025-02-08,37,BRpos,4.094
2025-02-08,37,BRneg,2.119
2025-02-08,38,BRpos,4.957
2025-02-08,38,BRneg,3.551
2025-02-08,39,BRpos,2.675
2025-02-08,39,BRneg,2.809
2025-02-08,40,BRpos,2.788
2025-02-08,40,BRneg,1.903
2025-02-08,41,BRpos,3.582
2025-02-08,41,BRneg,2.459
2025-02-08,42,BRpos,3.383
2025-02-08,42,BRneg,0.886
2025-02-08,43,BRpos,4.418
2025-02-08,43,BRneg,0.937
2025-02-08,44,BRpos,8.764
2025-02-08,44,BRneg,2.842
2025-02-08,45,BRpos,2.769
2025-02-08,45,BRneg,1.815
2025-02-08,46,BRpos,2.947
2025-02-08,46,BRneg,2.212
2025-02-08,47,BRpos,3.793
2025-02-08,47,BRneg,1.917
2025-02-08,48,BRpos,3.572
2025-02-08,48,BRneg,3.501
2025-02-09,1,BRpos,4.624
2025-02-09,1,BRneg,1.077
2025-02-09,2,BRpos,2.319
2025-02-09,2,BRneg,1.545
2025-02-09,3,BRpos,8.035
2025-02-09,3,BRneg,1.35
2025-02-09,4,BRpos,3.474
2025-02-09,4,BRneg,1.481
2025-02-09,5,BRpos,3.017
2025-02-09,5,BRneg,1.062
2025-02-09,6,BRpos,3.101
2025-02-09,6,BRneg,2.916
2025-02-09,7,BRpos,2.312
2025-02-09,7,BRneg,1.755
2025-02-09,8,BRpos,6.207
2025-02-09,8,BRneg,3.678
2025-02-09,9,BRpos,3.525
2025-02-09,9,BRneg,3.476
2025-02-09,10,BRpos,2.477
2025-02-09,10,BRneg,0.553
2025-02-09,11,BRpos,2.558
2025-02-09,11,BRneg,2.277
2025-02-09,12,BRpos,3.628
2025-02-09,12,BRneg,0.737
2025-02-09,13,BRpos,3.531
2025-02-09,13,BRneg,1.882
2025-02-09,14,BRpos,2.831
2025-02-09,14,BRneg,3.286
2025-02-09,15,BRpos,1.98
2025-02-09,15,BRneg,1.734
2025-02-09,16,BRpos,5.956
2025-02-09,16,BRneg,1.892
2025-02-09,17,BRpos,2.373
2025-02-09,17,BRneg,1.607
2025-02-09,18,BRpos,2.232
2025-02-09,18,BRneg,2.736
2025-02-09,19,BRpos,3.456
2025-02-09,19,BRneg,2.136
2025-02-09,20,BRpos,4.054
2025-02-09,20,BRneg,3.799
2025-02-09,21,BRpos,4.694
2025-02-09,21,BRneg,1.832
2025-02-09,22,BRpos,4.844
2025-02-09,22,BRneg,0.868
2025-02-09,23,BRpos,2.881
2025-02-09,23,BRneg,2.858
2025-02-09,24,BRpos,4.916
2025-02-09,24,BRneg,0.842
2025-02-09,25,BRpos,3.691
2025-02-09,25,BRneg,1.974
2025-02-09,26,BRpos,2.015
2025-02-09,26,BRneg,1.411
2025-02-09,27,BRpos,2.791
2025-02-09,27,BRneg,1.734
2025-02-09,28,BRpos,4.302
2025-02-09,28,BRneg,1.367
2025-02-09,29,BRpos,1.152
2025-02-09,29,BRneg,2.134
2025-02-09,30,BRpos,1.926
2025-02-09,30,BRneg,1.384
2025-02-09,31,BRpos,1.826
2025-02-09,31,BRneg,1.05
2025-02-09,32,BRpos,2.263
2025-02-09,32,BRneg,2.399
2025-02-09,33,BRpos,5.034
2025-02-09,33,BRneg,1.437
2025-02-09,34,BRpos,5.929
2025-02-09,34,BRneg,2.013
2025-02-09,35,BRpos,9.369
2025-02-09,35,BRneg,3.054
2025-02-09,36,BRpos,2.404
2025-02-09,36,BRneg,3.521
2025-02-09,37,BRpos,2.479
2025-02-09,37,BRneg,1.703
2025-02-09,38,BRpos,4.603
2025-02-09,38,BRneg,2.658
2025-02-09,39,BRpos,2.65
2025-02-09,39,BRneg,3.356
2025-02-09,40,BRpos,4.928
2025-02-09,40,BRneg,1.579
2025-02-09,41,BRpos,3.165
2025-02-09,41,BRneg,2.718
2025-02-09,42,BRpos,3.342
2025-02-09,42,BRneg,0.959
2025-02-09,43,BRpos,6.595
2025-02-09,43,BRneg,1.568
2025-02-09,44,BRpos,4.185
2025-02-09,44,BRneg,1.664
2025-02-09,45,BRpos,3.71
2025-02-09,45,BRneg,0.99
2025-02-09,46,BRpos,3.101
2025-02-09,46,BRneg,1.08
2025-02-09,47,BRpos,1.979
2025-02-09,47,BRneg,2.07
2025-02-09,48,BRpos,2.666
2025-02-09,48,BRneg,1.236
2025-02-10,1,BRpos,5.604
2025-02-10,1,BRneg,1.642
2025-02-10,2,BRpos,1.794
2025-02-10,2,BRneg,1.648
2025-02-10,3,BRpos,3.825
2025-02-10,3,BRneg,1.922
2025-02-10,4,BRpos,3.061
2025-02-10,4,BRneg,1.916
2025-02-10,5,BRpos,4.396
2025-02-10,5,BRneg,2.365
2025-02-10,6,BRpos,5.893
2025-02-10,6,BRneg,2.965
2025-02-10,7,BRpos,2.601
2025-02-10,7,BRneg,4.143
2025-02-10,8,BRpos,2.971
2025-02-10,8,BRneg,2.329
2025-02-10,9,BRpos,3.188
2025-02-10,9,BRneg,0.608
2025-02-10,10,BRpos,3.166
2025-02-10,10,BRneg,1.103
2025-02-10,11,BRpos,7.433
2025-02-10,11,BRneg,0.833
2025-02-10,12,BRpos,2.947
2025-02-10,12,BRneg,1.726
2025-02-10,13,BRpos,2.157
2025-02-10,13,BRneg,1.721
2025-02-10,14,BRpos,2.4
2025-02-10,14,BRneg,1.53
2025-02-10,15,BRpos,7.121
2025-02-10,15,BRneg,1.165
2025-02-10,16,BRpos,4.47
2025-02-10,16,BRneg,1.121
2025-02-10,17,BRpos,7.425
2025-02-10,17,BRneg,1.659
2025-02-10,18,BRpos,5.047
2025-02-10,18,BRneg,1.147
2025-02-10,19,BRpos,2.302
2025-02-10,19,BRneg,4.133
2025-02-10,20,BRpos,2.295
2025-02-10,20,BRneg,1.441
2025-02-10,21,BRpos,3.048
2025-02-10,21,BRneg,0.982
2025-02-10,22,BRpos,2.577
2025-02-10,22,BRneg,1.376
2025-02-10,23,BRpos,2.503
2025-02-10,23,BRneg,1.686
2025-02-10,24,BRpos,3.013
2025-02-10,24,BRneg,2.067
2025-02-10,25,BRpos,4.653
2025-02-10,25,BRneg,1.025
2025-02-10,26,BRpos,6.731
2025-02-10,26,BRneg,1.714
2025-02-10,27,BRpos,3.015
2025-02-10,27,BRneg,4.355
2025-02-10,28,BRpos,3.184
2025-02-10,28,BRneg,1.424
2025-02-10,29,BRpos,3.96
2025-02-10,29,BRneg,1.963
2025-02-10,30,BRpos,3.138
2025-02-10,30,BRneg,1.228
2025-02-10,31,BRpos,2.052
2025-02-10,31,BRneg,1.425
2025-02-10,32,BRpos,4.138
2025-02-10,32,BRneg,1.613
2025-02-10,33,BRpos,4.778
2025-02-10,33,BRneg,1.457
2025-02-10,34,BRpos,5.55
2025-02-10,34,BRneg,2.434
2025-02-10,35,BRpos,4.228
2025-02-10,35,BRneg,2.702
2025-02-10,36,BRpos,2.35
2025-02-10,36,BRneg,2.157
2025-02-10,37,BRpos,5.279
2025-02-10,37,BRneg,2.844
2025-02-10,38,BRpos,13.921
2025-02-10,38,BRneg,2.745
2025-02-10,39,BRpos,3.126
2025-02-10,39,BRneg,1.852
2025-02-10,40,BRpos,3.023
2025-02-10,40,BRneg,1.082
2025-02-10,41,BRpos,5.374
2025-02-10,41,BRneg,1.28
2025-02-10,42,BRpos,7.444
2025-02-10,42,BRneg,2.172
2025-02-10,43,BRpos,8.282
2025-02-10,43,BRneg,1.567
2025-02-10,44,BRpos,3.019
2025-02-10,44,BRneg,0.816
2025-02-10,45,BRpos,5.589
2025-02-10,45,BRneg,0.789
2025-02-10,46,BRpos,7.498
2025-02-10,46,BRneg,1.352
2025-02-10,47,BRpos,6.448
2025-02-10,47,BRneg,1.06
2025-02-10,48,BRpos,3.25
2025-02-10,48,BRneg,1.672
2025-02-11,1,BRpos,2.043
2025-02-11,1,BRneg,1.034
2025-02-11,2,BRpos,7.139
2025-02-11,2,BRneg,1.737
2025-02-11,3,BRpos,2.206
2025-02-11,3,BRneg,1.628
2025-02-11,4,BRpos,2.573
2025-02-11,4,BRneg,1.154
2025-02-11,5,BRpos,6.481
2025-02-11,5,BRneg,3.764
2025-02-11,6,BRpos,2.615
2025-02-11,6,BRneg,1.592
2025-02-11,7,BRpos,4.126
2025-02-11,7,BRneg,1.325
2025-02-11,8,BRpos,2.97
2025-02-11,8,BRneg,1.304
2025-02-11,9,BRpos,6.957
2025-02-11,9,BRneg,1.691
2025-02-11,10,BRpos,2.491
2025-02-11,10,BRneg,1.054
2025-02-11,11,BRpos,4.692
2025-02-11,11,BRneg,1.223
2025-02-11,12,BRpos,2.88
2025-02-11,12,BRneg,2.689
2025-02-11,13,BRpos,2.549
2025-02-11,13,BRneg,0.407
2025-02-11,14,BRpos,2.636
2025-02-11,14,BRneg,1.29
2025-02-11,15,BRpos,5.852
2025-02-11,15,BRneg,2.1
2025-02-11,16,BRpos,3.381
2025-02-11,16,BRneg,0.928
2025-02-11,17,BRpos,4.433
2025-02-11,17,BRneg,2.076
2025-02-11,18,BRpos,3.516
2025-02-11,18,BRneg,1.41
2025-02-11,19,BRpos,2.545
2025-02-11,19,BRneg,0.409
2025-02-11,20,BRpos,1.757
2025-02-11,20,BRneg,1.968
2025-02-11,21,BRpos,2.424
2025-02-11,21,BRneg,2.025
2025-02-11,22,BRpos,5.701
2025-02-11,22,BRneg,1.468
2025-02-11,23,BRpos,2.537
2025-02-11,23,BRneg,1.288
2025-02-11,24,BRpos,3.784
2025-02-11,24,BRneg,1.132
2025-02-11,25,BRpos,4.128
2025-02-11,25,BRneg,0.772
2025-02-11,26,BRpos,2.017
2025-02-11,26,BRneg,1.564
2025-02-11,27,BRpos,5.85
2025-02-11,27,BRneg,1.878
2025-02-11,28,BRpos,2.103
2025-02-11,28,BRneg,1.74
2025-02-11,29,BRpos,3.152
2025-02-11,29,BRneg,1.633
2025-02-11,30,BRpos,3.71
2025-02-11,30,BRneg,1.345
2025-02-11,31,BRpos,6.773
2025-02-11,31,BRneg,1.698
2025-02-11,32,BRpos,5.58
2025-02-11,32,BRneg,1.209
2025-02-11,33,BRpos,4.38
2025-02-11,33,BRneg,2.272
2025-02-11,34,BRpos,4.254
2025-02-11,34,BRneg,3.79
2025-02-11,35,BRpos,5.822
2025-02-11,35,BRneg,3.508
2025-02-11,36,BRpos,6.275
2025-02-11,36,BRneg,1.399
2025-02-11,37,BRpos,4.521
2025-02-11,37,BRneg,2.591
2025-02-11,38,BRpos,5.648
2025-02-11,38,BRneg,1.759
2025-02-11,39,BRpos,15.347
2025-02-11,39,BRneg,2.423
2025-02-11,40,BRpos,2.022
2025-02-11,40,BRneg,1.021
2025-02-11,41,BRpos,1.855
2025-02-11,41,BRneg,2.336
2025-02-11,42,BRpos,5.219
2025-02-11,42,BRneg,1.8
2025-02-11,43,BRpos,2.371
2025-02-11,43,BRneg,1.417
2025-02-11,44,BRpos,6.118
2025-02-11,44,BRneg,1.113
2025-02-11,45,BRpos,2.408
2025-02-11,45,BRneg,3.114
2025-02-11,46,BRpos,4.854
2025-02-11,46,BRneg,0.752
2025-02-11,47,BRpos,3.001
2025-02-11,47,BRneg,1.222
2025-02-11,48,BRpos,3.784
2025-02-11,48,BRneg,1.441
2025-02-12,1,BRpos,3.406
2025-02-12,1,BRneg,1.255
2025-02-12,2,BRpos,2.929
2025-02-12,2,BRneg,2.383
2025-02-12,3,BRpos,3.406
2025-02-12,3,BRneg,1.554
2025-02-12,4,BRpos,1.616
2025-02-12,4,BRneg,1.127
2025-02-12,5,BRpos,1.704
2025-02-12,5,BRneg,1.055
2025-02-12,6,BRpos,3.228
2025-02-12,6,BRneg,2.527
2025-02-12,7,BRpos,1.646
2025-02-12,7,BRneg,1.08
2025-02-12,8,BRpos,5.038
2025-02-12,8,BRneg,1.743
2025-02-12,9,BRpos,5.513
2025-02-12,9,BRneg,1.319
2025-02-12,10,BRpos,1.737
2025-02-12,10,BRneg,3.079
2025-02-12,11,BRpos,6.152
2025-02-12,11,BRneg,1.196
2025-02-12,12,BRpos,1.924
2025-02-12,12,BRneg,1.454
2025-02-12,13,BRpos,5.01
2025-02-12,13,BRneg,2.062
2025-02-12,14,BRpos,3.904
2025-02-12,14,BRneg,0.807
2025-02-12,15,BRpos,2.927
2025-02-12,15,BRneg,0.877
2025-02-12,16,BRpos,2.696
2025-02-12,16,BRneg,2.657
2025-02-12,17,BRpos,3.221
2025-02-12,17,BRneg,2.749
2025-02-12,18,BRpos,2.518
2025-02-12,18,BRneg,1.966
2025-02-12,19,BRpos,4.791
2025-02-12,19,BRneg,1.063
2025-02-12,20,BRpos,2.055
2025-02-12,20,BRneg,1.252
2025-02-12,21,BRpos,3.12
2025-02-12,21,BRneg,0.948
2025-02-12,22,BRpos,3.89
2025-02-12,22,BRneg,1.665
2025-02-12,23,BRpos,3.715
2025-02-12,23,BRneg,4.977
2025-02-12,24,BRpos,2.703
2025-02-12,24,BRneg,0.438
2025-02-12,25,BRpos,2.678
2025-02-12,25,BRneg,0.834
2025-02-12,26,BRpos,3.285
2025-02-12,26,BRneg,2.168
2025-02-12,27,BRpos,4.039
2025-02-12,27,BRneg,2.306
2025-02-12,28,BRpos,2.903
2025-02-12,28,BRneg,2.581
2025-02-12,29,BRpos,2.597
2025-02-12,29,BRneg,0.659
2025-02-12,30,BRpos,12.948
2025-02-12,30,BRneg,1.139
2025-02-12,31,BRpos,2.153
2025-02-12,31,BRneg,1.763
2025-02-12,32,BRpos,4.987
2025-02-12,32,BRneg,2.292
2025-02-12,33,BRpos,2.016
2025-02-12,33,BRneg,1.534
2025-02-12,34,BRpos,5.905
2025-02-12,34,BRneg,2.432
2025-02-12,35,BRpos,4.756
2025-02-12,35,BRneg,6.056
2025-02-12,36,BRpos,5.19
2025-02-12,36,BRneg,1.093
2025-02-12,37,BRpos,4.705
2025-02-12,37,BRneg,1.582
2025-02-12,38,BRpos,8.327
2025-02-12,38,BRneg,5.187
2025-02-12,39,BRpos,3.198
2025-02-12,39,BRneg,1.126
2025-02-12,40,BRpos,2.744
2025-02-12,40,BRneg,1.44
2025-02-12,41,BRpos,1.941
2025-02-12,41,BRneg,1.589
2025-02-12,42,BRpos,2.395
2025-02-12,42,BRneg,0.604
2025-02-12,43,BRpos,2.041
2025-02-12,43,BRneg,0.734
2025-02-12,44,BRpos,3.072
2025-02-12,44,BRneg,0.922
2025-02-12,45,BRpos,9.296
2025-02-12,45,BRneg,0.737
2025-02-12,46,BRpos,2.151
2025-02-12,46,BRneg,1.658
2025-02-12,47,BRpos,6.377
2025-02-12,47,BRneg,0.596
2025-02-12,48,BRpos,5.156
2025-02-12,48,BRneg,2.025
2025-02-13,1,BRpos,2.92
2025-02-13,1,BRneg,2.512
2025-02-13,2,BRpos,3.209
2025-02-13,2,BRneg,3.382
2025-02-13,3,BRpos,1.957
2025-02-13,3,BRneg,2.199
2025-02-13,4,BRpos,2.706
2025-02-13,4,BRneg,1.631
2025-02-13,5,BRpos,4.196
2025-02-13,5,BRneg,0.612
2025-02-13,6,BRpos,3.171
2025-02-13,6,BRneg,2.845
2025-02-13,7,BRpos,2.781
2025-02-13,7,BRneg,0.547
2025-02-13,8,BRpos,4.344
2025-02-13,8,BRneg,1.257
2025-02-13,9,BRpos,3.286
2025-02-13,9,BRneg,5.169
2025-02-13,10,BRpos,4.811
2025-02-13,10,BRneg,1.157
2025-02-13,11,BRpos,2.004
2025-02-13,11,BRneg,2.507
2025-02-13,12,BRpos,1.635
2025-02-13,12,BRneg,2.13
2025-02-13,13,BRpos,4.017
2025-02-13,13,BRneg,1.319
2025-02-13,14,BRpos,2.771
2025-02-13,14,BRneg,4.229
2025-02-13,15,BRpos,8.537
2025-02-13,15,BRneg,1.305
2025-02-13,16,BRpos,1.407
2025-02-13,16,BRneg,1.425
2025-02-13,17,BRpos,4.033
2025-02-13,17,BRneg,1.531
2025-02-13,18,BRpos,3.911
2025-02-13,18,BRneg,1.615
2025-02-13,19,BRpos,3.69
2025-02-13,19,BRneg,1.258
2025-02-13,20,BRpos,2.767
2025-02-13,20,BRneg,1.51
2025-02-13,21,BRpos,2.644
2025-02-13,21,BRneg,1.051
2025-02-13,22,BRpos,2.075
2025-02-13,22,BRneg,1.769
2025-02-13,23,BRpos,2.62
2025-02-13,23,BRneg,2.642
2025-02-13,24,BRpos,3.47
2025-02-13,24,BRneg,1.612
2025-02-13,25,BRpos,3.03
2025-02-13,25,BRneg,1.668
2025-02-13,26,BRpos,5.952
2025-02-13,26,BRneg,3.352
2025-02-13,27,BRpos,4.373
2025-02-13,27,BRneg,2.458
2025-02-13,28,BRpos,5.202
2025-02-13,28,BRneg,2.436
2025-02-13,29,BRpos,3.254
2025-02-13,29,BRneg,0.524
2025-02-13,30,BRpos,2.08
2025-02-13,30,BRneg,2.287
2025-02-13,31,BRpos,2.774
2025-02-13,31,BRneg,2.726
2025-02-13,32,BRpos,3.729
2025-02-13,32,BRneg,2.38
2025-02-13,33,BRpos,1.592
2025-02-13,33,BRneg,1.428
2025-02-13,34,BRpos,3.92
2025-02-13,34,BRneg,4.238
2025-02-13,35,BRpos,4.445
2025-02-13,35,BRneg,6.041
2025-02-13,36,BRpos,3.419
2025-02-13,36,BRneg,1.86
2025-02-13,37,BRpos,5.052
2025-02-13,37,BRneg,2.035
2025-02-13,38,BRpos,5.039
2025-02-13,38,BRneg,4.186
2025-02-13,39,BRpos,10.166
2025-02-13,39,BRneg,2.336
2025-02-13,40,BRpos,2.193
2025-02-13,40,BRneg,1.569
2025-02-13,41,BRpos,3.189
2025-02-13,41,BRneg,0.898
2025-02-13,42,BRpos,7.865
2025-02-13,42,BRneg,1.653
2025-02-13,43,BRpos,2.874
2025-02-13,43,BRneg,0.667
2025-02-13,44,BRpos,6.362
2025-02-13,44,BRneg,2.019
2025-02-13,45,BRpos,8.916
2025-02-13,45,BRneg,3.164
2025-02-13,46,BRpos,3.572
2025-02-13,46,BRneg,1.472
2025-02-13,47,BRpos,1.594
2025-02-13,47,BRneg,1.949
2025-02-13,48,BRpos,3.819
2025-02-13,48,BRneg,2.719
2025-02-14,1,BRpos,2.738
2025-02-14,1,BRneg,1.39
2025-02-14,2,BRpos,5.634
2025-02-14,2,BRneg,1.046
2025-02-14,3,BRpos,4.089
2025-02-14,3,BRneg,1.072
2025-02-14,4,BRpos,2.57
2025-02-14,4,BRneg,3.091
2025-02-14,5,BRpos,5.532
2025-02-14,5,BRneg,1.076
2025-02-14,6,BRpos,3.305
2025-02-14,6,BRneg,1.099
2025-02-14,7,BRpos,3.247
2025-02-14,7,BRneg,4.091
2025-02-14,8,BRpos,1.64
2025-02-14,8,BRneg,1.391
2025-02-14,9,BRpos,3.705
2025-02-14,9,BRneg,0.618
2025-02-14,10,BRpos,5.19
2025-02-14,10,BRneg,2.274
2025-02-14,11,BRpos,4.705
2025-02-14,11,BRneg,0.952
2025-02-14,12,BRpos,3.012
2025-02-14,12,BRneg,1.893
2025-02-14,13,BRpos,1.87
2025-02-14,13,BRneg,2.087
2025-02-14,14,BRpos,4.468
2025-02-14,14,BRneg,1.506
2025-02-14,15,BRpos,2.034
2025-02-14,15,BRneg,2.289
2025-02-14,16,BRpos,2.867
2025-02-14,16,BRneg,1.294
2025-02-14,17,BRpos,4.292
2025-02-14,17,BRneg,1.624
2025-02-14,18,BRpos,3.738
2025-02-14,18,BRneg,2.102
2025-02-14,19,BRpos,4.425
2025-02-14,19,BRneg,1.381
2025-02-14,20,BRpos,5.578
2025-02-14,20,BRneg,1.856
2025-02-14,21,BRpos,5.184
2025-02-14,21,BRneg,1.382
2025-02-14,22,BRpos,2.504
2025-02-14,22,BRneg,2.804
2025-02-14,23,BRpos,3.176
2025-02-14,23,BRneg,1.092
2025-02-14,24,BRpos,5.976
2025-02-14,24,BRneg,2.192
2025-02-14,25,BRpos,3.673
2025-02-14,25,BRneg,1.558
2025-02-14,26,BRpos,6.568
2025-02-14,26,BRneg,3.73
2025-02-14,27,BRpos,5.317
2025-02-14,27,BRneg,1.622
2025-02-14,28,BRpos,2.595
2025-02-14,28,BRneg,1.035
2025-02-14,29,BRpos,2.668
2025-02-14,29,BRneg,1.073
2025-02-14,30,BRpos,6.43
2025-02-14,30,BRneg,1.54
2025-02-14,31,BRpos,2.574
2025-02-14,31,BRneg,1.483
2025-02-14,32,BRpos,4.801
2025-02-14,32,BRneg,2.471
2025-02-14,33,BRpos,6.853
2025-02-14,33,BRneg,2.365
2025-02-14,34,BRpos,5.154
2025-02-14,34,BRneg,3.015
2025-02-14,35,BRpos,3.284
2025-02-14,35,BRneg,1.411
2025-02-14,36,BRpos,2.858
2025-02-14,36,BRneg,2.708
2025-02-14,37,BRpos,13.493
2025-02-14,37,BRneg,3.11
2025-02-14,38,BRpos,5.477
2025-02-14,38,BRneg,2.273
2025-02-14,39,BRpos,5.035
2025-02-14,39,BRneg,3.636
2025-02-14,40,BRpos,4.617
2025-02-14,40,BRneg,1.916
2025-02-14,41,BRpos,2.638
2025-02-14,41,BRneg,1.155
2025-02-14,42,BRpos,7.01
2025-02-14,42,BRneg,1.868
2025-02-14,43,BRpos,1.415
2025-02-14,43,BRneg,1.797
2025-02-14,44,BRpos,1.536
2025-02-14,44,BRneg,1.314
2025-02-14,45,BRpos,1.801
2025-02-14,45,BRneg,4.593
2025-02-14,46,BRpos,2.137
2025-02-14,46,BRneg,0.993
2025-02-14,47,BRpos,6.093
2025-02-14,47,BRneg,1.33
2025-02-14,48,BRpos,4.284
2025-02-14,48,BRneg,1.763
2025-02-15,1,BRpos,3.105
2025-02-15,1,BRneg,1.934
2025-02-15,2,BRpos,4.346
2025-02-15,2,BRneg,2.057
2025-02-15,3,BRpos,3.134
2025-02-15,3,BRneg,1.232
2025-02-15,4,BRpos,3.425
2025-02-15,4,BRneg,1.038
2025-02-15,5,BRpos,2.537
2025-02-15,5,BRneg,2.237
2025-02-15,6,BRpos,3.169
2025-02-15,6,BRneg,1.672
2025-02-15,7,BRpos,1.507
2025-02-15,7,BRneg,0.442
2025-02-15,8,BRpos,0.797
2025-02-15,8,BRneg,1.081
2025-02-15,9,BRpos,8.212
2025-02-15,9,BRneg,1.433
2025-02-15,10,BRpos,3.435
2025-02-15,10,BRneg,1.434
2025-02-15,11,BRpos,3.875
2025-02-15,11,BRneg,1.484
2025-02-15,12,BRpos,2.925
2025-02-15,12,BRneg,2.749
2025-02-15,13,BRpos,4.208
2025-02-15,13,BRneg,1.022
2025-02-15,14,BRpos,3.454
2025-02-15,14,BRneg,1.269
2025-02-15,15,BRpos,4.297
2025-02-15,15,BRneg,0.952
2025-02-15,16,BRpos,3.971
2025-02-15,16,BRneg,1.166
2025-02-15,17,BRpos,2.568
2025-02-15,17,BRneg,1.141
2025-02-15,18,BRpos,5.988
2025-02-15,18,BRneg,2.46
2025-02-15,19,BRpos,4.928
2025-02-15,19,BRneg,1.622
2025-02-15,20,BRpos,4.238
2025-02-15,20,BRneg,1.113
2025-02-15,21,BRpos,2.476
2025-02-15,21,BRneg,0.814
2025-02-15,22,BRpos,1.862
2025-02-15,22,BRneg,1.417
2025-02-15,23,BRpos,2.091
2025-02-15,23,BRneg,0.859
2025-02-15,24,BRpos,3.064
2025-02-15,24,BRneg,1.364
2025-02-15,25,BRpos,6.986
2025-02-15,25,BRneg,0.769
2025-02-15,26,BRpos,6.371
2025-02-15,26,BRneg,0.63
2025-02-15,27,BRpos,6.081
2025-02-15,27,BRneg,2.573
2025-02-15,28,BRpos,2.335
2025-02-15,28,BRneg,2.252
2025-02-15,29,BRpos,4.333
2025-02-15,29,BRneg,1.055
2025-02-15,30,BRpos,2.548
2025-02-15,30,BRneg,1.266
2025-02-15,31,BRpos,2.894
2025-02-15,31,BRneg,1.46
2025-02-15,32,BRpos,4.124
2025-02-15,32,BRneg,1.773
2025-02-15,33,BRpos,6.566
2025-02-15,33,BRneg,1.102
2025-02-15,34,BRpos,2.866
2025-02-15,34,BRneg,4.67
2025-02-15,35,BRpos,3.757
2025-02-15,35,BRneg,2.403
2025-02-15,36,BRpos,6.153
2025-02-15,36,BRneg,4.133
2025-02-15,37,BRpos,2.824
2025-02-15,37,BRneg,3.287
2025-02-15,38,BRpos,4.813
2025-02-15,38,BRneg,1.328
2025-02-15,39,BRpos,6.901
2025-02-15,39,BRneg,2.688
2025-02-15,40,BRpos,2.379
2025-02-15,40,BRneg,3.462
2025-02-15,41,BRpos,1.959
2025-02-15,41,BRneg,1.253
2025-02-15,42,BRpos,3.126
2025-02-15,42,BRneg,0.925
2025-02-15,43,BRpos,1.912
2025-02-15,43,BRneg,1.893
2025-02-15,44,BRpos,2.377
2025-02-15,44,BRneg,1.245
2025-02-15,45,BRpos,3.913
2025-02-15,45,BRneg,1.055
2025-02-15,46,BRpos,1.519
2025-02-15,46,BRneg,0.712
2025-02-15,47,BRpos,5.081
2025-02-15,47,BRneg,3.28
2025-02-15,48,BRpos,1.941
2025-02-15,48,BRneg,1.849
2025-02-16,1,BRpos,3.136
2025-02-16,1,BRneg,2.578
2025-02-16,2,BRpos,1.613
2025-02-16,2,BRneg,1.052
2025-02-16,3,BRpos,6.216
2025-02-16,3,BRneg,1.975
2025-02-16,4,BRpos,7.972
2025-02-16,4,BRneg,2.976
2025-02-16,5,BRpos,2.539
2025-02-16,5,BRneg,1.676
2025-02-16,6,BRpos,7.67
2025-02-16,6,BRneg,1.511
2025-02-16,7,BRpos,3.596
2025-02-16,7,BRneg,1.12
2025-02-16,8,BRpos,4.634
2025-02-16,8,BRneg,0.979
2025-02-16,9,BRpos,7.36
2025-02-16,9,BRneg,1.703
2025-02-16,10,BRpos,6.451
2025-02-16,10,BRneg,1.436
2025-02-16,11,BRpos,5.104
2025-02-16,11,BRneg,2.003
2025-02-16,12,BRpos,5.667
2025-02-16,12,BRneg,2.89
2025-02-16,13,BRpos,2.261
2025-02-16,13,BRneg,2.291
2025-02-16,14,BRpos,4.342
2025-02-16,14,BRneg,1.234
2025-02-16,15,BRpos,7.167
2025-02-16,15,BRneg,1.82
2025-02-16,16,BRpos,5.261
2025-02-16,16,BRneg,1.301
2025-02-16,17,BRpos,10.071
2025-02-16,17,BRneg,1.041
2025-02-16,18,BRpos,1.625
2025-02-16,18,BRneg,1.014
2025-02-16,19,BRpos,2.854
2025-02-16,19,BRneg,1.59
2025-02-16,20,BRpos,2.411
2025-02-16,20,BRneg,1.215
2025-02-16,21,BRpos,5.433
2025-02-16,21,BRneg,2.23
2025-02-16,22,BRpos,3.164
2025-02-16,22,BRneg,4.159
2025-02-16,23,BRpos,3.535
2025-02-16,23,BRneg,1.502
2025-02-16,24,BRpos,4.167
2025-02-16,24,BRneg,2.307
2025-02-16,25,BRpos,6.929
2025-02-16,25,BRneg,2.87
2025-02-16,26,BRpos,2.513
2025-02-16,26,BRneg,2.309
2025-02-16,27,BRpos,2.743
2025-02-16,27,BRneg,1.02
2025-02-16,28,BRpos,4.278
2025-02-16,28,BRneg,1.432
2025-02-16,29,BRpos,4.853
2025-02-16,29,BRneg,1.73
2025-02-16,30,BRpos,2.859
2025-02-16,30,BRneg,1.84
2025-02-16,31,BRpos,9.231
2025-02-16,31,BRneg,1.623
2025-02-16,32,BRpos,2.957
2025-02-16,32,BRneg,0.766
2025-02-16,33,BRpos,1.511
2025-02-16,33,BRneg,1.339
2025-02-16,34,BRpos,7.214
2025-02-16,34,BRneg,3.281
2025-02-16,35,BRpos,10.163
2025-02-16,35,BRneg,3.013
2025-02-16,36,BRpos,8.734
2025-02-16,36,BRneg,5.623
2025-02-16,37,BRpos,5.052
2025-02-16,37,BRneg,2.088
2025-02-16,38,BRpos,6.163
2025-02-16,38,BRneg,3.964
2025-02-16,39,BRpos,4.338
2025-02-16,39,BRneg,1.959
2025-02-16,40,BRpos,8.186
2025-02-16,40,BRneg,2.298
2025-02-16,41,BRpos,3.75
2025-02-16,41,BRneg,1.105
2025-02-16,42,BRpos,4.038
2025-02-16,42,BRneg,1.064
2025-02-16,43,BRpos,5.38
2025-02-16,43,BRneg,1.534
2025-02-16,44,BRpos,3.793
2025-02-16,44,BRneg,2.476
2025-02-16,45,BRpos,2.996
2025-02-16,45,BRneg,2.491
2025-02-16,46,BRpos,4.452
2025-02-16,46,BRneg,1.294
2025-02-16,47,BRpos,2.114
2025-02-16,47,BRneg,0.961
2025-02-16,48,BRpos,2.971
2025-02-16,48,BRneg,1.059
2025-02-17,1,BRpos,9.457
2025-02-17,1,BRneg,0.993
2025-02-17,2,BRpos,3.723
2025-02-17,2,BRneg,1.185
2025-02-17,3,BRpos,2.246
2025-02-17,3,BRneg,0.893
2025-02-17,4,BRpos,5.723
2025-02-17,4,BRneg,1.798
2025-02-17,5,BRpos,2.79
2025-02-17,5,BRneg,2.167
2025-02-17,6,BRpos,5.161
2025-02-17,6,BRneg,1.239
2025-02-17,7,BRpos,3.399
2025-02-17,7,BRneg,1.244
2025-02-17,8,BRpos,2.837
2025-02-17,8,BRneg,2.582
2025-02-17,9,BRpos,4.276
2025-02-17,9,BRneg,1.195
2025-02-17,10,BRpos,2.506
2025-02-17,10,BRneg,1.124
2025-02-17,11,BRpos,9.172
2025-02-17,11,BRneg,1.116
2025-02-17,12,BRpos,3.054
2025-02-17,12,BRneg,1.948
2025-02-17,13,BRpos,3.188
2025-02-17,13,BRneg,1.187
2025-02-17,14,BRpos,2.463
2025-02-17,14,BRneg,0.97
2025-02-17,15,BRpos,4.872
2025-02-17,15,BRneg,1.957
2025-02-17,16,BRpos,1.984
2025-02-17,16,BRneg,2.206
2025-02-17,17,BRpos,4.249
2025-02-17,17,BRneg,1.179
2025-02-17,18,BRpos,4.622
2025-02-17,18,BRneg,1.237
2025-02-17,19,BRpos,5.659
2025-02-17,19,BRneg,1.221
2025-02-17,20,BRpos,2.946
2025-02-17,20,BRneg,3.039
2025-02-17,21,BRpos,2.568
2025-02-17,21,BRneg,1.239
2025-02-17,22,BRpos,5.522
2025-02-17,22,BRneg,1.475
2025-02-17,23,BRpos,6.933
2025-02-17,23,BRneg,2.944
2025-02-17,24,BRpos,2.24
2025-02-17,24,BRneg,1.045
2025-02-17,25,BRpos,1.648
2025-02-17,25,BRneg,4.418
2025-02-17,26,BRpos,2.558
2025-02-17,26,BRneg,1.396
2025-02-17,27,BRpos,3.368
2025-02-17,27,BRneg,2.261
2025-02-17,28,BRpos,3.375
2025-02-17,28,BRneg,1.747
2025-02-17,29,BRpos,3.92
2025-02-17,29,BRneg,1.466
2025-02-17,30,BRpos,3.437
2025-02-17,30,BRneg,1.535
2025-02-17,31,BRpos,4.921
2025-02-17,31,BRneg,3.512
2025-02-17,32,BRpos,1.436
2025-02-17,32,BRneg,2.286
2025-02-17,33,BRpos,3.937
2025-02-17,33,BRneg,1.19
2025-02-17,34,BRpos,7.532
2025-02-17,34,BRneg,1.655
2025-02-17,35,BRpos,7.844
2025-02-17,35,BRneg,3.688
2025-02-17,36,BRpos,4.121
2025-02-17,36,BRneg,2.801
2025-02-17,37,BRpos,17.098
2025-02-17,37,BRneg,2.667
2025-02-17,38,BRpos,2.8
2025-02-17,38,BRneg,4.834
2025-02-17,39,BRpos,3.433
2025-02-17,39,BRneg,2.536
2025-02-17,40,BRpos,5.595
2025-02-17,40,BRneg,1.51
2025-02-17,41,BRpos,7.446
2025-02-17,41,BRneg,0.843
2025-02-17,42,BRpos,3.737
2025-02-17,42,BRneg,1.102
2025-02-17,43,BRpos,3.935
2025-02-17,43,BRneg,1.195
2025-02-17,44,BRpos,1.879
2025-02-17,44,BRneg,2.861
2025-02-17,45,BRpos,3.979
2025-02-17,45,BRneg,2.684
2025-02-17,46,BRpos,1.552
2025-02-17,46,BRneg,1.366
2025-02-17,47,BRpos,2.714
2025-02-17,47,BRneg,3.511
2025-02-17,48,BRpos,3.151
2025-02-17,48,BRneg,1.123
2025-02-18,1,BRpos,3.539
2025-02-18,1,BRneg,1.042
2025-02-18,2,BRpos,6.011
2025-02-18,2,BRneg,2.235
2025-02-18,3,BRpos,2.996
2025-02-18,3,BRneg,1.297
2025-02-18,4,BRpos,1.839
2025-02-18,4,BRneg,2.472
2025-02-18,5,BRpos,3.774
2025-02-18,5,BRneg,1.557
2025-02-18,6,BRpos,2.6
2025-02-18,6,BRneg,1.054
2025-02-18,7,BRpos,2.633
2025-02-18,7,BRneg,2.361
2025-02-18,8,BRpos,2.757
2025-02-18,8,BRneg,1.114
2025-02-18,9,BRpos,3.308
2025-02-18,9,BRneg,1.145
2025-02-18,10,BRpos,2.637
2025-02-18,10,BRneg,1.521
2025-02-18,11,BRpos,3.862
2025-02-18,11,BRneg,2.016
2025-02-18,12,BRpos,6.931
2025-02-18,12,BRneg,1.087
2025-02-18,13,BRpos,4.978
2025-02-18,13,BRneg,2.154
2025-02-18,14,BRpos,5.946
2025-02-18,14,BRneg,1.827
2025-02-18,15,BRpos,3.652
2025-02-18,15,BRneg,1.865
2025-02-18,16,BRpos,1.744
2025-02-18,16,BRneg,1.473
2025-02-18,17,BRpos,6.347
2025-02-18,17,BRneg,0.899
2025-02-18,18,BRpos,2.758
2025-02-18,18,BRneg,1.891
2025-02-18,19,BRpos,5.465
2025-02-18,19,BRneg,2.579
2025-02-18,20,BRpos,6.545
2025-02-18,20,BRneg,3.159
2025-02-18,21,BRpos,2.173
2025-02-18,21,BRneg,0.957
2025-02-18,22,BRpos,6.091
2025-02-18,22,BRneg,1.263
2025-02-18,23,BRpos,2.542
2025-02-18,23,BRneg,2.187
2025-02-18,24,BRpos,3.975
2025-02-18,24,BRneg,2.072
2025-02-18,25,BRpos,5.064
2025-02-18,25,BRneg,1.762
2025-02-18,26,BRpos,3.951
2025-02-18,26,BRneg,2.556
2025-02-18,27,BRpos,3.419
2025-02-18,27,BRneg,1.251
2025-02-18,28,BRpos,1.546
2025-02-18,28,BRneg,2.131
2025-02-18,29,BRpos,2.206
2025-02-18,29,BRneg,2.203
2025-02-18,30,BRpos,3.232
2025-02-18,30,BRneg,1.21
2025-02-18,31,BRpos,2.023
2025-02-18,31,BRneg,2.407
2025-02-18,32,BRpos,4.126
2025-02-18,32,BRneg,0.569
2025-02-18,33,BRpos,7.024
2025-02-18,33,BRneg,2.9
2025-02-18,34,BRpos,5.315
2025-02-18,34,BRneg,2.53
2025-02-18,35,BRpos,5.454
2025-02-18,35,BRneg,2.598
2025-02-18,36,BRpos,3.907
2025-02-18,36,BRneg,1.562
2025-02-18,37,BRpos,11.312
2025-02-18,37,BRneg,1.064
2025-02-18,38,BRpos,5.414
2025-02-18,38,BRneg,1.39
2025-02-18,39,BRpos,4.912
2025-02-18,39,BRneg,1.898
2025-02-18,40,BRpos,10.119
2025-02-18,40,BRneg,1.41
2025-02-18,41,BRpos,7.527
2025-02-18,41,BRneg,0.751
2025-02-18,42,BRpos,1.783
2025-02-18,42,BRneg,1.087
2025-02-18,43,BRpos,3.803
2025-02-18,43,BRneg,3.42
2025-02-18,44,BRpos,2.311
2025-02-18,44,BRneg,1.382
2025-02-18,45,BRpos,3.894
2025-02-18,45,BRneg,3.423
2025-02-18,46,BRpos,5.687
2025-02-18,46,BRneg,2.773
2025-02-18,47,BRpos,4.477
2025-02-18,47,BRneg,1.429
2025-02-18,48,BRpos,5.055
2025-02-18,48,BRneg,3.005
2025-02-19,1,BRpos,4.402
2025-02-19,1,BRneg,1.315
2025-02-19,2,BRpos,3.557
2025-02-19,2,BRneg,1.457
2025-02-19,3,BRpos,3.292
2025-02-19,3,BRneg,2.695
2025-02-19,4,BRpos,6.268
2025-02-19,4,BRneg,1.574
2025-02-19,5,BRpos,5.341
2025-02-19,5,BRneg,2.368
2025-02-19,6,BRpos,2.649
2025-02-19,6,BRneg,1.462
2025-02-19,7,BRpos,1.38
2025-02-19,7,BRneg,2.911
2025-02-19,8,BRpos,1.781
2025-02-19,8,BRneg,2.073
2025-02-19,9,BRpos,3.685
2025-02-19,9,BRneg,1.144
2025-02-19,10,BRpos,4.84
2025-02-19,10,BRneg,1.085
2025-02-19,11,BRpos,4.304
2025-02-19,11,BRneg,3.028
2025-02-19,12,BRpos,5.732
2025-02-19,12,BRneg,3.81
2025-02-19,13,BRpos,4.008
2025-02-19,13,BRneg,1.209
2025-02-19,14,BRpos,6.781
2025-02-19,14,BRneg,0.87
2025-02-19,15,BRpos,3.945
2025-02-19,15,BRneg,3.208
2025-02-19,16,BRpos,4.665
2025-02-19,16,BRneg,1.45
2025-02-19,17,BRpos,4.975
2025-02-19,17,BRneg,0.837
2025-02-19,18,BRpos,3.292
2025-02-19,18,BRneg,0.788
2025-02-19,19,BRpos,6.572
2025-02-19,19,BRneg,1.004
2025-02-19,20,BRpos,7.214
2025-02-19,20,BRneg,1.488
2025-02-19,21,BRpos,5.013
2025-02-19,21,BRneg,1.899
2025-02-19,22,BRpos,1.83
2025-02-19,22,BRneg,1.184
2025-02-19,23,BRpos,4.111
2025-02-19,23,BRneg,0.658
2025-02-19,24,BRpos,3.126
2025-02-19,24,BRneg,0.893
2025-02-19,25,BRpos,4.044
2025-02-19,25,BRneg,1.73
2025-02-19,26,BRpos,1.943
2025-02-19,26,BRneg,0.736
2025-02-19,27,BRpos,2.187
2025-02-19,27,BRneg,1.676
2025-02-19,28,BRpos,4.776
2025-02-19,28,BRneg,1.449
2025-02-19,29,BRpos,1.368
2025-02-19,29,BRneg,3.054
2025-02-19,30,BRpos,2.878
2025-02-19,30,BRneg,1.811
2025-02-19,31,BRpos,4.277
2025-02-19,31,BRneg,1.73
2025-02-19,32,BRpos,4.614
2025-02-19,32,BRneg,2.522
2025-02-19,33,BRpos,5.152
2025-02-19,33,BRneg,2.32
2025-02-19,34,BRpos,5.191
2025-02-19,34,BRneg,1.664
2025-02-19,35,BRpos,6.801
2025-02-19,35,BRneg,1.83
2025-02-19,36,BRpos,2.592
2025-02-19,36,BRneg,2.36
2025-02-19,37,BRpos,4.056
2025-02-19,37,BRneg,1.781
2025-02-19,38,BRpos,4.239
2025-02-19,38,BRneg,2.503
2025-02-19,39,BRpos,5.774
2025-02-19,39,BRneg,2.776
2025-02-19,40,BRpos,4.025
2025-02-19,40,BRneg,2.847
2025-02-19,41,BRpos,3.934
2025-02-19,41,BRneg,1.549
2025-02-19,42,BRpos,4.854
2025-02-19,42,BRneg,1.115
2025-02-19,43,BRpos,4.151
2025-02-19,43,BRneg,1.488
2025-02-19,44,BRpos,5.835
2025-02-19,44,BRneg,0.758
2025-02-19,45,BRpos,3.337
2025-02-19,45,BRneg,1.254
2025-02-19,46,BRpos,3.828
2025-02-19,46,BRneg,2.017
2025-02-19,47,BRpos,1.887
2025-02-19,47,BRneg,0.987
2025-02-19,48,BRpos,3.749
2025-02-19,48,BRneg,0.817
2025-02-20,1,BRpos,5.705
2025-02-20,1,BRneg,1.038
2025-02-20,2,BRpos,8.258
2025-02-20,2,BRneg,1.655
2025-02-20,3,BRpos,3.509
2025-02-20,3,BRneg,1.695
2025-02-20,4,BRpos,1.813
2025-02-20,4,BRneg,1.342
2025-02-20,5,BRpos,4.561
2025-02-20,5,BRneg,1.587
2025-02-20,6,BRpos,1.541
2025-02-20,6,BRneg,1.155
2025-02-20,7,BRpos,9.427
2025-02-20,7,BRneg,1.6
2025-02-20,8,BRpos,5.981
2025-02-20,8,BRneg,1.801
2025-02-20,9,BRpos,4.263
2025-02-20,9,BRneg,1.035
2025-02-20,10,BRpos,1.974
2025-02-20,10,BRneg,0.744
2025-02-20,11,BRpos,3.533
2025-02-20,11,BRneg,2.009
2025-02-20,12,BRpos,2.232
2025-02-20,12,BRneg,2.322
2025-02-20,13,BRpos,3.099
2025-02-20,13,BRneg,1.125
2025-02-20,14,BRpos,2.961
2025-02-20,14,BRneg,2.102
2025-02-20,15,BRpos,5.813
2025-02-20,15,BRneg,3.773
2025-02-20,16,BRpos,2.706
2025-02-20,16,BRneg,2.269
2025-02-20,17,BRpos,6.697
2025-02-20,17,BRneg,0.892
2025-02-20,18,BRpos,5.595
2025-02-20,18,BRneg,2.762
2025-02-20,19,BRpos,3.381
2025-02-20,19,BRneg,4.276
2025-02-20,20,BRpos,3.477
2025-02-20,20,BRneg,1.461
2025-02-20,21,BRpos,4.011
2025-02-20,21,BRneg,0.839
2025-02-20,22,BRpos,2.398
2025-02-20,22,BRneg,1.062
2025-02-20,23,BRpos,3.117
2025-02-20,23,BRneg,1.176
2025-02-20,24,BRpos,4.251
2025-02-20,24,BRneg,2.483
2025-02-20,25,BRpos,4.106
2025-02-20,25,BRneg,2.448
2025-02-20,26,BRpos,4.278
2025-02-20,26,BRneg,0.803
2025-02-20,27,BRpos,4.127
2025-02-20,27,BRneg,1.727
2025-02-20,28,BRpos,2.173
2025-02-20,28,BRneg,1.981
2025-02-20,29,BRpos,1.461
2025-02-20,29,BRneg,1.783
2025-02-20,30,BRpos,5.337
2025-02-20,30,BRneg,1.523
2025-02-20,31,BRpos,2.191
2025-02-20,31,BRneg,1.357
2025-02-20,32,BRpos,1.77
2025-02-20,32,BRneg,1.258
2025-02-20,33,BRpos,3.518
2025-02-20,33,BRneg,1.566
2025-02-20,34,BRpos,3.134
2025-02-20,34,BRneg,2.517
2025-02-20,35,BRpos,5.84
2025-02-20,35,BRneg,1.973
2025-02-20,36,BRpos,6.644
2025-02-20,36,BRneg,2.394
2025-02-20,37,BRpos,3.874
2025-02-20,37,BRneg,3.442
2025-02-20,38,BRpos,10.49
2025-02-20,38,BRneg,3.146
2025-02-20,39,BRpos,10.302
2025-02-20,39,BRneg,3.54
2025-02-20,40,BRpos,1.888
2025-02-20,40,BRneg,0.878
2025-02-20,41,BRpos,4.528
2025-02-20,41,BRneg,1.635
2025-02-20,42,BRpos,3.662
2025-02-20,42,BRneg,2.225
2025-02-20,43,BRpos,3.187
2025-02-20,43,BRneg,2.663
2025-02-20,44,BRpos,6.297
2025-02-20,44,BRneg,2.716
2025-02-20,45,BRpos,7.108
2025-02-20,45,BRneg,0.75
2025-02-20,46,BRpos,5.516
2025-02-20,46,BRneg,1.652
2025-02-20,47,BRpos,5.337
2025-02-20,47,BRneg,1.423
2025-02-20,48,BRpos,4.499
2025-02-20,48,BRneg,3.44
2025-02-21,1,BRpos,1.871
2025-02-21,1,BRneg,1.875
2025-02-21,2,BRpos,2.593
2025-02-21,2,BRneg,0.769
2025-02-21,3,BRpos,4.015
2025-02-21,3,BRneg,1.583
2025-02-21,4,BRpos,3.449
2025-02-21,4,BRneg,1.258
2025-02-21,5,BRpos,2.617
2025-02-21,5,BRneg,0.799
2025-02-21,6,BRpos,3.474
2025-02-21,6,BRneg,4.5
2025-02-21,7,BRpos,2.64
2025-02-21,7,BRneg,2.528
2025-02-21,8,BRpos,8.349
2025-02-21,8,BRneg,1.377
2025-02-21,9,BRpos,5.016
2025-02-21,9,BRneg,1.213
2025-02-21,10,BRpos,4.304
2025-02-21,10,BRneg,1.169
2025-02-21,11,BRpos,2.643
2025-02-21,11,BRneg,1.312
2025-02-21,12,BRpos,2.098
2025-02-21,12,BRneg,1.384
2025-02-21,13,BRpos,3.349
2025-02-21,13,BRneg,1.4
2025-02-21,14,BRpos,1.961
2025-02-21,14,BRneg,1.319
2025-02-21,15,BRpos,4.947
2025-02-21,15,BRneg,1.755
2025-02-21,16,BRpos,3.485
2025-02-21,16,BRneg,1.968
2025-02-21,17,BRpos,2.35
2025-02-21,17,BRneg,1.631
2025-02-21,18,BRpos,6.112
2025-02-21,18,BRneg,1.775
2025-02-21,19,BRpos,1.491
2025-02-21,19,BRneg,0.852
2025-02-21,20,BRpos,6.349
2025-02-21,20,BRneg,2.821
2025-02-21,21,BRpos,2.713
2025-02-21,21,BRneg,2.123
2025-02-21,22,BRpos,2.694
2025-02-21,22,BRneg,2.464
2025-02-21,23,BRpos,3.325
2025-02-21,23,BRneg,1.559
2025-02-21,24,BRpos,6.189
2025-02-21,24,BRneg,1.289
2025-02-21,25,BRpos,5.425
2025-02-21,25,BRneg,1.702
2025-02-21,26,BRpos,6.912
2025-02-21,26,BRneg,1.953
2025-02-21,27,BRpos,5.666
2025-02-21,27,BRneg,2.255
2025-02-21,28,BRpos,4.74
2025-02-21,28,BRneg,0.585
2025-02-21,29,BRpos,2.685
2025-02-21,29,BRneg,1.43
2025-02-21,30,BRpos,5.893
2025-02-21,30,BRneg,1.922
2025-02-21,31,BRpos,4.998
2025-02-21,31,BRneg,1.376
2025-02-21,32,BRpos,1.826
2025-02-21,32,BRneg,1.464
2025-02-21,33,BRpos,1.748
2025-02-21,33,BRneg,1.086
2025-02-21,34,BRpos,8.608
2025-02-21,34,BRneg,3.148
2025-02-21,35,BRpos,7.058
2025-02-21,35,BRneg,2.337
2025-02-21,36,BRpos,1.885
2025-02-21,36,BRneg,1.075
2025-02-21,37,BRpos,2.818
2025-02-21,37,BRneg,1.554
2025-02-21,38,BRpos,9.285
2025-02-21,38,BRneg,5.224
2025-02-21,39,BRpos,2.632
2025-02-21,39,BRneg,1.35
2025-02-21,40,BRpos,4.057
2025-02-21,40,BRneg,1.619
2025-02-21,41,BRpos,2.03
2025-02-21,41,BRneg,1.967
2025-02-21,42,BRpos,4.354
2025-02-21,42,BRneg,1.289
2025-02-21,43,BRpos,5.022
2025-02-21,43,BRneg,1.724
2025-02-21,44,BRpos,3.945
2025-02-21,44,BRneg,1.965
2025-02-21,45,BRpos,4.542
2025-02-21,45,BRneg,0.718
2025-02-21,46,BRpos,6.451
2025-02-21,46,BRneg,1.455
2025-02-21,47,BRpos,2.87
2025-02-21,47,BRneg,1.067
2025-02-21,48,BRpos,3.475
2025-02-21,48,BRneg,1.653
2025-02-22,1,BRpos,8.353
2025-02-22,1,BRneg,2.714
2025-02-22,2,BRpos,3.839
2025-02-22,2,BRneg,1.946
2025-02-22,3,BRpos,5.339
2025-02-22,3,BRneg,1.573
2025-02-22,4,BRpos,4.241
2025-02-22,4,BRneg,1.831
2025-02-22,5,BRpos,2.054
2025-02-22,5,BRneg,1.373
2025-02-22,6,BRpos,2.392
2025-02-22,6,BRneg,2.563
2025-02-22,7,BRpos,5.439
2025-02-22,7,BRneg,1.128
2025-02-22,8,BRpos,4.36
2025-02-22,8,BRneg,1.751
2025-02-22,9,BRpos,2.971
2025-02-22,9,BRneg,2.575
2025-02-22,10,BRpos,1.964
2025-02-22,10,BRneg,1.32
2025-02-22,11,BRpos,3.701
2025-02-22,11,BRneg,1.521
2025-02-22,12,BRpos,2.587
2025-02-22,12,BRneg,4.39
2025-02-22,13,BRpos,4.3
2025-02-22,13,BRneg,1.82
2025-02-22,14,BRpos,4.774
2025-02-22,14,BRneg,1.678
2025-02-22,15,BRpos,2.866
2025-02-22,15,BRneg,2.166
2025-02-22,16,BRpos,6.148
2025-02-22,16,BRneg,2.166
2025-02-22,17,BRpos,3.953
2025-02-22,17,BRneg,2.097
2025-02-22,18,BRpos,4.501
2025-02-22,18,BRneg,0.541
2025-02-22,19,BRpos,4.358
2025-02-22,19,BRneg,2.235
2025-02-22,20,BRpos,1.493
2025-02-22,20,BRneg,2.547
2025-02-22,21,BRpos,2.421
2025-02-22,21,BRneg,2.237
2025-02-22,22,BRpos,3.551
2025-02-22,22,BRneg,2.1
2025-02-22,23,BRpos,3.012
2025-02-22,23,BRneg,1.055
2025-02-22,24,BRpos,9.116
2025-02-22,24,BRneg,2.19
2025-02-22,25,BRpos,3.353
2025-02-22,25,BRneg,2.134
2025-02-22,26,BRpos,2.477
2025-02-22,26,BRneg,1.274
2025-02-22,27,BRpos,3.816
2025-02-22,27,BRneg,1.771
2025-02-22,28,BRpos,3.518
2025-02-22,28,BRneg,1.241
2025-02-22,29,BRpos,1.909
2025-02-22,29,BRneg,4.143
2025-02-22,30,BRpos,2.391
2025-02-22,30,BRneg,2.605
2025-02-22,31,BRpos,2.59
2025-02-22,31,BRneg,1.381
2025-02-22,32,BRpos,3.296
2025-02-22,32,BRneg,1.131
2025-02-22,33,BRpos,4.128
2025-02-22,33,BRneg,2.099
2025-02-22,34,BRpos,6.38
2025-02-22,34,BRneg,2.311
2025-02-22,35,BRpos,4.534
2025-02-22,35,BRneg,1.562
2025-02-22,36,BRpos,3.224
2025-02-22,36,BRneg,1.81
2025-02-22,37,BRpos,4.944
2025-02-22,37,BRneg,1.475
2025-02-22,38,BRpos,3.442
2025-02-22,38,BRneg,3.227
2025-02-22,39,BRpos,8.514
2025-02-22,39,BRneg,1.34
2025-02-22,40,BRpos,4.966
2025-02-22,40,BRneg,3.429
2025-02-22,41,BRpos,10.976
2025-02-22,41,BRneg,1.627
2025-02-22,42,BRpos,2.223
2025-02-22,42,BRneg,1.606
2025-02-22,43,BRpos,3.186
2025-02-22,43,BRneg,2.389
2025-02-22,44,BRpos,8.54
2025-02-22,44,BRneg,1.665
2025-02-22,45,BRpos,2.539
2025-02-22,45,BRneg,2.499
2025-02-22,46,BRpos,3.717
2025-02-22,46,BRneg,0.814
2025-02-22,47,BRpos,5.472
2025-02-22,47,BRneg,1.473
2025-02-22,48,BRpos,2.167
2025-02-22,48,BRneg,3.604
2025-02-23,1,BRpos,1.371
2025-02-23,1,BRneg,0.88
2025-02-23,2,BRpos,2.681
2025-02-23,2,BRneg,1.376
2025-02-23,3,BRpos,2.632
2025-02-23,3,BRneg,1.412
2025-02-23,4,BRpos,4.043
2025-02-23,4,BRneg,2.113
2025-02-23,5,BRpos,5.933
2025-02-23,5,BRneg,1.849
2025-02-23,6,BRpos,5.414
2025-02-23,6,BRneg,3.385
2025-02-23,7,BRpos,1.943
2025-02-23,7,BRneg,1.53
2025-02-23,8,BRpos,6.913
2025-02-23,8,BRneg,1.739
2025-02-23,9,BRpos,7.022
2025-02-23,9,BRneg,1.959
2025-02-23,10,BRpos,3.777
2025-02-23,10,BRneg,0.997
2025-02-23,11,BRpos,2.848
2025-02-23,11,BRneg,1.164
2025-02-23,12,BRpos,2.234
2025-02-23,12,BRneg,1.414
2025-02-23,13,BRpos,3.84
2025-02-23,13,BRneg,1.807
2025-02-23,14,BRpos,4.108
2025-02-23,14,BRneg,1.765
2025-02-23,15,BRpos,8.572
2025-02-23,15,BRneg,3.179
2025-02-23,16,BRpos,5.772
2025-02-23,16,BRneg,1.138
2025-02-23,17,BRpos,9.118
2025-02-23,17,BRneg,0.812
2025-02-23,18,BRpos,3.287
2025-02-23,18,BRneg,1.284
2025-02-23,19,BRpos,5.589
2025-02-23,19,BRneg,0.98
2025-02-23,20,BRpos,4.185
2025-02-23,20,BRneg,1.835
2025-02-23,21,BRpos,4.509
2025-02-23,21,BRneg,1.038
2025-02-23,22,BRpos,1.572
2025-02-23,22,BRneg,1.937
2025-02-23,23,BRpos,4.642
2025-02-23,23,BRneg,1.626
2025-02-23,24,BRpos,2.812
2025-02-23,24,BRneg,0.852
2025-02-23,25,BRpos,2.217
2025-02-23,25,BRneg,1.756
2025-02-23,26,BRpos,2.205
2025-02-23,26,BRneg,0.379
2025-02-23,27,BRpos,4.43
2025-02-23,27,BRneg,2.384
2025-02-23,28,BRpos,5.84
2025-02-23,28,BRneg,3.416
2025-02-23,29,BRpos,3.287
2025-02-23,29,BRneg,0.87
2025-02-23,30,BRpos,5.82
2025-02-23,30,BRneg,1.214
2025-02-23,31,BRpos,2.783
2025-02-23,31,BRneg,1.487
2025-02-23,32,BRpos,2.046
2025-02-23,32,BRneg,2.092
2025-02-23,33,BRpos,4.601
2025-02-23,33,BRneg,1.264
2025-02-23,34,BRpos,7.465
2025-02-23,34,BRneg,2.463
2025-02-23,35,BRpos,7.117
2025-02-23,35,BRneg,2.916
2025-02-23,36,BRpos,2.645
2025-02-23,36,BRneg,4.574
2025-02-23,37,BRpos,8.364
2025-02-23,37,BRneg,2.916
2025-02-23,38,BRpos,5.702
2025-02-23,38,BRneg,2.188
2025-02-23,39,BRpos,4.272
2025-02-23,39,BRneg,3.329
2025-02-23,40,BRpos,3.676
2025-02-23,40,BRneg,1.836
2025-02-23,41,BRpos,3.839
2025-02-23,41,BRneg,1.752
2025-02-23,42,BRpos,2.989
2025-02-23,42,BRneg,2.085
2025-02-23,43,BRpos,4.039
2025-02-23,43,BRneg,1.046
2025-02-23,44,BRpos,1.975
2025-02-23,44,BRneg,1.599
2025-02-23,45,BRpos,5.631
2025-02-23,45,BRneg,3.221
2025-02-23,46,BRpos,5.33
2025-02-23,46,BRneg,1.43
2025-02-23,47,BRpos,4.137
2025-02-23,47,BRneg,2.169
2025-02-23,48,BRpos,5.197
2025-02-23,48,BRneg,1.513
2025-02-24,1,BRpos,5.143
2025-02-24,1,BRneg,1.119
2025-02-24,2,BRpos,4.101
2025-02-24,2,BRneg,1.377
2025-02-24,3,BRpos,2.342
2025-02-24,3,BRneg,1.373
2025-02-24,4,BRpos,1.87
2025-02-24,4,BRneg,2.539
2025-02-24,5,BRpos,4.285
2025-02-24,5,BRneg,2.047
2025-02-24,6,BRpos,4.397
2025-02-24,6,BRneg,2.734
2025-02-24,7,BRpos,2.936
2025-02-24,7,BRneg,1.795
2025-02-24,8,BRpos,1.772
2025-02-24,8,BRneg,2.776
2025-02-24,9,BRpos,4.514
2025-02-24,9,BRneg,1.352
2025-02-24,10,BRpos,3.295
2025-02-24,10,BRneg,2.645
2025-02-24,11,BRpos,5.929
2025-02-24,11,BRneg,1.415
2025-02-24,12,BRpos,3.664
2025-02-24,12,BRneg,0.873
2025-02-24,13,BRpos,1.747
2025-02-24,13,BRneg,1.166
2025-02-24,14,BRpos,3.529
2025-02-24,14,BRneg,2.453
2025-02-24,15,BRpos,7.024
2025-02-24,15,BRneg,1.388
2025-02-24,16,BRpos,4.661
2025-02-24,16,BRneg,1.63
2025-02-24,17,BRpos,3.538
2025-02-24,17,BRneg,1.836
2025-02-24,18,BRpos,6.904
2025-02-24,18,BRneg,1.832
2025-02-24,19,BRpos,5.26
2025-02-24,19,BRneg,2.197
2025-02-24,20,BRpos,1.088
2025-02-24,20,BRneg,2.753
2025-02-24,21,BRpos,4.566
2025-02-24,21,BRneg,3.692
2025-02-24,22,BRpos,2.241
2025-02-24,22,BRneg,1.103
2025-02-24,23,BRpos,5.501
2025-02-24,23,BRneg,2.65
2025-02-24,24,BRpos,2.591
2025-02-24,24,BRneg,1.07
2025-02-24,25,BRpos,7.362
2025-02-24,25,BRneg,0.863
2025-02-24,26,BRpos,3.817
2025-02-24,26,BRneg,1.549
2025-02-24,27,BRpos,3.344
2025-02-24,27,BRneg,1.214
2025-02-24,28,BRpos,3.61
2025-02-24,28,BRneg,1.971
2025-02-24,29,BRpos,3.306
2025-02-24,29,BRneg,4.786
2025-02-24,30,BRpos,2.301
2025-02-24,30,BRneg,0.449
2025-02-24,31,BRpos,4.367
2025-02-24,31,BRneg,3.246
2025-02-24,32,BRpos,2.028
2025-02-24,32,BRneg,1.854
2025-02-24,33,BRpos,2.631
2025-02-24,33,BRneg,2.367
2025-02-24,34,BRpos,5.836
2025-02-24,34,BRneg,2.102
2025-02-24,35,BRpos,12.419
2025-02-24,35,BRneg,4.094
2025-02-24,36,BRpos,2.799
2025-02-24,36,BRneg,4.065
2025-02-24,37,BRpos,4.524
2025-02-24,37,BRneg,1.284
2025-02-24,38,BRpos,3.937
2025-02-24,38,BRneg,1.761
2025-02-24,39,BRpos,11.902
2025-02-24,39,BRneg,2.363
2025-02-24,40,BRpos,2.807
2025-02-24,40,BRneg,2.575
2025-02-24,41,BRpos,3.63
2025-02-24,41,BRneg,1.263
2025-02-24,42,BRpos,6.463
2025-02-24,42,BRneg,2.435
2025-02-24,43,BRpos,6.683
2025-02-24,43,BRneg,1.649
2025-02-24,44,BRpos,2.656
2025-02-24,44,BRneg,1.344
2025-02-24,45,BRpos,3.851
2025-02-24,45,BRneg,1.101
2025-02-24,46,BRpos,3.122
2025-02-24,46,BRneg,1.13
2025-02-24,47,BRpos,3.734
2025-02-24,47,BRneg,1.446
2025-02-24,48,BRpos,3.115
2025-02-24,48,BRneg,2.036
2025-02-25,1,BRpos,2.05
2025-02-25,1,BRneg,2.057
2025-02-25,2,BRpos,2.317
2025-02-25,2,BRneg,1.882
2025-02-25,3,BRpos,5.657
2025-02-25,3,BRneg,2.451
2025-02-25,4,BRpos,6.299
2025-02-25,4,BRneg,1.83
2025-02-25,5,BRpos,3.045
2025-02-25,5,BRneg,2.649
2025-02-25,6,BRpos,2.081
2025-02-25,6,BRneg,1.412
2025-02-25,7,BRpos,4.692
2025-02-25,7,BRneg,1.096
2025-02-25,8,BRpos,2.592
2025-02-25,8,BRneg,1.436
2025-02-25,9,BRpos,9.338
2025-02-25,9,BRneg,1.012
2025-02-25,10,BRpos,6.04
2025-02-25,10,BRneg,1.425
2025-02-25,11,BRpos,3.544
2025-02-25,11,BRneg,0.863
2025-02-25,12,BRpos,7.546
2025-02-25,12,BRneg,3.566
2025-02-25,13,BRpos,3.777
2025-02-25,13,BRneg,1.885
2025-02-25,14,BRpos,13.802
2025-02-25,14,BRneg,2.576
2025-02-25,15,BRpos,5.197
2025-02-25,15,BRneg,1.934
2025-02-25,16,BRpos,3.168
2025-02-25,16,BRneg,1.854
2025-02-25,17,BRpos,3.799
2025-02-25,17,BRneg,2.896
2025-02-25,18,BRpos,3.373
2025-02-25,18,BRneg,1.114
2025-02-25,19,BRpos,3.117
2025-02-25,19,BRneg,0.679
2025-02-25,20,BRpos,3.393
2025-02-25,20,BRneg,1.987
2025-02-25,21,BRpos,1.948
2025-02-25,21,BRneg,1.269
2025-02-25,22,BRpos,4.549
2025-02-25,22,BRneg,1.856
2025-02-25,23,BRpos,6.57
2025-02-25,23,BRneg,2.095
2025-02-25,24,BRpos,2.459
2025-02-25,24,BRneg,0.599
2025-02-25,25,BRpos,3.455
2025-02-25,25,BRneg,1.455
2025-02-25,26,BRpos,6.328
2025-02-25,26,BRneg,1.409
2025-02-25,27,BRpos,5.861
2025-02-25,27,BRneg,2.301
2025-02-25,28,BRpos,3.122
2025-02-25,28,BRneg,1.176
2025-02-25,29,BRpos,1.839
2025-02-25,29,BRneg,2.194
2025-02-25,30,BRpos,3.793
2025-02-25,30,BRneg,1.981
2025-02-25,31,BRpos,4.306
2025-02-25,31,BRneg,0.872
2025-02-25,32,BRpos,3.358
2025-02-25,32,BRneg,3.193
2025-02-25,33,BRpos,4.882
2025-02-25,33,BRneg,3.513
2025-02-25,34,BRpos,2.886
2025-02-25,34,BRneg,3.011
2025-02-25,35,BRpos,8.527
2025-02-25,35,BRneg,1.697
2025-02-25,36,BRpos,3.477
2025-02-25,36,BRneg,2.469
2025-02-25,37,BRpos,4.259
2025-02-25,37,BRneg,2.872
2025-02-25,38,BRpos,7.413
2025-02-25,38,BRneg,2.122
2025-02-25,39,BRpos,12.698
2025-02-25,39,BRneg,4.085
2025-02-25,40,BRpos,3.658
2025-02-25,40,BRneg,2.026
2025-02-25,41,BRpos,4.058
2025-02-25,41,BRneg,0.597
2025-02-25,42,BRpos,1.761
2025-02-25,42,BRneg,0.753
2025-02-25,43,BRpos,3.858
2025-02-25,43,BRneg,0.657
2025-02-25,44,BRpos,1.96
2025-02-25,44,BRneg,1.646
2025-02-25,45,BRpos,7.542
2025-02-25,45,BRneg,2.018
2025-02-25,46,BRpos,3.115
2025-02-25,46,BRneg,1.418
2025-02-25,47,BRpos,2.487
2025-02-25,47,BRneg,3.363
2025-02-25,48,BRpos,3.006
2025-02-25,48,BRneg,1.263
2025-02-26,1,BRpos,6.576
2025-02-26,1,BRneg,2.78
2025-02-26,2,BRpos,5.068
2025-02-26,2,BRneg,1.318
2025-02-26,3,BRpos,2.327
2025-02-26,3,BRneg,1.284
2025-02-26,4,BRpos,3.048
2025-02-26,4,BRneg,0.853
2025-02-26,5,BRpos,8.252
2025-02-26,5,BRneg,1.77
2025-02-26,6,BRpos,6.009
2025-02-26,6,BRneg,1.995
2025-02-26,7,BRpos,10.177
2025-02-26,7,BRneg,1.367
2025-02-26,8,BRpos,4.175
2025-02-26,8,BRneg,1.573
2025-02-26,9,BRpos,5.213
2025-02-26,9,BRneg,1.094
2025-02-26,10,BRpos,3.05
2025-02-26,10,BRneg,2.321
2025-02-26,11,BRpos,5.252
2025-02-26,11,BRneg,1.691
2025-02-26,12,BRpos,1.476
2025-02-26,12,BRneg,2.075
2025-02-26,13,BRpos,4.143
2025-02-26,13,BRneg,2.386
2025-02-26,14,BRpos,1.759
2025-02-26,14,BRneg,1.314
2025-02-26,15,BRpos,4.479
2025-02-26,15,BRneg,1.423
2025-02-26,16,BRpos,5.481
2025-02-26,16,BRneg,1.856
2025-02-26,17,BRpos,1.406
2025-02-26,17,BRneg,2.217
2025-02-26,18,BRpos,4.804
2025-02-26,18,BRneg,1.986
2025-02-26,19,BRpos,4.425
2025-02-26,19,BRneg,1.155
2025-02-26,20,BRpos,5.88
2025-02-26,20,BRneg,1.752
2025-02-26,21,BRpos,3.418
2025-02-26,21,BRneg,1.505
2025-02-26,22,BRpos,4.045
2025-02-26,22,BRneg,1.541
2025-02-26,23,BRpos,2.693
2025-02-26,23,BRneg,1.684
2025-02-26,24,BRpos,2.715
2025-02-26,24,BRneg,1.591
2025-02-26,25,BRpos,6.308
2025-02-26,25,BRneg,2.571
2025-02-26,26,BRpos,6.718
2025-02-26,26,BRneg,0.919
2025-02-26,27,BRpos,6.24
2025-02-26,27,BRneg,1.091
2025-02-26,28,BRpos,7.634
2025-02-26,28,BRneg,0.827
2025-02-26,29,BRpos,3.548
2025-02-26,29,BRneg,4.276
2025-02-26,30,BRpos,4.259
2025-02-26,30,BRneg,1.465
2025-02-26,31,BRpos,2.273
2025-02-26,31,BRneg,1.48
2025-02-26,32,BRpos,5.964
2025-02-26,32,BRneg,1.795
2025-02-26,33,BRpos,2.544
2025-02-26,33,BRneg,1.16
2025-02-26,34,BRpos,6.389
2025-02-26,34,BRneg,3.96
2025-02-26,35,BRpos,4.008
2025-02-26,35,BRneg,1.563
2025-02-26,36,BRpos,2.991
2025-02-26,36,BRneg,2.72
2025-02-26,37,BRpos,13.092
2025-02-26,37,BRneg,1.741
2025-02-26,38,BRpos,8.118
2025-02-26,38,BRneg,3.54
2025-02-26,39,BRpos,7.636
2025-02-26,39,BRneg,2.69
2025-02-26,40,BRpos,6.981
2025-02-26,40,BRneg,0.944
2025-02-26,41,BRpos,2.764
2025-02-26,41,BRneg,1.533
2025-02-26,42,BRpos,3.417
2025-02-26,42,BRneg,1.749
2025-02-26,43,BRpos,5.385
2025-02-26,43,BRneg,1.064
2025-02-26,44,BRpos,3.214
2025-02-26,44,BRneg,1.922
2025-02-26,45,BRpos,6.615
2025-02-26,45,BRneg,2.123
2025-02-26,46,BRpos,2.421
2025-02-26,46,BRneg,4.108
2025-02-26,47,BRpos,2.923
2025-02-26,47,BRneg,1.334
2025-02-26,48,BRpos,5.676
2025-02-26,48,BRneg,0.898
2025-02-27,1,BRpos,3.855
2025-02-27,1,BRneg,3.016
2025-02-27,2,BRpos,6.648
2025-02-27,2,BRneg,0.635
2025-02-27,3,BRpos,5.728
2025-02-27,3,BRneg,2.073
2025-02-27,4,BRpos,6.153
2025-02-27,4,BRneg,0.897
2025-02-27,5,BRpos,2.657
2025-02-27,5,BRneg,1.69
2025-02-27,6,BRpos,4.032
2025-02-27,6,BRneg,1.166
2025-02-27,7,BRpos,5.002
2025-02-27,7,BRneg,1.585
2025-02-27,8,BRpos,1.205
2025-02-27,8,BRneg,0.784
2025-02-27,9,BRpos,4.611
2025-02-27,9,BRneg,1.154
2025-02-27,10,BRpos,6.95
2025-02-27,10,BRneg,2.003
2025-02-27,11,BRpos,2.494
2025-02-27,11,BRneg,2.491
2025-02-27,12,BRpos,3.093
2025-02-27,12,BRneg,1.265
2025-02-27,13,BRpos,2.195
2025-02-27,13,BRneg,1.816
2025-02-27,14,BRpos,4.131
2025-02-27,14,BRneg,0.956
2025-02-27,15,BRpos,2.34
2025-02-27,15,BRneg,1.036
2025-02-27,16,BRpos,8.243
2025-02-27,16,BRneg,1.754
2025-02-27,17,BRpos,4.378
2025-02-27,17,BRneg,3.253
2025-02-27,18,BRpos,2.26
2025-02-27,18,BRneg,0.718
2025-02-27,19,BRpos,3.068
2025-02-27,19,BRneg,3.76
2025-02-27,20,BRpos,2.662
2025-02-27,20,BRneg,3.63
2025-02-27,21,BRpos,3.676
2025-02-27,21,BRneg,1.758
2025-02-27,22,BRpos,4.653
2025-02-27,22,BRneg,1.249
2025-02-27,23,BRpos,2.428
2025-02-27,23,BRneg,1.181
2025-02-27,24,BRpos,5.466
2025-02-27,24,BRneg,1.429
2025-02-27,25,BRpos,3.187
2025-02-27,25,BRneg,1.654
2025-02-27,26,BRpos,4.861
2025-02-27,26,BRneg,2.405
2025-02-27,27,BRpos,2.605
2025-02-27,27,BRneg,2.872
2025-02-27,28,BRpos,1.725
2025-02-27,28,BRneg,1.132
2025-02-27,29,BRpos,5.231
2025-02-27,29,BRneg,0.96
2025-02-27,30,BRpos,1.951
2025-02-27,30,BRneg,1.483
2025-02-27,31,BRpos,1.536
2025-02-27,31,BRneg,1.634
2025-02-27,32,BRpos,2.455
2025-02-27,32,BRneg,1.205
2025-02-27,33,BRpos,3.465
2025-02-27,33,BRneg,2.021
2025-02-27,34,BRpos,3.8
2025-02-27,34,BRneg,2.31
2025-02-27,35,BRpos,4.68
2025-02-27,35,BRneg,1.388
2025-02-27,36,BRpos,5.728
2025-02-27,36,BRneg,2.338
2025-02-27,37,BRpos,7.674
2025-02-27,37,BRneg,3.399
2025-02-27,38,BRpos,3.267
2025-02-27,38,BRneg,1.696
2025-02-27,39,BRpos,12.437
2025-02-27,39,BRneg,1.308
2025-02-27,40,BRpos,2.845
2025-02-27,40,BRneg,1.768
2025-02-27,41,BRpos,2.892
2025-02-27,41,BRneg,1.67
2025-02-27,42,BRpos,3.028
2025-02-27,42,BRneg,1.29
2025-02-27,43,BRpos,4.525
2025-02-27,43,BRneg,0.655
2025-02-27,44,BRpos,3.679
2025-02-27,44,BRneg,1.517
2025-02-27,45,BRpos,6.22
2025-02-27,45,BRneg,2.18
2025-02-27,46,BRpos,1.579
2025-02-27,46,BRneg,1.482
2025-02-27,47,BRpos,1.533
2025-02-27,47,BRneg,1.37
2025-02-27,48,BRpos,5.656
2025-02-27,48,BRneg,2.169
2025-02-28,1,BRpos,4.575
2025-02-28,1,BRneg,1.085
2025-02-28,2,BRpos,1.652
2025-02-28,2,BRneg,1.239
2025-02-28,3,BRpos,2.839
2025-02-28,3,BRneg,1.177
2025-02-28,4,BRpos,2.666
2025-02-28,4,BRneg,0.966
2025-02-28,5,BRpos,2.221
2025-02-28,5,BRneg,2.397
2025-02-28,6,BRpos,2.854
2025-02-28,6,BRneg,1.714
2025-02-28,7,BRpos,3.486
2025-02-28,7,BRneg,1.542
2025-02-28,8,BRpos,3.682
2025-02-28,8,BRneg,2.221
2025-02-28,9,BRpos,3.595
2025-02-28,9,BRneg,1.805
2025-02-28,10,BRpos,1.789
2025-02-28,10,BRneg,1.559
2025-02-28,11,BRpos,1.933
2025-02-28,11,BRneg,1.281
2025-02-28,12,BRpos,4.105
2025-02-28,12,BRneg,1.644
2025-02-28,13,BRpos,2.692
2025-02-28,13,BRneg,1.09
2025-02-28,14,BRpos,3.829
2025-02-28,14,BRneg,2.712
2025-02-28,15,BRpos,5.278
2025-02-28,15,BRneg,1.655
2025-02-28,16,BRpos,4.291
2025-02-28,16,BRneg,1.41
2025-02-28,17,BRpos,3.632
2025-02-28,17,BRneg,1.553
2025-02-28,18,BRpos,4.238
2025-02-28,18,BRneg,2.287
2025-02-28,19,BRpos,2.38
2025-02-28,19,BRneg,3.469
2025-02-28,20,BRpos,1.813
2025-02-28,20,BRneg,1.47
2025-02-28,21,BRpos,3.859
2025-02-28,21,BRneg,0.999
2025-02-28,22,BRpos,1.833
2025-02-28,22,BRneg,1.046
2025-02-28,23,BRpos,3.542
2025-02-28,23,BRneg,2.433
2025-02-28,24,BRpos,2.478
2025-02-28,24,BRneg,1.313
2025-02-28,25,BRpos,1.933
2025-02-28,25,BRneg,0.831
2025-02-28,26,BRpos,2.856
2025-02-28,26,BRneg,0.743
2025-02-28,27,BRpos,3.708
2025-02-28,27,BRneg,1.463
2025-02-28,28,BRpos,3.535
2025-02-28,28,BRneg,0.983
2025-02-28,29,BRpos,2.608
2025-02-28,29,BRneg,2.13
2025-02-28,30,BRpos,8.264
2025-02-28,30,BRneg,0.939
2025-02-28,31,BRpos,2.138
2025-02-28,31,BRneg,1.186
2025-02-28,32,BRpos,2.818
2025-02-28,32,BRneg,1.405
2025-02-28,33,BRpos,2.135
2025-02-28,33,BRneg,2.077
2025-02-28,34,BRpos,6.81
2025-02-28,34,BRneg,4.465
2025-02-28,35,BRpos,7.848
2025-02-28,35,BRneg,5.337
2025-02-28,36,BRpos,8.646
2025-02-28,36,BRneg,2.589
2025-02-28,37,BRpos,3.408
2025-02-28,37,BRneg,1.387
2025-02-28,38,BRpos,3.636
2025-02-28,38,BRneg,2.856
2025-02-28,39,BRpos,6.05
2025-02-28,39,BRneg,2.918
2025-02-28,40,BRpos,2.258
2025-02-28,40,BRneg,1.465
2025-02-28,41,BRpos,5.432
2025-02-28,41,BRneg,1.793
2025-02-28,42,BRpos,2.341
2025-02-28,42,BRneg,0.839
2025-02-28,43,BRpos,3.437
2025-02-28,43,BRneg,3.545
2025-02-28,44,BRpos,4.565
2025-02-28,44,BRneg,2.504
2025-02-28,45,BRpos,2.703
2025-02-28,45,BRneg,1.528
2025-02-28,46,BRpos,3.991
2025-02-28,46,BRneg,0.977
2025-02-28,47,BRpos,2.977
2025-02-28,47,BRneg,0.984
2025-02-28,48,BRpos,4.285
2025-02-28,48,BRneg,1.141
2025-03-01,1,BRpos,2.786
2025-03-01,1,BRneg,3.211
2025-03-01,2,BRpos,2.038
2025-03-01,2,BRneg,1.403
2025-03-01,3,BRpos,2.215
2025-03-01,3,BRneg,1.719
2025-03-01,4,BRpos,3.3
2025-03-01,4,BRneg,2.137
2025-03-01,5,BRpos,2.093
2025-03-01,5,BRneg,1.469
2025-03-01,6,BRpos,4.078
2025-03-01,6,BRneg,0.551
2025-03-01,7,BRpos,3.141
2025-03-01,7,BRneg,2.963
2025-03-01,8,BRpos,4.717
2025-03-01,8,BRneg,1.654
2025-03-01,9,BRpos,3.001
2025-03-01,9,BRneg,1.208
2025-03-01,10,BRpos,1.932
2025-03-01,10,BRneg,1.65
2025-03-01,11,BRpos,4.166
2025-03-01,11,BRneg,3.185
2025-03-01,12,BRpos,1.703
2025-03-01,12,BRneg,4.111
2025-03-01,13,BRpos,7.07
2025-03-01,13,BRneg,2.821
2025-03-01,14,BRpos,3.109
2025-03-01,14,BRneg,0.947
2025-03-01,15,BRpos,1.779
2025-03-01,15,BRneg,1.748
2025-03-01,16,BRpos,3.19
2025-03-01,16,BRneg,1.134
2025-03-01,17,BRpos,3.681
2025-03-01,17,BRneg,1.55
2025-03-01,18,BRpos,3.657
2025-03-01,18,BRneg,1.179
2025-03-01,19,BRpos,4.018
2025-03-01,19,BRneg,1.266
2025-03-01,20,BRpos,4.203
2025-03-01,20,BRneg,0.933
2025-03-01,21,BRpos,3.063
2025-03-01,21,BRneg,2.355
2025-03-01,22,BRpos,3.541
2025-03-01,22,BRneg,2.861
2025-03-01,23,BRpos,2.487
2025-03-01,23,BRneg,0.983
2025-03-01,24,BRpos,5.569
2025-03-01,24,BRneg,1.541
2025-03-01,25,BRpos,3.529
2025-03-01,25,BRneg,1.671
2025-03-01,26,BRpos,2.424
2025-03-01,26,BRneg,1.117
2025-03-01,27,BRpos,3.241
2025-03-01,27,BRneg,2.159
2025-03-01,28,BRpos,6.248
2025-03-01,28,BRneg,1.09
2025-03-01,29,BRpos,6.147
2025-03-01,29,BRneg,3.086
2025-03-01,30,BRpos,3.89
2025-03-01,30,BRneg,1.967
2025-03-01,31,BRpos,4.97
2025-03-01,31,BRneg,1.176
2025-03-01,32,BRpos,2.31
2025-03-01,32,BRneg,2.976
2025-03-01,33,BRpos,3.811
2025-03-01,33,BRneg,1.396
2025-03-01,34,BRpos,4.157
2025-03-01,34,BRneg,1.945
2025-03-01,35,BRpos,6.474
2025-03-01,35,BRneg,1.371
2025-03-01,36,BRpos,13.557
2025-03-01,36,BRneg,2.301
2025-03-01,37,BRpos,3.561
2025-03-01,37,BRneg,1.825
2025-03-01,38,BRpos,3.657
2025-03-01,38,BRneg,1.455
2025-03-01,39,BRpos,4.709
2025-03-01,39,BRneg,2.432
2025-03-01,40,BRpos,3.66
2025-03-01,40,BRneg,1.388
2025-03-01,41,BRpos,2.054
2025-03-01,41,BRneg,2.621
2025-03-01,42,BRpos,3.988
2025-03-01,42,BRneg,3.72
2025-03-01,43,BRpos,2.384
2025-03-01,43,BRneg,1.117
2025-03-01,44,BRpos,2.532
2025-03-01,44,BRneg,2.229
2025-03-01,45,BRpos,2.128
2025-03-01,45,BRneg,2.403
2025-03-01,46,BRpos,5.124
2025-03-01,46,BRneg,1.475
2025-03-01,47,BRpos,2.896
2025-03-01,47,BRneg,2.146
2025-03-01,48,BRpos,1.9
2025-03-01,48,BRneg,1.839
2025-03-02,1,BRpos,8.325
2025-03-02,1,BRneg,1.829
2025-03-02,2,BRpos,8.923
2025-03-02,2,BRneg,0.57
2025-03-02,3,BRpos,2.991
2025-03-02,3,BRneg,1.635
2025-03-02,4,BRpos,3.257
2025-03-02,4,BRneg,0.846
2025-03-02,5,BRpos,2.579
2025-03-02,5,BRneg,3.542
2025-03-02,6,BRpos,4.786
2025-03-02,6,BRneg,1.549
2025-03-02,7,BRpos,4.735
2025-03-02,7,BRneg,1.182
2025-03-02,8,BRpos,4.799
2025-03-02,8,BRneg,1.476
2025-03-02,9,BRpos,2.032
2025-03-02,9,BRneg,1.001
2025-03-02,10,BRpos,5.77
2025-03-02,10,BRneg,2.72
2025-03-02,11,BRpos,3.276
2025-03-02,11,BRneg,0.894
2025-03-02,12,BRpos,3.861
2025-03-02,12,BRneg,1.04
2025-03-02,13,BRpos,3.44
2025-03-02,13,BRneg,1.757
2025-03-02,14,BRpos,8.592
2025-03-02,14,BRneg,1.701
2025-03-02,15,BRpos,1.63
2025-03-02,15,BRneg,1.472
2025-03-02,16,BRpos,4.949
2025-03-02,16,BRneg,2.156
2025-03-02,17,BRpos,3.923
2025-03-02,17,BRneg,2.506
2025-03-02,18,BRpos,3.071
2025-03-02,18,BRneg,1.034
2025-03-02,19,BRpos,4.323
2025-03-02,19,BRneg,2.377
2025-03-02,20,BRpos,1.548
2025-03-02,20,BRneg,0.891
2025-03-02,21,BRpos,3.642
2025-03-02,21,BRneg,1.551
2025-03-02,22,BRpos,2.325
2025-03-02,22,BRneg,1.453
2025-03-02,23,BRpos,10.411
2025-03-02,23,BRneg,1.365
2025-03-02,24,BRpos,4.292
2025-03-02,24,BRneg,1.233
2025-03-02,25,BRpos,1.844
2025-03-02,25,BRneg,1.456
2025-03-02,26,BRpos,4.14
2025-03-02,26,BRneg,2.034
2025-03-02,27,BRpos,3.421
2025-03-02,27,BRneg,0.58
2025-03-02,28,BRpos,2.113
2025-03-02,28,BRneg,1.734
2025-03-02,29,BRpos,4.142
2025-03-02,29,BRneg,1.766
2025-03-02,30,BRpos,3.962
2025-03-02,30,BRneg,1.156
2025-03-02,31,BRpos,4.754
2025-03-02,31,BRneg,1.541
2025-03-02,32,BRpos,3.428
2025-03-02,32,BRneg,1.571
2025-03-02,33,BRpos,4.383
2025-03-02,33,BRneg,0.666
2025-03-02,34,BRpos,7.646
2025-03-02,34,BRneg,2.928
2025-03-02,35,BRpos,4.569
2025-03-02,35,BRneg,3.217
2025-03-02,36,BRpos,9.482
2025-03-02,36,BRneg,6.24
2025-03-02,37,BRpos,6.08
2025-03-02,37,BRneg,2.838
2025-03-02,38,BRpos,1.049
2025-03-02,38,BRneg,4.879
2025-03-02,39,BRpos,4.77
2025-03-02,39,BRneg,1.719
2025-03-02,40,BRpos,2.384
2025-03-02,40,BRneg,1.635
2025-03-02,41,BRpos,1.801
2025-03-02,41,BRneg,1.064
2025-03-02,42,BRpos,2.192
2025-03-02,42,BRneg,1.172
2025-03-02,43,BRpos,2.995
2025-03-02,43,BRneg,0.962
2025-03-02,44,BRpos,1.393
2025-03-02,44,BRneg,0.76
2025-03-02,45,BRpos,1.263
2025-03-02,45,BRneg,2.206
2025-03-02,46,BRpos,6.701
2025-03-02,46,BRneg,1.411
2025-03-02,47,BRpos,5.165
2025-03-02,47,BRneg,2.225
2025-03-02,48,BRpos,3.278
2025-03-02,48,BRneg,6.19
2025-03-03,1,BRpos,3.909
2025-03-03,1,BRneg,0.887
2025-03-03,2,BRpos,7.398
2025-03-03,2,BRneg,1.718
2025-03-03,3,BRpos,6.184
2025-03-03,3,BRneg,2.004
2025-03-03,4,BRpos,3.214
2025-03-03,4,BRneg,1.992
2025-03-03,5,BRpos,3.494
2025-03-03,5,BRneg,0.661
2025-03-03,6,BRpos,3.335
2025-03-03,6,BRneg,1.447
2025-03-03,7,BRpos,8.656
2025-03-03,7,BRneg,1.324
2025-03-03,8,BRpos,4.84
2025-03-03,8,BRneg,1.14
2025-03-03,9,BRpos,6.259
2025-03-03,9,BRneg,2.632
2025-03-03,10,BRpos,3.181
2025-03-03,10,BRneg,0.965
2025-03-03,11,BRpos,2.653
2025-03-03,11,BRneg,1.1
2025-03-03,12,BRpos,2.096
2025-03-03,12,BRneg,1.553
2025-03-03,13,BRpos,6.087
2025-03-03,13,BRneg,1.564
2025-03-03,14,BRpos,2.983
2025-03-03,14,BRneg,2.516
2025-03-03,15,BRpos,3.426
2025-03-03,15,BRneg,3.738
2025-03-03,16,BRpos,4.573
2025-03-03,16,BRneg,2.156
2025-03-03,17,BRpos,4.179
2025-03-03,17,BRneg,1.569
2025-03-03,18,BRpos,2.465
2025-03-03,18,BRneg,0.771
2025-03-03,19,BRpos,5.654
2025-03-03,19,BRneg,2.334
2025-03-03,20,BRpos,3.432
2025-03-03,20,BRneg,0.927
2025-03-03,21,BRpos,6.168
2025-03-03,21,BRneg,2.475
2025-03-03,22,BRpos,2.739
2025-03-03,22,BRneg,1.422
2025-03-03,23,BRpos,3.255
2025-03-03,23,BRneg,1.68
2025-03-03,24,BRpos,3.447
2025-03-03,24,BRneg,2.459
2025-03-03,25,BRpos,1.658
2025-03-03,25,BRneg,1.568
2025-03-03,26,BRpos,4.459
2025-03-03,26,BRneg,0.826
2025-03-03,27,BRpos,3.079
2025-03-03,27,BRneg,0.576
2025-03-03,28,BRpos,3.498
2025-03-03,28,BRneg,0.772
2025-03-03,29,BRpos,4.067
2025-03-03,29,BRneg,2.598
2025-03-03,30,BRpos,3.18
2025-03-03,30,BRneg,0.641
2025-03-03,31,BRpos,4.849
2025-03-03,31,BRneg,1.238
2025-03-03,32,BRpos,1.98
2025-03-03,32,BRneg,1.783
2025-03-03,33,BRpos,2.307
2025-03-03,33,BRneg,1.425
2025-03-03,34,BRpos,6.794
2025-03-03,34,BRneg,2.416
2025-03-03,35,BRpos,2.924
2025-03-03,35,BRneg,1.217
2025-03-03,36,BRpos,8.608
2025-03-03,36,BRneg,3.262
2025-03-03,37,BRpos,6.526
2025-03-03,37,BRneg,6.285
2025-03-03,38,BRpos,5.744
2025-03-03,38,BRneg,0.751
2025-03-03,39,BRpos,6.888
2025-03-03,39,BRneg,2.79
2025-03-03,40,BRpos,6.235
2025-03-03,40,BRneg,1.864
2025-03-03,41,BRpos,5.099
2025-03-03,41,BRneg,1.922
2025-03-03,42,BRpos,5.069
2025-03-03,42,BRneg,1.358
2025-03-03,43,BRpos,4.02
2025-03-03,43,BRneg,0.909
2025-03-03,44,BRpos,2.411
2025-03-03,44,BRneg,2.27
2025-03-03,45,BRpos,3.436
2025-03-03,45,BRneg,0.726
2025-03-03,46,BRpos,3.92
2025-03-03,46,BRneg,2.398
2025-03-03,47,BRpos,4.334
2025-03-03,47,BRneg,1.801
2025-03-03,48,BRpos,3.617
2025-03-03,48,BRneg,2.835
2025-03-04,1,BRpos,4.554
2025-03-04,1,BRneg,1.353
2025-03-04,2,BRpos,4.979
2025-03-04,2,BRneg,1.474
2025-03-04,3,BRpos,2.912
2025-03-04,3,BRneg,2.118
2025-03-04,4,BRpos,5.674
2025-03-04,4,BRneg,0.988
2025-03-04,5,BRpos,3.355
2025-03-04,5,BRneg,2.042
2025-03-04,6,BRpos,2.608
2025-03-04,6,BRneg,1.171
2025-03-04,7,BRpos,2.197
2025-03-04,7,BRneg,2.429
2025-03-04,8,BRpos,4.812
2025-03-04,8,BRneg,1.266
2025-03-04,9,BRpos,4.917
2025-03-04,9,BRneg,1.032
2025-03-04,10,BRpos,4.705
2025-03-04,10,BRneg,1.067
2025-03-04,11,BRpos,6.002
2025-03-04,11,BRneg,2.598
2025-03-04,12,BRpos,3.193
2025-03-04,12,BRneg,1.854
2025-03-04,13,BRpos,1.722
2025-03-04,13,BRneg,1.69
2025-03-04,14,BRpos,4.737
2025-03-04,14,BRneg,0.95
2025-03-04,15,BRpos,4.973
2025-03-04,15,BRneg,1.063
2025-03-04,16,BRpos,2.996
2025-03-04,16,BRneg,1.622
2025-03-04,17,BRpos,3.703
2025-03-04,17,BRneg,0.936
2025-03-04,18,BRpos,4.464
2025-03-04,18,BRneg,1.1
2025-03-04,19,BRpos,2.697
2025-03-04,19,BRneg,1.343
2025-03-04,20,BRpos,3.617
2025-03-04,20,BRneg,0.668
2025-03-04,21,BRpos,1.491
2025-03-04,21,BRneg,3.81
2025-03-04,22,BRpos,3.635
2025-03-04,22,BRneg,1.995
2025-03-04,23,BRpos,5.904
2025-03-04,23,BRneg,2.663
2025-03-04,24,BRpos,0.81
2025-03-04,24,BRneg,0.869
2025-03-04,25,BRpos,4.545
2025-03-04,25,BRneg,1.469
2025-03-04,26,BRpos,2.743
2025-03-04,26,BRneg,4.058
2025-03-04,27,BRpos,2.709
2025-03-04,27,BRneg,1.081
2025-03-04,28,BRpos,3.225
2025-03-04,28,BRneg,1.515
2025-03-04,29,BRpos,1.656
2025-03-04,29,BRneg,1.278
2025-03-04,30,BRpos,6.159
2025-03-04,30,BRneg,1.47
2025-03-04,31,BRpos,7.07
2025-03-04,31,BRneg,3.03
2025-03-04,32,BRpos,3.759
2025-03-04,32,BRneg,1.807
2025-03-04,33,BRpos,2.781
2025-03-04,33,BRneg,1.14
2025-03-04,34,BRpos,7.792
2025-03-04,34,BRneg,2.14
2025-03-04,35,BRpos,15.036
2025-03-04,35,BRneg,3.602
2025-03-04,36,BRpos,4.309
2025-03-04,36,BRneg,4.532
2025-03-04,37,BRpos,3.607
2025-03-04,37,BRneg,2.984
2025-03-04,38,BRpos,3.459
2025-03-04,38,BRneg,2.864
2025-03-04,39,BRpos,4.639
2025-03-04,39,BRneg,3.035
2025-03-04,40,BRpos,3.398
2025-03-04,40,BRneg,1.286
2025-03-04,41,BRpos,4.502
2025-03-04,41,BRneg,2.133
2025-03-04,42,BRpos,5.815
2025-03-04,42,BRneg,1.573
2025-03-04,43,BRpos,3.168
2025-03-04,43,BRneg,1.224
2025-03-04,44,BRpos,2.833
2025-03-04,44,BRneg,0.658
2025-03-04,45,BRpos,4.933
2025-03-04,45,BRneg,2.191
2025-03-04,46,BRpos,4.317
2025-03-04,46,BRneg,2.063
2025-03-04,47,BRpos,3.379
2025-03-04,47,BRneg,1.307
2025-03-04,48,BRpos,3.631
2025-03-04,48,BRneg,2.285
2025-03-05,1,BRpos,6.046
2025-03-05,1,BRneg,1.031
2025-03-05,2,BRpos,4.51
2025-03-05,2,BRneg,1.105
2025-03-05,3,BRpos,5.605
2025-03-05,3,BRneg,1.777
2025-03-05,4,BRpos,3.288
2025-03-05,4,BRneg,2.315
2025-03-05,5,BRpos,2.085
2025-03-05,5,BRneg,0.868
2025-03-05,6,BRpos,3.989
2025-03-05,6,BRneg,4.093
2025-03-05,7,BRpos,1.961
2025-03-05,7,BRneg,2.579
2025-03-05,8,BRpos,3.298
2025-03-05,8,BRneg,0.969
2025-03-05,9,BRpos,2.173
2025-03-05,9,BRneg,1.217
2025-03-05,10,BRpos,2.075
2025-03-05,10,BRneg,1.22
2025-03-05,11,BRpos,3.574
2025-03-05,11,BRneg,2.595
2025-03-05,12,BRpos,3.998
2025-03-05,12,BRneg,2.115
2025-03-05,13,BRpos,3.223
2025-03-05,13,BRneg,0.957
2025-03-05,14,BRpos,6.269
2025-03-05,14,BRneg,2.289
2025-03-05,15,BRpos,2.464
2025-03-05,15,BRneg,2.657
2025-03-05,16,BRpos,1.788
2025-03-05,16,BRneg,1.894
2025-03-05,17,BRpos,2.816
2025-03-05,17,BRneg,0.577
2025-03-05,18,BRpos,1.299
2025-03-05,18,BRneg,1.547
2025-03-05,19,BRpos,2.923
2025-03-05,19,BRneg,3.664
2025-03-05,20,BRpos,2.967
2025-03-05,20,BRneg,0.73
2025-03-05,21,BRpos,4.281
2025-03-05,21,BRneg,1.329
2025-03-05,22,BRpos,3.944
2025-03-05,22,BRneg,2.216
2025-03-05,23,BRpos,4.152
2025-03-05,23,BRneg,1.51
2025-03-05,24,BRpos,3.199
2025-03-05,24,BRneg,1.829
2025-03-05,25,BRpos,3.125
2025-03-05,25,BRneg,1.002
2025-03-05,26,BRpos,5.22
2025-03-05,26,BRneg,1.741
2025-03-05,27,BRpos,10.015
2025-03-05,27,BRneg,1.232
2025-03-05,28,BRpos,1.484
2025-03-05,28,BRneg,2.934
2025-03-05,29,BRpos,4.135
2025-03-05,29,BRneg,0.963
2025-03-05,30,BRpos,3.536
2025-03-05,30,BRneg,2.765
2025-03-05,31,BRpos,4.166
2025-03-05,31,BRneg,0.805
2025-03-05,32,BRpos,4.653
2025-03-05,32,BRneg,1.82
2025-03-05,33,BRpos,2.29
2025-03-05,33,BRneg,2.962
2025-03-05,34,BRpos,4.968
2025-03-05,34,BRneg,3.125
2025-03-05,35,BRpos,9.714
2025-03-05,35,BRneg,3.789
2025-03-05,36,BRpos,18.603
2025-03-05,36,BRneg,1.553
2025-03-05,37,BRpos,5.08
2025-03-05,37,BRneg,2.637
2025-03-05,38,BRpos,6.025
2025-03-05,38,BRneg,8.094
2025-03-05,39,BRpos,5.749
2025-03-05,39,BRneg,3.143
2025-03-05,40,BRpos,7.472
2025-03-05,40,BRneg,0.98
2025-03-05,41,BRpos,4.199
2025-03-05,41,BRneg,2.221
2025-03-05,42,BRpos,2.363
2025-03-05,42,BRneg,1.3
2025-03-05,43,BRpos,2.219
2025-03-05,43,BRneg,1.728
2025-03-05,44,BRpos,4.217
2025-03-05,44,BRneg,1.991
2025-03-05,45,BRpos,6.979
2025-03-05,45,BRneg,1.442
2025-03-05,46,BRpos,2.459
2025-03-05,46,BRneg,1.751
2025-03-05,47,BRpos,9.228
2025-03-05,47,BRneg,1.443
2025-03-05,48,BRpos,3.323
2025-03-05,48,BRneg,1.296
2025-03-06,1,BRpos,4.005
2025-03-06,1,BRneg,3.483
2025-03-06,2,BRpos,1.868
2025-03-06,2,BRneg,1.094
2025-03-06,3,BRpos,1.81
2025-03-06,3,BRneg,0.832
2025-03-06,4,BRpos,4.261
2025-03-06,4,BRneg,1.974
2025-03-06,5,BRpos,4.476
2025-03-06,5,BRneg,1.517
2025-03-06,6,BRpos,3.55
2025-03-06,6,BRneg,3.13
2025-03-06,7,BRpos,4.149
2025-03-06,7,BRneg,0.921
2025-03-06,8,BRpos,4.442
2025-03-06,8,BRneg,5.751
2025-03-06,9,BRpos,4.061
2025-03-06,9,BRneg,1.079
2025-03-06,10,BRpos,4.065
2025-03-06,10,BRneg,1.172
2025-03-06,11,BRpos,3.244
2025-03-06,11,BRneg,1.766
2025-03-06,12,BRpos,4.352
2025-03-06,12,BRneg,1.463
2025-03-06,13,BRpos,1.687
2025-03-06,13,BRneg,0.521
2025-03-06,14,BRpos,1.771
2025-03-06,14,BRneg,0.7
2025-03-06,15,BRpos,3.285
2025-03-06,15,BRneg,4.06
2025-03-06,16,BRpos,1.915
2025-03-06,16,BRneg,0.874
2025-03-06,17,BRpos,5.714
2025-03-06,17,BRneg,0.726
2025-03-06,18,BRpos,4.962
2025-03-06,18,BRneg,1.259
2025-03-06,19,BRpos,2.854
2025-03-06,19,BRneg,0.946
2025-03-06,20,BRpos,2.469
2025-03-06,20,BRneg,1.212
2025-03-06,21,BRpos,7.87
2025-03-06,21,BRneg,1.207
2025-03-06,22,BRpos,5.999
2025-03-06,22,BRneg,1.63
2025-03-06,23,BRpos,4.815
2025-03-06,23,BRneg,0.4
2025-03-06,24,BRpos,3.07
2025-03-06,24,BRneg,4.668
2025-03-06,25,BRpos,7.358
2025-03-06,25,BRneg,2.044
2025-03-06,26,BRpos,4.554
2025-03-06,26,BRneg,3.17
2025-03-06,27,BRpos,10.454
2025-03-06,27,BRneg,2.204
2025-03-06,28,BRpos,6.033
2025-03-06,28,BRneg,1.352
2025-03-06,29,BRpos,3.785
2025-03-06,29,BRneg,1.291
2025-03-06,30,BRpos,1.579
2025-03-06,30,BRneg,1.239
2025-03-06,31,BRpos,3.034
2025-03-06,31,BRneg,1.259
2025-03-06,32,BRpos,5.161
2025-03-06,32,BRneg,1.945
2025-03-06,33,BRpos,1.776
2025-03-06,33,BRneg,1.415
2025-03-06,34,BRpos,6.446
2025-03-06,34,BRneg,4.262
2025-03-06,35,BRpos,7.72
2025-03-06,35,BRneg,3.637
2025-03-06,36,BRpos,4.564
2025-03-06,36,BRneg,0.98
2025-03-06,37,BRpos,6.039
2025-03-06,37,BRneg,1.212
2025-03-06,38,BRpos,8.948
2025-03-06,38,BRneg,1.903
2025-03-06,39,BRpos,4.725
2025-03-06,39,BRneg,3.453
2025-03-06,40,BRpos,9.894
2025-03-06,40,BRneg,1.358
2025-03-06,41,BRpos,2.218
2025-03-06,41,BRneg,1.859
2025-03-06,42,BRpos,3.943
2025-03-06,42,BRneg,0.835
2025-03-06,43,BRpos,2.308
2025-03-06,43,BRneg,1.676
2025-03-06,44,BRpos,3.48
2025-03-06,44,BRneg,1.622
2025-03-06,45,BRpos,2.715
2025-03-06,45,BRneg,2.384
2025-03-06,46,BRpos,4.082
2025-03-06,46,BRneg,1.623
2025-03-06,47,BRpos,2.873
2025-03-06,47,BRneg,1.59
2025-03-06,48,BRpos,1.693
2025-03-06,48,BRneg,1.393
2025-03-07,1,BRpos,2.657
2025-03-07,1,BRneg,1.568
2025-03-07,2,BRpos,8.354
2025-03-07,2,BRneg,0.881
2025-03-07,3,BRpos,5.256
2025-03-07,3,BRneg,3.637
2025-03-07,4,BRpos,6.854
2025-03-07,4,BRneg,2.914
2025-03-07,5,BRpos,3.235
2025-03-07,5,BRneg,1.726
2025-03-07,6,BRpos,6.573
2025-03-07,6,BRneg,1.072
2025-03-07,7,BRpos,2.208
2025-03-07,7,BRneg,0.929
2025-03-07,8,BRpos,3.156
2025-03-07,8,BRneg,1.04
2025-03-07,9,BRpos,3.003
2025-03-07,9,BRneg,1.093
2025-03-07,10,BRpos,4.012
2025-03-07,10,BRneg,1.3
2025-03-07,11,BRpos,5.198
2025-03-07,11,BRneg,1.535
2025-03-07,12,BRpos,2.176
2025-03-07,12,BRneg,0.995
2025-03-07,13,BRpos,3.998
2025-03-07,13,BRneg,1.565
2025-03-07,14,BRpos,2.333
2025-03-07,14,BRneg,1.302
2025-03-07,15,BRpos,5.139
2025-03-07,15,BRneg,1.626
2025-03-07,16,BRpos,1.745
2025-03-07,16,BRneg,1.364
2025-03-07,17,BRpos,2.936
2025-03-07,17,BRneg,1.442
2025-03-07,18,BRpos,1.696
2025-03-07,18,BRneg,1.244
2025-03-07,19,BRpos,3.745
2025-03-07,19,BRneg,1.754
2025-03-07,20,BRpos,5.972
2025-03-07,20,BRneg,1.461
2025-03-07,21,BRpos,4.305
2025-03-07,21,BRneg,0.881
2025-03-07,22,BRpos,1.893
2025-03-07,22,BRneg,1.057
2025-03-07,23,BRpos,4.149
2025-03-07,23,BRneg,1.282
2025-03-07,24,BRpos,9.651
2025-03-07,24,BRneg,1.977
2025-03-07,25,BRpos,5.324
2025-03-07,25,BRneg,1.789
2025-03-07,26,BRpos,1.442
2025-03-07,26,BRneg,1.48
2025-03-07,27,BRpos,7.007
2025-03-07,27,BRneg,2.732
2025-03-07,28,BRpos,6.443
2025-03-07,28,BRneg,1.454
2025-03-07,29,BRpos,1.097
2025-03-07,29,BRneg,1.71
2025-03-07,30,BRpos,3.792
2025-03-07,30,BRneg,1.478
2025-03-07,31,BRpos,2.752
2025-03-07,31,BRneg,1.142
2025-03-07,32,BRpos,3.672
2025-03-07,32,BRneg,2.131
2025-03-07,33,BRpos,5.815
2025-03-07,33,BRneg,1.112
2025-03-07,34,BRpos,5.44
2025-03-07,34,BRneg,3.228
2025-03-07,35,BRpos,7.864
2025-03-07,35,BRneg,1.482
2025-03-07,36,BRpos,5.42
2025-03-07,36,BRneg,3.822
2025-03-07,37,BRpos,5.956
2025-03-07,37,BRneg,0.955
2025-03-07,38,BRpos,3.709
2025-03-07,38,BRneg,2.135
2025-03-07,39,BRpos,2.669
2025-03-07,39,BRneg,2.403
2025-03-07,40,BRpos,2.977
2025-03-07,40,BRneg,1.86
2025-03-07,41,BRpos,3.388
2025-03-07,41,BRneg,1.31
2025-03-07,42,BRpos,3.397
2025-03-07,42,BRneg,0.964
2025-03-07,43,BRpos,2.413
2025-03-07,43,BRneg,1.087
2025-03-07,44,BRpos,8.003
2025-03-07,44,BRneg,1.232
2025-03-07,45,BRpos,2.727
2025-03-07,45,BRneg,1.103
2025-03-07,46,BRpos,1.625
2025-03-07,46,BRneg,1.933
2025-03-07,47,BRpos,4.177
2025-03-07,47,BRneg,1.603
2025-03-07,48,BRpos,1.533
2025-03-07,48,BRneg,1.1
2025-03-08,1,BRpos,3.531
2025-03-08,1,BRneg,0.91
2025-03-08,2,BRpos,2.699
2025-03-08,2,BRneg,1.162
2025-03-08,3,BRpos,3.421
2025-03-08,3,BRneg,1.488
2025-03-08,4,BRpos,2.805
2025-03-08,4,BRneg,1.704
2025-03-08,5,BRpos,2.906
2025-03-08,5,BRneg,1.298
2025-03-08,6,BRpos,2.524
2025-03-08,6,BRneg,1.47
2025-03-08,7,BRpos,6.811
2025-03-08,7,BRneg,1.484
2025-03-08,8,BRpos,2.43
2025-03-08,8,BRneg,0.575
2025-03-08,9,BRpos,1.025
2025-03-08,9,BRneg,1.636
2025-03-08,10,BRpos,1.89
2025-03-08,10,BRneg,2.129
2025-03-08,11,BRpos,3.06
2025-03-08,11,BRneg,1.784
2025-03-08,12,BRpos,3.679
2025-03-08,12,BRneg,2.638
2025-03-08,13,BRpos,4.389
2025-03-08,13,BRneg,2.867
2025-03-08,14,BRpos,1.128
2025-03-08,14,BRneg,1.129
2025-03-08,15,BRpos,6.921
2025-03-08,15,BRneg,0.924
2025-03-08,16,BRpos,2.293
2025-03-08,16,BRneg,2.199
2025-03-08,17,BRpos,2.29
2025-03-08,17,BRneg,1.884
2025-03-08,18,BRpos,3.102
2025-03-08,18,BRneg,1.039
2025-03-08,19,BRpos,2.932
2025-03-08,19,BRneg,1.012
2025-03-08,20,BRpos,5.413
2025-03-08,20,BRneg,2.431
2025-03-08,21,BRpos,2.616
2025-03-08,21,BRneg,1.922
2025-03-08,22,BRpos,3.306
2025-03-08,22,BRneg,0.738
2025-03-08,23,BRpos,3.445
2025-03-08,23,BRneg,2.307
2025-03-08,24,BRpos,1.958
2025-03-08,24,BRneg,1.252
2025-03-08,25,BRpos,2.488
2025-03-08,25,BRneg,0.956
2025-03-08,26,BRpos,4.556
2025-03-08,26,BRneg,1.24
2025-03-08,27,BRpos,4.337
2025-03-08,27,BRneg,1.449
2025-03-08,28,BRpos,8.737
2025-03-08,28,BRneg,2.602
2025-03-08,29,BRpos,3.025
2025-03-08,29,BRneg,1.125
2025-03-08,30,BRpos,3.75
2025-03-08,30,BRneg,1.015
2025-03-08,31,BRpos,4.477
2025-03-08,31,BRneg,1.602
2025-03-08,32,BRpos,3.655
2025-03-08,32,BRneg,2.075
2025-03-08,33,BRpos,3.167
2025-03-08,33,BRneg,1.445
2025-03-08,34,BRpos,6.617
2025-03-08,34,BRneg,1.745
2025-03-08,35,BRpos,7.491
2025-03-08,35,BRneg,3.204
2025-03-08,36,BRpos,6.227
2025-03-08,36,BRneg,3.352
2025-03-08,37,BRpos,14.362
2025-03-08,37,BRneg,3.684
2025-03-08,38,BRpos,4.479
2025-03-08,38,BRneg,2.289
2025-03-08,39,BRpos,3.214
2025-03-08,39,BRneg,2.011
2025-03-08,40,BRpos,2.925
2025-03-08,40,BRneg,1.433
2025-03-08,41,BRpos,2.04
2025-03-08,41,BRneg,1.691
2025-03-08,42,BRpos,4.26
2025-03-08,42,BRneg,1.134
2025-03-08,43,BRpos,2.944
2025-03-08,43,BRneg,2.261
2025-03-08,44,BRpos,2.626
2025-03-08,44,BRneg,2.43
2025-03-08,45,BRpos,4.053
2025-03-08,45,BRneg,0.989
2025-03-08,46,BRpos,2.592
2025-03-08,46,BRneg,1.957
2025-03-08,47,BRpos,4.666
2025-03-08,47,BRneg,1.899
2025-03-08,48,BRpos,5.34
2025-03-08,48,BRneg,1.171
2025-03-09,1,BRpos,1.389
2025-03-09,1,BRneg,1.925
2025-03-09,2,BRpos,4.808
2025-03-09,2,BRneg,1.404
2025-03-09,3,BRpos,1.564
2025-03-09,3,BRneg,1.442
2025-03-09,4,BRpos,2.419
2025-03-09,4,BRneg,2.167
2025-03-09,5,BRpos,2.661
2025-03-09,5,BRneg,0.728
2025-03-09,6,BRpos,1.424
2025-03-09,6,BRneg,0.932
2025-03-09,7,BRpos,4.438
2025-03-09,7,BRneg,1.282
2025-03-09,8,BRpos,2.504
2025-03-09,8,BRneg,1.795
2025-03-09,9,BRpos,3.173
2025-03-09,9,BRneg,1.745
2025-03-09,10,BRpos,3.726
2025-03-09,10,BRneg,1.887
2025-03-09,11,BRpos,7.067
2025-03-09,11,BRneg,1.108
2025-03-09,12,BRpos,2.917
2025-03-09,12,BRneg,2.891
2025-03-09,13,BRpos,3.874
2025-03-09,13,BRneg,1.568
2025-03-09,14,BRpos,5.246
2025-03-09,14,BRneg,2.992
2025-03-09,15,BRpos,6.44
2025-03-09,15,BRneg,0.923
2025-03-09,16,BRpos,6.31
2025-03-09,16,BRneg,2.04
2025-03-09,17,BRpos,3.706
2025-03-09,17,BRneg,1.106
2025-03-09,18,BRpos,2.991
2025-03-09,18,BRneg,0.866
2025-03-09,19,BRpos,2.886
2025-03-09,19,BRneg,2.064
2025-03-09,20,BRpos,3.456
2025-03-09,20,BRneg,2.72
2025-03-09,21,BRpos,2.699
2025-03-09,21,BRneg,1.018
2025-03-09,22,BRpos,1.309
2025-03-09,22,BRneg,2.068
2025-03-09,23,BRpos,2.217
2025-03-09,23,BRneg,0.733
2025-03-09,24,BRpos,4.621
2025-03-09,24,BRneg,1.692
2025-03-09,25,BRpos,2.88
2025-03-09,25,BRneg,0.984
2025-03-09,26,BRpos,3.947
2025-03-09,26,BRneg,1.926
2025-03-09,27,BRpos,1.739
2025-03-09,27,BRneg,0.962
2025-03-09,28,BRpos,1.551
2025-03-09,28,BRneg,0.931
2025-03-09,29,BRpos,2.239
2025-03-09,29,BRneg,1.597
2025-03-09,30,BRpos,3.642
2025-03-09,30,BRneg,0.818
2025-03-09,31,BRpos,6.354
2025-03-09,31,BRneg,2.19
2025-03-09,32,BRpos,2.107
2025-03-09,32,BRneg,1.303
2025-03-09,33,BRpos,4.514
2025-03-09,33,BRneg,1.777
2025-03-09,34,BRpos,6.253
2025-03-09,34,BRneg,2.373
2025-03-09,35,BRpos,9.196
2025-03-09,35,BRneg,1.817
2025-03-09,36,BRpos,6.237
2025-03-09,36,BRneg,3.388
2025-03-09,37,BRpos,3.484
2025-03-09,37,BRneg,2.078
2025-03-09,38,BRpos,5.472
2025-03-09,38,BRneg,3.648
2025-03-09,39,BRpos,8.334
2025-03-09,39,BRneg,0.697
2025-03-09,40,BRpos,5.886
2025-03-09,40,BRneg,0.883
2025-03-09,41,BRpos,2.128
2025-03-09,41,BRneg,1.303
2025-03-09,42,BRpos,5.245
2025-03-09,42,BRneg,1.657
2025-03-09,43,BRpos,4.469
2025-03-09,43,BRneg,0.662
2025-03-09,44,BRpos,5.142
2025-03-09,44,BRneg,1.127
2025-03-09,45,BRpos,3.175
2025-03-09,45,BRneg,1.836
2025-03-09,46,BRpos,8.631
2025-03-09,46,BRneg,0.82
2025-03-09,47,BRpos,2.596
2025-03-09,47,BRneg,1.265
2025-03-09,48,BRpos,1.734
2025-03-09,48,BRneg,1.836
2025-03-10,1,BRpos,6.444
2025-03-10,1,BRneg,3.792
2025-03-10,2,BRpos,4.718
2025-03-10,2,BRneg,1.361
2025-03-10,3,BRpos,4.066
2025-03-10,3,BRneg,1.524
2025-03-10,4,BRpos,4.303
2025-03-10,4,BRneg,0.942
2025-03-10,5,BRpos,5.323
2025-03-10,5,BRneg,3.23
2025-03-10,6,BRpos,3.546
2025-03-10,6,BRneg,2.002
2025-03-10,7,BRpos,1.127
2025-03-10,7,BRneg,1.804
2025-03-10,8,BRpos,1.162
2025-03-10,8,BRneg,1.454
2025-03-10,9,BRpos,3.811
2025-03-10,9,BRneg,1.045
2025-03-10,10,BRpos,4.403
2025-03-10,10,BRneg,1.356
2025-03-10,11,BRpos,5.203
2025-03-10,11,BRneg,2.336
2025-03-10,12,BRpos,8.029
2025-03-10,12,BRneg,2.273
2025-03-10,13,BRpos,3.534
2025-03-10,13,BRneg,0.894
2025-03-10,14,BRpos,3.09
2025-03-10,14,BRneg,2.481
2025-03-10,15,BRpos,1.935
2025-03-10,15,BRneg,1.78
2025-03-10,16,BRpos,4.719
2025-03-10,16,BRneg,1.025
2025-03-10,17,BRpos,3.234
2025-03-10,17,BRneg,1.418
2025-03-10,18,BRpos,2.702
2025-03-10,18,BRneg,0.608
2025-03-10,19,BRpos,3.525
2025-03-10,19,BRneg,1.392
2025-03-10,20,BRpos,3.07
2025-03-10,20,BRneg,1.053
2025-03-10,21,BRpos,3.595
2025-03-10,21,BRneg,0.928
2025-03-10,22,BRpos,2.43
2025-03-10,22,BRneg,1.046
2025-03-10,23,BRpos,2.467
2025-03-10,23,BRneg,1.014
2025-03-10,24,BRpos,3.532
2025-03-10,24,BRneg,1.343
2025-03-10,25,BRpos,4.014
2025-03-10,25,BRneg,1.68
2025-03-10,26,BRpos,3.497
2025-03-10,26,BRneg,1.199
2025-03-10,27,BRpos,3.762
2025-03-10,27,BRneg,1.313
2025-03-10,28,BRpos,1.45
2025-03-10,28,BRneg,1.092
2025-03-10,29,BRpos,2.295
2025-03-10,29,BRneg,2.328
2025-03-10,30,BRpos,2.237
2025-03-10,30,BRneg,1.901
2025-03-10,31,BRpos,3.654
2025-03-10,31,BRneg,0.556
2025-03-10,32,BRpos,12.471
2025-03-10,32,BRneg,1.342
2025-03-10,33,BRpos,3.316
2025-03-10,33,BRneg,1.105
2025-03-10,34,BRpos,6.153
2025-03-10,34,BRneg,2.216
2025-03-10,35,BRpos,4.275
2025-03-10,35,BRneg,1.525
2025-03-10,36,BRpos,4.643
2025-03-10,36,BRneg,1.086
2025-03-10,37,BRpos,2.764
2025-03-10,37,BRneg,2.029
2025-03-10,38,BRpos,4.357
2025-03-10,38,BRneg,2.314
2025-03-10,39,BRpos,9.693
2025-03-10,39,BRneg,3.221
2025-03-10,40,BRpos,4.99
2025-03-10,40,BRneg,1.532
2025-03-10,41,BRpos,3.041
2025-03-10,41,BRneg,1.15
2025-03-10,42,BRpos,5.644
2025-03-10,42,BRneg,1.275
2025-03-10,43,BRpos,1.979
2025-03-10,43,BRneg,0.983
2025-03-10,44,BRpos,2.391
2025-03-10,44,BRneg,0.934
2025-03-10,45,BRpos,4.382
2025-03-10,45,BRneg,1.622
2025-03-10,46,BRpos,3.741
2025-03-10,46,BRneg,5.212
2025-03-10,47,BRpos,2.697
2025-03-10,47,BRneg,2.243
2025-03-10,48,BRpos,9.436
2025-03-10,48,BRneg,2.293
2025-03-11,1,BRpos,1.614
2025-03-11,1,BRneg,3.807
2025-03-11,2,BRpos,1.897
2025-03-11,2,BRneg,1.501
2025-03-11,3,BRpos,2.363
2025-03-11,3,BRneg,1.452
2025-03-11,4,BRpos,4.8
2025-03-11,4,BRneg,1.177
2025-03-11,5,BRpos,2.571
2025-03-11,5,BRneg,1.234
2025-03-11,6,BRpos,3.453
2025-03-11,6,BRneg,1.321
2025-03-11,7,BRpos,1.911
2025-03-11,7,BRneg,0.747
2025-03-11,8,BRpos,5.842
2025-03-11,8,BRneg,1.691
2025-03-11,9,BRpos,2.368
2025-03-11,9,BRneg,1.818
2025-03-11,10,BRpos,1.759
2025-03-11,10,BRneg,1.494
2025-03-11,11,BRpos,3.584
2025-03-11,11,BRneg,1.032
2025-03-11,12,BRpos,4.545
2025-03-11,12,BRneg,1.131
2025-03-11,13,BRpos,3.71
2025-03-11,13,BRneg,2.139
2025-03-11,14,BRpos,3.768
2025-03-11,14,BRneg,1.028
2025-03-11,15,BRpos,3.057
2025-03-11,15,BRneg,1.406
2025-03-11,16,BRpos,2.985
2025-03-11,16,BRneg,0.899
2025-03-11,17,BRpos,3.412
2025-03-11,17,BRneg,1.163
2025-03-11,18,BRpos,2.904
2025-03-11,18,BRneg,2.091
2025-03-11,19,BRpos,4.92
2025-03-11,19,BRneg,1.586
2025-03-11,20,BRpos,2.073
2025-03-11,20,BRneg,0.986
2025-03-11,21,BRpos,3.441
2025-03-11,21,BRneg,1.694
2025-03-11,22,BRpos,7.244
2025-03-11,22,BRneg,1.271
2025-03-11,23,BRpos,3.335
2025-03-11,23,BRneg,1.176
2025-03-11,24,BRpos,5.079
2025-03-11,24,BRneg,2.653
2025-03-11,25,BRpos,2.055
2025-03-11,25,BRneg,1.223
2025-03-11,26,BRpos,3.6
2025-03-11,26,BRneg,1.899
2025-03-11,27,BRpos,1.742
2025-03-11,27,BRneg,1.41
2025-03-11,28,BRpos,3.746
2025-03-11,28,BRneg,0.863
2025-03-11,29,BRpos,4.025
2025-03-11,29,BRneg,1.998
2025-03-11,30,BRpos,5.131
2025-03-11,30,BRneg,1.22
2025-03-11,31,BRpos,1.731
2025-03-11,31,BRneg,1.243
2025-03-11,32,BRpos,2.822
2025-03-11,32,BRneg,1.322
2025-03-11,33,BRpos,4.864
2025-03-11,33,BRneg,1.498
2025-03-11,34,BRpos,7.558
2025-03-11,34,BRneg,1.501
2025-03-11,35,BRpos,1.491
2025-03-11,35,BRneg,5.03
2025-03-11,36,BRpos,3.909
2025-03-11,36,BRneg,2.905
2025-03-11,37,BRpos,4.004
2025-03-11,37,BRneg,2.09
2025-03-11,38,BRpos,5.8
2025-03-11,38,BRneg,2.845
2025-03-11,39,BRpos,3.244
2025-03-11,39,BRneg,5.371
2025-03-11,40,BRpos,5.112
2025-03-11,40,BRneg,1.211
2025-03-11,41,BRpos,4.273
2025-03-11,41,BRneg,1.423
2025-03-11,42,BRpos,5.96
2025-03-11,42,BRneg,0.485
2025-03-11,43,BRpos,2.316
2025-03-11,43,BRneg,2.184
2025-03-11,44,BRpos,3.489
2025-03-11,44,BRneg,2.206
2025-03-11,45,BRpos,1.805
2025-03-11,45,BRneg,0.774
2025-03-11,46,BRpos,3.734
2025-03-11,46,BRneg,0.96
2025-03-11,47,BRpos,1.174
2025-03-11,47,BRneg,2.159
2025-03-11,48,BRpos,2.123
2025-03-11,48,BRneg,1.687
2025-03-12,1,BRpos,3.444
2025-03-12,1,BRneg,1.448
2025-03-12,2,BRpos,1.312
2025-03-12,2,BRneg,2.207
2025-03-12,3,BRpos,4.082
2025-03-12,3,BRneg,1.368
2025-03-12,4,BRpos,3.608
2025-03-12,4,BRneg,0.734
2025-03-12,5,BRpos,4.812
2025-03-12,5,BRneg,2.262
2025-03-12,6,BRpos,4.161
2025-03-12,6,BRneg,1.061
2025-03-12,7,BRpos,3.061
2025-03-12,7,BRneg,1.463
2025-03-12,8,BRpos,1.32
2025-03-12,8,BRneg,1.604
2025-03-12,9,BRpos,2.722
2025-03-12,9,BRneg,2.106
2025-03-12,10,BRpos,3.12
2025-03-12,10,BRneg,0.682
2025-03-12,11,BRpos,4.039
2025-03-12,11,BRneg,0.745
2025-03-12,12,BRpos,3.053
2025-03-12,12,BRneg,1.294
2025-03-12,13,BRpos,5.572
2025-03-12,13,BRneg,2.352
2025-03-12,14,BRpos,3.147
2025-03-12,14,BRneg,1.612
2025-03-12,15,BRpos,2.727
2025-03-12,15,BRneg,1.284
2025-03-12,16,BRpos,3.343
2025-03-12,16,BRneg,1.171
2025-03-12,17,BRpos,2.695
2025-03-12,17,BRneg,2.637
2025-03-12,18,BRpos,5.961
2025-03-12,18,BRneg,1.12
2025-03-12,19,BRpos,3.546
2025-03-12,19,BRneg,1.757
2025-03-12,20,BRpos,3.143
2025-03-12,20,BRneg,0.651
2025-03-12,21,BRpos,3.365
2025-03-12,21,BRneg,0.983
2025-03-12,22,BRpos,1.824
2025-03-12,22,BRneg,1.19
2025-03-12,23,BRpos,2.131
2025-03-12,23,BRneg,0.906
2025-03-12,24,BRpos,3.334
2025-03-12,24,BRneg,1.065
2025-03-12,25,BRpos,3.587
2025-03-12,25,BRneg,2.399
2025-03-12,26,BRpos,2.352
2025-03-12,26,BRneg,0.898
2025-03-12,27,BRpos,3.44
2025-03-12,27,BRneg,1.293
2025-03-12,28,BRpos,1.833
2025-03-12,28,BRneg,0.892
2025-03-12,29,BRpos,2.693
2025-03-12,29,BRneg,1.299
2025-03-12,30,BRpos,3.447
2025-03-12,30,BRneg,1.063
2025-03-12,31,BRpos,3.665
2025-03-12,31,BRneg,1.462
2025-03-12,32,BRpos,3.147
2025-03-12,32,BRneg,1.045
2025-03-12,33,BRpos,3.391
2025-03-12,33,BRneg,0.588
2025-03-12,34,BRpos,3.295
2025-03-12,34,BRneg,7.068
2025-03-12,35,BRpos,7.522
2025-03-12,35,BRneg,3.699
2025-03-12,36,BRpos,7.493
2025-03-12,36,BRneg,2.421
2025-03-12,37,BRpos,5.24
2025-03-12,37,BRneg,2.33
2025-03-12,38,BRpos,2.976
2025-03-12,38,BRneg,3.974
2025-03-12,39,BRpos,4.405
2025-03-12,39,BRneg,2.862
2025-03-12,40,BRpos,6.997
2025-03-12,40,BRneg,0.972
2025-03-12,41,BRpos,1.753
2025-03-12,41,BRneg,1.354
2025-03-12,42,BRpos,3.149
2025-03-12,42,BRneg,0.762
2025-03-12,43,BRpos,1.048
2025-03-12,43,BRneg,1.174
2025-03-12,44,BRpos,4.028
2025-03-12,44,BRneg,1.805
2025-03-12,45,BRpos,4.637
2025-03-12,45,BRneg,1.001
2025-03-12,46,BRpos,2.175
2025-03-12,46,BRneg,1.826
2025-03-12,47,BRpos,3.911
2025-03-12,47,BRneg,0.503
2025-03-12,48,BRpos,3.541
2025-03-12,48,BRneg,1.174
2025-03-13,1,BRpos,1.662
2025-03-13,1,BRneg,1.934
2025-03-13,2,BRpos,6.443
2025-03-13,2,BRneg,0.703
2025-03-13,3,BRpos,2.699
2025-03-13,3,BRneg,1.097
2025-03-13,4,BRpos,2.713
2025-03-13,4,BRneg,1.678
2025-03-13,5,BRpos,2.385
2025-03-13,5,BRneg,0.861
2025-03-13,6,BRpos,5.149
2025-03-13,6,BRneg,1.719
2025-03-13,7,BRpos,5.132
2025-03-13,7,BRneg,0.53
2025-03-13,8,BRpos,1.911
2025-03-13,8,BRneg,1.791
2025-03-13,9,BRpos,3.317
2025-03-13,9,BRneg,1.122
2025-03-13,10,BRpos,3.816
2025-03-13,10,BRneg,1.53
2025-03-13,11,BRpos,3.145
2025-03-13,11,BRneg,1.035
2025-03-13,12,BRpos,4.332
2025-03-13,12,BRneg,3.201
2025-03-13,13,BRpos,2.72
2025-03-13,13,BRneg,0.72
2025-03-13,14,BRpos,1.702
2025-03-13,14,BRneg,0.913
2025-03-13,15,BRpos,4.751
2025-03-13,15,BRneg,1.522
2025-03-13,16,BRpos,4.427
2025-03-13,16,BRneg,0.785
2025-03-13,17,BRpos,2.284
2025-03-13,17,BRneg,3.434
2025-03-13,18,BRpos,3.313
2025-03-13,18,BRneg,2.194
2025-03-13,19,BRpos,4.286
2025-03-13,19,BRneg,0.748
2025-03-13,20,BRpos,2.855
2025-03-13,20,BRneg,0.721
2025-03-13,21,BRpos,5.103
2025-03-13,21,BRneg,2.486
2025-03-13,22,BRpos,3.716
2025-03-13,22,BRneg,2.043
2025-03-13,23,BRpos,1.917
2025-03-13,23,BRneg,3.123
2025-03-13,24,BRpos,3.312
2025-03-13,24,BRneg,2.435
2025-03-13,25,BRpos,1.794
2025-03-13,25,BRneg,2.502
2025-03-13,26,BRpos,6.627
2025-03-13,26,BRneg,2.026
2025-03-13,27,BRpos,2.291
2025-03-13,27,BRneg,2.711
2025-03-13,28,BRpos,3.297
2025-03-13,28,BRneg,1.304
2025-03-13,29,BRpos,2.954
2025-03-13,29,BRneg,0.784
2025-03-13,30,BRpos,2.428
2025-03-13,30,BRneg,2.517
2025-03-13,31,BRpos,4.747
2025-03-13,31,BRneg,2.001
2025-03-13,32,BRpos,7.787
2025-03-13,32,BRneg,1.064
2025-03-13,33,BRpos,3.913
2025-03-13,33,BRneg,2.579
2025-03-13,34,BRpos,5.75
2025-03-13,34,BRneg,1.775
2025-03-13,35,BRpos,4.196
2025-03-13,35,BRneg,3.893
2025-03-13,36,BRpos,4.206
2025-03-13,36,BRneg,3.322
2025-03-13,37,BRpos,6.668
2025-03-13,37,BRneg,2.001
2025-03-13,38,BRpos,2.707
2025-03-13,38,BRneg,3.483
2025-03-13,39,BRpos,5.342
2025-03-13,39,BRneg,1.247
2025-03-13,40,BRpos,3.789
2025-03-13,40,BRneg,0.815
2025-03-13,41,BRpos,2.575
2025-03-13,41,BRneg,1.862
2025-03-13,42,BRpos,2.398
2025-03-13,42,BRneg,1.461
2025-03-13,43,BRpos,2.247
2025-03-13,43,BRneg,1.223
2025-03-13,44,BRpos,3.193
2025-03-13,44,BRneg,1.86
2025-03-13,45,BRpos,3.476
2025-03-13,45,BRneg,0.98
2025-03-13,46,BRpos,3.497
2025-03-13,46,BRneg,1.635
2025-03-13,47,BRpos,3.296
2025-03-13,47,BRneg,1.084
2025-03-13,48,BRpos,1.605
2025-03-13,48,BRneg,1.356
2025-03-14,1,BRpos,5.272
2025-03-14,1,BRneg,1.76
2025-03-14,2,BRpos,1.222
2025-03-14,2,BRneg,3.844
2025-03-14,3,BRpos,4.52
2025-03-14,3,BRneg,1.81
2025-03-14,4,BRpos,5.786
2025-03-14,4,BRneg,1.45
2025-03-14,5,BRpos,3.509
2025-03-14,5,BRneg,2.438
2025-03-14,6,BRpos,2.765
2025-03-14,6,BRneg,1.487
2025-03-14,7,BRpos,4.395
2025-03-14,7,BRneg,1.287
2025-03-14,8,BRpos,3.077
2025-03-14,8,BRneg,1.409
2025-03-14,9,BRpos,4.78
2025-03-14,9,BRneg,1.176
2025-03-14,10,BRpos,3.982
2025-03-14,10,BRneg,2.81
2025-03-14,11,BRpos,3.393
2025-03-14,11,BRneg,1.175
2025-03-14,12,BRpos,4.105
2025-03-14,12,BRneg,1.549
2025-03-14,13,BRpos,1.6
2025-03-14,13,BRneg,1.358
2025-03-14,14,BRpos,5.832
2025-03-14,14,BRneg,0.927
2025-03-14,15,BRpos,2.866
2025-03-14,15,BRneg,1.369
2025-03-14,16,BRpos,2.636
2025-03-14,16,BRneg,1.721
2025-03-14,17,BRpos,5.417
2025-03-14,17,BRneg,0.919
2025-03-14,18,BRpos,3.207
2025-03-14,18,BRneg,1.821
2025-03-14,19,BRpos,2.794
2025-03-14,19,BRneg,3.414
2025-03-14,20,BRpos,5.559
2025-03-14,20,BRneg,2.146
2025-03-14,21,BRpos,4.172
2025-03-14,21,BRneg,0.569
2025-03-14,22,BRpos,2.994
2025-03-14,22,BRneg,1.17
2025-03-14,23,BRpos,2.59
2025-03-14,23,BRneg,1.103
2025-03-14,24,BRpos,2.541
2025-03-14,24,BRneg,0.68
2025-03-14,25,BRpos,4.437
2025-03-14,25,BRneg,1.064
2025-03-14,26,BRpos,5.866
2025-03-14,26,BRneg,1.392
2025-03-14,27,BRpos,2.586
2025-03-14,27,BRneg,1.305
2025-03-14,28,BRpos,3.288
2025-03-14,28,BRneg,1.877
2025-03-14,29,BRpos,4.968
2025-03-14,29,BRneg,0.942
2025-03-14,30,BRpos,3.631
2025-03-14,30,BRneg,1.275
2025-03-14,31,BRpos,3.289
2025-03-14,31,BRneg,1.659
2025-03-14,32,BRpos,1.408
2025-03-14,32,BRneg,2.41
2025-03-14,33,BRpos,2.648
2025-03-14,33,BRneg,0.649
2025-03-14,34,BRpos,6.42
2025-03-14,34,BRneg,4.235
2025-03-14,35,BRpos,3.574
2025-03-14,35,BRneg,4.357
2025-03-14,36,BRpos,11.832
2025-03-14,36,BRneg,6.172
2025-03-14,37,BRpos,5.971
2025-03-14,37,BRneg,3.555
2025-03-14,38,BRpos,4.477
2025-03-14,38,BRneg,1.668
2025-03-14,39,BRpos,5.31
2025-03-14,39,BRneg,3.676
2025-03-14,40,BRpos,3.779
2025-03-14,40,BRneg,0.934
2025-03-14,41,BRpos,1.37
2025-03-14,41,BRneg,3.263
2025-03-14,42,BRpos,3.292
2025-03-14,42,BRneg,1.436
2025-03-14,43,BRpos,4.024
2025-03-14,43,BRneg,1.298
2025-03-14,44,BRpos,1.777
2025-03-14,44,BRneg,1.166
2025-03-14,45,BRpos,4.931
2025-03-14,45,BRneg,1.399
2025-03-14,46,BRpos,5.956
2025-03-14,46,BRneg,0.796
2025-03-14,47,BRpos,3.148
2025-03-14,47,BRneg,2.514
2025-03-14,48,BRpos,2.492
2025-03-14,48,BRneg,2.28
2025-03-15,1,BRpos,3.244
2025-03-15,1,BRneg,0.881
2025-03-15,2,BRpos,1.894
2025-03-15,2,BRneg,2.029
2025-03-15,3,BRpos,2.464
2025-03-15,3,BRneg,1.54
2025-03-15,4,BRpos,4.103
2025-03-15,4,BRneg,4.336
2025-03-15,5,BRpos,2.695
2025-03-15,5,BRneg,1.305
2025-03-15,6,BRpos,2.495
2025-03-15,6,BRneg,0.84
2025-03-15,7,BRpos,2.753
2025-03-15,7,BRneg,0.863
2025-03-15,8,BRpos,1.651
2025-03-15,8,BRneg,1.489
2025-03-15,9,BRpos,6.552
2025-03-15,9,BRneg,1.435
2025-03-15,10,BRpos,2.912
2025-03-15,10,BRneg,1.091
2025-03-15,11,BRpos,5.872
2025-03-15,11,BRneg,2.262
2025-03-15,12,BRpos,1.886
2025-03-15,12,BRneg,1.04
2025-03-15,13,BRpos,3.633
2025-03-15,13,BRneg,2.114
2025-03-15,14,BRpos,1.368
2025-03-15,14,BRneg,2.681
2025-03-15,15,BRpos,4.186
2025-03-15,15,BRneg,1.729
2025-03-15,16,BRpos,3.606
2025-03-15,16,BRneg,1.852
2025-03-15,17,BRpos,1.602
2025-03-15,17,BRneg,1.949
2025-03-15,18,BRpos,3.047
2025-03-15,18,BRneg,2.48
2025-03-15,19,BRpos,3.726
2025-03-15,19,BRneg,3.858
2025-03-15,20,BRpos,2.178
2025-03-15,20,BRneg,1.115
2025-03-15,21,BRpos,3.173
2025-03-15,21,BRneg,2.81
2025-03-15,22,BRpos,8.444
2025-03-15,22,BRneg,3.252
2025-03-15,23,BRpos,2.81
2025-03-15,23,BRneg,2.038
2025-03-15,24,BRpos,3.06
2025-03-15,24,BRneg,4.723
2025-03-15,25,BRpos,3.604
2025-03-15,25,BRneg,1.856
2025-03-15,26,BRpos,3.373
2025-03-15,26,BRneg,1.826
2025-03-15,27,BRpos,1.749
2025-03-15,27,BRneg,3.641
2025-03-15,28,BRpos,2.393
2025-03-15,28,BRneg,0.937
2025-03-15,29,BRpos,4.191
2025-03-15,29,BRneg,0.801
2025-03-15,30,BRpos,3.055
2025-03-15,30,BRneg,1.816
2025-03-15,31,BRpos,6.742
2025-03-15,31,BRneg,1.829
2025-03-15,32,BRpos,4.941
2025-03-15,32,BRneg,1.618
2025-03-15,33,BRpos,2.018
2025-03-15,33,BRneg,1.85
2025-03-15,34,BRpos,14.777
2025-03-15,34,BRneg,3.481
2025-03-15,35,BRpos,6.028
2025-03-15,35,BRneg,2.484
2025-03-15,36,BRpos,2.018
2025-03-15,36,BRneg,3.36
2025-03-15,37,BRpos,4.973
2025-03-15,37,BRneg,2.494
2025-03-15,38,BRpos,8.738
2025-03-15,38,BRneg,2.324
2025-03-15,39,BRpos,3.27
2025-03-15,39,BRneg,1.169
2025-03-15,40,BRpos,2.641
2025-03-15,40,BRneg,1.765
2025-03-15,41,BRpos,5.187
2025-03-15,41,BRneg,1.307
2025-03-15,42,BRpos,4.806
2025-03-15,42,BRneg,0.882
2025-03-15,43,BRpos,2.529
2025-03-15,43,BRneg,1.365
2025-03-15,44,BRpos,2.104
2025-03-15,44,BRneg,1.324
2025-03-15,45,BRpos,3.031
2025-03-15,45,BRneg,1.068
2025-03-15,46,BRpos,3.542
2025-03-15,46,BRneg,1.443
2025-03-15,47,BRpos,2.074
2025-03-15,47,BRneg,1.587
2025-03-15,48,BRpos,4.184
2025-03-15,48,BRneg,1.265
2025-03-16,1,BRpos,2.048
2025-03-16,1,BRneg,2.357
2025-03-16,2,BRpos,2.394
2025-03-16,2,BRneg,1.263
2025-03-16,3,BRpos,4.212
2025-03-16,3,BRneg,2.06
2025-03-16,4,BRpos,5.896
2025-03-16,4,BRneg,1.274
2025-03-16,5,BRpos,3.72
2025-03-16,5,BRneg,0.947
2025-03-16,6,BRpos,2.64
2025-03-16,6,BRneg,2.368
2025-03-16,7,BRpos,3.58
2025-03-16,7,BRneg,0.934
2025-03-16,8,BRpos,3.626
2025-03-16,8,BRneg,2.277
2025-03-16,9,BRpos,2.291
2025-03-16,9,BRneg,1.256
2025-03-16,10,BRpos,3.427
2025-03-16,10,BRneg,0.996
2025-03-16,11,BRpos,3.18
2025-03-16,11,BRneg,1.161
2025-03-16,12,BRpos,4.266
2025-03-16,12,BRneg,1.865
2025-03-16,13,BRpos,3.57
2025-03-16,13,BRneg,2.371
2025-03-16,14,BRpos,4.037
2025-03-16,14,BRneg,2.128
2025-03-16,15,BRpos,1.634
2025-03-16,15,BRneg,1.489
2025-03-16,16,BRpos,5.172
2025-03-16,16,BRneg,1.366
2025-03-16,17,BRpos,2.794
2025-03-16,17,BRneg,1.851
2025-03-16,18,BRpos,5.36
2025-03-16,18,BRneg,0.946
2025-03-16,19,BRpos,3.811
2025-03-16,19,BRneg,1.53
2025-03-16,20,BRpos,3.778
2025-03-16,20,BRneg,1.131
2025-03-16,21,BRpos,4.244
2025-03-16,21,BRneg,2.244
2025-03-16,22,BRpos,2.8
2025-03-16,22,BRneg,1.08
2025-03-16,23,BRpos,2.385
2025-03-16,23,BRneg,1.596
2025-03-16,24,BRpos,3.499
2025-03-16,24,BRneg,1.737
2025-03-16,25,BRpos,3.15
2025-03-16,25,BRneg,0.573
2025-03-16,26,BRpos,3.038
2025-03-16,26,BRneg,1.733
2025-03-16,27,BRpos,2.087
2025-03-16,27,BRneg,0.811
2025-03-16,28,BRpos,1.839
2025-03-16,28,BRneg,1.456
2025-03-16,29,BRpos,2.019
2025-03-16,29,BRneg,1.097
2025-03-16,30,BRpos,2.727
2025-03-16,30,BRneg,1.503
2025-03-16,31,BRpos,2.354
2025-03-16,31,BRneg,1.99
2025-03-16,32,BRpos,7.129
2025-03-16,32,BRneg,1.692
2025-03-16,33,BRpos,2.443
2025-03-16,33,BRneg,2.734
2025-03-16,34,BRpos,9.279
2025-03-16,34,BRneg,3.581
2025-03-16,35,BRpos,9.456
2025-03-16,35,BRneg,0.966
2025-03-16,36,BRpos,4.856
2025-03-16,36,BRneg,3.141
2025-03-16,37,BRpos,3.512
2025-03-16,37,BRneg,3.233
2025-03-16,38,BRpos,5.34
2025-03-16,38,BRneg,1.863
2025-03-16,39,BRpos,7.138
2025-03-16,39,BRneg,2.368
2025-03-16,40,BRpos,5.033
2025-03-16,40,BRneg,3.97
2025-03-16,41,BRpos,4.647
2025-03-16,41,BRneg,1.646
2025-03-16,42,BRpos,7.49
2025-03-16,42,BRneg,2.512
2025-03-16,43,BRpos,3.941
2025-03-16,43,BRneg,0.673
2025-03-16,44,BRpos,3.406
2025-03-16,44,BRneg,0.641
2025-03-16,45,BRpos,2.863
2025-03-16,45,BRneg,1.507
2025-03-16,46,BRpos,1.491
2025-03-16,46,BRneg,0.976
2025-03-16,47,BRpos,6.112
2025-03-16,47,BRneg,1.951
2025-03-16,48,BRpos,5.253
2025-03-16,48,BRneg,1.096
2025-03-17,1,BRpos,7.394
2025-03-17,1,BRneg,1.781
2025-03-17,2,BRpos,2.164
2025-03-17,2,BRneg,1.522
2025-03-17,3,BRpos,1.137
2025-03-17,3,BRneg,1.576
2025-03-17,4,BRpos,4.303
2025-03-17,4,BRneg,1.056
2025-03-17,5,BRpos,2.168
2025-03-17,5,BRneg,1.589
2025-03-17,6,BRpos,2.694
2025-03-17,6,BRneg,1.454
2025-03-17,7,BRpos,3.951
2025-03-17,7,BRneg,1.103
2025-03-17,8,BRpos,3.191
2025-03-17,8,BRneg,1.957
2025-03-17,9,BRpos,2.529
2025-03-17,9,BRneg,1.164
2025-03-17,10,BRpos,6.178
2025-03-17,10,BRneg,4.88
2025-03-17,11,BRpos,5.023
2025-03-17,11,BRneg,1.297
2025-03-17,12,BRpos,4.287
2025-03-17,12,BRneg,1.687
2025-03-17,13,BRpos,3.081
2025-03-17,13,BRneg,0.942
2025-03-17,14,BRpos,4.279
2025-03-17,14,BRneg,1.344
2025-03-17,15,BRpos,4.91
2025-03-17,15,BRneg,1.614
2025-03-17,16,BRpos,3.214
2025-03-17,16,BRneg,1.349
2025-03-17,17,BRpos,1.702
2025-03-17,17,BRneg,1.68
2025-03-17,18,BRpos,3.025
2025-03-17,18,BRneg,1.496
2025-03-17,19,BRpos,4.242
2025-03-17,19,BRneg,3.774
2025-03-17,20,BRpos,2.649
2025-03-17,20,BRneg,1.136
2025-03-17,21,BRpos,1.153
2025-03-17,21,BRneg,1.063
2025-03-17,22,BRpos,2.139
2025-03-17,22,BRneg,1.485
2025-03-17,23,BRpos,1.354
2025-03-17,23,BRneg,1.38
2025-03-17,24,BRpos,3.688
2025-03-17,24,BRneg,2.494
2025-03-17,25,BRpos,3.791
2025-03-17,25,BRneg,2.323
2025-03-17,26,BRpos,3.496
2025-03-17,26,BRneg,1.438
2025-03-17,27,BRpos,2.823
2025-03-17,27,BRneg,1.241
2025-03-17,28,BRpos,1.212
2025-03-17,28,BRneg,1.375
2025-03-17,29,BRpos,3.424
2025-03-17,29,BRneg,3.776
2025-03-17,30,BRpos,1.669
2025-03-17,30,BRneg,1.306
2025-03-17,31,BRpos,2.757
2025-03-17,31,BRneg,2.47
2025-03-17,32,BRpos,3.472
2025-03-17,32,BRneg,1.704
2025-03-17,33,BRpos,3.268
2025-03-17,33,BRneg,1.366
2025-03-17,34,BRpos,5.614
2025-03-17,34,BRneg,2.693
2025-03-17,35,BRpos,5.702
2025-03-17,35,BRneg,6.141
2025-03-17,36,BRpos,5.013
2025-03-17,36,BRneg,1.977
2025-03-17,37,BRpos,5.879
2025-03-17,37,BRneg,2.278
2025-03-17,38,BRpos,5.324
2025-03-17,38,BRneg,3.226
2025-03-17,39,BRpos,3.083
2025-03-17,39,BRneg,1.865
2025-03-17,40,BRpos,2.341
2025-03-17,40,BRneg,0.832
2025-03-17,41,BRpos,4.327
2025-03-17,41,BRneg,1.449
2025-03-17,42,BRpos,2.27
2025-03-17,42,BRneg,0.729
2025-03-17,43,BRpos,3.091
2025-03-17,43,BRneg,1.783
2025-03-17,44,BRpos,5.894
2025-03-17,44,BRneg,0.922
2025-03-17,45,BRpos,4.213
2025-03-17,45,BRneg,0.767
2025-03-17,46,BRpos,6.92
2025-03-17,46,BRneg,1.435
2025-03-17,47,BRpos,5.006
2025-03-17,47,BRneg,1.06
2025-03-17,48,BRpos,3.541
2025-03-17,48,BRneg,2.923
2025-03-18,1,BRpos,3.506
2025-03-18,1,BRneg,6.512
2025-03-18,2,BRpos,6.548
2025-03-18,2,BRneg,1.852
2025-03-18,3,BRpos,3.152
2025-03-18,3,BRneg,2.426
2025-03-18,4,BRpos,2.764
2025-03-18,4,BRneg,0.67
2025-03-18,5,BRpos,2.359
2025-03-18,5,BRneg,2.316
2025-03-18,6,BRpos,2.964
2025-03-18,6,BRneg,1.515
2025-03-18,7,BRpos,2.635
2025-03-18,7,BRneg,1.387
2025-03-18,8,BRpos,8.657
2025-03-18,8,BRneg,1.095
2025-03-18,9,BRpos,2.752
2025-03-18,9,BRneg,2.714
2025-03-18,10,BRpos,5.816
2025-03-18,10,BRneg,0.922
2025-03-18,11,BRpos,4.5
2025-03-18,11,BRneg,1.684
2025-03-18,12,BRpos,5.221
2025-03-18,12,BRneg,1.623
2025-03-18,13,BRpos,6.2
2025-03-18,13,BRneg,1.054
2025-03-18,14,BRpos,4.005
2025-03-18,14,BRneg,1.036
2025-03-18,15,BRpos,1.964
2025-03-18,15,BRneg,1.136
2025-03-18,16,BRpos,4.062
2025-03-18,16,BRneg,0.753
2025-03-18,17,BRpos,4.263
2025-03-18,17,BRneg,1.126
2025-03-18,18,BRpos,1.738
2025-03-18,18,BRneg,2.597
2025-03-18,19,BRpos,1.952
2025-03-18,19,BRneg,1.096
2025-03-18,20,BRpos,2.186
2025-03-18,20,BRneg,1.744
2025-03-18,21,BRpos,3.514
2025-03-18,21,BRneg,2.417
2025-03-18,22,BRpos,3.621
2025-03-18,22,BRneg,1.134
2025-03-18,23,BRpos,4.121
2025-03-18,23,BRneg,1.984
2025-03-18,24,BRpos,2.831
2025-03-18,24,BRneg,1.016
2025-03-18,25,BRpos,1.903
2025-03-18,25,BRneg,1.039
2025-03-18,26,BRpos,2.256
2025-03-18,26,BRneg,0.895
2025-03-18,27,BRpos,4.354
2025-03-18,27,BRneg,2.886
2025-03-18,28,BRpos,2.973
2025-03-18,28,BRneg,5.107
2025-03-18,29,BRpos,1.808
2025-03-18,29,BRneg,0.561
2025-03-18,30,BRpos,2.782
2025-03-18,30,BRneg,1.228
2025-03-18,31,BRpos,5.864
2025-03-18,31,BRneg,0.978
2025-03-18,32,BRpos,4.312
2025-03-18,32,BRneg,0.993
2025-03-18,33,BRpos,2.917
2025-03-18,33,BRneg,3.052
2025-03-18,34,BRpos,7.89
2025-03-18,34,BRneg,2.68
2025-03-18,35,BRpos,4.989
2025-03-18,35,BRneg,2.555
2025-03-18,36,BRpos,7.747
2025-03-18,36,BRneg,2.059
2025-03-18,37,BRpos,3.09
2025-03-18,37,BRneg,3.255
2025-03-18,38,BRpos,3.276
2025-03-18,38,BRneg,1.832
2025-03-18,39,BRpos,8.278
2025-03-18,39,BRneg,1.122
2025-03-18,40,BRpos,2.869
2025-03-18,40,BRneg,1.702
2025-03-18,41,BRpos,3.588
2025-03-18,41,BRneg,2.024
2025-03-18,42,BRpos,0.962
2025-03-18,42,BRneg,0.611
2025-03-18,43,BRpos,2.137
2025-03-18,43,BRneg,1.422
2025-03-18,44,BRpos,1.501
2025-03-18,44,BRneg,0.601
2025-03-18,45,BRpos,4.854
2025-03-18,45,BRneg,1.199
2025-03-18,46,BRpos,3.201
2025-03-18,46,BRneg,1.519
2025-03-18,47,BRpos,4.429
2025-03-18,47,BRneg,2.984
2025-03-18,48,BRpos,2.256
2025-03-18,48,BRneg,1.135
2025-03-19,1,BRpos,2.197
2025-03-19,1,BRneg,1.1
2025-03-19,2,BRpos,1.571
2025-03-19,2,BRneg,1.83
2025-03-19,3,BRpos,2.176
2025-03-19,3,BRneg,1.279
2025-03-19,4,BRpos,3.747
2025-03-19,4,BRneg,2.561
2025-03-19,5,BRpos,6.147
2025-03-19,5,BRneg,1.06
2025-03-19,6,BRpos,3.101
2025-03-19,6,BRneg,1.849
2025-03-19,7,BRpos,2.117
2025-03-19,7,BRneg,1.912
2025-03-19,8,BRpos,3.029
2025-03-19,8,BRneg,1.376
2025-03-19,9,BRpos,3.856
2025-03-19,9,BRneg,1.028
2025-03-19,10,BRpos,2.449
2025-03-19,10,BRneg,1.215
2025-03-19,11,BRpos,3.653
2025-03-19,11,BRneg,0.597
2025-03-19,12,BRpos,4.459
2025-03-19,12,BRneg,0.614
2025-03-19,13,BRpos,3.403
2025-03-19,13,BRneg,1.191
2025-03-19,14,BRpos,2.979
2025-03-19,14,BRneg,0.53
2025-03-19,15,BRpos,3.081
2025-03-19,15,BRneg,0.596
2025-03-19,16,BRpos,1.809
2025-03-19,16,BRneg,1.365
2025-03-19,17,BRpos,4.362
2025-03-19,17,BRneg,1.629
2025-03-19,18,BRpos,2.548
2025-03-19,18,BRneg,1.299
2025-03-19,19,BRpos,6.028
2025-03-19,19,BRneg,1.889
2025-03-19,20,BRpos,4.995
2025-03-19,20,BRneg,1.729
2025-03-19,21,BRpos,3.388
2025-03-19,21,BRneg,2.053
2025-03-19,22,BRpos,6.537
2025-03-19,22,BRneg,1.474
2025-03-19,23,BRpos,2.506
2025-03-19,23,BRneg,0.847
2025-03-19,24,BRpos,5.461
2025-03-19,24,BRneg,4.036
2025-03-19,25,BRpos,2.27
2025-03-19,25,BRneg,0.47
2025-03-19,26,BRpos,4.177
2025-03-19,26,BRneg,0.623
2025-03-19,27,BRpos,3.698
2025-03-19,27,BRneg,1.421
2025-03-19,28,BRpos,2.298
2025-03-19,28,BRneg,2.995
2025-03-19,29,BRpos,3.192
2025-03-19,29,BRneg,1.419
2025-03-19,30,BRpos,5.662
2025-03-19,30,BRneg,1.768
2025-03-19,31,BRpos,2.223
2025-03-19,31,BRneg,1.349
2025-03-19,32,BRpos,4.692
2025-03-19,32,BRneg,1.586
2025-03-19,33,BRpos,4.571
2025-03-19,33,BRneg,0.772
2025-03-19,34,BRpos,5.873
2025-03-19,34,BRneg,4.293
2025-03-19,35,BRpos,3.641
2025-03-19,35,BRneg,1.824
2025-03-19,36,BRpos,8.431
2025-03-19,36,BRneg,0.668
2025-03-19,37,BRpos,4.347
2025-03-19,37,BRneg,3.765
2025-03-19,38,BRpos,8.467
2025-03-19,38,BRneg,6.9
2025-03-19,39,BRpos,7.51
2025-03-19,39,BRneg,3.958
2025-03-19,40,BRpos,6.773
2025-03-19,40,BRneg,1.285
2025-03-19,41,BRpos,7.115
2025-03-19,41,BRneg,0.991
2025-03-19,42,BRpos,1.88
2025-03-19,42,BRneg,1.53
2025-03-19,43,BRpos,3.747
2025-03-19,43,BRneg,2.505
2025-03-19,44,BRpos,2.779
2025-03-19,44,BRneg,0.996
2025-03-19,45,BRpos,2.482
2025-03-19,45,BRneg,1.791
2025-03-19,46,BRpos,5.725
2025-03-19,46,BRneg,2.955
2025-03-19,47,BRpos,2.583
2025-03-19,47,BRneg,0.745
2025-03-19,48,BRpos,3.889
2025-03-19,48,BRneg,0.721
2025-03-20,1,BRpos,2.432
2025-03-20,1,BRneg,1.587
2025-03-20,2,BRpos,3.896
2025-03-20,2,BRneg,2.235
2025-03-20,3,BRpos,8.047
2025-03-20,3,BRneg,3.509
2025-03-20,4,BRpos,3.196
2025-03-20,4,BRneg,1.251
2025-03-20,5,BRpos,6.205
2025-03-20,5,BRneg,2.458
2025-03-20,6,BRpos,3.106
2025-03-20,6,BRneg,1.323
2025-03-20,7,BRpos,3.101
2025-03-20,7,BRneg,1.5
2025-03-20,8,BRpos,3.811
2025-03-20,8,BRneg,2.331
2025-03-20,9,BRpos,10.452
2025-03-20,9,BRneg,0.954
2025-03-20,10,BRpos,7.708
2025-03-20,10,BRneg,1.722
2025-03-20,11,BRpos,1.936
2025-03-20,11,BRneg,0.979
2025-03-20,12,BRpos,3.461
2025-03-20,12,BRneg,1.318
2025-03-20,13,BRpos,1.739
2025-03-20,13,BRneg,0.47
2025-03-20,14,BRpos,4.814
2025-03-20,14,BRneg,1.378
2025-03-20,15,BRpos,3.748
2025-03-20,15,BRneg,1.629
2025-03-20,16,BRpos,1.5
2025-03-20,16,BRneg,1.403
2025-03-20,17,BRpos,2.606
2025-03-20,17,BRneg,1.137
2025-03-20,18,BRpos,9.335
2025-03-20,18,BRneg,1.835
2025-03-20,19,BRpos,3.273
2025-03-20,19,BRneg,2.647
2025-03-20,20,BRpos,3.666
2025-03-20,20,BRneg,2.108
2025-03-20,21,BRpos,3.948
2025-03-20,21,BRneg,0.743
2025-03-20,22,BRpos,3.367
2025-03-20,22,BRneg,0.802
2025-03-20,23,BRpos,6.992
2025-03-20,23,BRneg,0.6
2025-03-20,24,BRpos,3.916
2025-03-20,24,BRneg,1.885
2025-03-20,25,BRpos,5.205
2025-03-20,25,BRneg,1.344
2025-03-20,26,BRpos,3.7
2025-03-20,26,BRneg,2.748
2025-03-20,27,BRpos,2.284
2025-03-20,27,BRneg,2.254
2025-03-20,28,BRpos,3.252
2025-03-20,28,BRneg,0.896
2025-03-20,29,BRpos,3.305
2025-03-20,29,BRneg,1.241
2025-03-20,30,BRpos,2.89
2025-03-20,30,BRneg,0.942
2025-03-20,31,BRpos,3.336
2025-03-20,31,BRneg,1.276
2025-03-20,32,BRpos,4.184
2025-03-20,32,BRneg,1.265
2025-03-20,33,BRpos,1.782
2025-03-20,33,BRneg,1.214
2025-03-20,34,BRpos,5.286
2025-03-20,34,BRneg,1.527
2025-03-20,35,BRpos,6.835
2025-03-20,35,BRneg,2.543
2025-03-20,36,BRpos,5.405
2025-03-20,36,BRneg,1.081
2025-03-20,37,BRpos,3.121
2025-03-20,37,BRneg,3.382
2025-03-20,38,BRpos,6.152
2025-03-20,38,BRneg,4.713
2025-03-20,39,BRpos,2.244
2025-03-20,39,BRneg,3.029
2025-03-20,40,BRpos,2.019
2025-03-20,40,BRneg,1.899
2025-03-20,41,BRpos,3.584
2025-03-20,41,BRneg,1.484
2025-03-20,42,BRpos,4.473
2025-03-20,42,BRneg,1.84
2025-03-20,43,BRpos,4.19
2025-03-20,43,BRneg,1.721
2025-03-20,44,BRpos,1.367
2025-03-20,44,BRneg,1.613
2025-03-20,45,BRpos,3.441
2025-03-20,45,BRneg,1.502
2025-03-20,46,BRpos,2.855
2025-03-20,46,BRneg,2.608
2025-03-20,47,BRpos,2.378
2025-03-20,47,BRneg,3.304
2025-03-20,48,BRpos,1.216
2025-03-20,48,BRneg,0.96
2025-03-21,1,BRpos,2.524
2025-03-21,1,BRneg,1.872
2025-03-21,2,BRpos,1.451
2025-03-21,2,BRneg,2.61
2025-03-21,3,BRpos,2.128
2025-03-21,3,BRneg,3.428
2025-03-21,4,BRpos,3.166
2025-03-21,4,BRneg,2.512
2025-03-21,5,BRpos,4.473
2025-03-21,5,BRneg,0.997
2025-03-21,6,BRpos,2.257
2025-03-21,6,BRneg,1.563
2025-03-21,7,BRpos,2.463
2025-03-21,7,BRneg,1.12
2025-03-21,8,BRpos,2.326
2025-03-21,8,BRneg,2.585
2025-03-21,9,BRpos,3.495
2025-03-21,9,BRneg,2.512
2025-03-21,10,BRpos,2.439
2025-03-21,10,BRneg,2.996
2025-03-21,11,BRpos,1.346
2025-03-21,11,BRneg,0.697
2025-03-21,12,BRpos,1.24
2025-03-21,12,BRneg,1.014
2025-03-21,13,BRpos,2.179
2025-03-21,13,BRneg,1.881
2025-03-21,14,BRpos,3.314
2025-03-21,14,BRneg,1.692
2025-03-21,15,BRpos,4.762
2025-03-21,15,BRneg,0.856
2025-03-21,16,BRpos,4.483
2025-03-21,16,BRneg,1.11
2025-03-21,17,BRpos,5.01
2025-03-21,17,BRneg,1.933
2025-03-21,18,BRpos,1.659
2025-03-21,18,BRneg,0.786
2025-03-21,19,BRpos,4.004
2025-03-21,19,BRneg,1.225
2025-03-21,20,BRpos,2.984
2025-03-21,20,BRneg,1.658
2025-03-21,21,BRpos,3.352
2025-03-21,21,BRneg,3.103
2025-03-21,22,BRpos,2.532
2025-03-21,22,BRneg,0.963
2025-03-21,23,BRpos,6.745
2025-03-21,23,BRneg,0.478
2025-03-21,24,BRpos,4.675
2025-03-21,24,BRneg,0.659
2025-03-21,25,BRpos,1.83
2025-03-21,25,BRneg,0.393
2025-03-21,26,BRpos,5.941
2025-03-21,26,BRneg,1.342
2025-03-21,27,BRpos,4.945
2025-03-21,27,BRneg,1.048
2025-03-21,28,BRpos,3.129
2025-03-21,28,BRneg,1.95
2025-03-21,29,BRpos,1.91
2025-03-21,29,BRneg,0.621
2025-03-21,30,BRpos,3.802
2025-03-21,30,BRneg,1.608
2025-03-21,31,BRpos,1.986
2025-03-21,31,BRneg,2.048
2025-03-21,32,BRpos,3.781
2025-03-21,32,BRneg,0.666
2025-03-21,33,BRpos,5.473
2025-03-21,33,BRneg,1.319
2025-03-21,34,BRpos,1.776
2025-03-21,34,BRneg,2.084
2025-03-21,35,BRpos,5.354
2025-03-21,35,BRneg,1.837
2025-03-21,36,BRpos,2.023
2025-03-21,36,BRneg,2.199
2025-03-21,37,BRpos,1.861
2025-03-21,37,BRneg,2.63
2025-03-21,38,BRpos,4.963
2025-03-21,38,BRneg,2.795
2025-03-21,39,BRpos,3.157
2025-03-21,39,BRneg,3.095
2025-03-21,40,BRpos,2.604
2025-03-21,40,BRneg,1.444
2025-03-21,41,BRpos,3.474
2025-03-21,41,BRneg,1.248
2025-03-21,42,BRpos,9.133
2025-03-21,42,BRneg,0.797
2025-03-21,43,BRpos,6.21
2025-03-21,43,BRneg,1.914
2025-03-21,44,BRpos,3.444
2025-03-21,44,BRneg,2.025
2025-03-21,45,BRpos,2.566
2025-03-21,45,BRneg,1.079
2025-03-21,46,BRpos,2.653
2025-03-21,46,BRneg,0.933
2025-03-21,47,BRpos,1.741
2025-03-21,47,BRneg,0.875
2025-03-21,48,BRpos,3.478
2025-03-21,48,BRneg,1.341
2025-03-22,1,BRpos,2.237
2025-03-22,1,BRneg,2.026
2025-03-22,2,BRpos,1.851
2025-03-22,2,BRneg,1.073
2025-03-22,3,BRpos,5.272
2025-03-22,3,BRneg,2.724
2025-03-22,4,BRpos,3.215
2025-03-22,4,BRneg,0.489
2025-03-22,5,BRpos,5.337
2025-03-22,5,BRneg,0.971
2025-03-22,6,BRpos,1.615
2025-03-22,6,BRneg,1.121
2025-03-22,7,BRpos,4.652
2025-03-22,7,BRneg,2.107
2025-03-22,8,BRpos,1.843
2025-03-22,8,BRneg,2.761
2025-03-22,9,BRpos,3.396
2025-03-22,9,BRneg,2.091
2025-03-22,10,BRpos,3.21
2025-03-22,10,BRneg,4.467
2025-03-22,11,BRpos,3.134
2025-03-22,11,BRneg,2.173
2025-03-22,12,BRpos,2.805
2025-03-22,12,BRneg,0.989
2025-03-22,13,BRpos,1.293
2025-03-22,13,BRneg,1.202
2025-03-22,14,BRpos,1.773
2025-03-22,14,BRneg,0.793
2025-03-22,15,BRpos,3.012
2025-03-22,15,BRneg,1.745
2025-03-22,16,BRpos,2.589
2025-03-22,16,BRneg,1.204
2025-03-22,17,BRpos,2.715
2025-03-22,17,BRneg,1.713
2025-03-22,18,BRpos,2.741
2025-03-22,18,BRneg,3.445
2025-03-22,19,BRpos,2.47
2025-03-22,19,BRneg,1.097
2025-03-22,20,BRpos,3.204
2025-03-22,20,BRneg,0.639
2025-03-22,21,BRpos,2.364
2025-03-22,21,BRneg,1.234
2025-03-22,22,BRpos,3.862
2025-03-22,22,BRneg,1.801
2025-03-22,23,BRpos,10.091
2025-03-22,23,BRneg,0.836
2025-03-22,24,BRpos,1.961
2025-03-22,24,BRneg,0.881
2025-03-22,25,BRpos,3.848
2025-03-22,25,BRneg,1.559
2025-03-22,26,BRpos,2.987
2025-03-22,26,BRneg,2.103
2025-03-22,27,BRpos,4.415
2025-03-22,27,BRneg,0.675
2025-03-22,28,BRpos,2.104
2025-03-22,28,BRneg,3.419
2025-03-22,29,BRpos,3.894
2025-03-22,29,BRneg,1.163
2025-03-22,30,BRpos,4.155
2025-03-22,30,BRneg,1.164
2025-03-22,31,BRpos,4.118
2025-03-22,31,BRneg,1.45
2025-03-22,32,BRpos,2.969
2025-03-22,32,BRneg,1.094
2025-03-22,33,BRpos,1.213
2025-03-22,33,BRneg,0.991
2025-03-22,34,BRpos,8.512
2025-03-22,34,BRneg,9.713
2025-03-22,35,BRpos,5.109
2025-03-22,35,BRneg,2.12
2025-03-22,36,BRpos,4.208
2025-03-22,36,BRneg,2.329
2025-03-22,37,BRpos,5.39
2025-03-22,37,BRneg,1.768
2025-03-22,38,BRpos,6.978
2025-03-22,38,BRneg,1.829
2025-03-22,39,BRpos,2.095
2025-03-22,39,BRneg,1.665
2025-03-22,40,BRpos,1.912
2025-03-22,40,BRneg,1.465
2025-03-22,41,BRpos,1.819
2025-03-22,41,BRneg,0.904
2025-03-22,42,BRpos,3.549
2025-03-22,42,BRneg,2.642
2025-03-22,43,BRpos,2.552
2025-03-22,43,BRneg,1.082
2025-03-22,44,BRpos,2.151
2025-03-22,44,BRneg,0.693
2025-03-22,45,BRpos,4.255
2025-03-22,45,BRneg,2.812
2025-03-22,46,BRpos,1.884
2025-03-22,46,BRneg,1.977
2025-03-22,47,BRpos,6.537
2025-03-22,47,BRneg,1.097
2025-03-22,48,BRpos,3.144
2025-03-22,48,BRneg,1.622
2025-03-23,1,BRpos,3.708
2025-03-23,1,BRneg,0.713
2025-03-23,2,BRpos,4.696
2025-03-23,2,BRneg,1.806
2025-03-23,3,BRpos,2.972
2025-03-23,3,BRneg,3.013
2025-03-23,4,BRpos,3.974
2025-03-23,4,BRneg,1.464
2025-03-23,5,BRpos,2.559
2025-03-23,5,BRneg,2.241
2025-03-23,6,BRpos,2.488
2025-03-23,6,BRneg,0.607
2025-03-23,7,BRpos,3.228
2025-03-23,7,BRneg,1.998
2025-03-23,8,BRpos,3.655
2025-03-23,8,BRneg,1.987
2025-03-23,9,BRpos,1.292
2025-03-23,9,BRneg,0.917
2025-03-23,10,BRpos,8.386
2025-03-23,10,BRneg,0.805
2025-03-23,11,BRpos,4.546
2025-03-23,11,BRneg,1.254
2025-03-23,12,BRpos,2.34
2025-03-23,12,BRneg,2.053
2025-03-23,13,BRpos,0.938
2025-03-23,13,BRneg,1.23
2025-03-23,14,BRpos,4.596
2025-03-23,14,BRneg,1.467
2025-03-23,15,BRpos,2.291
2025-03-23,15,BRneg,2.104
2025-03-23,16,BRpos,2.572
2025-03-23,16,BRneg,1.625
2025-03-23,17,BRpos,1.586
2025-03-23,17,BRneg,1.079
2025-03-23,18,BRpos,1.193
2025-03-23,18,BRneg,3.352
2025-03-23,19,BRpos,1.287
2025-03-23,19,BRneg,2.114
2025-03-23,20,BRpos,2.697
2025-03-23,20,BRneg,1.865
2025-03-23,21,BRpos,1.725
2025-03-23,21,BRneg,0.782
2025-03-23,22,BRpos,5.964
2025-03-23,22,BRneg,0.686
2025-03-23,23,BRpos,11.493
2025-03-23,23,BRneg,2.668
2025-03-23,24,BRpos,3.662
2025-03-23,24,BRneg,1.195
2025-03-23,25,BRpos,4.072
2025-03-23,25,BRneg,2.89
2025-03-23,26,BRpos,1.582
2025-03-23,26,BRneg,1.598
2025-03-23,27,BRpos,5.734
2025-03-23,27,BRneg,1.726
2025-03-23,28,BRpos,1.871
2025-03-23,28,BRneg,1.174
2025-03-23,29,BRpos,3.036
2025-03-23,29,BRneg,1.902
2025-03-23,30,BRpos,6.127
2025-03-23,30,BRneg,1.777
2025-03-23,31,BRpos,2.873
2025-03-23,31,BRneg,4.226
2025-03-23,32,BRpos,3.066
2025-03-23,32,BRneg,1.522
2025-03-23,33,BRpos,7.055
2025-03-23,33,BRneg,1.456
2025-03-23,34,BRpos,4.887
2025-03-23,34,BRneg,1.067
2025-03-23,35,BRpos,5.88
2025-03-23,35,BRneg,1.473
2025-03-23,36,BRpos,2.952
2025-03-23,36,BRneg,1.275
2025-03-23,37,BRpos,4.006
2025-03-23,37,BRneg,2.821
2025-03-23,38,BRpos,3.599
2025-03-23,38,BRneg,3.531
2025-03-23,39,BRpos,3.391
2025-03-23,39,BRneg,1.259
2025-03-23,40,BRpos,4.925
2025-03-23,40,BRneg,1.862
2025-03-23,41,BRpos,3.06
2025-03-23,41,BRneg,1.427
2025-03-23,42,BRpos,2.58
2025-03-23,42,BRneg,3.61
2025-03-23,43,BRpos,5.972
2025-03-23,43,BRneg,0.864
2025-03-23,44,BRpos,2.978
2025-03-23,44,BRneg,1.892
2025-03-23,45,BRpos,2.574
2025-03-23,45,BRneg,1.694
2025-03-23,46,BRpos,3.832
2025-03-23,46,BRneg,1.495
2025-03-23,47,BRpos,2.575
2025-03-23,47,BRneg,1.282
2025-03-23,48,BRpos,0.904
2025-03-23,48,BRneg,1.784
2025-03-24,1,BRpos,4.903
2025-03-24,1,BRneg,2.136
2025-03-24,2,BRpos,2.566
2025-03-24,2,BRneg,0.689
2025-03-24,3,BRpos,5.523
2025-03-24,3,BRneg,1.134
2025-03-24,4,BRpos,4.999
2025-03-24,4,BRneg,1.471
2025-03-24,5,BRpos,4.973
2025-03-24,5,BRneg,0.893
2025-03-24,6,BRpos,7.486
2025-03-24,6,BRneg,2.161
2025-03-24,7,BRpos,2.309
2025-03-24,7,BRneg,2.588
2025-03-24,8,BRpos,2.304
2025-03-24,8,BRneg,1.211
2025-03-24,9,BRpos,8.937
2025-03-24,9,BRneg,0.899
2025-03-24,10,BRpos,5.496
2025-03-24,10,BRneg,1.233
2025-03-24,11,BRpos,1.933
2025-03-24,11,BRneg,1.639
2025-03-24,12,BRpos,3.621
2025-03-24,12,BRneg,2.067
2025-03-24,13,BRpos,3.297
2025-03-24,13,BRneg,1.392
2025-03-24,14,BRpos,4.102
2025-03-24,14,BRneg,0.839
2025-03-24,15,BRpos,1.847
2025-03-24,15,BRneg,2.289
2025-03-24,16,BRpos,1.569
2025-03-24,16,BRneg,1.504
2025-03-24,17,BRpos,5.303
2025-03-24,17,BRneg,2.103
2025-03-24,18,BRpos,4.38
2025-03-24,18,BRneg,2.704
2025-03-24,19,BRpos,1.295
2025-03-24,19,BRneg,1.7
2025-03-24,20,BRpos,3.116
2025-03-24,20,BRneg,0.972
2025-03-24,21,BRpos,4.681
2025-03-24,21,BRneg,2.918
2025-03-24,22,BRpos,1.841
2025-03-24,22,BRneg,3.063
2025-03-24,23,BRpos,4.581
2025-03-24,23,BRneg,1.466
2025-03-24,24,BRpos,2.327
2025-03-24,24,BRneg,1.446
2025-03-24,25,BRpos,6.156
2025-03-24,25,BRneg,2.318
2025-03-24,26,BRpos,2.288
2025-03-24,26,BRneg,1.494
2025-03-24,27,BRpos,3.427
2025-03-24,27,BRneg,1.122
2025-03-24,28,BRpos,2.239
2025-03-24,28,BRneg,3.275
2025-03-24,29,BRpos,6.855
2025-03-24,29,BRneg,0.975
2025-03-24,30,BRpos,3.97
2025-03-24,30,BRneg,1.396
2025-03-24,31,BRpos,2.288
2025-03-24,31,BRneg,1.602
2025-03-24,32,BRpos,2.344
2025-03-24,32,BRneg,5.188
2025-03-24,33,BRpos,2.755
2025-03-24,33,BRneg,3.26
2025-03-24,34,BRpos,6.695
2025-03-24,34,BRneg,2.106
2025-03-24,35,BRpos,4.277
2025-03-24,35,BRneg,1.983
2025-03-24,36,BRpos,7.474
2025-03-24,36,BRneg,2.736
2025-03-24,37,BRpos,7.572
2025-03-24,37,BRneg,4.105
2025-03-24,38,BRpos,2.744
2025-03-24,38,BRneg,0.828
2025-03-24,39,BRpos,5.508
2025-03-24,39,BRneg,1.315
2025-03-24,40,BRpos,4.104
2025-03-24,40,BRneg,1.131
2025-03-24,41,BRpos,5.192
2025-03-24,41,BRneg,2.109
2025-03-24,42,BRpos,2.752
2025-03-24,42,BRneg,1.226
2025-03-24,43,BRpos,2.057
2025-03-24,43,BRneg,1.789
2025-03-24,44,BRpos,3.123
2025-03-24,44,BRneg,1.374
2025-03-24,45,BRpos,6.607
2025-03-24,45,BRneg,2.219
2025-03-24,46,BRpos,2.391
2025-03-24,46,BRneg,1.632
2025-03-24,47,BRpos,1.934
2025-03-24,47,BRneg,1.149
2025-03-24,48,BRpos,0.935
2025-03-24,48,BRneg,1.333
2025-03-25,1,BRpos,3.449
2025-03-25,1,BRneg,1.57
2025-03-25,2,BRpos,2.198
2025-03-25,2,BRneg,1.514
2025-03-25,3,BRpos,1.846
2025-03-25,3,BRneg,1.307
2025-03-25,4,BRpos,4.006
2025-03-25,4,BRneg,2.882
2025-03-25,5,BRpos,3.267
2025-03-25,5,BRneg,0.686
2025-03-25,6,BRpos,1.72
2025-03-25,6,BRneg,1.509
2025-03-25,7,BRpos,3.36
2025-03-25,7,BRneg,1.066
2025-03-25,8,BRpos,5.641
2025-03-25,8,BRneg,1.005
2025-03-25,9,BRpos,6.165
2025-03-25,9,BRneg,0.602
2025-03-25,10,BRpos,2.965
2025-03-25,10,BRneg,1.219
2025-03-25,11,BRpos,4.929
2025-03-25,11,BRneg,2.331
2025-03-25,12,BRpos,2.608
2025-03-25,12,BRneg,1.455
2025-03-25,13,BRpos,4.645
2025-03-25,13,BRneg,1.746
2025-03-25,14,BRpos,3.424
2025-03-25,14,BRneg,0.844
2025-03-25,15,BRpos,2.703
2025-03-25,15,BRneg,2.604
2025-03-25,16,BRpos,2.707
2025-03-25,16,BRneg,1.579
2025-03-25,17,BRpos,1.754
2025-03-25,17,BRneg,1.386
2025-03-25,18,BRpos,2.056
2025-03-25,18,BRneg,3.131
2025-03-25,19,BRpos,2.273
2025-03-25,19,BRneg,2.339
2025-03-25,20,BRpos,1.823
2025-03-25,20,BRneg,2.326
2025-03-25,21,BRpos,3.113
2025-03-25,21,BRneg,1.374
2025-03-25,22,BRpos,2.398
2025-03-25,22,BRneg,0.833
2025-03-25,23,BRpos,5.397
2025-03-25,23,BRneg,0.772
2025-03-25,24,BRpos,5.418
2025-03-25,24,BRneg,1.959
2025-03-25,25,BRpos,2.794
2025-03-25,25,BRneg,2.089
2025-03-25,26,BRpos,4.751
2025-03-25,26,BRneg,1.563
2025-03-25,27,BRpos,5.458
2025-03-25,27,BRneg,1.922
2025-03-25,28,BRpos,3.579
2025-03-25,28,BRneg,0.967
2025-03-25,29,BRpos,2.529
2025-03-25,29,BRneg,0.734
2025-03-25,30,BRpos,4.46
2025-03-25,30,BRneg,2.299
2025-03-25,31,BRpos,4.775
2025-03-25,31,BRneg,1.473
2025-03-25,32,BRpos,2.048
2025-03-25,32,BRneg,0.855
2025-03-25,33,BRpos,3.733
2025-03-25,33,BRneg,0.89
2025-03-25,34,BRpos,6.253
2025-03-25,34,BRneg,2.579
2025-03-25,35,BRpos,3.721
2025-03-25,35,BRneg,3.643
2025-03-25,36,BRpos,6.679
2025-03-25,36,BRneg,2.702
2025-03-25,37,BRpos,6.502
2025-03-25,37,BRneg,3.906
2025-03-25,38,BRpos,2.289
2025-03-25,38,BRneg,2.474
2025-03-25,39,BRpos,1.264
2025-03-25,39,BRneg,3.087
2025-03-25,40,BRpos,6.581
2025-03-25,40,BRneg,1.269
2025-03-25,41,BRpos,3.879
2025-03-25,41,BRneg,1.489
2025-03-25,42,BRpos,6.263
2025-03-25,42,BRneg,1.732
2025-03-25,43,BRpos,4.749
2025-03-25,43,BRneg,0.95
2025-03-25,44,BRpos,5.477
2025-03-25,44,BRneg,4.733
2025-03-25,45,BRpos,1.788
2025-03-25,45,BRneg,0.946
2025-03-25,46,BRpos,2.259
2025-03-25,46,BRneg,1.962
2025-03-25,47,BRpos,1.476
2025-03-25,47,BRneg,2.28
2025-03-25,48,BRpos,1.136
2025-03-25,48,BRneg,1.14
2025-03-26,1,BRpos,3.541
2025-03-26,1,BRneg,0.432
2025-03-26,2,BRpos,5.615
2025-03-26,2,BRneg,0.929
2025-03-26,3,BRpos,2.276
2025-03-26,3,BRneg,2.278
2025-03-26,4,BRpos,3.968
2025-03-26,4,BRneg,1.003
2025-03-26,5,BRpos,2.962
2025-03-26,5,BRneg,2.664
2025-03-26,6,BRpos,3.835
2025-03-26,6,BRneg,2.242
2025-03-26,7,BRpos,2.863
2025-03-26,7,BRneg,1.901
2025-03-26,8,BRpos,2.62
2025-03-26,8,BRneg,2.974
2025-03-26,9,BRpos,5.333
2025-03-26,9,BRneg,1.838
2025-03-26,10,BRpos,3.626
2025-03-26,10,BRneg,1.148
2025-03-26,11,BRpos,3.055
2025-03-26,11,BRneg,1.014
2025-03-26,12,BRpos,1.567
2025-03-26,12,BRneg,1.145
2025-03-26,13,BRpos,5.127
2025-03-26,13,BRneg,1.467
2025-03-26,14,BRpos,3.785
2025-03-26,14,BRneg,1.346
2025-03-26,15,BRpos,2.863
2025-03-26,15,BRneg,1.813
2025-03-26,16,BRpos,4.995
2025-03-26,16,BRneg,1.278
2025-03-26,17,BRpos,2.701
2025-03-26,17,BRneg,3.74
2025-03-26,18,BRpos,2.486
2025-03-26,18,BRneg,0.523
2025-03-26,19,BRpos,3.521
2025-03-26,19,BRneg,2.211
2025-03-26,20,BRpos,2.064
2025-03-26,20,BRneg,1.947
2025-03-26,21,BRpos,4.426
2025-03-26,21,BRneg,2.358
2025-03-26,22,BRpos,4.32
2025-03-26,22,BRneg,1.785
2025-03-26,23,BRpos,1.437
2025-03-26,23,BRneg,1.143
2025-03-26,24,BRpos,3.761
2025-03-26,24,BRneg,1.833
2025-03-26,25,BRpos,3.559
2025-03-26,25,BRneg,1.172
2025-03-26,26,BRpos,2.564
2025-03-26,26,BRneg,3.135
2025-03-26,27,BRpos,2.945
2025-03-26,27,BRneg,2.956
2025-03-26,28,BRpos,1.654
2025-03-26,28,BRneg,0.825
2025-03-26,29,BRpos,2.096
2025-03-26,29,BRneg,0.815
2025-03-26,30,BRpos,6.669
2025-03-26,30,BRneg,1.393
2025-03-26,31,BRpos,1.852
2025-03-26,31,BRneg,0.974
2025-03-26,32,BRpos,4.179
2025-03-26,32,BRneg,3.013
2025-03-26,33,BRpos,2.79
2025-03-26,33,BRneg,1.118
2025-03-26,34,BRpos,4.847
2025-03-26,34,BRneg,2.441
2025-03-26,35,BRpos,8.072
2025-03-26,35,BRneg,1.736
2025-03-26,36,BRpos,9.496
2025-03-26,36,BRneg,2.79
2025-03-26,37,BRpos,5.561
2025-03-26,37,BRneg,3.18
2025-03-26,38,BRpos,4.44
2025-03-26,38,BRneg,7.885
2025-03-26,39,BRpos,7.297
2025-03-26,39,BRneg,1.242
2025-03-26,40,BRpos,3.683
2025-03-26,40,BRneg,1.2
2025-03-26,41,BRpos,1.467
2025-03-26,41,BRneg,2.109
2025-03-26,42,BRpos,1.688
2025-03-26,42,BRneg,0.953
2025-03-26,43,BRpos,1.511
2025-03-26,43,BRneg,1.102
2025-03-26,44,BRpos,3.151
2025-03-26,44,BRneg,2.0
2025-03-26,45,BRpos,1.969
2025-03-26,45,BRneg,0.819
2025-03-26,46,BRpos,2.916
2025-03-26,46,BRneg,0.866
2025-03-26,47,BRpos,4.003
2025-03-26,47,BRneg,2.298
2025-03-26,48,BRpos,5.055
2025-03-26,48,BRneg,0.895
2025-03-27,1,BRpos,5.428
2025-03-27,1,BRneg,1.719
2025-03-27,2,BRpos,3.636
2025-03-27,2,BRneg,0.943
2025-03-27,3,BRpos,1.599
2025-03-27,3,BRneg,0.762
2025-03-27,4,BRpos,5.148
2025-03-27,4,BRneg,0.981
2025-03-27,5,BRpos,3.341
2025-03-27,5,BRneg,0.631
2025-03-27,6,BRpos,1.663
2025-03-27,6,BRneg,1.625
2025-03-27,7,BRpos,4.613
2025-03-27,7,BRneg,1.282
2025-03-27,8,BRpos,1.451
2025-03-27,8,BRneg,2.438
2025-03-27,9,BRpos,2.262
2025-03-27,9,BRneg,1.131
2025-03-27,10,BRpos,2.298
2025-03-27,10,BRneg,1.994
2025-03-27,11,BRpos,3.088
2025-03-27,11,BRneg,1.512
2025-03-27,12,BRpos,2.69
2025-03-27,12,BRneg,1.802
2025-03-27,13,BRpos,2.526
2025-03-27,13,BRneg,0.989
2025-03-27,14,BRpos,5.859
2025-03-27,14,BRneg,1.455
2025-03-27,15,BRpos,1.938
2025-03-27,15,BRneg,2.287
2025-03-27,16,BRpos,3.463
2025-03-27,16,BRneg,1.356
2025-03-27,17,BRpos,4.164
2025-03-27,17,BRneg,1.294
2025-03-27,18,BRpos,6.108
2025-03-27,18,BRneg,2.321
2025-03-27,19,BRpos,1.964
2025-03-27,19,BRneg,0.949
2025-03-27,20,BRpos,5.982
2025-03-27,20,BRneg,0.99
2025-03-27,21,BRpos,4.207
2025-03-27,21,BRneg,4.127
2025-03-27,22,BRpos,2.223
2025-03-27,22,BRneg,0.899
2025-03-27,23,BRpos,1.731
2025-03-27,23,BRneg,1.283
2025-03-27,24,BRpos,2.825
2025-03-27,24,BRneg,2.657
2025-03-27,25,BRpos,2.244
2025-03-27,25,BRneg,1.545
2025-03-27,26,BRpos,3.755
2025-03-27,26,BRneg,1.032
2025-03-27,27,BRpos,7.112
2025-03-27,27,BRneg,1.188
2025-03-27,28,BRpos,1.806
2025-03-27,28,BRneg,1.428
2025-03-27,29,BRpos,1.562
2025-03-27,29,BRneg,1.365
2025-03-27,30,BRpos,4.551
2025-03-27,30,BRneg,0.297
2025-03-27,31,BRpos,5.301
2025-03-27,31,BRneg,2.095
2025-03-27,32,BRpos,5.219
2025-03-27,32,BRneg,2.599
2025-03-27,33,BRpos,2.028
2025-03-27,33,BRneg,1.992
2025-03-27,34,BRpos,3.701
2025-03-27,34,BRneg,6.646
2025-03-27,35,BRpos,4.609
2025-03-27,35,BRneg,3.541
2025-03-27,36,BRpos,2.362
2025-03-27,36,BRneg,1.184
2025-03-27,37,BRpos,5.651
2025-03-27,37,BRneg,3.007
2025-03-27,38,BRpos,4.222
2025-03-27,38,BRneg,1.64
2025-03-27,39,BRpos,3.975
2025-03-27,39,BRneg,5.72
2025-03-27,40,BRpos,5.848
2025-03-27,40,BRneg,0.765
2025-03-27,41,BRpos,4.404
2025-03-27,41,BRneg,0.859
2025-03-27,42,BRpos,5.031
2025-03-27,42,BRneg,2.106
2025-03-27,43,BRpos,2.939
2025-03-27,43,BRneg,0.854
2025-03-27,44,BRpos,2.132
2025-03-27,44,BRneg,0.645
2025-03-27,45,BRpos,4.404
2025-03-27,45,BRneg,1.228
2025-03-27,46,BRpos,3.381
2025-03-27,46,BRneg,1.335
2025-03-27,47,BRpos,4.876
2025-03-27,47,BRneg,0.91
2025-03-27,48,BRpos,2.099
2025-03-27,48,BRneg,2.221
2025-03-28,1,BRpos,4.336
2025-03-28,1,BRneg,1.944
2025-03-28,2,BRpos,2.854
2025-03-28,2,BRneg,0.958
2025-03-28,3,BRpos,3.312
2025-03-28,3,BRneg,2.291
2025-03-28,4,BRpos,2.229
2025-03-28,4,BRneg,1.296
2025-03-28,5,BRpos,1.511
2025-03-28,5,BRneg,2.61
2025-03-28,6,BRpos,2.95
2025-03-28,6,BRneg,0.751
2025-03-28,7,BRpos,4.398
2025-03-28,7,BRneg,1.917
2025-03-28,8,BRpos,2.523
2025-03-28,8,BRneg,4.968
2025-03-28,9,BRpos,3.313
2025-03-28,9,BRneg,1.8
2025-03-28,10,BRpos,8.158
2025-03-28,10,BRneg,1.101
2025-03-28,11,BRpos,4.437
2025-03-28,11,BRneg,2.301
2025-03-28,12,BRpos,3.145
2025-03-28,12,BRneg,0.711
2025-03-28,13,BRpos,4.912
2025-03-28,13,BRneg,1.348
2025-03-28,14,BRpos,4.678
2025-03-28,14,BRneg,1.904
2025-03-28,15,BRpos,4.944
2025-03-28,15,BRneg,1.456
2025-03-28,16,BRpos,3.882
2025-03-28,16,BRneg,0.968
2025-03-28,17,BRpos,4.386
2025-03-28,17,BRneg,3.699
2025-03-28,18,BRpos,7.582
2025-03-28,18,BRneg,2.26
2025-03-28,19,BRpos,2.427
2025-03-28,19,BRneg,2.05
2025-03-28,20,BRpos,4.303
2025-03-28,20,BRneg,0.393
2025-03-28,21,BRpos,2.068
2025-03-28,21,BRneg,0.837
2025-03-28,22,BRpos,2.614
2025-03-28,22,BRneg,1.552
2025-03-28,23,BRpos,3.171
2025-03-28,23,BRneg,1.58
2025-03-28,24,BRpos,5.412
2025-03-28,24,BRneg,1.17
2025-03-28,25,BRpos,3.654
2025-03-28,25,BRneg,2.99
2025-03-28,26,BRpos,4.649
2025-03-28,26,BRneg,0.991
2025-03-28,27,BRpos,2.214
2025-03-28,27,BRneg,2.971
2025-03-28,28,BRpos,1.636
2025-03-28,28,BRneg,3.252
2025-03-28,29,BRpos,3.174
2025-03-28,29,BRneg,0.981
2025-03-28,30,BRpos,2.475
2025-03-28,30,BRneg,1.708
2025-03-28,31,BRpos,6.28
2025-03-28,31,BRneg,1.837
2025-03-28,32,BRpos,1.351
2025-03-28,32,BRneg,1.126
2025-03-28,33,BRpos,3.506
2025-03-28,33,BRneg,1.498
2025-03-28,34,BRpos,3.381
2025-03-28,34,BRneg,2.71
2025-03-28,35,BRpos,8.3
2025-03-28,35,BRneg,4.504
2025-03-28,36,BRpos,5.205
2025-03-28,36,BRneg,2.621
2025-03-28,37,BRpos,4.598
2025-03-28,37,BRneg,5.799
2025-03-28,38,BRpos,7.33
2025-03-28,38,BRneg,4.479
2025-03-28,39,BRpos,3.6
2025-03-28,39,BRneg,1.357
2025-03-28,40,BRpos,2.543
2025-03-28,40,BRneg,1.209
2025-03-28,41,BRpos,7.104
2025-03-28,41,BRneg,1.086
2025-03-28,42,BRpos,4.191
2025-03-28,42,BRneg,2.36
2025-03-28,43,BRpos,6.028
2025-03-28,43,BRneg,0.732
2025-03-28,44,BRpos,3.62
2025-03-28,44,BRneg,2.282
2025-03-28,45,BRpos,5.675
2025-03-28,45,BRneg,1.601
2025-03-28,46,BRpos,4.851
2025-03-28,46,BRneg,0.653
2025-03-28,47,BRpos,2.985
2025-03-28,47,BRneg,2.008
2025-03-28,48,BRpos,3.72
2025-03-28,48,BRneg,1.101
2025-03-29,1,BRpos,1.903
2025-03-29,1,BRneg,1.203
2025-03-29,2,BRpos,4.057
2025-03-29,2,BRneg,1.264
2025-03-29,3,BRpos,2.512
2025-03-29,3,BRneg,0.932
2025-03-29,4,BRpos,4.212
2025-03-29,4,BRneg,1.443
2025-03-29,5,BRpos,1.935
2025-03-29,5,BRneg,0.865
2025-03-29,6,BRpos,3.942
2025-03-29,6,BRneg,2.096
2025-03-29,7,BRpos,4.566
2025-03-29,7,BRneg,1.619
2025-03-29,8,BRpos,3.729
2025-03-29,8,BRneg,1.035
2025-03-29,9,BRpos,4.655
2025-03-29,9,BRneg,1.453
2025-03-29,10,BRpos,2.398
2025-03-29,10,BRneg,0.701
2025-03-29,11,BRpos,2.922
2025-03-29,11,BRneg,0.944
2025-03-29,12,BRpos,4.518
2025-03-29,12,BRneg,1.382
2025-03-29,13,BRpos,2.43
2025-03-29,13,BRneg,1.254
2025-03-29,14,BRpos,4.42
2025-03-29,14,BRneg,1.466
2025-03-29,15,BRpos,2.116
2025-03-29,15,BRneg,0.573
2025-03-29,16,BRpos,4.084
2025-03-29,16,BRneg,1.638
2025-03-29,17,BRpos,2.688
2025-03-29,17,BRneg,0.861
2025-03-29,18,BRpos,3.084
2025-03-29,18,BRneg,1.432
2025-03-29,19,BRpos,4.107
2025-03-29,19,BRneg,1.294
2025-03-29,20,BRpos,1.184
2025-03-29,20,BRneg,0.94
2025-03-29,21,BRpos,1.815
2025-03-29,21,BRneg,1.01
2025-03-29,22,BRpos,6.062
2025-03-29,22,BRneg,1.313
2025-03-29,23,BRpos,3.762
2025-03-29,23,BRneg,1.551
2025-03-29,24,BRpos,4.699
2025-03-29,24,BRneg,1.797
2025-03-29,25,BRpos,2.88
2025-03-29,25,BRneg,0.987
2025-03-29,26,BRpos,2.426
2025-03-29,26,BRneg,1.196
2025-03-29,27,BRpos,2.705
2025-03-29,27,BRneg,2.0
2025-03-29,28,BRpos,2.75
2025-03-29,28,BRneg,1.279
2025-03-29,29,BRpos,1.959
2025-03-29,29,BRneg,1.321
2025-03-29,30,BRpos,3.064
2025-03-29,30,BRneg,1.331
2025-03-29,31,BRpos,3.872
2025-03-29,31,BRneg,1.514
2025-03-29,32,BRpos,2.447
2025-03-29,32,BRneg,1.224
2025-03-29,33,BRpos,3.775
2025-03-29,33,BRneg,4.01
2025-03-29,34,BRpos,3.867
2025-03-29,34,BRneg,4.091
2025-03-29,35,BRpos,4.509
2025-03-29,35,BRneg,2.002
2025-03-29,36,BRpos,4.443
2025-03-29,36,BRneg,2.442
2025-03-29,37,BRpos,8.518
2025-03-29,37,BRneg,3.427
2025-03-29,38,BRpos,3.722
2025-03-29,38,BRneg,2.155
2025-03-29,39,BRpos,10.789
2025-03-29,39,BRneg,1.901
2025-03-29,40,BRpos,3.594
2025-03-29,40,BRneg,2.035
2025-03-29,41,BRpos,2.777
2025-03-29,41,BRneg,1.798
2025-03-29,42,BRpos,2.369
2025-03-29,42,BRneg,1.696
2025-03-29,43,BRpos,3.212
2025-03-29,43,BRneg,1.177
2025-03-29,44,BRpos,3.78
2025-03-29,44,BRneg,0.671
2025-03-29,45,BRpos,2.108
2025-03-29,45,BRneg,1.097
2025-03-29,46,BRpos,2.493
2025-03-29,46,BRneg,1.828
2025-03-29,47,BRpos,5.057
2025-03-29,47,BRneg,1.04
2025-03-29,48,BRpos,1.921
2025-03-29,48,BRneg,0.759
2025-03-30,1,BRpos,2.271
2025-03-30,1,BRneg,0.821
2025-03-30,2,BRpos,4.764
2025-03-30,2,BRneg,1.194
2025-03-30,3,BRpos,2.466
2025-03-30,3,BRneg,1.588
2025-03-30,4,BRpos,2.068
2025-03-30,4,BRneg,1.87
2025-03-30,5,BRpos,1.894
2025-03-30,5,BRneg,1.579
2025-03-30,6,BRpos,2.108
2025-03-30,6,BRneg,1.3
2025-03-30,7,BRpos,4.087
2025-03-30,7,BRneg,1.022
2025-03-30,8,BRpos,2.398
2025-03-30,8,BRneg,0.995
2025-03-30,9,BRpos,2.501
2025-03-30,9,BRneg,2.121
2025-03-30,10,BRpos,2.377
2025-03-30,10,BRneg,1.478
2025-03-30,11,BRpos,7.11
2025-03-30,11,BRneg,1.924
2025-03-30,12,BRpos,2.77
2025-03-30,12,BRneg,1.071
2025-03-30,13,BRpos,2.43
2025-03-30,13,BRneg,1.159
2025-03-30,14,BRpos,3.076
2025-03-30,14,BRneg,2.766
2025-03-30,15,BRpos,1.381
2025-03-30,15,BRneg,1.108
2025-03-30,16,BRpos,2.878
2025-03-30,16,BRneg,2.129
2025-03-30,17,BRpos,2.57
2025-03-30,17,BRneg,2.54
2025-03-30,18,BRpos,4.783
2025-03-30,18,BRneg,2.088
2025-03-30,19,BRpos,2.914
2025-03-30,19,BRneg,1.762
2025-03-30,20,BRpos,2.192
2025-03-30,20,BRneg,0.654
2025-03-30,21,BRpos,1.816
2025-03-30,21,BRneg,2.465
2025-03-30,22,BRpos,0.763
2025-03-30,22,BRneg,1.773
2025-03-30,23,BRpos,3.714
2025-03-30,23,BRneg,1.286
2025-03-30,24,BRpos,2.195
2025-03-30,24,BRneg,1.612
2025-03-30,25,BRpos,1.596
2025-03-30,25,BRneg,0.661
2025-03-30,26,BRpos,3.267
2025-03-30,26,BRneg,0.774
2025-03-30,27,BRpos,6.153
2025-03-30,27,BRneg,1.766
2025-03-30,28,BRpos,3.386
2025-03-30,28,BRneg,1.503
2025-03-30,29,BRpos,3.806
2025-03-30,29,BRneg,0.945
2025-03-30,30,BRpos,3.906
2025-03-30,30,BRneg,1.827
2025-03-30,31,BRpos,2.292
2025-03-30,31,BRneg,0.816
2025-03-30,32,BRpos,2.756
2025-03-30,32,BRneg,1.553
2025-03-30,33,BRpos,2.0
2025-03-30,33,BRneg,1.575
2025-03-30,34,BRpos,8.095
2025-03-30,34,BRneg,2.802
2025-03-30,35,BRpos,9.875
2025-03-30,35,BRneg,1.944
2025-03-30,36,BRpos,5.297
2025-03-30,36,BRneg,1.887
2025-03-30,37,BRpos,6.465
2025-03-30,37,BRneg,4.045
2025-03-30,38,BRpos,4.223
2025-03-30,38,BRneg,3.384
2025-03-30,39,BRpos,2.663
2025-03-30,39,BRneg,1.923
2025-03-30,40,BRpos,2.685
2025-03-30,40,BRneg,2.307
2025-03-30,41,BRpos,12.185
2025-03-30,41,BRneg,1.39
2025-03-30,42,BRpos,4.181
2025-03-30,42,BRneg,1.597
2025-03-30,43,BRpos,5.534
2025-03-30,43,BRneg,1.323
2025-03-30,44,BRpos,2.244
2025-03-30,44,BRneg,2.078
2025-03-30,45,BRpos,5.831
2025-03-30,45,BRneg,0.859
2025-03-30,46,BRpos,1.148
2025-03-30,46,BRneg,1.468
2025-03-30,47,BRpos,5.06
2025-03-30,47,BRneg,1.235
2025-03-30,48,BRpos,6.5
2025-03-30,48,BRneg,0.917
2025-03-31,1,BRpos,3.489
2025-03-31,1,BRneg,2.135
2025-03-31,2,BRpos,4.163
2025-03-31,2,BRneg,1.681
2025-03-31,3,BRpos,2.156
2025-03-31,3,BRneg,1.658
2025-03-31,4,BRpos,3.271
2025-03-31,4,BRneg,2.079
2025-03-31,5,BRpos,3.589
2025-03-31,5,BRneg,1.396
2025-03-31,6,BRpos,1.94
2025-03-31,6,BRneg,1.968
2025-03-31,7,BRpos,5.127
2025-03-31,7,BRneg,0.806
2025-03-31,8,BRpos,4.749
2025-03-31,8,BRneg,0.997
2025-03-31,9,BRpos,5.402
2025-03-31,9,BRneg,0.885
2025-03-31,10,BRpos,1.405
2025-03-31,10,BRneg,0.922
2025-03-31,11,BRpos,1.62
2025-03-31,11,BRneg,1.63
2025-03-31,12,BRpos,6.32
2025-03-31,12,BRneg,1.619
2025-03-31,13,BRpos,2.365
2025-03-31,13,BRneg,1.506
2025-03-31,14,BRpos,2.41
2025-03-31,14,BRneg,1.15
2025-03-31,15,BRpos,4.849
2025-03-31,15,BRneg,0.789
2025-03-31,16,BRpos,2.83
2025-03-31,16,BRneg,2.149
2025-03-31,17,BRpos,1.709
2025-03-31,17,BRneg,1.105
2025-03-31,18,BRpos,2.308
2025-03-31,18,BRneg,2.905
2025-03-31,19,BRpos,1.818
2025-03-31,19,BRneg,1.939
2025-03-31,20,BRpos,1.659
2025-03-31,20,BRneg,1.128
2025-03-31,21,BRpos,9.358
2025-03-31,21,BRneg,1.119
2025-03-31,22,BRpos,3.322
2025-03-31,22,BRneg,2.589
2025-03-31,23,BRpos,1.846
2025-03-31,23,BRneg,2.394
2025-03-31,24,BRpos,1.045
2025-03-31,24,BRneg,1.312
2025-03-31,25,BRpos,4.672
2025-03-31,25,BRneg,1.092
2025-03-31,26,BRpos,2.165
2025-03-31,26,BRneg,2.574
2025-03-31,27,BRpos,1.881
2025-03-31,27,BRneg,0.527
2025-03-31,28,BRpos,3.601
2025-03-31,28,BRneg,1.076
2025-03-31,29,BRpos,1.668
2025-03-31,29,BRneg,1.079
2025-03-31,30,BRpos,3.137
2025-03-31,30,BRneg,0.858
2025-03-31,31,BRpos,5.885
2025-03-31,31,BRneg,1.549
2025-03-31,32,BRpos,3.947
2025-03-31,32,BRneg,1.411
2025-03-31,33,BRpos,2.158
2025-03-31,33,BRneg,1.832
2025-03-31,34,BRpos,3.941
2025-03-31,34,BRneg,1.846
2025-03-31,35,BRpos,3.282
2025-03-31,35,BRneg,2.121
2025-03-31,36,BRpos,4.914
2025-03-31,36,BRneg,2.399
2025-03-31,37,BRpos,4.285
2025-03-31,37,BRneg,3.158
2025-03-31,38,BRpos,2.66
2025-03-31,38,BRneg,3.063
2025-03-31,39,BRpos,2.869
2025-03-31,39,BRneg,1.285
2025-03-31,40,BRpos,2.241
2025-03-31,40,BRneg,0.514
2025-03-31,41,BRpos,4.319
2025-03-31,41,BRneg,1.15
2025-03-31,42,BRpos,3.952
2025-03-31,42,BRneg,0.793
2025-03-31,43,BRpos,9.658
2025-03-31,43,BRneg,0.943
2025-03-31,44,BRpos,1.841
2025-03-31,44,BRneg,1.403
2025-03-31,45,BRpos,4.294
2025-03-31,45,BRneg,2.005
2025-03-31,46,BRpos,1.747
2025-03-31,46,BRneg,0.498
2025-03-31,47,BRpos,1.79
2025-03-31,47,BRneg,0.787
2025-03-31,48,BRpos,2.72
2025-03-31,48,BRneg,1.178
2025-04-01,1,BRpos,3.709
2025-04-01,1,BRneg,4.717
2025-04-01,2,BRpos,6.062
2025-04-01,2,BRneg,4.271
2025-04-01,3,BRpos,2.091
2025-04-01,3,BRneg,1.4
2025-04-01,4,BRpos,1.449
2025-04-01,4,BRneg,1.68
2025-04-01,5,BRpos,6.009
2025-04-01,5,BRneg,0.84
2025-04-01,6,BRpos,3.129
2025-04-01,6,BRneg,2.074
2025-04-01,7,BRpos,3.871
2025-04-01,7,BRneg,0.781
2025-04-01,8,BRpos,2.843
2025-04-01,8,BRneg,1.182
2025-04-01,9,BRpos,2.776
2025-04-01,9,BRneg,2.868
2025-04-01,10,BRpos,1.806
2025-04-01,10,BRneg,1.875
2025-04-01,11,BRpos,1.643
2025-04-01,11,BRneg,2.475
2025-04-01,12,BRpos,4.33
2025-04-01,12,BRneg,0.788
2025-04-01,13,BRpos,1.349
2025-04-01,13,BRneg,0.657
2025-04-01,14,BRpos,2.554
2025-04-01,14,BRneg,1.751
2025-04-01,15,BRpos,2.951
2025-04-01,15,BRneg,1.484
2025-04-01,16,BRpos,3.567
2025-04-01,16,BRneg,2.096
2025-04-01,17,BRpos,5.883
2025-04-01,17,BRneg,1.401
2025-04-01,18,BRpos,2.843
2025-04-01,18,BRneg,0.85
2025-04-01,19,BRpos,3.481
2025-04-01,19,BRneg,1.623
2025-04-01,20,BRpos,6.779
2025-04-01,20,BRneg,1.838
2025-04-01,21,BRpos,3.393
2025-04-01,21,BRneg,1.375
2025-04-01,22,BRpos,2.412
2025-04-01,22,BRneg,0.708
2025-04-01,23,BRpos,2.036
2025-04-01,23,BRneg,1.209
2025-04-01,24,BRpos,7.604
2025-04-01,24,BRneg,2.198
2025-04-01,25,BRpos,3.36
2025-04-01,25,BRneg,1.439
2025-04-01,26,BRpos,3.96
2025-04-01,26,BRneg,1.124
2025-04-01,27,BRpos,2.245
2025-04-01,27,BRneg,1.962
2025-04-01,28,BRpos,2.55
2025-04-01,28,BRneg,1.498
2025-04-01,29,BRpos,1.687
2025-04-01,29,BRneg,1.392
2025-04-01,30,BRpos,2.369
2025-04-01,30,BRneg,1.007
2025-04-01,31,BRpos,3.074
2025-04-01,31,BRneg,1.515
2025-04-01,32,BRpos,2.923
2025-04-01,32,BRneg,1.106
2025-04-01,33,BRpos,3.907
2025-04-01,33,BRneg,0.597
2025-04-01,34,BRpos,3.565
2025-04-01,34,BRneg,1.926
2025-04-01,35,BRpos,3.009
2025-04-01,35,BRneg,1.584
2025-04-01,36,BRpos,4.912
2025-04-01,36,BRneg,3.063
2025-04-01,37,BRpos,7.128
2025-04-01,37,BRneg,1.501
2025-04-01,38,BRpos,4.734
2025-04-01,38,BRneg,1.741
2025-04-01,39,BRpos,3.178
2025-04-01,39,BRneg,1.159
2025-04-01,40,BRpos,7.855
2025-04-01,40,BRneg,1.678
2025-04-01,41,BRpos,4.939
2025-04-01,41,BRneg,0.471
2025-04-01,42,BRpos,5.858
2025-04-01,42,BRneg,0.794
2025-04-01,43,BRpos,3.71
2025-04-01,43,BRneg,1.479
2025-04-01,44,BRpos,2.519
2025-04-01,44,BRneg,1.251
2025-04-01,45,BRpos,3.879
2025-04-01,45,BRneg,2.044
2025-04-01,46,BRpos,2.384
2025-04-01,46,BRneg,1.112
2025-04-01,47,BRpos,4.836
2025-04-01,47,BRneg,2.224
2025-04-01,48,BRpos,5.989
2025-04-01,48,BRneg,1.029
2025-04-02,1,BRpos,1.44
2025-04-02,1,BRneg,2.879
2025-04-02,2,BRpos,3.635
2025-04-02,2,BRneg,1.482
2025-04-02,3,BRpos,4.775
2025-04-02,3,BRneg,1.089
2025-04-02,4,BRpos,2.669
2025-04-02,4,BRneg,2.439
2025-04-02,5,BRpos,3.376
2025-04-02,5,BRneg,1.029
2025-04-02,6,BRpos,1.676
2025-04-02,6,BRneg,1.275
2025-04-02,7,BRpos,2.896
2025-04-02,7,BRneg,1.993
2025-04-02,8,BRpos,1.1
2025-04-02,8,BRneg,1.022
2025-04-02,9,BRpos,5.289
2025-04-02,9,BRneg,1.06
2025-04-02,10,BRpos,1.749
2025-04-02,10,BRneg,1.681
2025-04-02,11,BRpos,1.019
2025-04-02,11,BRneg,2.478
2025-04-02,12,BRpos,3.926
2025-04-02,12,BRneg,2.269
2025-04-02,13,BRpos,4.186
2025-04-02,13,BRneg,1.462
2025-04-02,14,BRpos,3.412
2025-04-02,14,BRneg,1.838
2025-04-02,15,BRpos,2.964
2025-04-02,15,BRneg,2.247
2025-04-02,16,BRpos,2.825
2025-04-02,16,BRneg,1.898
2025-04-02,17,BRpos,3.253
2025-04-02,17,BRneg,1.9
2025-04-02,18,BRpos,1.393
2025-04-02,18,BRneg,1.4
2025-04-02,19,BRpos,3.407
2025-04-02,19,BRneg,0.831
2025-04-02,20,BRpos,1.936
2025-04-02,20,BRneg,0.861
2025-04-02,21,BRpos,3.763
2025-04-02,21,BRneg,2.675
2025-04-02,22,BRpos,2.591
2025-04-02,22,BRneg,1.528
2025-04-02,23,BRpos,7.276
2025-04-02,23,BRneg,1.292
2025-04-02,24,BRpos,3.11
2025-04-02,24,BRneg,1.009
2025-04-02,25,BRpos,2.146
2025-04-02,25,BRneg,1.848
2025-04-02,26,BRpos,1.836
2025-04-02,26,BRneg,3.815
2025-04-02,27,BRpos,3.931
2025-04-02,27,BRneg,0.608
2025-04-02,28,BRpos,2.572
2025-04-02,28,BRneg,1.34
2025-04-02,29,BRpos,2.66
2025-04-02,29,BRneg,0.785
2025-04-02,30,BRpos,2.843
2025-04-02,30,BRneg,0.944
2025-04-02,31,BRpos,2.329
2025-04-02,31,BRneg,2.147
2025-04-02,32,BRpos,4.847
2025-04-02,32,BRneg,1.734
2025-04-02,33,BRpos,5.636
2025-04-02,33,BRneg,0.629
2025-04-02,34,BRpos,6.891
2025-04-02,34,BRneg,1.674
2025-04-02,35,BRpos,4.704
2025-04-02,35,BRneg,1.099
2025-04-02,36,BRpos,9.066
2025-04-02,36,BRneg,2.808
2025-04-02,37,BRpos,3.975
2025-04-02,37,BRneg,2.904
2025-04-02,38,BRpos,4.363
2025-04-02,38,BRneg,1.726
2025-04-02,39,BRpos,3.456
2025-04-02,39,BRneg,2.071
2025-04-02,40,BRpos,3.584
2025-04-02,40,BRneg,1.104
2025-04-02,41,BRpos,4.765
2025-04-02,41,BRneg,2.12
2025-04-02,42,BRpos,5.694
2025-04-02,42,BRneg,0.9
2025-04-02,43,BRpos,1.649
2025-04-02,43,BRneg,0.972
2025-04-02,44,BRpos,2.175
2025-04-02,44,BRneg,1.213
2025-04-02,45,BRpos,2.017
2025-04-02,45,BRneg,0.732
2025-04-02,46,BRpos,4.192
2025-04-02,46,BRneg,2.419
2025-04-02,47,BRpos,8.854
2025-04-02,47,BRneg,1.204
2025-04-02,48,BRpos,3.77
2025-04-02,48,BRneg,1.737
2025-04-03,1,BRpos,1.611
2025-04-03,1,BRneg,0.731
2025-04-03,2,BRpos,3.655
2025-04-03,2,BRneg,2.066
2025-04-03,3,BRpos,5.358
2025-04-03,3,BRneg,3.064
2025-04-03,4,BRpos,5.253
2025-04-03,4,BRneg,0.932
2025-04-03,5,BRpos,3.64
2025-04-03,5,BRneg,0.585
2025-04-03,6,BRpos,3.858
2025-04-03,6,BRneg,0.474
2025-04-03,7,BRpos,2.731
2025-04-03,7,BRneg,0.632
2025-04-03,8,BRpos,3.758
2025-04-03,8,BRneg,1.284
2025-04-03,9,BRpos,3.772
2025-04-03,9,BRneg,1.46
2025-04-03,10,BRpos,2.534
2025-04-03,10,BRneg,1.394
2025-04-03,11,BRpos,2.324
2025-04-03,11,BRneg,2.782
2025-04-03,12,BRpos,4.563
2025-04-03,12,BRneg,1.48
2025-04-03,13,BRpos,2.344
2025-04-03,13,BRneg,1.516
2025-04-03,14,BRpos,2.411
2025-04-03,14,BRneg,1.15
2025-04-03,15,BRpos,3.795
2025-04-03,15,BRneg,2.132
2025-04-03,16,BRpos,4.3
2025-04-03,16,BRneg,1.807
2025-04-03,17,BRpos,1.803
2025-04-03,17,BRneg,0.778
2025-04-03,18,BRpos,2.235
2025-04-03,18,BRneg,1.378
2025-04-03,19,BRpos,1.134
2025-04-03,19,BRneg,0.809
2025-04-03,20,BRpos,5.308
2025-04-03,20,BRneg,1.402
2025-04-03,21,BRpos,2.942
2025-04-03,21,BRneg,0.877
2025-04-03,22,BRpos,7.559
2025-04-03,22,BRneg,1.994
2025-04-03,23,BRpos,3.577
2025-04-03,23,BRneg,2.318
2025-04-03,24,BRpos,1.712
2025-04-03,24,BRneg,0.596
2025-04-03,25,BRpos,5.822
2025-04-03,25,BRneg,2.721
2025-04-03,26,BRpos,2.152
2025-04-03,26,BRneg,0.695
2025-04-03,27,BRpos,1.792
2025-04-03,27,BRneg,1.094
2025-04-03,28,BRpos,2.169
2025-04-03,28,BRneg,1.774
2025-04-03,29,BRpos,1.795
2025-04-03,29,BRneg,2.242
2025-04-03,30,BRpos,1.711
2025-04-03,30,BRneg,1.486
2025-04-03,31,BRpos,5.004
2025-04-03,31,BRneg,0.783
2025-04-03,32,BRpos,4.546
2025-04-03,32,BRneg,0.702
2025-04-03,33,BRpos,2.048
2025-04-03,33,BRneg,1.168
2025-04-03,34,BRpos,2.37
2025-04-03,34,BRneg,2.913
2025-04-03,35,BRpos,4.278
2025-04-03,35,BRneg,2.878
2025-04-03,36,BRpos,7.388
2025-04-03,36,BRneg,1.536
2025-04-03,37,BRpos,5.109
2025-04-03,37,BRneg,3.219
2025-04-03,38,BRpos,2.951
2025-04-03,38,BRneg,2.222
2025-04-03,39,BRpos,3.356
2025-04-03,39,BRneg,2.238
2025-04-03,40,BRpos,1.891
2025-04-03,40,BRneg,0.665
2025-04-03,41,BRpos,4.259
2025-04-03,41,BRneg,2.02
2025-04-03,42,BRpos,2.209
2025-04-03,42,BRneg,0.559
2025-04-03,43,BRpos,2.158
2025-04-03,43,BRneg,0.822
2025-04-03,44,BRpos,2.885
2025-04-03,44,BRneg,0.825
2025-04-03,45,BRpos,5.756
2025-04-03,45,BRneg,1.22
2025-04-03,46,BRpos,1.61
2025-04-03,46,BRneg,0.856
2025-04-03,47,BRpos,9.714
2025-04-03,47,BRneg,0.921
2025-04-03,48,BRpos,3.284
2025-04-03,48,BRneg,1.714
2025-04-04,1,BRpos,2.601
2025-04-04,1,BRneg,2.413
2025-04-04,2,BRpos,3.088
2025-04-04,2,BRneg,1.97
2025-04-04,3,BRpos,4.607
2025-04-04,3,BRneg,0.642
2025-04-04,4,BRpos,3.602
2025-04-04,4,BRneg,2.274
2025-04-04,5,BRpos,2.409
2025-04-04,5,BRneg,1.889
2025-04-04,6,BRpos,1.094
2025-04-04,6,BRneg,2.345
2025-04-04,7,BRpos,3.266
2025-04-04,7,BRneg,1.716
2025-04-04,8,BRpos,2.704
2025-04-04,8,BRneg,1.624
2025-04-04,9,BRpos,1.331
2025-04-04,9,BRneg,1.731
2025-04-04,10,BRpos,4.664
2025-04-04,10,BRneg,2.099
2025-04-04,11,BRpos,5.037
2025-04-04,11,BRneg,2.021
2025-04-04,12,BRpos,2.171
2025-04-04,12,BRneg,1.178
2025-04-04,13,BRpos,3.638
2025-04-04,13,BRneg,1.638
2025-04-04,14,BRpos,1.525
2025-04-04,14,BRneg,1.102
2025-04-04,15,BRpos,1.528
2025-04-04,15,BRneg,0.901
2025-04-04,16,BRpos,3.315
2025-04-04,16,BRneg,2.166
2025-04-04,17,BRpos,3.688
2025-04-04,17,BRneg,1.263
2025-04-04,18,BRpos,2.251
2025-04-04,18,BRneg,1.993
2025-04-04,19,BRpos,1.35
2025-04-04,19,BRneg,2.076
2025-04-04,20,BRpos,0.727
2025-04-04,20,BRneg,0.887
2025-04-04,21,BRpos,4.023
2025-04-04,21,BRneg,0.949
2025-04-04,22,BRpos,3.106
2025-04-04,22,BRneg,1.299
2025-04-04,23,BRpos,3.766
2025-04-04,23,BRneg,0.871
2025-04-04,24,BRpos,2.595
2025-04-04,24,BRneg,3.112
2025-04-04,25,BRpos,5.159
2025-04-04,25,BRneg,1.489
2025-04-04,26,BRpos,1.41
2025-04-04,26,BRneg,2.893
2025-04-04,27,BRpos,1.434
2025-04-04,27,BRneg,2.272
2025-04-04,28,BRpos,3.056
2025-04-04,28,BRneg,1.886
2025-04-04,29,BRpos,3.398
2025-04-04,29,BRneg,1.345
2025-04-04,30,BRpos,1.301
2025-04-04,30,BRneg,2.08
2025-04-04,31,BRpos,0.908
2025-04-04,31,BRneg,0.824
2025-04-04,32,BRpos,1.928
2025-04-04,32,BRneg,4.306
2025-04-04,33,BRpos,2.709
2025-04-04,33,BRneg,0.892
2025-04-04,34,BRpos,5.939
2025-04-04,34,BRneg,2.761
2025-04-04,35,BRpos,2.916
2025-04-04,35,BRneg,3.011
2025-04-04,36,BRpos,4.618
2025-04-04,36,BRneg,2.049
2025-04-04,37,BRpos,4.667
2025-04-04,37,BRneg,1.663
2025-04-04,38,BRpos,2.848
2025-04-04,38,BRneg,2.248
2025-04-04,39,BRpos,3.925
2025-04-04,39,BRneg,3.224
2025-04-04,40,BRpos,2.255
2025-04-04,40,BRneg,1.105
2025-04-04,41,BRpos,3.094
2025-04-04,41,BRneg,0.579
2025-04-04,42,BRpos,2.071
2025-04-04,42,BRneg,1.875
2025-04-04,43,BRpos,5.428
2025-04-04,43,BRneg,1.174
2025-04-04,44,BRpos,3.055
2025-04-04,44,BRneg,1.932
2025-04-04,45,BRpos,3.038
2025-04-04,45,BRneg,1.755
2025-04-04,46,BRpos,1.698
2025-04-04,46,BRneg,1.493
2025-04-04,47,BRpos,2.313
2025-04-04,47,BRneg,0.942
2025-04-04,48,BRpos,2.444
2025-04-04,48,BRneg,1.298
2025-04-05,1,BRpos,4.745
2025-04-05,1,BRneg,0.928
2025-04-05,2,BRpos,5.624
2025-04-05,2,BRneg,2.392
2025-04-05,3,BRpos,1.203
2025-04-05,3,BRneg,1.346
2025-04-05,4,BRpos,3.767
2025-04-05,4,BRneg,2.117
2025-04-05,5,BRpos,1.495
2025-04-05,5,BRneg,0.857
2025-04-05,6,BRpos,3.076
2025-04-05,6,BRneg,2.404
2025-04-05,7,BRpos,1.726
2025-04-05,7,BRneg,2.65
2025-04-05,8,BRpos,2.14
2025-04-05,8,BRneg,3.638
2025-04-05,9,BRpos,4.98
2025-04-05,9,BRneg,1.189
2025-04-05,10,BRpos,1.94
2025-04-05,10,BRneg,2.457
2025-04-05,11,BRpos,3.181
2025-04-05,11,BRneg,2.127
2025-04-05,12,BRpos,1.485
2025-04-05,12,BRneg,2.098
2025-04-05,13,BRpos,2.811
2025-04-05,13,BRneg,1.561
2025-04-05,14,BRpos,5.748
2025-04-05,14,BRneg,0.882
2025-04-05,15,BRpos,2.527
2025-04-05,15,BRneg,1.944
2025-04-05,16,BRpos,4.926
2025-04-05,16,BRneg,1.23
2025-04-05,17,BRpos,2.024
2025-04-05,17,BRneg,0.523
2025-04-05,18,BRpos,4.646
2025-04-05,18,BRneg,0.816
2025-04-05,19,BRpos,2.266
2025-04-05,19,BRneg,1.734
2025-04-05,20,BRpos,3.318
2025-04-05,20,BRneg,2.299
2025-04-05,21,BRpos,3.904
2025-04-05,21,BRneg,3.021
2025-04-05,22,BRpos,3.359
2025-04-05,22,BRneg,0.736
2025-04-05,23,BRpos,4.6
2025-04-05,23,BRneg,1.185
2025-04-05,24,BRpos,3.613
2025-04-05,24,BRneg,1.657
2025-04-05,25,BRpos,8.566
2025-04-05,25,BRneg,0.9
2025-04-05,26,BRpos,1.929
2025-04-05,26,BRneg,0.721
2025-04-05,27,BRpos,5.191
2025-04-05,27,BRneg,1.073
2025-04-05,28,BRpos,1.418
2025-04-05,28,BRneg,1.493
2025-04-05,29,BRpos,1.906
2025-04-05,29,BRneg,0.943
2025-04-05,30,BRpos,2.248
2025-04-05,30,BRneg,0.782
2025-04-05,31,BRpos,3.51
2025-04-05,31,BRneg,0.838
2025-04-05,32,BRpos,4.611
2025-04-05,32,BRneg,0.458
2025-04-05,33,BRpos,2.123
2025-04-05,33,BRneg,0.704
2025-04-05,34,BRpos,4.373
2025-04-05,34,BRneg,2.691
2025-04-05,35,BRpos,8.614
2025-04-05,35,BRneg,2.166
2025-04-05,36,BRpos,6.021
2025-04-05,36,BRneg,1.452
2025-04-05,37,BRpos,3.606
2025-04-05,37,BRneg,1.71
2025-04-05,38,BRpos,3.968
2025-04-05,38,BRneg,2.309
2025-04-05,39,BRpos,2.932
2025-04-05,39,BRneg,3.287
2025-04-05,40,BRpos,3.742
2025-04-05,40,BRneg,0.711
2025-04-05,41,BRpos,1.322
2025-04-05,41,BRneg,1.817
2025-04-05,42,BRpos,0.987
2025-04-05,42,BRneg,1.193
2025-04-05,43,BRpos,2.82
2025-04-05,43,BRneg,1.132
2025-04-05,44,BRpos,3.011
2025-04-05,44,BRneg,0.955
2025-04-05,45,BRpos,0.914
2025-04-05,45,BRneg,1.84
2025-04-05,46,BRpos,2.405
2025-04-05,46,BRneg,1.319
2025-04-05,47,BRpos,4.321
2025-04-05,47,BRneg,0.702
2025-04-05,48,BRpos,4.608
2025-04-05,48,BRneg,0.901
2025-04-06,1,BRpos,1.938
2025-04-06,1,BRneg,0.889
2025-04-06,2,BRpos,3.889
2025-04-06,2,BRneg,1.918
2025-04-06,3,BRpos,2.942
2025-04-06,3,BRneg,2.507
2025-04-06,4,BRpos,1.916
2025-04-06,4,BRneg,1.528
2025-04-06,5,BRpos,2.208
2025-04-06,5,BRneg,1.091
2025-04-06,6,BRpos,2.591
2025-04-06,6,BRneg,3.082
2025-04-06,7,BRpos,1.381
2025-04-06,7,BRneg,0.486
2025-04-06,8,BRpos,1.84
2025-04-06,8,BRneg,0.745
2025-04-06,9,BRpos,2.946
2025-04-06,9,BRneg,0.885
2025-04-06,10,BRpos,2.809
2025-04-06,10,BRneg,1.972
2025-04-06,11,BRpos,1.201
2025-04-06,11,BRneg,0.538
2025-04-06,12,BRpos,2.626
2025-04-06,12,BRneg,3.563
2025-04-06,13,BRpos,3.113
2025-04-06,13,BRneg,1.672
2025-04-06,14,BRpos,3.864
2025-04-06,14,BRneg,1.441
2025-04-06,15,BRpos,2.749
2025-04-06,15,BRneg,1.274
2025-04-06,16,BRpos,1.93
2025-04-06,16,BRneg,1.071
2025-04-06,17,BRpos,4.471
2025-04-06,17,BRneg,1.368
2025-04-06,18,BRpos,2.978
2025-04-06,18,BRneg,0.744
2025-04-06,19,BRpos,1.942
2025-04-06,19,BRneg,1.173
2025-04-06,20,BRpos,3.383
2025-04-06,20,BRneg,1.985
2025-04-06,21,BRpos,4.466
2025-04-06,21,BRneg,0.814
2025-04-06,22,BRpos,2.171
2025-04-06,22,BRneg,1.048
2025-04-06,23,BRpos,2.634
2025-04-06,23,BRneg,1.439
2025-04-06,24,BRpos,1.789
2025-04-06,24,BRneg,1.887
2025-04-06,25,BRpos,2.474
2025-04-06,25,BRneg,1.013
2025-04-06,26,BRpos,2.969
2025-04-06,26,BRneg,1.267
2025-04-06,27,BRpos,0.88
2025-04-06,27,BRneg,1.019
2025-04-06,28,BRpos,1.63
2025-04-06,28,BRneg,0.903
2025-04-06,29,BRpos,2.86
2025-04-06,29,BRneg,2.202
2025-04-06,30,BRpos,2.551
2025-04-06,30,BRneg,2.781
2025-04-06,31,BRpos,3.862
2025-04-06,31,BRneg,1.374
2025-04-06,32,BRpos,4.099
2025-04-06,32,BRneg,0.523
2025-04-06,33,BRpos,3.268
2025-04-06,33,BRneg,0.817
2025-04-06,34,BRpos,4.299
2025-04-06,34,BRneg,4.292
2025-04-06,35,BRpos,1.517
2025-04-06,35,BRneg,1.764
2025-04-06,36,BRpos,2.837
2025-04-06,36,BRneg,2.352
2025-04-06,37,BRpos,4.074
2025-04-06,37,BRneg,2.65
2025-04-06,38,BRpos,3.234
2025-04-06,38,BRneg,0.545
2025-04-06,39,BRpos,2.778
2025-04-06,39,BRneg,1.102
2025-04-06,40,BRpos,3.051
2025-04-06,40,BRneg,0.485
2025-04-06,41,BRpos,2.684
2025-04-06,41,BRneg,1.356
2025-04-06,42,BRpos,2.468
2025-04-06,42,BRneg,1.027
2025-04-06,43,BRpos,7.099
2025-04-06,43,BRneg,1.16
2025-04-06,44,BRpos,2.54
2025-04-06,44,BRneg,1.019
2025-04-06,45,BRpos,2.049
2025-04-06,45,BRneg,1.137
2025-04-06,46,BRpos,3.361
2025-04-06,46,BRneg,1.728
2025-04-06,47,BRpos,3.664
2025-04-06,47,BRneg,0.78
2025-04-06,48,BRpos,2.728
2025-04-06,48,BRneg,1.423
2025-04-07,1,BRpos,5.313
2025-04-07,1,BRneg,1.646
2025-04-07,2,BRpos,5.158
2025-04-07,2,BRneg,1.71
2025-04-07,3,BRpos,4.1
2025-04-07,3,BRneg,0.943
2025-04-07,4,BRpos,5.147
2025-04-07,4,BRneg,1.278
2025-04-07,5,BRpos,4.502
2025-04-07,5,BRneg,2.969
2025-04-07,6,BRpos,3.135
2025-04-07,6,BRneg,2.54
2025-04-07,7,BRpos,6.913
2025-04-07,7,BRneg,1.037
2025-04-07,8,BRpos,5.149
2025-04-07,8,BRneg,2.659
2025-04-07,9,BRpos,2.902
2025-04-07,9,BRneg,1.179
2025-04-07,10,BRpos,3.655
2025-04-07,10,BRneg,1.029
2025-04-07,11,BRpos,6.197
2025-04-07,11,BRneg,1.133
2025-04-07,12,BRpos,3.489
2025-04-07,12,BRneg,0.812
2025-04-07,13,BRpos,2.944
2025-04-07,13,BRneg,2.455
2025-04-07,14,BRpos,3.028
2025-04-07,14,BRneg,1.303
2025-04-07,15,BRpos,4.105
2025-04-07,15,BRneg,0.978
2025-04-07,16,BRpos,3.595
2025-04-07,16,BRneg,2.403
2025-04-07,17,BRpos,3.314
2025-04-07,17,BRneg,1.075
2025-04-07,18,BRpos,2.543
2025-04-07,18,BRneg,1.184
2025-04-07,19,BRpos,8.754
2025-04-07,19,BRneg,0.622
2025-04-07,20,BRpos,2.39
2025-04-07,20,BRneg,0.545
2025-04-07,21,BRpos,4.225
2025-04-07,21,BRneg,2.959
2025-04-07,22,BRpos,2.945
2025-04-07,22,BRneg,0.527
2025-04-07,23,BRpos,3.487
2025-04-07,23,BRneg,0.664
2025-04-07,24,BRpos,4.562
2025-04-07,24,BRneg,1.122
2025-04-07,25,BRpos,4.272
2025-04-07,25,BRneg,2.019
2025-04-07,26,BRpos,3.064
2025-04-07,26,BRneg,1.295
2025-04-07,27,BRpos,4.802
2025-04-07,27,BRneg,0.679
2025-04-07,28,BRpos,3.596
2025-04-07,28,BRneg,1.817
2025-04-07,29,BRpos,2.107
2025-04-07,29,BRneg,1.266
2025-04-07,30,BRpos,1.801
2025-04-07,30,BRneg,1.249
2025-04-07,31,BRpos,1.812
2025-04-07,31,BRneg,1.16
2025-04-07,32,BRpos,6.11
2025-04-07,32,BRneg,0.792
2025-04-07,33,BRpos,4.407
2025-04-07,33,BRneg,2.911
2025-04-07,34,BRpos,4.611
2025-04-07,34,BRneg,4.838
2025-04-07,35,BRpos,5.19
2025-04-07,35,BRneg,1.079
2025-04-07,36,BRpos,1.899
2025-04-07,36,BRneg,1.188
2025-04-07,37,BRpos,3.322
2025-04-07,37,BRneg,2.59
2025-04-07,38,BRpos,5.822
2025-04-07,38,BRneg,2.444
2025-04-07,39,BRpos,5.135
2025-04-07,39,BRneg,1.968
2025-04-07,40,BRpos,2.385
2025-04-07,40,BRneg,2.5
2025-04-07,41,BRpos,6.496
2025-04-07,41,BRneg,1.161
2025-04-07,42,BRpos,2.886
2025-04-07,42,BRneg,1.562
2025-04-07,43,BRpos,7.015
2025-04-07,43,BRneg,1.235
2025-04-07,44,BRpos,4.261
2025-04-07,44,BRneg,2.552
2025-04-07,45,BRpos,2.557
2025-04-07,45,BRneg,0.574
2025-04-07,46,BRpos,1.711
2025-04-07,46,BRneg,0.662
2025-04-07,47,BRpos,2.605
2025-04-07,47,BRneg,2.023
2025-04-07,48,BRpos,7.741
2025-04-07,48,BRneg,4.382
2025-04-08,1,BRpos,2.609
2025-04-08,1,BRneg,0.7
2025-04-08,2,BRpos,4.383
2025-04-08,2,BRneg,0.602
2025-04-08,3,BRpos,2.325
2025-04-08,3,BRneg,1.183
2025-04-08,4,BRpos,4.488
2025-04-08,4,BRneg,3.581
2025-04-08,5,BRpos,2.984
2025-04-08,5,BRneg,1.148
2025-04-08,6,BRpos,1.425
2025-04-08,6,BRneg,2.206
2025-04-08,7,BRpos,2.298
2025-04-08,7,BRneg,1.541
2025-04-08,8,BRpos,2.759
2025-04-08,8,BRneg,1.609
2025-04-08,9,BRpos,3.127
2025-04-08,9,BRneg,1.099
2025-04-08,10,BRpos,3.078
2025-04-08,10,BRneg,0.696
2025-04-08,11,BRpos,4.46
2025-04-08,11,BRneg,0.746
2025-04-08,12,BRpos,3.825
2025-04-08,12,BRneg,1.244
2025-04-08,13,BRpos,1.891
2025-04-08,13,BRneg,1.107
2025-04-08,14,BRpos,3.324
2025-04-08,14,BRneg,0.883
2025-04-08,15,BRpos,2.191
2025-04-08,15,BRneg,1.629
2025-04-08,16,BRpos,2.541
2025-04-08,16,BRneg,2.097
2025-04-08,17,BRpos,5.044
2025-04-08,17,BRneg,1.358
2025-04-08,18,BRpos,0.878
2025-04-08,18,BRneg,1.942
2025-04-08,19,BRpos,1.548
2025-04-08,19,BRneg,2.815
2025-04-08,20,BRpos,4.594
2025-04-08,20,BRneg,1.609
2025-04-08,21,BRpos,3.57
2025-04-08,21,BRneg,0.979
2025-04-08,22,BRpos,1.45
2025-04-08,22,BRneg,1.745
2025-04-08,23,BRpos,3.561
2025-04-08,23,BRneg,0.941
2025-04-08,24,BRpos,3.866
2025-04-08,24,BRneg,1.573
2025-04-08,25,BRpos,3.262
2025-04-08,25,BRneg,1.486
2025-04-08,26,BRpos,4.381
2025-04-08,26,BRneg,1.714
2025-04-08,27,BRpos,3.126
2025-04-08,27,BRneg,0.922
2025-04-08,28,BRpos,1.518
2025-04-08,28,BRneg,1.17
2025-04-08,29,BRpos,2.26
2025-04-08,29,BRneg,0.672
2025-04-08,30,BRpos,2.948
2025-04-08,30,BRneg,1.435
2025-04-08,31,BRpos,5.074
2025-04-08,31,BRneg,3.531
2025-04-08,32,BRpos,1.876
2025-04-08,32,BRneg,1.065
2025-04-08,33,BRpos,3.929
2025-04-08,33,BRneg,0.998
2025-04-08,34,BRpos,3.19
2025-04-08,34,BRneg,4.074
2025-04-08,35,BRpos,2.722
2025-04-08,35,BRneg,1.58
2025-04-08,36,BRpos,9.336
2025-04-08,36,BRneg,1.961
2025-04-08,37,BRpos,9.624
2025-04-08,37,BRneg,1.768
2025-04-08,38,BRpos,4.859
2025-04-08,38,BRneg,3.597
2025-04-08,39,BRpos,5.861
2025-04-08,39,BRneg,1.689
2025-04-08,40,BRpos,2.024
2025-04-08,40,BRneg,0.778
2025-04-08,41,BRpos,4.986
2025-04-08,41,BRneg,1.287
2025-04-08,42,BRpos,0.771
2025-04-08,42,BRneg,1.37
2025-04-08,43,BRpos,3.631
2025-04-08,43,BRneg,1.415
2025-04-08,44,BRpos,1.504
2025-04-08,44,BRneg,1.318
2025-04-08,45,BRpos,4.889
2025-04-08,45,BRneg,2.713
2025-04-08,46,BRpos,2.978
2025-04-08,46,BRneg,2.126
2025-04-08,47,BRpos,1.918
2025-04-08,47,BRneg,1.822
2025-04-08,48,BRpos,1.337
2025-04-08,48,BRneg,0.78
2025-04-09,1,BRpos,1.041
2025-04-09,1,BRneg,2.133
2025-04-09,2,BRpos,2.302
2025-04-09,2,BRneg,1.36
2025-04-09,3,BRpos,2.1
2025-04-09,3,BRneg,0.839
2025-04-09,4,BRpos,7.957
2025-04-09,4,BRneg,1.584
2025-04-09,5,BRpos,2.617
2025-04-09,5,BRneg,1.385
2025-04-09,6,BRpos,3.488
2025-04-09,6,BRneg,1.634
2025-04-09,7,BRpos,3.703
2025-04-09,7,BRneg,1.028
2025-04-09,8,BRpos,0.907
2025-04-09,8,BRneg,1.342
2025-04-09,9,BRpos,4.181
2025-04-09,9,BRneg,1.713
2025-04-09,10,BRpos,4.531
2025-04-09,10,BRneg,0.789
2025-04-09,11,BRpos,4.483
2025-04-09,11,BRneg,1.051
2025-04-09,12,BRpos,2.919
2025-04-09,12,BRneg,2.147
2025-04-09,13,BRpos,2.845
2025-04-09,13,BRneg,0.935
2025-04-09,14,BRpos,6.033
2025-04-09,14,BRneg,0.599
2025-04-09,15,BRpos,1.674
2025-04-09,15,BRneg,1.084
2025-04-09,16,BRpos,6.073
2025-04-09,16,BRneg,0.886
2025-04-09,17,BRpos,3.688
2025-04-09,17,BRneg,2.346
2025-04-09,18,BRpos,2.077
2025-04-09,18,BRneg,1.774
2025-04-09,19,BRpos,3.531
2025-04-09,19,BRneg,1.164
2025-04-09,20,BRpos,1.717
2025-04-09,20,BRneg,3.187
2025-04-09,21,BRpos,3.956
2025-04-09,21,BRneg,3.374
2025-04-09,22,BRpos,2.775
2025-04-09,22,BRneg,0.619
2025-04-09,23,BRpos,5.066
2025-04-09,23,BRneg,1.838
2025-04-09,24,BRpos,3.334
2025-04-09,24,BRneg,1.009
2025-04-09,25,BRpos,3.646
2025-04-09,25,BRneg,2.431
2025-04-09,26,BRpos,4.354
2025-04-09,26,BRneg,2.973
2025-04-09,27,BRpos,5.699
2025-04-09,27,BRneg,1.812
2025-04-09,28,BRpos,4.048
2025-04-09,28,BRneg,1.12
2025-04-09,29,BRpos,2.214
2025-04-09,29,BRneg,0.842
2025-04-09,30,BRpos,5.763
2025-04-09,30,BRneg,0.841
2025-04-09,31,BRpos,4.174
2025-04-09,31,BRneg,1.631
2025-04-09,32,BRpos,2.585
2025-04-09,32,BRneg,2.054
2025-04-09,33,BRpos,2.557
2025-04-09,33,BRneg,1.249
2025-04-09,34,BRpos,6.122
2025-04-09,34,BRneg,2.988
2025-04-09,35,BRpos,2.879
2025-04-09,35,BRneg,2.405
2025-04-09,36,BRpos,3.528
2025-04-09,36,BRneg,5.254
2025-04-09,37,BRpos,2.503
2025-04-09,37,BRneg,1.321
2025-04-09,38,BRpos,3.476
2025-04-09,38,BRneg,1.465
2025-04-09,39,BRpos,7.295
2025-04-09,39,BRneg,4.828
2025-04-09,40,BRpos,2.313
2025-04-09,40,BRneg,0.993
2025-04-09,41,BRpos,3.475
2025-04-09,41,BRneg,3.195
2025-04-09,42,BRpos,1.739
2025-04-09,42,BRneg,1.639
2025-04-09,43,BRpos,4.141
2025-04-09,43,BRneg,2.669
2025-04-09,44,BRpos,1.228
2025-04-09,44,BRneg,1.661
2025-04-09,45,BRpos,3.181
2025-04-09,45,BRneg,1.078
2025-04-09,46,BRpos,5.394
2025-04-09,46,BRneg,0.757
2025-04-09,47,BRpos,6.603
2025-04-09,47,BRneg,1.983
2025-04-09,48,BRpos,2.541
2025-04-09,48,BRneg,0.954
2025-04-10,1,BRpos,5.283
2025-04-10,1,BRneg,1.663
2025-04-10,2,BRpos,4.159
2025-04-10,2,BRneg,0.733
2025-04-10,3,BRpos,5.418
2025-04-10,3,BRneg,1.077
2025-04-10,4,BRpos,4.483
2025-04-10,4,BRneg,0.931
2025-04-10,5,BRpos,1.687
2025-04-10,5,BRneg,1.246
2025-04-10,6,BRpos,1.474
2025-04-10,6,BRneg,1.597
2025-04-10,7,BRpos,5.745
2025-04-10,7,BRneg,2.13
2025-04-10,8,BRpos,5.268
2025-04-10,8,BRneg,1.05
2025-04-10,9,BRpos,2.631
2025-04-10,9,BRneg,0.596
2025-04-10,10,BRpos,2.346
2025-04-10,10,BRneg,1.239
2025-04-10,11,BRpos,5.123
2025-04-10,11,BRneg,0.828
2025-04-10,12,BRpos,3.402
2025-04-10,12,BRneg,1.317
2025-04-10,13,BRpos,2.082
2025-04-10,13,BRneg,1.631
2025-04-10,14,BRpos,1.574
2025-04-10,14,BRneg,1.387
2025-04-10,15,BRpos,4.941
2025-04-10,15,BRneg,1.578
2025-04-10,16,BRpos,1.643
2025-04-10,16,BRneg,0.982
2025-04-10,17,BRpos,2.997
2025-04-10,17,BRneg,0.719
2025-04-10,18,BRpos,1.976
2025-04-10,18,BRneg,0.985
2025-04-10,19,BRpos,4.73
2025-04-10,19,BRneg,0.758
2025-04-10,20,BRpos,3.085
2025-04-10,20,BRneg,1.067
2025-04-10,21,BRpos,2.11
2025-04-10,21,BRneg,0.976
2025-04-10,22,BRpos,2.761
2025-04-10,22,BRneg,2.326
2025-04-10,23,BRpos,3.454
2025-04-10,23,BRneg,1.713
2025-04-10,24,BRpos,4.654
2025-04-10,24,BRneg,2.149
2025-04-10,25,BRpos,3.578
2025-04-10,25,BRneg,0.842
2025-04-10,26,BRpos,3.415
2025-04-10,26,BRneg,0.99
2025-04-10,27,BRpos,4.776
2025-04-10,27,BRneg,1.823
2025-04-10,28,BRpos,2.226
2025-04-10,28,BRneg,1.701
2025-04-10,29,BRpos,2.38
2025-04-10,29,BRneg,0.823
2025-04-10,30,BRpos,2.401
2025-04-10,30,BRneg,0.985
2025-04-10,31,BRpos,0.966
2025-04-10,31,BRneg,0.593
2025-04-10,32,BRpos,2.076
2025-04-10,32,BRneg,2.069
2025-04-10,33,BRpos,2.021
2025-04-10,33,BRneg,3.148
2025-04-10,34,BRpos,5.675
2025-04-10,34,BRneg,0.928
2025-04-10,35,BRpos,4.592
2025-04-10,35,BRneg,5.762
2025-04-10,36,BRpos,6.612
2025-04-10,36,BRneg,2.278
2025-04-10,37,BRpos,1.893
2025-04-10,37,BRneg,2.499
2025-04-10,38,BRpos,4.733
2025-04-10,38,BRneg,3.305
2025-04-10,39,BRpos,2.949
2025-04-10,39,BRneg,2.035
2025-04-10,40,BRpos,4.028
2025-04-10,40,BRneg,1.144
2025-04-10,41,BRpos,2.218
2025-04-10,41,BRneg,3.676
2025-04-10,42,BRpos,2.003
2025-04-10,42,BRneg,1.416
2025-04-10,43,BRpos,4.473
2025-04-10,43,BRneg,1.157
2025-04-10,44,BRpos,2.834
2025-04-10,44,BRneg,0.66
2025-04-10,45,BRpos,3.355
2025-04-10,45,BRneg,1.363
2025-04-10,46,BRpos,2.559
2025-04-10,46,BRneg,1.486
2025-04-10,47,BRpos,3.047
2025-04-10,47,BRneg,1.681
2025-04-10,48,BRpos,1.929
2025-04-10,48,BRneg,1.216
2025-04-11,1,BRpos,3.127
2025-04-11,1,BRneg,0.514
2025-04-11,2,BRpos,2.182
2025-04-11,2,BRneg,2.097
2025-04-11,3,BRpos,3.632
2025-04-11,3,BRneg,1.147
2025-04-11,4,BRpos,1.733
2025-04-11,4,BRneg,2.519
2025-04-11,5,BRpos,3.421
2025-04-11,5,BRneg,1.148
2025-04-11,6,BRpos,4.239
2025-04-11,6,BRneg,2.276
2025-04-11,7,BRpos,4.949
2025-04-11,7,BRneg,0.847
2025-04-11,8,BRpos,2.663
2025-04-11,8,BRneg,0.654
2025-04-11,9,BRpos,7.244
2025-04-11,9,BRneg,0.998
2025-04-11,10,BRpos,6.442
2025-04-11,10,BRneg,1.942
2025-04-11,11,BRpos,1.581
2025-04-11,11,BRneg,0.867
2025-04-11,12,BRpos,2.11
2025-04-11,12,BRneg,1.032
2025-04-11,13,BRpos,4.957
2025-04-11,13,BRneg,1.489
2025-04-11,14,BRpos,1.45
2025-04-11,14,BRneg,0.47
2025-04-11,15,BRpos,2.958
2025-04-11,15,BRneg,1.115
2025-04-11,16,BRpos,3.574
2025-04-11,16,BRneg,1.515
2025-04-11,17,BRpos,1.735
2025-04-11,17,BRneg,1.489
2025-04-11,18,BRpos,6.203
2025-04-11,18,BRneg,1.301
2025-04-11,19,BRpos,2.25
2025-04-11,19,BRneg,0.847
2025-04-11,20,BRpos,3.48
2025-04-11,20,BRneg,1.164
2025-04-11,21,BRpos,2.766
2025-04-11,21,BRneg,1.251
2025-04-11,22,BRpos,3.341
2025-04-11,22,BRneg,1.466
2025-04-11,23,BRpos,3.187
2025-04-11,23,BRneg,3.997
2025-04-11,24,BRpos,2.86
2025-04-11,24,BRneg,0.753
2025-04-11,25,BRpos,3.64
2025-04-11,25,BRneg,1.78
2025-04-11,26,BRpos,1.826
2025-04-11,26,BRneg,1.656
2025-04-11,27,BRpos,2.432
2025-04-11,27,BRneg,0.866
2025-04-11,28,BRpos,3.582
2025-04-11,28,BRneg,1.254
2025-04-11,29,BRpos,3.591
2025-04-11,29,BRneg,1.366
2025-04-11,30,BRpos,3.827
2025-04-11,30,BRneg,0.666
2025-04-11,31,BRpos,3.049
2025-04-11,31,BRneg,0.322
2025-04-11,32,BRpos,2.724
2025-04-11,32,BRneg,0.787
2025-04-11,33,BRpos,2.255
2025-04-11,33,BRneg,1.182
2025-04-11,34,BRpos,2.474
2025-04-11,34,BRneg,2.871
2025-04-11,35,BRpos,2.838
2025-04-11,35,BRneg,3.731
2025-04-11,36,BRpos,3.012
2025-04-11,36,BRneg,2.32
2025-04-11,37,BRpos,3.015
2025-04-11,37,BRneg,3.887
2025-04-11,38,BRpos,6.773
2025-04-11,38,BRneg,4.707
2025-04-11,39,BRpos,2.531
2025-04-11,39,BRneg,1.32
2025-04-11,40,BRpos,2.51
2025-04-11,40,BRneg,0.84
2025-04-11,41,BRpos,4.863
2025-04-11,41,BRneg,1.274
2025-04-11,42,BRpos,1.215
2025-04-11,42,BRneg,1.581
2025-04-11,43,BRpos,4.464
2025-04-11,43,BRneg,1.059
2025-04-11,44,BRpos,2.563
2025-04-11,44,BRneg,1.194
2025-04-11,45,BRpos,1.481
2025-04-11,45,BRneg,1.643
2025-04-11,46,BRpos,4.357
2025-04-11,46,BRneg,1.213
2025-04-11,47,BRpos,2.549
2025-04-11,47,BRneg,1.549
2025-04-11,48,BRpos,3.665
2025-04-11,48,BRneg,1.883
2025-04-12,1,BRpos,1.914
2025-04-12,1,BRneg,3.057
2025-04-12,2,BRpos,3.815
2025-04-12,2,BRneg,2.071
2025-04-12,3,BRpos,7.803
2025-04-12,3,BRneg,1.765
2025-04-12,4,BRpos,2.582
2025-04-12,4,BRneg,1.328
2025-04-12,5,BRpos,1.961
2025-04-12,5,BRneg,1.131
2025-04-12,6,BRpos,2.502
2025-04-12,6,BRneg,1.915
2025-04-12,7,BRpos,1.621
2025-04-12,7,BRneg,0.914
2025-04-12,8,BRpos,1.984
2025-04-12,8,BRneg,1.742
2025-04-12,9,BRpos,3.084
2025-04-12,9,BRneg,2.266
2025-04-12,10,BRpos,2.166
2025-04-12,10,BRneg,0.63
2025-04-12,11,BRpos,2.513
2025-04-12,11,BRneg,1.523
2025-04-12,12,BRpos,10.912
2025-04-12,12,BRneg,2.339
2025-04-12,13,BRpos,2.469
2025-04-12,13,BRneg,1.481
2025-04-12,14,BRpos,1.532
2025-04-12,14,BRneg,2.399
2025-04-12,15,BRpos,3.079
2025-04-12,15,BRneg,2.102
2025-04-12,16,BRpos,4.436
2025-04-12,16,BRneg,1.333
2025-04-12,17,BRpos,0.42
2025-04-12,17,BRneg,0.933
2025-04-12,18,BRpos,3.82
2025-04-12,18,BRneg,2.178
2025-04-12,19,BRpos,1.066
2025-04-12,19,BRneg,0.66
2025-04-12,20,BRpos,2.468
2025-04-12,20,BRneg,1.041
2025-04-12,21,BRpos,4.32
2025-04-12,21,BRneg,1.381
2025-04-12,22,BRpos,3.624
2025-04-12,22,BRneg,1.065
2025-04-12,23,BRpos,2.392
2025-04-12,23,BRneg,1.652
2025-04-12,24,BRpos,1.393
2025-04-12,24,BRneg,1.29
2025-04-12,25,BRpos,1.973
2025-04-12,25,BRneg,1.043
2025-04-12,26,BRpos,1.848
2025-04-12,26,BRneg,0.501
2025-04-12,27,BRpos,2.667
2025-04-12,27,BRneg,1.697
2025-04-12,28,BRpos,1.397
2025-04-12,28,BRneg,1.587
2025-04-12,29,BRpos,4.938
2025-04-12,29,BRneg,1.621
2025-04-12,30,BRpos,4.179
2025-04-12,30,BRneg,0.971
2025-04-12,31,BRpos,1.678
2025-04-12,31,BRneg,1.297
2025-04-12,32,BRpos,2.423
2025-04-12,32,BRneg,2.785
2025-04-12,33,BRpos,2.973
2025-04-12,33,BRneg,2.459
2025-04-12,34,BRpos,5.052
2025-04-12,34,BRneg,2.552
2025-04-12,35,BRpos,3.281
2025-04-12,35,BRneg,1.124
2025-04-12,36,BRpos,3.013
2025-04-12,36,BRneg,0.887
2025-04-12,37,BRpos,2.097
2025-04-12,37,BRneg,2.19
2025-04-12,38,BRpos,4.748
2025-04-12,38,BRneg,2.757
2025-04-12,39,BRpos,3.663
2025-04-12,39,BRneg,3.445
2025-04-12,40,BRpos,1.626
2025-04-12,40,BRneg,0.774
2025-04-12,41,BRpos,4.062
2025-04-12,41,BRneg,1.584
2025-04-12,42,BRpos,4.868
2025-04-12,42,BRneg,1.393
2025-04-12,43,BRpos,1.36
2025-04-12,43,BRneg,2.272
2025-04-12,44,BRpos,2.673
2025-04-12,44,BRneg,0.697
2025-04-12,45,BRpos,2.793
2025-04-12,45,BRneg,2.471
2025-04-12,46,BRpos,1.042
2025-04-12,46,BRneg,0.783
2025-04-12,47,BRpos,2.43
2025-04-12,47,BRneg,1.093
2025-04-12,48,BRpos,7.244
2025-04-12,48,BRneg,2.869
2025-04-13,1,BRpos,6.527
2025-04-13,1,BRneg,0.951
2025-04-13,2,BRpos,2.648
2025-04-13,2,BRneg,2.005
2025-04-13,3,BRpos,4.425
2025-04-13,3,BRneg,1.665
2025-04-13,4,BRpos,1.814
2025-04-13,4,BRneg,2.336
2025-04-13,5,BRpos,3.335
2025-04-13,5,BRneg,1.071
2025-04-13,6,BRpos,8.158
2025-04-13,6,BRneg,2.256
2025-04-13,7,BRpos,2.276
2025-04-13,7,BRneg,0.801
2025-04-13,8,BRpos,2.585
2025-04-13,8,BRneg,1.665
2025-04-13,9,BRpos,4.09
2025-04-13,9,BRneg,0.683
2025-04-13,10,BRpos,3.584
2025-04-13,10,BRneg,2.088
2025-04-13,11,BRpos,3.077
2025-04-13,11,BRneg,1.969
2025-04-13,12,BRpos,2.504
2025-04-13,12,BRneg,0.724
2025-04-13,13,BRpos,2.953
2025-04-13,13,BRneg,1.285
2025-04-13,14,BRpos,2.75
2025-04-13,14,BRneg,1.135
2025-04-13,15,BRpos,8.819
2025-04-13,15,BRneg,0.684
2025-04-13,16,BRpos,3.205
2025-04-13,16,BRneg,1.462
2025-04-13,17,BRpos,3.353
2025-04-13,17,BRneg,2.011
2025-04-13,18,BRpos,3.865
2025-04-13,18,BRneg,0.738
2025-04-13,19,BRpos,2.801
2025-04-13,19,BRneg,0.767
2025-04-13,20,BRpos,3.98
2025-04-13,20,BRneg,0.692
2025-04-13,21,BRpos,8.217
2025-04-13,21,BRneg,0.636
2025-04-13,22,BRpos,7.832
2025-04-13,22,BRneg,1.278
2025-04-13,23,BRpos,1.655
2025-04-13,23,BRneg,0.571
2025-04-13,24,BRpos,3.188
2025-04-13,24,BRneg,2.119
2025-04-13,25,BRpos,4.031
2025-04-13,25,BRneg,0.807
2025-04-13,26,BRpos,4.118
2025-04-13,26,BRneg,1.577
2025-04-13,27,BRpos,2.563
2025-04-13,27,BRneg,2.07
2025-04-13,28,BRpos,1.169
2025-04-13,28,BRneg,0.942
2025-04-13,29,BRpos,3.738
2025-04-13,29,BRneg,0.91
2025-04-13,30,BRpos,2.755
2025-04-13,30,BRneg,3.12
2025-04-13,31,BRpos,2.924
2025-04-13,31,BRneg,1.854
2025-04-13,32,BRpos,3.967
2025-04-13,32,BRneg,1.362
2025-04-13,33,BRpos,4.245
2025-04-13,33,BRneg,1.042
2025-04-13,34,BRpos,4.473
2025-04-13,34,BRneg,1.616
2025-04-13,35,BRpos,4.013
2025-04-13,35,BRneg,1.816
2025-04-13,36,BRpos,2.723
2025-04-13,36,BRneg,2.082
2025-04-13,37,BRpos,8.661
2025-04-13,37,BRneg,2.479
2025-04-13,38,BRpos,4.215
2025-04-13,38,BRneg,2.09
2025-04-13,39,BRpos,2.907
2025-04-13,39,BRneg,1.899
2025-04-13,40,BRpos,1.194
2025-04-13,40,BRneg,1.415
2025-04-13,41,BRpos,2.373
2025-04-13,41,BRneg,0.582
2025-04-13,42,BRpos,2.799
2025-04-13,42,BRneg,1.799
2025-04-13,43,BRpos,2.251
2025-04-13,43,BRneg,2.147
2025-04-13,44,BRpos,8.991
2025-04-13,44,BRneg,1.048
2025-04-13,45,BRpos,1.167
2025-04-13,45,BRneg,1.266
2025-04-13,46,BRpos,1.466
2025-04-13,46,BRneg,1.606
2025-04-13,47,BRpos,4.191
2025-04-13,47,BRneg,1.005
2025-04-13,48,BRpos,4.762
2025-04-13,48,BRneg,1.489
2025-04-14,1,BRpos,2.268
2025-04-14,1,BRneg,1.754
2025-04-14,2,BRpos,4.241
2025-04-14,2,BRneg,2.156
2025-04-14,3,BRpos,2.953
2025-04-14,3,BRneg,1.604
2025-04-14,4,BRpos,2.437
2025-04-14,4,BRneg,1.213
2025-04-14,5,BRpos,3.003
2025-04-14,5,BRneg,1.664
2025-04-14,6,BRpos,1.887
2025-04-14,6,BRneg,1.47
2025-04-14,7,BRpos,3.27
2025-04-14,7,BRneg,1.567
2025-04-14,8,BRpos,3.51
2025-04-14,8,BRneg,0.599
2025-04-14,9,BRpos,2.93
2025-04-14,9,BRneg,0.74
2025-04-14,10,BRpos,5.523
2025-04-14,10,BRneg,1.589
2025-04-14,11,BRpos,3.562
2025-04-14,11,BRneg,0.454
2025-04-14,12,BRpos,6.112
2025-04-14,12,BRneg,1.092
2025-04-14,13,BRpos,5.451
2025-04-14,13,BRneg,1.642
2025-04-14,14,BRpos,3.459
2025-04-14,14,BRneg,1.134
2025-04-14,15,BRpos,2.442
2025-04-14,15,BRneg,1.54
2025-04-14,16,BRpos,3.172
2025-04-14,16,BRneg,1.635
2025-04-14,17,BRpos,5.356
2025-04-14,17,BRneg,2.404
2025-04-14,18,BRpos,4.001
2025-04-14,18,BRneg,2.338
2025-04-14,19,BRpos,3.198
2025-04-14,19,BRneg,0.792
2025-04-14,20,BRpos,3.411
2025-04-14,20,BRneg,2.641
2025-04-14,21,BRpos,3.032
2025-04-14,21,BRneg,0.98
2025-04-14,22,BRpos,1.649
2025-04-14,22,BRneg,0.929
2025-04-14,23,BRpos,1.43
2025-04-14,23,BRneg,1.238
2025-04-14,24,BRpos,4.031
2025-04-14,24,BRneg,1.27
2025-04-14,25,BRpos,4.37
2025-04-14,25,BRneg,1.877
2025-04-14,26,BRpos,2.696
2025-04-14,26,BRneg,1.033
2025-04-14,27,BRpos,1.472
2025-04-14,27,BRneg,0.886
2025-04-14,28,BRpos,2.001
2025-04-14,28,BRneg,0.957
2025-04-14,29,BRpos,2.833
2025-04-14,29,BRneg,0.794
2025-04-14,30,BRpos,2.066
2025-04-14,30,BRneg,0.509
2025-04-14,31,BRpos,3.155
2025-04-14,31,BRneg,1.261
2025-04-14,32,BRpos,2.553
2025-04-14,32,BRneg,2.2
2025-04-14,33,BRpos,1.95
2025-04-14,33,BRneg,0.613
2025-04-14,34,BRpos,7.014
2025-04-14,34,BRneg,2.018
2025-04-14,35,BRpos,2.818
2025-04-14,35,BRneg,3.136
2025-04-14,36,BRpos,9.377
2025-04-14,36,BRneg,1.553
2025-04-14,37,BRpos,5.825
2025-04-14,37,BRneg,2.034
2025-04-14,38,BRpos,3.417
2025-04-14,38,BRneg,2.036
2025-04-14,39,BRpos,3.68
2025-04-14,39,BRneg,3.331
2025-04-14,40,BRpos,1.559
2025-04-14,40,BRneg,1.517
2025-04-14,41,BRpos,4.069
2025-04-14,41,BRneg,1.299
2025-04-14,42,BRpos,3.872
2025-04-14,42,BRneg,0.893
2025-04-14,43,BRpos,1.558
2025-04-14,43,BRneg,1.439
2025-04-14,44,BRpos,4.41
2025-04-14,44,BRneg,0.607
2025-04-14,45,BRpos,2.493
2025-04-14,45,BRneg,0.686
2025-04-14,46,BRpos,3.957
2025-04-14,46,BRneg,2.282
2025-04-14,47,BRpos,4.227
2025-04-14,47,BRneg,2.445
2025-04-14,48,BRpos,2.781
2025-04-14,48,BRneg,0.845
2025-04-15,1,BRpos,2.23
2025-04-15,1,BRneg,1.482
2025-04-15,2,BRpos,1.593
2025-04-15,2,BRneg,0.767
2025-04-15,3,BRpos,2.422
2025-04-15,3,BRneg,0.977
2025-04-15,4,BRpos,1.733
2025-04-15,4,BRneg,1.933
2025-04-15,5,BRpos,3.471
2025-04-15,5,BRneg,1.155
2025-04-15,6,BRpos,1.266
2025-04-15,6,BRneg,1.552
2025-04-15,7,BRpos,3.713
2025-04-15,7,BRneg,2.687
2025-04-15,8,BRpos,2.123
2025-04-15,8,BRneg,3.474
2025-04-15,9,BRpos,6.479
2025-04-15,9,BRneg,1.713
2025-04-15,10,BRpos,3.608
2025-04-15,10,BRneg,0.884
2025-04-15,11,BRpos,7.401
2025-04-15,11,BRneg,1.396
2025-04-15,12,BRpos,2.186
2025-04-15,12,BRneg,0.479
2025-04-15,13,BRpos,4.186
2025-04-15,13,BRneg,1.316
2025-04-15,14,BRpos,5.252
2025-04-15,14,BRneg,1.421
2025-04-15,15,BRpos,2.506
2025-04-15,15,BRneg,0.644
2025-04-15,16,BRpos,2.308
2025-04-15,16,BRneg,1.024
2025-04-15,17,BRpos,3.552
2025-04-15,17,BRneg,0.952
2025-04-15,18,BRpos,1.412
2025-04-15,18,BRneg,2.425
2025-04-15,19,BRpos,4.196
2025-04-15,19,BRneg,0.854
2025-04-15,20,BRpos,6.429
2025-04-15,20,BRneg,1.345
2025-04-15,21,BRpos,2.123
2025-04-15,21,BRneg,1.516
2025-04-15,22,BRpos,1.84
2025-04-15,22,BRneg,1.104
2025-04-15,23,BRpos,3.03
2025-04-15,23,BRneg,1.942
2025-04-15,24,BRpos,3.729
2025-04-15,24,BRneg,1.923
2025-04-15,25,BRpos,1.952
2025-04-15,25,BRneg,1.968
2025-04-15,26,BRpos,2.096
2025-04-15,26,BRneg,1.472
2025-04-15,27,BRpos,2.917
2025-04-15,27,BRneg,1.03
2025-04-15,28,BRpos,2.015
2025-04-15,28,BRneg,1.014
2025-04-15,29,BRpos,2.1
2025-04-15,29,BRneg,0.83
2025-04-15,30,BRpos,2.01
2025-04-15,30,BRneg,1.769
2025-04-15,31,BRpos,4.658
2025-04-15,31,BRneg,1.785
2025-04-15,32,BRpos,2.607
2025-04-15,32,BRneg,1.566
2025-04-15,33,BRpos,3.461
2025-04-15,33,BRneg,1.335
2025-04-15,34,BRpos,3.379
2025-04-15,34,BRneg,1.544
2025-04-15,35,BRpos,3.658
2025-04-15,35,BRneg,2.805
2025-04-15,36,BRpos,8.118
2025-04-15,36,BRneg,2.912
2025-04-15,37,BRpos,4.698
2025-04-15,37,BRneg,1.051
2025-04-15,38,BRpos,2.209
2025-04-15,38,BRneg,1.494
2025-04-15,39,BRpos,6.099
2025-04-15,39,BRneg,3.426
2025-04-15,40,BRpos,1.275
2025-04-15,40,BRneg,1.126
2025-04-15,41,BRpos,3.36
2025-04-15,41,BRneg,1.619
2025-04-15,42,BRpos,2.04
2025-04-15,42,BRneg,1.118
2025-04-15,43,BRpos,2.213
2025-04-15,43,BRneg,2.688
2025-04-15,44,BRpos,2.411
2025-04-15,44,BRneg,1.028
2025-04-15,45,BRpos,2.572
2025-04-15,45,BRneg,1.095
2025-04-15,46,BRpos,2.176
2025-04-15,46,BRneg,1.375
2025-04-15,47,BRpos,2.809
2025-04-15,47,BRneg,1.009
2025-04-15,48,BRpos,2.36
2025-04-15,48,BRneg,2.996
2025-04-16,1,BRpos,3.446
2025-04-16,1,BRneg,2.099
2025-04-16,2,BRpos,2.247
2025-04-16,2,BRneg,1.016
2025-04-16,3,BRpos,2.664
2025-04-16,3,BRneg,1.765
2025-04-16,4,BRpos,4.327
2025-04-16,4,BRneg,2.007
2025-04-16,5,BRpos,2.37
2025-04-16,5,BRneg,0.604
2025-04-16,6,BRpos,4.017
2025-04-16,6,BRneg,1.027
2025-04-16,7,BRpos,2.195
2025-04-16,7,BRneg,0.554
2025-04-16,8,BRpos,2.682
2025-04-16,8,BRneg,1.122
2025-04-16,9,BRpos,1.332
2025-04-16,9,BRneg,1.006
2025-04-16,10,BRpos,2.802
2025-04-16,10,BRneg,5.411
2025-04-16,11,BRpos,2.438
2025-04-16,11,BRneg,1.12
2025-04-16,12,BRpos,1.273
2025-04-16,12,BRneg,0.821
2025-04-16,13,BRpos,1.422
2025-04-16,13,BRneg,1.371
2025-04-16,14,BRpos,3.893
2025-04-16,14,BRneg,1.927
2025-04-16,15,BRpos,3.254
2025-04-16,15,BRneg,1.904
2025-04-16,16,BRpos,2.799
2025-04-16,16,BRneg,2.646
2025-04-16,17,BRpos,3.364
2025-04-16,17,BRneg,1.2
2025-04-16,18,BRpos,3.581
2025-04-16,18,BRneg,0.628
2025-04-16,19,BRpos,5.421
2025-04-16,19,BRneg,1.804
2025-04-16,20,BRpos,2.399
2025-04-16,20,BRneg,2.442
2025-04-16,21,BRpos,2.118
2025-04-16,21,BRneg,1.654
2025-04-16,22,BRpos,1.685
2025-04-16,22,BRneg,2.491
2025-04-16,23,BRpos,1.348
2025-04-16,23,BRneg,1.252
2025-04-16,24,BRpos,2.522
2025-04-16,24,BRneg,2.199
2025-04-16,25,BRpos,1.826
2025-04-16,25,BRneg,0.662
2025-04-16,26,BRpos,1.604
2025-04-16,26,BRneg,1.568
2025-04-16,27,BRpos,3.554
2025-04-16,27,BRneg,0.609
2025-04-16,28,BRpos,2.162
2025-04-16,28,BRneg,0.555
2025-04-16,29,BRpos,1.633
2025-04-16,29,BRneg,0.784
2025-04-16,30,BRpos,4.039
2025-04-16,30,BRneg,1.242
2025-04-16,31,BRpos,1.832
2025-04-16,31,BRneg,0.964
2025-04-16,32,BRpos,4.061
2025-04-16,32,BRneg,2.001
2025-04-16,33,BRpos,2.866
2025-04-16,33,BRneg,2.795
2025-04-16,34,BRpos,2.079
2025-04-16,34,BRneg,1.094
2025-04-16,35,BRpos,4.075
2025-04-16,35,BRneg,2.157
2025-04-16,36,BRpos,2.327
2025-04-16,36,BRneg,1.823
2025-04-16,37,BRpos,9.169
2025-04-16,37,BRneg,2.378
2025-04-16,38,BRpos,3.072
2025-04-16,38,BRneg,2.24
2025-04-16,39,BRpos,4.583
2025-04-16,39,BRneg,2.145
2025-04-16,40,BRpos,3.758
2025-04-16,40,BRneg,1.332
2025-04-16,41,BRpos,4.143
2025-04-16,41,BRneg,1.014
2025-04-16,42,BRpos,0.979
2025-04-16,42,BRneg,0.683
2025-04-16,43,BRpos,6.899
2025-04-16,43,BRneg,2.347
2025-04-16,44,BRpos,5.885
2025-04-16,44,BRneg,3.353
2025-04-16,45,BRpos,4.456
2025-04-16,45,BRneg,2.236
2025-04-16,46,BRpos,1.744
2025-04-16,46,BRneg,0.724
2025-04-16,47,BRpos,1.675
2025-04-16,47,BRneg,2.043
2025-04-16,48,BRpos,7.109
2025-04-16,48,BRneg,0.715
2025-04-17,1,BRpos,3.378
2025-04-17,1,BRneg,1.554
2025-04-17,2,BRpos,7.789
2025-04-17,2,BRneg,2.647
2025-04-17,3,BRpos,1.029
2025-04-17,3,BRneg,1.036
2025-04-17,4,BRpos,2.497
2025-04-17,4,BRneg,1.715
2025-04-17,5,BRpos,2.656
2025-04-17,5,BRneg,0.871
2025-04-17,6,BRpos,1.959
2025-04-17,6,BRneg,1.635
2025-04-17,7,BRpos,5.072
2025-04-17,7,BRneg,1.518
2025-04-17,8,BRpos,3.675
2025-04-17,8,BRneg,1.15
2025-04-17,9,BRpos,2.067
2025-04-17,9,BRneg,1.24
2025-04-17,10,BRpos,1.251
2025-04-17,10,BRneg,0.545
2025-04-17,11,BRpos,1.853
2025-04-17,11,BRneg,0.798
2025-04-17,12,BRpos,3.184
2025-04-17,12,BRneg,2.328
2025-04-17,13,BRpos,2.359
2025-04-17,13,BRneg,1.582
2025-04-17,14,BRpos,2.824
2025-04-17,14,BRneg,1.095
2025-04-17,15,BRpos,3.269
2025-04-17,15,BRneg,1.169
2025-04-17,16,BRpos,2.56
2025-04-17,16,BRneg,1.441
2025-04-17,17,BRpos,2.04
2025-04-17,17,BRneg,0.638
2025-04-17,18,BRpos,4.542
2025-04-17,18,BRneg,0.723
2025-04-17,19,BRpos,4.09
2025-04-17,19,BRneg,0.645
2025-04-17,20,BRpos,3.752
2025-04-17,20,BRneg,1.382
2025-04-17,21,BRpos,2.952
2025-04-17,21,BRneg,1.235
2025-04-17,22,BRpos,6.733
2025-04-17,22,BRneg,1.114
2025-04-17,23,BRpos,2.945
2025-04-17,23,BRneg,1.928
2025-04-17,24,BRpos,4.946
2025-04-17,24,BRneg,1.87
2025-04-17,25,BRpos,3.657
2025-04-17,25,BRneg,2.102
2025-04-17,26,BRpos,2.752
2025-04-17,26,BRneg,1.002
2025-04-17,27,BRpos,3.55
2025-04-17,27,BRneg,3.344
2025-04-17,28,BRpos,3.208
2025-04-17,28,BRneg,1.939
2025-04-17,29,BRpos,1.705
2025-04-17,29,BRneg,0.941
2025-04-17,30,BRpos,1.456
2025-04-17,30,BRneg,0.765
2025-04-17,31,BRpos,1.682
2025-04-17,31,BRneg,2.161
2025-04-17,32,BRpos,5.166
2025-04-17,32,BRneg,0.803
2025-04-17,33,BRpos,3.1
2025-04-17,33,BRneg,1.759
2025-04-17,34,BRpos,3.253
2025-04-17,34,BRneg,2.392
2025-04-17,35,BRpos,7.198
2025-04-17,35,BRneg,2.793
2025-04-17,36,BRpos,3.65
2025-04-17,36,BRneg,2.91
2025-04-17,37,BRpos,7.046
2025-04-17,37,BRneg,0.895
2025-04-17,38,BRpos,5.001
2025-04-17,38,BRneg,2.659
2025-04-17,39,BRpos,5.363
2025-04-17,39,BRneg,2.196
2025-04-17,40,BRpos,3.303
2025-04-17,40,BRneg,2.727
2025-04-17,41,BRpos,1.719
2025-04-17,41,BRneg,0.732
2025-04-17,42,BRpos,2.959
2025-04-17,42,BRneg,1.125
2025-04-17,43,BRpos,2.933
2025-04-17,43,BRneg,1.13
2025-04-17,44,BRpos,5.241
2025-04-17,44,BRneg,2.65
2025-04-17,45,BRpos,2.316
2025-04-17,45,BRneg,2.101
2025-04-17,46,BRpos,3.287
2025-04-17,46,BRneg,0.93
2025-04-17,47,BRpos,2.213
2025-04-17,47,BRneg,1.288
2025-04-17,48,BRpos,2.735
2025-04-17,48,BRneg,0.655
2025-04-18,1,BRpos,8.829
2025-04-18,1,BRneg,1.193
2025-04-18,2,BRpos,2.635
2025-04-18,2,BRneg,1.158
2025-04-18,3,BRpos,7.344
2025-04-18,3,BRneg,1.489
2025-04-18,4,BRpos,1.88
2025-04-18,4,BRneg,1.692
2025-04-18,5,BRpos,1.668
2025-04-18,5,BRneg,1.594
2025-04-18,6,BRpos,1.036
2025-04-18,6,BRneg,1.311
2025-04-18,7,BRpos,5.393
2025-04-18,7,BRneg,2.562
2025-04-18,8,BRpos,1.68
2025-04-18,8,BRneg,1.012
2025-04-18,9,BRpos,1.831
2025-04-18,9,BRneg,1.662
2025-04-18,10,BRpos,1.926
2025-04-18,10,BRneg,1.469
2025-04-18,11,BRpos,4.273
2025-04-18,11,BRneg,0.943
2025-04-18,12,BRpos,3.55
2025-04-18,12,BRneg,1.499
2025-04-18,13,BRpos,2.717
2025-04-18,13,BRneg,1.557
2025-04-18,14,BRpos,1.769
2025-04-18,14,BRneg,1.456
2025-04-18,15,BRpos,1.211
2025-04-18,15,BRneg,1.252
2025-04-18,16,BRpos,4.137
2025-04-18,16,BRneg,0.847
2025-04-18,17,BRpos,2.112
2025-04-18,17,BRneg,1.257
2025-04-18,18,BRpos,0.874
2025-04-18,18,BRneg,1.364
2025-04-18,19,BRpos,3.681
2025-04-18,19,BRneg,2.586
2025-04-18,20,BRpos,3.148
2025-04-18,20,BRneg,0.456
2025-04-18,21,BRpos,6.351
2025-04-18,21,BRneg,1.06
2025-04-18,22,BRpos,3.478
2025-04-18,22,BRneg,1.912
2025-04-18,23,BRpos,1.73
2025-04-18,23,BRneg,1.287
2025-04-18,24,BRpos,3.557
2025-04-18,24,BRneg,0.49
2025-04-18,25,BRpos,2.245
2025-04-18,25,BRneg,0.785
2025-04-18,26,BRpos,3.6
2025-04-18,26,BRneg,0.806
2025-04-18,27,BRpos,3.463
2025-04-18,27,BRneg,1.309
2025-04-18,28,BRpos,1.946
2025-04-18,28,BRneg,0.652
2025-04-18,29,BRpos,3.647
2025-04-18,29,BRneg,1.447
2025-04-18,30,BRpos,3.451
2025-04-18,30,BRneg,1.816
2025-04-18,31,BRpos,1.683
2025-04-18,31,BRneg,0.722
2025-04-18,32,BRpos,1.697
2025-04-18,32,BRneg,2.234
2025-04-18,33,BRpos,1.334
2025-04-18,33,BRneg,1.327
2025-04-18,34,BRpos,7.116
2025-04-18,34,BRneg,1.993
2025-04-18,35,BRpos,3.649
2025-04-18,35,BRneg,2.451
2025-04-18,36,BRpos,2.759
2025-04-18,36,BRneg,1.935
2025-04-18,37,BRpos,3.68
2025-04-18,37,BRneg,3.226
2025-04-18,38,BRpos,4.822
2025-04-18,38,BRneg,5.281
2025-04-18,39,BRpos,3.411
2025-04-18,39,BRneg,1.157
2025-04-18,40,BRpos,3.799
2025-04-18,40,BRneg,1.155
2025-04-18,41,BRpos,4.692
2025-04-18,41,BRneg,1.929
2025-04-18,42,BRpos,4.399
2025-04-18,42,BRneg,2.696
2025-04-18,43,BRpos,1.797
2025-04-18,43,BRneg,1.665
2025-04-18,44,BRpos,2.512
2025-04-18,44,BRneg,1.919
2025-04-18,45,BRpos,2.791
2025-04-18,45,BRneg,0.861
2025-04-18,46,BRpos,4.365
2025-04-18,46,BRneg,1.417
2025-04-18,47,BRpos,4.672
2025-04-18,47,BRneg,1.432
2025-04-18,48,BRpos,8.911
2025-04-18,48,BRneg,0.864
2025-04-19,1,BRpos,2.313
2025-04-19,1,BRneg,0.689
2025-04-19,2,BRpos,5.919
2025-04-19,2,BRneg,2.713
2025-04-19,3,BRpos,3.112
2025-04-19,3,BRneg,1.06
2025-04-19,4,BRpos,17.414
2025-04-19,4,BRneg,2.172
2025-04-19,5,BRpos,3.426
2025-04-19,5,BRneg,1.233
2025-04-19,6,BRpos,1.755
2025-04-19,6,BRneg,1.596
2025-04-19,7,BRpos,3.181
2025-04-19,7,BRneg,1.98
2025-04-19,8,BRpos,2.011
2025-04-19,8,BRneg,1.146
2025-04-19,9,BRpos,3.253
2025-04-19,9,BRneg,1.11
2025-04-19,10,BRpos,2.895
2025-04-19,10,BRneg,1.018
2025-04-19,11,BRpos,2.712
2025-04-19,11,BRneg,1.185
2025-04-19,12,BRpos,1.733
2025-04-19,12,BRneg,1.456
2025-04-19,13,BRpos,2.635
2025-04-19,13,BRneg,0.656
2025-04-19,14,BRpos,1.308
2025-04-19,14,BRneg,1.456
2025-04-19,15,BRpos,2.043
2025-04-19,15,BRneg,0.837
2025-04-19,16,BRpos,2.426
2025-04-19,16,BRneg,1.553
2025-04-19,17,BRpos,3.335
2025-04-19,17,BRneg,1.007
2025-04-19,18,BRpos,1.919
2025-04-19,18,BRneg,1.609
2025-04-19,19,BRpos,3.357
2025-04-19,19,BRneg,2.377
2025-04-19,20,BRpos,5.74
2025-04-19,20,BRneg,0.605
2025-04-19,21,BRpos,5.24
2025-04-19,21,BRneg,1.964
2025-04-19,22,BRpos,1.525
2025-04-19,22,BRneg,1.261
2025-04-19,23,BRpos,3.122
2025-04-19,23,BRneg,1.061
2025-04-19,24,BRpos,7.957
2025-04-19,24,BRneg,0.754
2025-04-19,25,BRpos,4.002
2025-04-19,25,BRneg,1.396
2025-04-19,26,BRpos,2.066
2025-04-19,26,BRneg,1.573
2025-04-19,27,BRpos,1.088
2025-04-19,27,BRneg,1.22
2025-04-19,28,BRpos,2.214
2025-04-19,28,BRneg,2.33
2025-04-19,29,BRpos,2.905
2025-04-19,29,BRneg,3.297
2025-04-19,30,BRpos,2.927
2025-04-19,30,BRneg,1.34
2025-04-19,31,BRpos,2.049
2025-04-19,31,BRneg,1.804
2025-04-19,32,BRpos,2.68
2025-04-19,32,BRneg,1.938
2025-04-19,33,BRpos,3.079
2025-04-19,33,BRneg,1.256
2025-04-19,34,BRpos,2.57
2025-04-19,34,BRneg,2.782
2025-04-19,35,BRpos,4.061
2025-04-19,35,BRneg,1.137
2025-04-19,36,BRpos,3.704
2025-04-19,36,BRneg,1.027
2025-04-19,37,BRpos,3.535
2025-04-19,37,BRneg,1.417
2025-04-19,38,BRpos,4.316
2025-04-19,38,BRneg,1.045
2025-04-19,39,BRpos,2.411
2025-04-19,39,BRneg,2.476
2025-04-19,40,BRpos,1.419
2025-04-19,40,BRneg,1.318
2025-04-19,41,BRpos,2.743
2025-04-19,41,BRneg,0.89
2025-04-19,42,BRpos,3.941
2025-04-19,42,BRneg,0.68
2025-04-19,43,BRpos,4.167
2025-04-19,43,BRneg,1.566
2025-04-19,44,BRpos,4.196
2025-04-19,44,BRneg,0.87
2025-04-19,45,BRpos,3.254
2025-04-19,45,BRneg,1.535
2025-04-19,46,BRpos,1.449
2025-04-19,46,BRneg,1.438
2025-04-19,47,BRpos,1.695
2025-04-19,47,BRneg,1.258
2025-04-19,48,BRpos,2.457
2025-04-19,48,BRneg,1.218
2025-04-20,1,BRpos,2.226
2025-04-20,1,BRneg,1.579
2025-04-20,2,BRpos,3.085
2025-04-20,2,BRneg,0.963
2025-04-20,3,BRpos,2.324
2025-04-20,3,BRneg,1.5
2025-04-20,4,BRpos,1.279
2025-04-20,4,BRneg,1.511
2025-04-20,5,BRpos,1.659
2025-04-20,5,BRneg,1.253
2025-04-20,6,BRpos,1.254
2025-04-20,6,BRneg,0.829
2025-04-20,7,BRpos,4.671
2025-04-20,7,BRneg,1.604
2025-04-20,8,BRpos,1.914
2025-04-20,8,BRneg,1.607
2025-04-20,9,BRpos,3.584
2025-04-20,9,BRneg,2.258
2025-04-20,10,BRpos,1.399
2025-04-20,10,BRneg,0.506
2025-04-20,11,BRpos,2.398
2025-04-20,11,BRneg,1.635
2025-04-20,12,BRpos,4.079
2025-04-20,12,BRneg,1.106
2025-04-20,13,BRpos,5.251
2025-04-20,13,BRneg,0.837
2025-04-20,14,BRpos,1.411
2025-04-20,14,BRneg,1.355
2025-04-20,15,BRpos,4.014
2025-04-20,15,BRneg,2.101
2025-04-20,16,BRpos,1.728
2025-04-20,16,BRneg,1.007
2025-04-20,17,BRpos,2.962
2025-04-20,17,BRneg,2.533
2025-04-20,18,BRpos,3.826
2025-04-20,18,BRneg,1.055
2025-04-20,19,BRpos,2.205
2025-04-20,19,BRneg,1.391
2025-04-20,20,BRpos,4.983
2025-04-20,20,BRneg,0.981
2025-04-20,21,BRpos,2.307
2025-04-20,21,BRneg,2.521
2025-04-20,22,BRpos,1.693
2025-04-20,22,BRneg,1.327
2025-04-20,23,BRpos,3.769
2025-04-20,23,BRneg,0.902
2025-04-20,24,BRpos,5.953
2025-04-20,24,BRneg,1.017
2025-04-20,25,BRpos,5.098
2025-04-20,25,BRneg,0.687
2025-04-20,26,BRpos,2.728
2025-04-20,26,BRneg,1.72
2025-04-20,27,BRpos,2.039
2025-04-20,27,BRneg,0.812
2025-04-20,28,BRpos,1.628
2025-04-20,28,BRneg,1.793
2025-04-20,29,BRpos,1.733
2025-04-20,29,BRneg,0.754
2025-04-20,30,BRpos,4.876
2025-04-20,30,BRneg,0.66
2025-04-20,31,BRpos,2.457
2025-04-20,31,BRneg,0.689
2025-04-20,32,BRpos,3.56
2025-04-20,32,BRneg,0.467
2025-04-20,33,BRpos,2.065
2025-04-20,33,BRneg,2.23
2025-04-20,34,BRpos,9.24
2025-04-20,34,BRneg,1.219
2025-04-20,35,BRpos,4.593
2025-04-20,35,BRneg,1.829
2025-04-20,36,BRpos,4.209
2025-04-20,36,BRneg,1.072
2025-04-20,37,BRpos,2.337
2025-04-20,37,BRneg,1.565
2025-04-20,38,BRpos,2.52
2025-04-20,38,BRneg,2.504
2025-04-20,39,BRpos,2.301
2025-04-20,39,BRneg,1.357
2025-04-20,40,BRpos,1.582
2025-04-20,40,BRneg,0.609
2025-04-20,41,BRpos,1.562
2025-04-20,41,BRneg,1.847
2025-04-20,42,BRpos,5.569
2025-04-20,42,BRneg,3.381
2025-04-20,43,BRpos,2.833
2025-04-20,43,BRneg,1.196
2025-04-20,44,BRpos,5.823
2025-04-20,44,BRneg,1.011
2025-04-20,45,BRpos,4.367
2025-04-20,45,BRneg,3.766
2025-04-20,46,BRpos,4.145
2025-04-20,46,BRneg,2.262
2025-04-20,47,BRpos,3.608
2025-04-20,47,BRneg,0.4
2025-04-20,48,BRpos,2.154
2025-04-20,48,BRneg,0.385
2025-04-21,1,BRpos,2.229
2025-04-21,1,BRneg,3.18
2025-04-21,2,BRpos,4.22
2025-04-21,2,BRneg,1.247
2025-04-21,3,BRpos,3.146
2025-04-21,3,BRneg,0.966
2025-04-21,4,BRpos,2.883
2025-04-21,4,BRneg,3.099
2025-04-21,5,BRpos,4.256
2025-04-21,5,BRneg,2.53
2025-04-21,6,BRpos,3.09
2025-04-21,6,BRneg,1.211
2025-04-21,7,BRpos,2.148
2025-04-21,7,BRneg,0.776
2025-04-21,8,BRpos,2.196
2025-04-21,8,BRneg,1.098
2025-04-21,9,BRpos,2.466
2025-04-21,9,BRneg,1.486
2025-04-21,10,BRpos,2.706
2025-04-21,10,BRneg,2.164
2025-04-21,11,BRpos,2.251
2025-04-21,11,BRneg,1.754
2025-04-21,12,BRpos,5.658
2025-04-21,12,BRneg,1.206
2025-04-21,13,BRpos,1.926
2025-04-21,13,BRneg,1.193
2025-04-21,14,BRpos,3.372
2025-04-21,14,BRneg,1.712
2025-04-21,15,BRpos,4.213
2025-04-21,15,BRneg,0.971
2025-04-21,16,BRpos,3.269
2025-04-21,16,BRneg,1.263
2025-04-21,17,BRpos,3.565
2025-04-21,17,BRneg,0.529
2025-04-21,18,BRpos,2.157
2025-04-21,18,BRneg,1.572
2025-04-21,19,BRpos,1.294
2025-04-21,19,BRneg,1.125
2025-04-21,20,BRpos,3.494
2025-04-21,20,BRneg,1.475
2025-04-21,21,BRpos,3.709
2025-04-21,21,BRneg,1.174
2025-04-21,22,BRpos,4.427
2025-04-21,22,BRneg,1.286
2025-04-21,23,BRpos,4.375
2025-04-21,23,BRneg,0.901
2025-04-21,24,BRpos,2.773
2025-04-21,24,BRneg,0.863
2025-04-21,25,BRpos,1.455
2025-04-21,25,BRneg,1.022
2025-04-21,26,BRpos,1.549
2025-04-21,26,BRneg,1.322
2025-04-21,27,BRpos,1.566
2025-04-21,27,BRneg,0.944
2025-04-21,28,BRpos,2.08
2025-04-21,28,BRneg,1.023
2025-04-21,29,BRpos,3.474
2025-04-21,29,BRneg,2.073
2025-04-21,30,BRpos,5.179
2025-04-21,30,BRneg,1.406
2025-04-21,31,BRpos,1.516
2025-04-21,31,BRneg,1.534
2025-04-21,32,BRpos,2.62
2025-04-21,32,BRneg,0.623
2025-04-21,33,BRpos,3.418
2025-04-21,33,BRneg,0.494
2025-04-21,34,BRpos,7.857
2025-04-21,34,BRneg,2.79
2025-04-21,35,BRpos,3.087
2025-04-21,35,BRneg,2.166
2025-04-21,36,BRpos,6.068
2025-04-21,36,BRneg,3.384
2025-04-21,37,BRpos,4.536
2025-04-21,37,BRneg,1.389
2025-04-21,38,BRpos,5.46
2025-04-21,38,BRneg,2.966
2025-04-21,39,BRpos,4.417
2025-04-21,39,BRneg,1.793
2025-04-21,40,BRpos,1.357
2025-04-21,40,BRneg,1.403
2025-04-21,41,BRpos,2.271
2025-04-21,41,BRneg,1.444
2025-04-21,42,BRpos,2.669
2025-04-21,42,BRneg,0.999
2025-04-21,43,BRpos,2.65
2025-04-21,43,BRneg,2.031
2025-04-21,44,BRpos,2.367
2025-04-21,44,BRneg,1.095
2025-04-21,45,BRpos,2.015
2025-04-21,45,BRneg,1.871
2025-04-21,46,BRpos,3.481
2025-04-21,46,BRneg,1.92
2025-04-21,47,BRpos,2.931
2025-04-21,47,BRneg,0.537
2025-04-21,48,BRpos,1.88
2025-04-21,48,BRneg,1.665
2025-04-22,1,BRpos,2.385
2025-04-22,1,BRneg,1.241
2025-04-22,2,BRpos,3.827
2025-04-22,2,BRneg,1.033
2025-04-22,3,BRpos,2.803
2025-04-22,3,BRneg,1.168
2025-04-22,4,BRpos,1.286
2025-04-22,4,BRneg,1.498
2025-04-22,5,BRpos,1.83
2025-04-22,5,BRneg,0.774
2025-04-22,6,BRpos,4.014
2025-04-22,6,BRneg,1.287
2025-04-22,7,BRpos,3.284
2025-04-22,7,BRneg,1.817
2025-04-22,8,BRpos,3.212
2025-04-22,8,BRneg,3.038
2025-04-22,9,BRpos,1.369
2025-04-22,9,BRneg,1.255
2025-04-22,10,BRpos,3.002
2025-04-22,10,BRneg,2.352
2025-04-22,11,BRpos,4.469
2025-04-22,11,BRneg,1.101
2025-04-22,12,BRpos,4.928
2025-04-22,12,BRneg,1.108
2025-04-22,13,BRpos,2.246
2025-04-22,13,BRneg,1.108
2025-04-22,14,BRpos,9.319
2025-04-22,14,BRneg,2.679
2025-04-22,15,BRpos,4.538
2025-04-22,15,BRneg,1.415
2025-04-22,16,BRpos,2.893
2025-04-22,16,BRneg,1.936
2025-04-22,17,BRpos,1.757
2025-04-22,17,BRneg,0.859
2025-04-22,18,BRpos,3.795
2025-04-22,18,BRneg,2.066
2025-04-22,19,BRpos,2.73
2025-04-22,19,BRneg,1.767
2025-04-22,20,BRpos,1.357
2025-04-22,20,BRneg,0.918
2025-04-22,21,BRpos,3.297
2025-04-22,21,BRneg,0.594
2025-04-22,22,BRpos,5.146
2025-04-22,22,BRneg,0.867
2025-04-22,23,BRpos,2.234
2025-04-22,23,BRneg,0.854
2025-04-22,24,BRpos,4.376
2025-04-22,24,BRneg,0.903
2025-04-22,25,BRpos,2.737
2025-04-22,25,BRneg,1.23
2025-04-22,26,BRpos,1.822
2025-04-22,26,BRneg,1.976
2025-04-22,27,BRpos,4.737
2025-04-22,27,BRneg,1.855
2025-04-22,28,BRpos,4.362
2025-04-22,28,BRneg,1.604
2025-04-22,29,BRpos,2.069
2025-04-22,29,BRneg,1.308
2025-04-22,30,BRpos,2.59
2025-04-22,30,BRneg,0.52
2025-04-22,31,BRpos,2.576
2025-04-22,31,BRneg,2.402
2025-04-22,32,BRpos,1.397
2025-04-22,32,BRneg,1.124
2025-04-22,33,BRpos,5.948
2025-04-22,33,BRneg,2.83
2025-04-22,34,BRpos,5.292
2025-04-22,34,BRneg,1.242
2025-04-22,35,BRpos,2.23
2025-04-22,35,BRneg,1.383
2025-04-22,36,BRpos,7.775
2025-04-22,36,BRneg,2.04
2025-04-22,37,BRpos,5.37
2025-04-22,37,BRneg,2.055
2025-04-22,38,BRpos,7.384
2025-04-22,38,BRneg,1.187
2025-04-22,39,BRpos,3.393
2025-04-22,39,BRneg,2.599
2025-04-22,40,BRpos,3.423
2025-04-22,40,BRneg,1.204
2025-04-22,41,BRpos,2.507
2025-04-22,41,BRneg,1.295
2025-04-22,42,BRpos,3.138
2025-04-22,42,BRneg,0.888
2025-04-22,43,BRpos,3.328
2025-04-22,43,BRneg,1.019
2025-04-22,44,BRpos,2.728
2025-04-22,44,BRneg,2.552
2025-04-22,45,BRpos,1.97
2025-04-22,45,BRneg,1.521
2025-04-22,46,BRpos,2.668
2025-04-22,46,BRneg,1.883
2025-04-22,47,BRpos,1.466
2025-04-22,47,BRneg,1.408
2025-04-22,48,BRpos,2.166
2025-04-22,48,BRneg,1.414
2025-04-23,1,BRpos,3.49
2025-04-23,1,BRneg,1.032
2025-04-23,2,BRpos,3.209
2025-04-23,2,BRneg,0.939
2025-04-23,3,BRpos,1.557
2025-04-23,3,BRneg,1.955
2025-04-23,4,BRpos,4.055
2025-04-23,4,BRneg,1.451
2025-04-23,5,BRpos,3.17
2025-04-23,5,BRneg,2.922
2025-04-23,6,BRpos,2.472
2025-04-23,6,BRneg,1.911
2025-04-23,7,BRpos,1.965
2025-04-23,7,BRneg,1.34
2025-04-23,8,BRpos,2.756
2025-04-23,8,BRneg,0.969
2025-04-23,9,BRpos,2.006
2025-04-23,9,BRneg,0.638
2025-04-23,10,BRpos,2.889
2025-04-23,10,BRneg,0.888
2025-04-23,11,BRpos,3.888
2025-04-23,11,BRneg,1.063
2025-04-23,12,BRpos,2.269
2025-04-23,12,BRneg,1.488
2025-04-23,13,BRpos,2.921
2025-04-23,13,BRneg,1.16
2025-04-23,14,BRpos,2.695
2025-04-23,14,BRneg,0.861
2025-04-23,15,BRpos,3.805
2025-04-23,15,BRneg,1.016
2025-04-23,16,BRpos,3.081
2025-04-23,16,BRneg,1.459
2025-04-23,17,BRpos,3.634
2025-04-23,17,BRneg,0.474
2025-04-23,18,BRpos,1.718
2025-04-23,18,BRneg,0.589
2025-04-23,19,BRpos,2.21
2025-04-23,19,BRneg,2.259
2025-04-23,20,BRpos,2.287
2025-04-23,20,BRneg,0.452
2025-04-23,21,BRpos,2.002
2025-04-23,21,BRneg,1.019
2025-04-23,22,BRpos,1.336
2025-04-23,22,BRneg,0.453
2025-04-23,23,BRpos,2.382
2025-04-23,23,BRneg,0.711
2025-04-23,24,BRpos,2.445
2025-04-23,24,BRneg,0.735
2025-04-23,25,BRpos,2.305
2025-04-23,25,BRneg,0.385
2025-04-23,26,BRpos,4.791
2025-04-23,26,BRneg,0.814
2025-04-23,27,BRpos,2.877
2025-04-23,27,BRneg,1.597
2025-04-23,28,BRpos,1.887
2025-04-23,28,BRneg,1.587
2025-04-23,29,BRpos,2.885
2025-04-23,29,BRneg,1.085
2025-04-23,30,BRpos,2.51
2025-04-23,30,BRneg,0.759
2025-04-23,31,BRpos,2.958
2025-04-23,31,BRneg,2.461
2025-04-23,32,BRpos,1.293
2025-04-23,32,BRneg,1.617
2025-04-23,33,BRpos,2.74
2025-04-23,33,BRneg,1.176
2025-04-23,34,BRpos,4.426
2025-04-23,34,BRneg,2.308
2025-04-23,35,BRpos,4.115
2025-04-23,35,BRneg,2.468
2025-04-23,36,BRpos,3.208
2025-04-23,36,BRneg,0.709
2025-04-23,37,BRpos,2.601
2025-04-23,37,BRneg,3.884
2025-04-23,38,BRpos,4.662
2025-04-23,38,BRneg,1.398
2025-04-23,39,BRpos,3.413
2025-04-23,39,BRneg,3.115
2025-04-23,40,BRpos,2.466
2025-04-23,40,BRneg,0.656
2025-04-23,41,BRpos,4.116
2025-04-23,41,BRneg,1.916
2025-04-23,42,BRpos,1.679
2025-04-23,42,BRneg,1.607
2025-04-23,43,BRpos,10.056
2025-04-23,43,BRneg,3.29
2025-04-23,44,BRpos,1.964
2025-04-23,44,BRneg,1.742
2025-04-23,45,BRpos,2.214
2025-04-23,45,BRneg,1.313
2025-04-23,46,BRpos,1.602
2025-04-23,46,BRneg,1.614
2025-04-23,47,BRpos,1.244
2025-04-23,47,BRneg,0.638
2025-04-23,48,BRpos,1.897
2025-04-23,48,BRneg,1.991
2025-04-24,1,BRpos,1.299
2025-04-24,1,BRneg,0.809
2025-04-24,2,BRpos,9.448
2025-04-24,2,BRneg,1.44
2025-04-24,3,BRpos,3.64
2025-04-24,3,BRneg,0.686
2025-04-24,4,BRpos,2.559
2025-04-24,4,BRneg,0.589
2025-04-24,5,BRpos,2.901
2025-04-24,5,BRneg,1.171
2025-04-24,6,BRpos,1.57
2025-04-24,6,BRneg,0.937
2025-04-24,7,BRpos,2.685
2025-04-24,7,BRneg,0.844
2025-04-24,8,BRpos,1.035
2025-04-24,8,BRneg,1.299
2025-04-24,9,BRpos,1.404
2025-04-24,9,BRneg,0.73
2025-04-24,10,BRpos,1.159
2025-04-24,10,BRneg,0.977
2025-04-24,11,BRpos,2.32
2025-04-24,11,BRneg,1.403
2025-04-24,12,BRpos,2.734
2025-04-24,12,BRneg,1.104
2025-04-24,13,BRpos,2.876
2025-04-24,13,BRneg,1.413
2025-04-24,14,BRpos,3.329
2025-04-24,14,BRneg,1.551
2025-04-24,15,BRpos,3.809
2025-04-24,15,BRneg,1.736
2025-04-24,16,BRpos,1.723
2025-04-24,16,BRneg,1.713
2025-04-24,17,BRpos,2.511
2025-04-24,17,BRneg,2.673
2025-04-24,18,BRpos,3.033
2025-04-24,18,BRneg,2.248
2025-04-24,19,BRpos,2.753
2025-04-24,19,BRneg,1.778
2025-04-24,20,BRpos,1.463
2025-04-24,20,BRneg,1.741
2025-04-24,21,BRpos,3.576
2025-04-24,21,BRneg,2.172
2025-04-24,22,BRpos,1.709
2025-04-24,22,BRneg,0.789
2025-04-24,23,BRpos,3.075
2025-04-24,23,BRneg,0.9
2025-04-24,24,BRpos,5.595
2025-04-24,24,BRneg,1.008
2025-04-24,25,BRpos,2.698
2025-04-24,25,BRneg,1.143
2025-04-24,26,BRpos,3.539
2025-04-24,26,BRneg,1.224
2025-04-24,27,BRpos,3.319
2025-04-24,27,BRneg,1.276
2025-04-24,28,BRpos,2.191
2025-04-24,28,BRneg,0.693
2025-04-24,29,BRpos,6.43
2025-04-24,29,BRneg,1.589
2025-04-24,30,BRpos,3.503
2025-04-24,30,BRneg,1.285
2025-04-24,31,BRpos,2.987
2025-04-24,31,BRneg,1.27
2025-04-24,32,BRpos,3.024
2025-04-24,32,BRneg,1.157
2025-04-24,33,BRpos,7.174
2025-04-24,33,BRneg,1.244
2025-04-24,34,BRpos,4.738
2025-04-24,34,BRneg,3.344
2025-04-24,35,BRpos,10.632
2025-04-24,35,BRneg,3.713
2025-04-24,36,BRpos,3.312
2025-04-24,36,BRneg,1.435
2025-04-24,37,BRpos,6.631
2025-04-24,37,BRneg,3.894
2025-04-24,38,BRpos,4.942
2025-04-24,38,BRneg,2.597
2025-04-24,39,BRpos,3.576
2025-04-24,39,BRneg,1.975
2025-04-24,40,BRpos,1.668
2025-04-24,40,BRneg,0.898
2025-04-24,41,BRpos,1.712
2025-04-24,41,BRneg,0.659
2025-04-24,42,BRpos,1.17
2025-04-24,42,BRneg,1.049
2025-04-24,43,BRpos,2.874
2025-04-24,43,BRneg,0.648
2025-04-24,44,BRpos,2.431
2025-04-24,44,BRneg,2.553
2025-04-24,45,BRpos,2.251
2025-04-24,45,BRneg,1.246
2025-04-24,46,BRpos,2.225
2025-04-24,46,BRneg,0.534
2025-04-24,47,BRpos,1.38
2025-04-24,47,BRneg,1.691
2025-04-24,48,BRpos,1.902
2025-04-24,48,BRneg,2.074
2025-04-25,1,BRpos,1.723
2025-04-25,1,BRneg,1.5
2025-04-25,2,BRpos,2.63
2025-04-25,2,BRneg,1.26
2025-04-25,3,BRpos,2.427
2025-04-25,3,BRneg,2.129
2025-04-25,4,BRpos,4.336
2025-04-25,4,BRneg,1.809
2025-04-25,5,BRpos,1.489
2025-04-25,5,BRneg,0.76
2025-04-25,6,BRpos,2.403
2025-04-25,6,BRneg,1.078
2025-04-25,7,BRpos,2.21
2025-04-25,7,BRneg,0.797
2025-04-25,8,BRpos,1.674
2025-04-25,8,BRneg,1.044
2025-04-25,9,BRpos,3.176
2025-04-25,9,BRneg,1.08
2025-04-25,10,BRpos,2.311
2025-04-25,10,BRneg,1.584
2025-04-25,11,BRpos,6.473
2025-04-25,11,BRneg,0.636
2025-04-25,12,BRpos,2.183
2025-04-25,12,BRneg,1.504
2025-04-25,13,BRpos,3.091
2025-04-25,13,BRneg,0.96
2025-04-25,14,BRpos,3.617
2025-04-25,14,BRneg,0.685
2025-04-25,15,BRpos,3.864
2025-04-25,15,BRneg,1.716
2025-04-25,16,BRpos,2.194
2025-04-25,16,BRneg,1.05
2025-04-25,17,BRpos,1.977
2025-04-25,17,BRneg,1.189
2025-04-25,18,BRpos,2.038
2025-04-25,18,BRneg,1.999
2025-04-25,19,BRpos,2.138
2025-04-25,19,BRneg,1.963
2025-04-25,20,BRpos,1.714
2025-04-25,20,BRneg,1.711
2025-04-25,21,BRpos,6.44
2025-04-25,21,BRneg,1.48
2025-04-25,22,BRpos,4.293
2025-04-25,22,BRneg,1.308
2025-04-25,23,BRpos,1.946
2025-04-25,23,BRneg,1.881
2025-04-25,24,BRpos,2.348
2025-04-25,24,BRneg,1.441
2025-04-25,25,BRpos,2.174
2025-04-25,25,BRneg,1.3
2025-04-25,26,BRpos,3.16
2025-04-25,26,BRneg,1.15
2025-04-25,27,BRpos,6.569
2025-04-25,27,BRneg,0.427
2025-04-25,28,BRpos,3.185
2025-04-25,28,BRneg,0.735
2025-04-25,29,BRpos,4.928
2025-04-25,29,BRneg,1.382
2025-04-25,30,BRpos,3.129
2025-04-25,30,BRneg,2.172
2025-04-25,31,BRpos,1.292
2025-04-25,31,BRneg,0.95
2025-04-25,32,BRpos,2.712
2025-04-25,32,BRneg,0.786
2025-04-25,33,BRpos,3.635
2025-04-25,33,BRneg,1.076
2025-04-25,34,BRpos,11.909
2025-04-25,34,BRneg,3.422
2025-04-25,35,BRpos,1.897
2025-04-25,35,BRneg,1.755
2025-04-25,36,BRpos,6.922
2025-04-25,36,BRneg,1.262
2025-04-25,37,BRpos,11.142
2025-04-25,37,BRneg,3.285
2025-04-25,38,BRpos,2.571
2025-04-25,38,BRneg,1.473
2025-04-25,39,BRpos,7.913
2025-04-25,39,BRneg,2.324
2025-04-25,40,BRpos,1.326
2025-04-25,40,BRneg,2.847
2025-04-25,41,BRpos,2.156
2025-04-25,41,BRneg,0.744
2025-04-25,42,BRpos,2.57
2025-04-25,42,BRneg,1.168
2025-04-25,43,BRpos,4.736
2025-04-25,43,BRneg,1.418
2025-04-25,44,BRpos,3.646
2025-04-25,44,BRneg,1.77
2025-04-25,45,BRpos,5.442
2025-04-25,45,BRneg,0.804
2025-04-25,46,BRpos,2.571
2025-04-25,46,BRneg,0.816
2025-04-25,47,BRpos,3.244
2025-04-25,47,BRneg,1.868
2025-04-25,48,BRpos,3.169
2025-04-25,48,BRneg,0.763
2025-04-26,1,BRpos,3.848
2025-04-26,1,BRneg,1.484
2025-04-26,2,BRpos,1.508
2025-04-26,2,BRneg,2.086
2025-04-26,3,BRpos,6.968
2025-04-26,3,BRneg,0.621
2025-04-26,4,BRpos,2.186
2025-04-26,4,BRneg,1.706
2025-04-26,5,BRpos,3.172
2025-04-26,5,BRneg,0.587
2025-04-26,6,BRpos,2.92
2025-04-26,6,BRneg,0.94
2025-04-26,7,BRpos,3.528
2025-04-26,7,BRneg,1.903
2025-04-26,8,BRpos,3.568
2025-04-26,8,BRneg,1.436
2025-04-26,9,BRpos,2.712
2025-04-26,9,BRneg,1.622
2025-04-26,10,BRpos,2.716
2025-04-26,10,BRneg,1.095
2025-04-26,11,BRpos,2.156
2025-04-26,11,BRneg,0.552
2025-04-26,12,BRpos,2.035
2025-04-26,12,BRneg,1.904
2025-04-26,13,BRpos,3.545
2025-04-26,13,BRneg,0.611
2025-04-26,14,BRpos,2.79
2025-04-26,14,BRneg,1.232
2025-04-26,15,BRpos,2.784
2025-04-26,15,BRneg,2.889
2025-04-26,16,BRpos,1.762
2025-04-26,16,BRneg,0.905
2025-04-26,17,BRpos,4.502
2025-04-26,17,BRneg,0.639
2025-04-26,18,BRpos,3.241
2025-04-26,18,BRneg,1.029
2025-04-26,19,BRpos,3.408
2025-04-26,19,BRneg,1.617
2025-04-26,20,BRpos,2.854
2025-04-26,20,BRneg,0.827
2025-04-26,21,BRpos,2.273
2025-04-26,21,BRneg,1.528
2025-04-26,22,BRpos,2.048
2025-04-26,22,BRneg,1.077
2025-04-26,23,BRpos,2.649
2025-04-26,23,BRneg,3.174
2025-04-26,24,BRpos,2.639
2025-04-26,24,BRneg,1.964
2025-04-26,25,BRpos,4.032
2025-04-26,25,BRneg,1.214
2025-04-26,26,BRpos,2.856
2025-04-26,26,BRneg,1.165
2025-04-26,27,BRpos,2.301
2025-04-26,27,BRneg,1.217
2025-04-26,28,BRpos,4.234
2025-04-26,28,BRneg,1.207
2025-04-26,29,BRpos,3.17
2025-04-26,29,BRneg,1.147
2025-04-26,30,BRpos,2.387
2025-04-26,30,BRneg,1.312
2025-04-26,31,BRpos,4.665
2025-04-26,31,BRneg,1.331
2025-04-26,32,BRpos,2.138
2025-04-26,32,BRneg,1.301
2025-04-26,33,BRpos,1.743
2025-04-26,33,BRneg,2.397
2025-04-26,34,BRpos,2.659
2025-04-26,34,BRneg,2.567
2025-04-26,35,BRpos,4.86
2025-04-26,35,BRneg,1.721
2025-04-26,36,BRpos,2.671
2025-04-26,36,BRneg,2.253
2025-04-26,37,BRpos,3.619
2025-04-26,37,BRneg,1.421
2025-04-26,38,BRpos,3.564
2025-04-26,38,BRneg,2.719
2025-04-26,39,BRpos,3.26
2025-04-26,39,BRneg,2.335
2025-04-26,40,BRpos,1.711
2025-04-26,40,BRneg,1.023
2025-04-26,41,BRpos,1.739
2025-04-26,41,BRneg,2.703
2025-04-26,42,BRpos,2.015
2025-04-26,42,BRneg,0.812
2025-04-26,43,BRpos,5.408
2025-04-26,43,BRneg,1.099
2025-04-26,44,BRpos,2.435
2025-04-26,44,BRneg,0.908
2025-04-26,45,BRpos,4.125
2025-04-26,45,BRneg,1.168
2025-04-26,46,BRpos,2.973
2025-04-26,46,BRneg,1.765
2025-04-26,47,BRpos,2.73
2025-04-26,47,BRneg,1.821
2025-04-26,48,BRpos,2.425
2025-04-26,48,BRneg,1.474
2025-04-27,1,BRpos,2.843
2025-04-27,1,BRneg,1.159
2025-04-27,2,BRpos,2.211
2025-04-27,2,BRneg,2.165
2025-04-27,3,BRpos,4.137
2025-04-27,3,BRneg,1.805
2025-04-27,4,BRpos,3.621
2025-04-27,4,BRneg,1.16
2025-04-27,5,BRpos,2.252
2025-04-27,5,BRneg,1.255
2025-04-27,6,BRpos,1.85
2025-04-27,6,BRneg,2.834
2025-04-27,7,BRpos,1.751
2025-04-27,7,BRneg,1.012
2025-04-27,8,BRpos,2.738
2025-04-27,8,BRneg,1.533
2025-04-27,9,BRpos,4.018
2025-04-27,9,BRneg,4.499
2025-04-27,10,BRpos,1.794
2025-04-27,10,BRneg,2.403
2025-04-27,11,BRpos,3.511
2025-04-27,11,BRneg,1.648
2025-04-27,12,BRpos,3.035
2025-04-27,12,BRneg,1.918
2025-04-27,13,BRpos,5.172
2025-04-27,13,BRneg,1.341
2025-04-27,14,BRpos,3.894
2025-04-27,14,BRneg,0.691
2025-04-27,15,BRpos,3.68
2025-04-27,15,BRneg,1.246
2025-04-27,16,BRpos,1.786
2025-04-27,16,BRneg,1.73
2025-04-27,17,BRpos,1.956
2025-04-27,17,BRneg,1.318
2025-04-27,18,BRpos,2.73
2025-04-27,18,BRneg,1.992
2025-04-27,19,BRpos,1.286
2025-04-27,19,BRneg,1.254
2025-04-27,20,BRpos,3.14
2025-04-27,20,BRneg,1.447
2025-04-27,21,BRpos,3.188
2025-04-27,21,BRneg,1.842
2025-04-27,22,BRpos,1.432
2025-04-27,22,BRneg,1.587
2025-04-27,23,BRpos,3.129
2025-04-27,23,BRneg,0.933
2025-04-27,24,BRpos,2.223
2025-04-27,24,BRneg,0.431
2025-04-27,25,BRpos,2.517
2025-04-27,25,BRneg,0.816
2025-04-27,26,BRpos,1.4
2025-04-27,26,BRneg,1.557
2025-04-27,27,BRpos,4.638
2025-04-27,27,BRneg,2.256
2025-04-27,28,BRpos,2.386
2025-04-27,28,BRneg,0.861
2025-04-27,29,BRpos,6.792
2025-04-27,29,BRneg,1.057
2025-04-27,30,BRpos,1.259
2025-04-27,30,BRneg,1.227
2025-04-27,31,BRpos,5.259
2025-04-27,31,BRneg,1.469
2025-04-27,32,BRpos,4.42
2025-04-27,32,BRneg,1.297
2025-04-27,33,BRpos,3.687
2025-04-27,33,BRneg,0.888
2025-04-27,34,BRpos,6.389
2025-04-27,34,BRneg,2.131
2025-04-27,35,BRpos,3.771
2025-04-27,35,BRneg,1.755
2025-04-27,36,BRpos,5.371
2025-04-27,36,BRneg,2.126
2025-04-27,37,BRpos,4.121
2025-04-27,37,BRneg,0.824
2025-04-27,38,BRpos,3.501
2025-04-27,38,BRneg,3.441
2025-04-27,39,BRpos,3.303
2025-04-27,39,BRneg,2.025
2025-04-27,40,BRpos,3.387
2025-04-27,40,BRneg,0.418
2025-04-27,41,BRpos,2.57
2025-04-27,41,BRneg,1.187
2025-04-27,42,BRpos,3.377
2025-04-27,42,BRneg,1.602
2025-04-27,43,BRpos,3.434
2025-04-27,43,BRneg,1.046
2025-04-27,44,BRpos,3.148
2025-04-27,44,BRneg,1.208
2025-04-27,45,BRpos,4.721
2025-04-27,45,BRneg,0.877
2025-04-27,46,BRpos,3.045
2025-04-27,46,BRneg,0.701
2025-04-27,47,BRpos,3.17
2025-04-27,47,BRneg,1.424
2025-04-27,48,BRpos,2.776
2025-04-27,48,BRneg,1.01
2025-04-28,1,BRpos,1.63
2025-04-28,1,BRneg,1.354
2025-04-28,2,BRpos,2.863
2025-04-28,2,BRneg,1.025
2025-04-28,3,BRpos,1.512
2025-04-28,3,BRneg,2.65
2025-04-28,4,BRpos,2.886
2025-04-28,4,BRneg,2.448
2025-04-28,5,BRpos,2.129
2025-04-28,5,BRneg,0.803
2025-04-28,6,BRpos,1.374
2025-04-28,6,BRneg,1.011
2025-04-28,7,BRpos,2.933
2025-04-28,7,BRneg,2.562
2025-04-28,8,BRpos,3.952
2025-04-28,8,BRneg,1.146
2025-04-28,9,BRpos,2.765
2025-04-28,9,BRneg,2.011
2025-04-28,10,BRpos,2.287
2025-04-28,10,BRneg,1.38
2025-04-28,11,BRpos,6.245
2025-04-28,11,BRneg,0.835
2025-04-28,12,BRpos,5.113
2025-04-28,12,BRneg,0.639
2025-04-28,13,BRpos,3.906
2025-04-28,13,BRneg,1.638
2025-04-28,14,BRpos,1.978
2025-04-28,14,BRneg,1.77
2025-04-28,15,BRpos,2.213
2025-04-28,15,BRneg,1.157
2025-04-28,16,BRpos,1.55
2025-04-28,16,BRneg,1.895
2025-04-28,17,BRpos,1.148
2025-04-28,17,BRneg,1.296
2025-04-28,18,BRpos,1.097
2025-04-28,18,BRneg,1.434
2025-04-28,19,BRpos,2.21
2025-04-28,19,BRneg,0.634
2025-04-28,20,BRpos,4.138
2025-04-28,20,BRneg,1.799
2025-04-28,21,BRpos,2.082
2025-04-28,21,BRneg,1.312
2025-04-28,22,BRpos,2.725
2025-04-28,22,BRneg,1.695
2025-04-28,23,BRpos,1.415
2025-04-28,23,BRneg,1.152
2025-04-28,24,BRpos,2.188
2025-04-28,24,BRneg,1.295
2025-04-28,25,BRpos,2.919
2025-04-28,25,BRneg,0.67
2025-04-28,26,BRpos,1.77
2025-04-28,26,BRneg,0.634
2025-04-28,27,BRpos,1.538
2025-04-28,27,BRneg,0.656
2025-04-28,28,BRpos,1.931
2025-04-28,28,BRneg,1.508
2025-04-28,29,BRpos,1.867
2025-04-28,29,BRneg,1.401
2025-04-28,30,BRpos,3.42
2025-04-28,30,BRneg,1.385
2025-04-28,31,BRpos,1.855
2025-04-28,31,BRneg,0.853
2025-04-28,32,BRpos,3.016
2025-04-28,32,BRneg,2.178
2025-04-28,33,BRpos,2.913
2025-04-28,33,BRneg,1.606
2025-04-28,34,BRpos,3.987
2025-04-28,34,BRneg,3.21
2025-04-28,35,BRpos,1.882
2025-04-28,35,BRneg,4.523
2025-04-28,36,BRpos,6.331
2025-04-28,36,BRneg,0.893
2025-04-28,37,BRpos,9.57
2025-04-28,37,BRneg,4.899
2025-04-28,38,BRpos,4.888
2025-04-28,38,BRneg,1.741
2025-04-28,39,BRpos,1.879
2025-04-28,39,BRneg,2.173
2025-04-28,40,BRpos,3.891
2025-04-28,40,BRneg,0.795
2025-04-28,41,BRpos,1.324
2025-04-28,41,BRneg,1.348
2025-04-28,42,BRpos,2.382
2025-04-28,42,BRneg,2.914
2025-04-28,43,BRpos,0.97
2025-04-28,43,BRneg,1.579
2025-04-28,44,BRpos,1.663
2025-04-28,44,BRneg,1.119
2025-04-28,45,BRpos,2.161
2025-04-28,45,BRneg,1.598
2025-04-28,46,BRpos,4.217
2025-04-28,46,BRneg,0.558
2025-04-28,47,BRpos,3.208
2025-04-28,47,BRneg,0.985
2025-04-28,48,BRpos,1.809
2025-04-28,48,BRneg,0.747
2025-04-29,1,BRpos,5.073
2025-04-29,1,BRneg,0.816
2025-04-29,2,BRpos,1.075
2025-04-29,2,BRneg,1.138
2025-04-29,3,BRpos,2.726
2025-04-29,3,BRneg,0.627
2025-04-29,4,BRpos,2.438
2025-04-29,4,BRneg,0.895
2025-04-29,5,BRpos,2.125
2025-04-29,5,BRneg,0.682
2025-04-29,6,BRpos,1.93
2025-04-29,6,BRneg,0.944
2025-04-29,7,BRpos,4.018
2025-04-29,7,BRneg,1.006
2025-04-29,8,BRpos,2.324
2025-04-29,8,BRneg,1.945
2025-04-29,9,BRpos,1.915
2025-04-29,9,BRneg,0.434
2025-04-29,10,BRpos,3.758
2025-04-29,10,BRneg,0.862
2025-04-29,11,BRpos,1.08
2025-04-29,11,BRneg,1.09
2025-04-29,12,BRpos,2.969
2025-04-29,12,BRneg,2.694
2025-04-29,13,BRpos,2.476
2025-04-29,13,BRneg,2.924
2025-04-29,14,BRpos,4.197
2025-04-29,14,BRneg,1.023
2025-04-29,15,BRpos,4.69
2025-04-29,15,BRneg,0.604
2025-04-29,16,BRpos,1.39
2025-04-29,16,BRneg,1.055
2025-04-29,17,BRpos,1.942
2025-04-29,17,BRneg,2.07
2025-04-29,18,BRpos,1.28
2025-04-29,18,BRneg,1.466
2025-04-29,19,BRpos,3.555
2025-04-29,19,BRneg,1.473
2025-04-29,20,BRpos,3.983
2025-04-29,20,BRneg,0.618
2025-04-29,21,BRpos,3.074
2025-04-29,21,BRneg,2.56
2025-04-29,22,BRpos,3.324
2025-04-29,22,BRneg,1.438
2025-04-29,23,BRpos,4.785
2025-04-29,23,BRneg,0.723
2025-04-29,24,BRpos,2.238
2025-04-29,24,BRneg,1.274
2025-04-29,25,BRpos,2.788
2025-04-29,25,BRneg,1.353
2025-04-29,26,BRpos,1.318
2025-04-29,26,BRneg,1.926
2025-04-29,27,BRpos,3.07
2025-04-29,27,BRneg,0.814
2025-04-29,28,BRpos,1.127
2025-04-29,28,BRneg,1.336
2025-04-29,29,BRpos,2.059
2025-04-29,29,BRneg,0.782
2025-04-29,30,BRpos,2.608
2025-04-29,30,BRneg,0.777
2025-04-29,31,BRpos,4.523
2025-04-29,31,BRneg,1.17
2025-04-29,32,BRpos,2.082
2025-04-29,32,BRneg,1.892
2025-04-29,33,BRpos,3.122
2025-04-29,33,BRneg,2.027
2025-04-29,34,BRpos,5.794
2025-04-29,34,BRneg,2.725
2025-04-29,35,BRpos,5.046
2025-04-29,35,BRneg,1.736
2025-04-29,36,BRpos,5.538
2025-04-29,36,BRneg,2.065
2025-04-29,37,BRpos,4.436
2025-04-29,37,BRneg,2.038
2025-04-29,38,BRpos,3.036
2025-04-29,38,BRneg,2.468
2025-04-29,39,BRpos,9.21
2025-04-29,39,BRneg,1.661
2025-04-29,40,BRpos,1.841
2025-04-29,40,BRneg,0.961
2025-04-29,41,BRpos,3.312
2025-04-29,41,BRneg,0.983
2025-04-29,42,BRpos,5.129
2025-04-29,42,BRneg,0.681
2025-04-29,43,BRpos,7.758
2025-04-29,43,BRneg,1.736
2025-04-29,44,BRpos,3.339
2025-04-29,44,BRneg,1.39
2025-04-29,45,BRpos,2.718
2025-04-29,45,BRneg,1.327
2025-04-29,46,BRpos,2.165
2025-04-29,46,BRneg,0.704
2025-04-29,47,BRpos,1.846
2025-04-29,47,BRneg,1.744
2025-04-29,48,BRpos,2.1
2025-04-29,48,BRneg,1.007
2025-04-30,1,BRpos,2.254
2025-04-30,1,BRneg,1.254
2025-04-30,2,BRpos,4.672
2025-04-30,2,BRneg,1.659
2025-04-30,3,BRpos,2.299
2025-04-30,3,BRneg,1.909
2025-04-30,4,BRpos,2.667
2025-04-30,4,BRneg,0.817
2025-04-30,5,BRpos,3.144
2025-04-30,5,BRneg,2.401
2025-04-30,6,BRpos,3.514
2025-04-30,6,BRneg,0.841
2025-04-30,7,BRpos,2.491
2025-04-30,7,BRneg,0.982
2025-04-30,8,BRpos,2.233
2025-04-30,8,BRneg,1.616
2025-04-30,9,BRpos,2.371
2025-04-30,9,BRneg,1.047
2025-04-30,10,BRpos,3.073
2025-04-30,10,BRneg,0.847
2025-04-30,11,BRpos,2.157
2025-04-30,11,BRneg,0.677
2025-04-30,12,BRpos,4.805
2025-04-30,12,BRneg,1.271
2025-04-30,13,BRpos,1.548
2025-04-30,13,BRneg,1.929
2025-04-30,14,BRpos,4.215
2025-04-30,14,BRneg,1.096
2025-04-30,15,BRpos,2.917
2025-04-30,15,BRneg,1.019
2025-04-30,16,BRpos,2.662
2025-04-30,16,BRneg,1.167
2025-04-30,17,BRpos,3.889
2025-04-30,17,BRneg,1.624
2025-04-30,18,BRpos,3.623
2025-04-30,18,BRneg,1.424
2025-04-30,19,BRpos,7.401
2025-04-30,19,BRneg,1.026
2025-04-30,20,BRpos,2.066
2025-04-30,20,BRneg,1.304
2025-04-30,21,BRpos,2.563
2025-04-30,21,BRneg,2.946
2025-04-30,22,BRpos,4.189
2025-04-30,22,BRneg,0.654
2025-04-30,23,BRpos,4.508
2025-04-30,23,BRneg,2.357
2025-04-30,24,BRpos,2.509
2025-04-30,24,BRneg,1.619
2025-04-30,25,BRpos,2.289
2025-04-30,25,BRneg,0.729
2025-04-30,26,BRpos,2.77
2025-04-30,26,BRneg,0.868
2025-04-30,27,BRpos,4.746
2025-04-30,27,BRneg,1.168
2025-04-30,28,BRpos,3.048
2025-04-30,28,BRneg,1.6
2025-04-30,29,BRpos,2.46
2025-04-30,29,BRneg,1.709
2025-04-30,30,BRpos,3.042
2025-04-30,30,BRneg,1.088
2025-04-30,31,BRpos,5.56
2025-04-30,31,BRneg,1.431
2025-04-30,32,BRpos,1.575
2025-04-30,32,BRneg,0.523
2025-04-30,33,BRpos,4.676
2025-04-30,33,BRneg,1.916
2025-04-30,34,BRpos,2.764
2025-04-30,34,BRneg,0.613
2025-04-30,35,BRpos,3.765
2025-04-30,35,BRneg,1.107
2025-04-30,36,BRpos,5.964
2025-04-30,36,BRneg,1.803
2025-04-30,37,BRpos,4.692
2025-04-30,37,BRneg,1.283
2025-04-30,38,BRpos,5.529
2025-04-30,38,BRneg,1.718
2025-04-30,39,BRpos,6.538
2025-04-30,39,BRneg,1.359
2025-04-30,40,BRpos,1.016
2025-04-30,40,BRneg,2.947
2025-04-30,41,BRpos,1.99
2025-04-30,41,BRneg,1.071
2025-04-30,42,BRpos,1.649
2025-04-30,42,BRneg,2.623
2025-04-30,43,BRpos,2.473
2025-04-30,43,BRneg,0.869
2025-04-30,44,BRpos,2.202
2025-04-30,44,BRneg,0.751
2025-04-30,45,BRpos,2.357
2025-04-30,45,BRneg,2.086
2025-04-30,46,BRpos,2.541
2025-04-30,46,BRneg,0.729
2025-04-30,47,BRpos,3.461
2025-04-30,47,BRneg,2.078
2025-04-30,48,BRpos,8.005
2025-04-30,48,BRneg,1.599
2025-05-01,1,BRpos,3.144
2025-05-01,1,BRneg,0.907
2025-05-01,2,BRpos,2.554
2025-05-01,2,BRneg,0.696
2025-05-01,3,BRpos,2.551
2025-05-01,3,BRneg,1.52
2025-05-01,4,BRpos,2.108
2025-05-01,4,BRneg,2.213
2025-05-01,5,BRpos,2.679
2025-05-01,5,BRneg,0.406
2025-05-01,6,BRpos,2.981
2025-05-01,6,BRneg,0.695
2025-05-01,7,BRpos,2.996
2025-05-01,7,BRneg,1.904
2025-05-01,8,BRpos,1.457
2025-05-01,8,BRneg,0.438
2025-05-01,9,BRpos,1.964
2025-05-01,9,BRneg,1.491
2025-05-01,10,BRpos,1.54
2025-05-01,10,BRneg,0.688
2025-05-01,11,BRpos,2.63
2025-05-01,11,BRneg,1.557
2025-05-01,12,BRpos,5.934
2025-05-01,12,BRneg,1.463
2025-05-01,13,BRpos,3.628
2025-05-01,13,BRneg,0.849
2025-05-01,14,BRpos,3.006
2025-05-01,14,BRneg,1.293
2025-05-01,15,BRpos,1.406
2025-05-01,15,BRneg,3.123
2025-05-01,16,BRpos,1.573
2025-05-01,16,BRneg,1.868
2025-05-01,17,BRpos,4.245
2025-05-01,17,BRneg,0.909
2025-05-01,18,BRpos,1.682
2025-05-01,18,BRneg,1.351
2025-05-01,19,BRpos,1.804
2025-05-01,19,BRneg,1.778
2025-05-01,20,BRpos,1.344
2025-05-01,20,BRneg,2.467
2025-05-01,21,BRpos,3.561
2025-05-01,21,BRneg,0.688
2025-05-01,22,BRpos,2.287
2025-05-01,22,BRneg,0.901
2025-05-01,23,BRpos,3.185
2025-05-01,23,BRneg,0.92
2025-05-01,24,BRpos,1.976
2025-05-01,24,BRneg,1.298
2025-05-01,25,BRpos,2.346
2025-05-01,25,BRneg,1.831
2025-05-01,26,BRpos,0.979
2025-05-01,26,BRneg,1.444
2025-05-01,27,BRpos,2.984
2025-05-01,27,BRneg,1.251
2025-05-01,28,BRpos,5.765
2025-05-01,28,BRneg,0.351
2025-05-01,29,BRpos,1.193
2025-05-01,29,BRneg,1.245
2025-05-01,30,BRpos,5.579
2025-05-01,30,BRneg,1.44
2025-05-01,31,BRpos,3.493
2025-05-01,31,BRneg,2.357
2025-05-01,32,BRpos,2.644
2025-05-01,32,BRneg,2.22
2025-05-01,33,BRpos,5.223
2025-05-01,33,BRneg,1.015
2025-05-01,34,BRpos,5.69
2025-05-01,34,BRneg,1.591
2025-05-01,35,BRpos,2.88
2025-05-01,35,BRneg,1.65
2025-05-01,36,BRpos,5.32
2025-05-01,36,BRneg,4.564
2025-05-01,37,BRpos,4.217
2025-05-01,37,BRneg,1.329
2025-05-01,38,BRpos,4.354
2025-05-01,38,BRneg,2.112
2025-05-01,39,BRpos,2.22
2025-05-01,39,BRneg,1.932
2025-05-01,40,BRpos,1.944
2025-05-01,40,BRneg,0.83
2025-05-01,41,BRpos,2.022
2025-05-01,41,BRneg,0.799
2025-05-01,42,BRpos,2.141
2025-05-01,42,BRneg,0.743
2025-05-01,43,BRpos,2.298
2025-05-01,43,BRneg,0.698
2025-05-01,44,BRpos,4.382
2025-05-01,44,BRneg,1.385
2025-05-01,45,BRpos,2.536
2025-05-01,45,BRneg,0.697
2025-05-01,46,BRpos,2.209
2025-05-01,46,BRneg,1.239
2025-05-01,47,BRpos,3.227
2025-05-01,47,BRneg,0.94
2025-05-01,48,BRpos,1.948
2025-05-01,48,BRneg,2.336
2025-05-02,1,BRpos,2.723
2025-05-02,1,BRneg,0.649
2025-05-02,2,BRpos,3.397
2025-05-02,2,BRneg,1.415
2025-05-02,3,BRpos,2.603
2025-05-02,3,BRneg,0.516
2025-05-02,4,BRpos,7.14
2025-05-02,4,BRneg,0.787
2025-05-02,5,BRpos,2.422
2025-05-02,5,BRneg,1.318
2025-05-02,6,BRpos,3.624
2025-05-02,6,BRneg,1.935
2025-05-02,7,BRpos,2.241
2025-05-02,7,BRneg,1.891
2025-05-02,8,BRpos,2.752
2025-05-02,8,BRneg,1.603
2025-05-02,9,BRpos,1.816
2025-05-02,9,BRneg,0.598
2025-05-02,10,BRpos,2.48
2025-05-02,10,BRneg,1.747
2025-05-02,11,BRpos,2.711
2025-05-02,11,BRneg,0.556
2025-05-02,12,BRpos,1.989
2025-05-02,12,BRneg,1.038
2025-05-02,13,BRpos,2.369
2025-05-02,13,BRneg,1.206
2025-05-02,14,BRpos,2.383
2025-05-02,14,BRneg,1.754
2025-05-02,15,BRpos,1.527
2025-05-02,15,BRneg,1.845
2025-05-02,16,BRpos,6.212
2025-05-02,16,BRneg,1.612
2025-05-02,17,BRpos,2.795
2025-05-02,17,BRneg,1.432
2025-05-02,18,BRpos,2.52
2025-05-02,18,BRneg,0.623
2025-05-02,19,BRpos,5.917
2025-05-02,19,BRneg,1.031
2025-05-02,20,BRpos,3.043
2025-05-02,20,BRneg,1.488
2025-05-02,21,BRpos,2.693
2025-05-02,21,BRneg,1.162
2025-05-02,22,BRpos,7.402
2025-05-02,22,BRneg,2.065
2025-05-02,23,BRpos,1.943
2025-05-02,23,BRneg,1.388
2025-05-02,24,BRpos,1.509
2025-05-02,24,BRneg,3.213
2025-05-02,25,BRpos,1.285
2025-05-02,25,BRneg,1.614
2025-05-02,26,BRpos,1.584
2025-05-02,26,BRneg,0.973
2025-05-02,27,BRpos,1.943
2025-05-02,27,BRneg,0.774
2025-05-02,28,BRpos,1.531
2025-05-02,28,BRneg,1.367
2025-05-02,29,BRpos,2.212
2025-05-02,29,BRneg,1.275
2025-05-02,30,BRpos,3.748
2025-05-02,30,BRneg,1.319
2025-05-02,31,BRpos,2.222
2025-05-02,31,BRneg,2.396
2025-05-02,32,BRpos,5.523
2025-05-02,32,BRneg,0.451
2025-05-02,33,BRpos,2.481
2025-05-02,33,BRneg,0.604
2025-05-02,34,BRpos,7.797
2025-05-02,34,BRneg,1.608
2025-05-02,35,BRpos,2.634
2025-05-02,35,BRneg,0.869
2025-05-02,36,BRpos,1.18
2025-05-02,36,BRneg,0.652
2025-05-02,37,BRpos,3.372
2025-05-02,37,BRneg,1.912
2025-05-02,38,BRpos,2.787
2025-05-02,38,BRneg,1.93
2025-05-02,39,BRpos,1.804
2025-05-02,39,BRneg,1.793
2025-05-02,40,BRpos,2.228
2025-05-02,40,BRneg,2.134
2025-05-02,41,BRpos,7.214
2025-05-02,41,BRneg,1.246
2025-05-02,42,BRpos,3.381
2025-05-02,42,BRneg,2.319
2025-05-02,43,BRpos,1.829
2025-05-02,43,BRneg,1.135
2025-05-02,44,BRpos,6.52
2025-05-02,44,BRneg,1.502
2025-05-02,45,BRpos,2.398
2025-05-02,45,BRneg,0.819
2025-05-02,46,BRpos,2.376
2025-05-02,46,BRneg,1.143
2025-05-02,47,BRpos,4.324
2025-05-02,47,BRneg,2.074
2025-05-02,48,BRpos,3.306
2025-05-02,48,BRneg,0.618
2025-05-03,1,BRpos,6.155
2025-05-03,1,BRneg,1.374
2025-05-03,2,BRpos,3.953
2025-05-03,2,BRneg,1.439
2025-05-03,3,BRpos,1.297
2025-05-03,3,BRneg,0.866
2025-05-03,4,BRpos,4.608
2025-05-03,4,BRneg,1.012
2025-05-03,5,BRpos,4.429
2025-05-03,5,BRneg,2.236
2025-05-03,6,BRpos,2.934
2025-05-03,6,BRneg,1.524
2025-05-03,7,BRpos,3.278
2025-05-03,7,BRneg,1.627
2025-05-03,8,BRpos,1.584
2025-05-03,8,BRneg,1.198
2025-05-03,9,BRpos,0.842
2025-05-03,9,BRneg,0.754
2025-05-03,10,BRpos,3.701
2025-05-03,10,BRneg,0.701
2025-05-03,11,BRpos,3.711
2025-05-03,11,BRneg,0.899
2025-05-03,12,BRpos,0.935
2025-05-03,12,BRneg,1.236
2025-05-03,13,BRpos,1.832
2025-05-03,13,BRneg,1.172
2025-05-03,14,BRpos,2.929
2025-05-03,14,BRneg,1.635
2025-05-03,15,BRpos,0.59
2025-05-03,15,BRneg,2.4
2025-05-03,16,BRpos,7.092
2025-05-03,16,BRneg,0.536
2025-05-03,17,BRpos,2.903
2025-05-03,17,BRneg,0.715
2025-05-03,18,BRpos,1.907
2025-05-03,18,BRneg,1.171
2025-05-03,19,BRpos,4.008
2025-05-03,19,BRneg,1.878
2025-05-03,20,BRpos,4.031
2025-05-03,20,BRneg,0.904
2025-05-03,21,BRpos,1.398
2025-05-03,21,BRneg,0.647
2025-05-03,22,BRpos,1.621
2025-05-03,22,BRneg,0.953
2025-05-03,23,BRpos,1.315
2025-05-03,23,BRneg,1.301
2025-05-03,24,BRpos,1.996
2025-05-03,24,BRneg,1.952
2025-05-03,25,BRpos,3.209
2025-05-03,25,BRneg,0.916
2025-05-03,26,BRpos,2.426
2025-05-03,26,BRneg,1.154
2025-05-03,27,BRpos,3.028
2025-05-03,27,BRneg,1.024
2025-05-03,28,BRpos,2.816
2025-05-03,28,BRneg,1.027
2025-05-03,29,BRpos,2.927
2025-05-03,29,BRneg,2.658
2025-05-03,30,BRpos,7.277
2025-05-03,30,BRneg,1.439
2025-05-03,31,BRpos,1.513
2025-05-03,31,BRneg,1.829
2025-05-03,32,BRpos,3.425
2025-05-03,32,BRneg,1.587
2025-05-03,33,BRpos,4.811
2025-05-03,33,BRneg,0.63
2025-05-03,34,BRpos,4.349
2025-05-03,34,BRneg,3.688
2025-05-03,35,BRpos,6.012
2025-05-03,35,BRneg,2.725
2025-05-03,36,BRpos,6.498
2025-05-03,36,BRneg,1.383
2025-05-03,37,BRpos,5.784
2025-05-03,37,BRneg,3.364
2025-05-03,38,BRpos,3.353
2025-05-03,38,BRneg,3.135
2025-05-03,39,BRpos,1.035
2025-05-03,39,BRneg,3.246
2025-05-03,40,BRpos,4.013
2025-05-03,40,BRneg,1.025
2025-05-03,41,BRpos,3.241
2025-05-03,41,BRneg,1.793
2025-05-03,42,BRpos,2.437
2025-05-03,42,BRneg,1.799
2025-05-03,43,BRpos,2.86
2025-05-03,43,BRneg,1.089
2025-05-03,44,BRpos,2.292
2025-05-03,44,BRneg,1.157
2025-05-03,45,BRpos,2.014
2025-05-03,45,BRneg,1.458
2025-05-03,46,BRpos,2.158
2025-05-03,46,BRneg,0.628
2025-05-03,47,BRpos,1.216
2025-05-03,47,BRneg,1.379
2025-05-03,48,BRpos,1.674
2025-05-03,48,BRneg,1.394
2025-05-04,1,BRpos,2.203
2025-05-04,1,BRneg,1.339
2025-05-04,2,BRpos,1.098
2025-05-04,2,BRneg,2.187
2025-05-04,3,BRpos,3.119
2025-05-04,3,BRneg,1.018
2025-05-04,4,BRpos,2.893
2025-05-04,4,BRneg,1.356
2025-05-04,5,BRpos,5.07
2025-05-04,5,BRneg,1.207
2025-05-04,6,BRpos,4.154
2025-05-04,6,BRneg,1.26
2025-05-04,7,BRpos,1.193
2025-05-04,7,BRneg,1.06
2025-05-04,8,BRpos,2.985
2025-05-04,8,BRneg,1.196
2025-05-04,9,BRpos,2.995
2025-05-04,9,BRneg,1.109
2025-05-04,10,BRpos,2.612
2025-05-04,10,BRneg,0.418
2025-05-04,11,BRpos,2.284
2025-05-04,11,BRneg,1.378
2025-05-04,12,BRpos,4.864
2025-05-04,12,BRneg,1.713
2025-05-04,13,BRpos,3.16
2025-05-04,13,BRneg,2.033
2025-05-04,14,BRpos,7.534
2025-05-04,14,BRneg,1.065
2025-05-04,15,BRpos,1.935
2025-05-04,15,BRneg,0.876
2025-05-04,16,BRpos,2.344
2025-05-04,16,BRneg,1.283
2025-05-04,17,BRpos,4.964
2025-05-04,17,BRneg,1.862
2025-05-04,18,BRpos,1.24
2025-05-04,18,BRneg,1.357
2025-05-04,19,BRpos,2.628
2025-05-04,19,BRneg,1.135
2025-05-04,20,BRpos,3.972
2025-05-04,20,BRneg,1.01
2025-05-04,21,BRpos,6.382
2025-05-04,21,BRneg,1.112
2025-05-04,22,BRpos,2.255
2025-05-04,22,BRneg,1.071
2025-05-04,23,BRpos,1.71
2025-05-04,23,BRneg,0.79
2025-05-04,24,BRpos,1.788
2025-05-04,24,BRneg,1.122
2025-05-04,25,BRpos,2.09
2025-05-04,25,BRneg,1.222
2025-05-04,26,BRpos,1.72
2025-05-04,26,BRneg,1.047
2025-05-04,27,BRpos,1.346
2025-05-04,27,BRneg,1.725
2025-05-04,28,BRpos,4.999
2025-05-04,28,BRneg,2.477
2025-05-04,29,BRpos,1.273
2025-05-04,29,BRneg,2.159
2025-05-04,30,BRpos,2.139
2025-05-04,30,BRneg,1.536
2025-05-04,31,BRpos,2.484
2025-05-04,31,BRneg,0.489
2025-05-04,32,BRpos,2.49
2025-05-04,32,BRneg,1.292
2025-05-04,33,BRpos,2.632
2025-05-04,33,BRneg,1.001
2025-05-04,34,BRpos,8.561
2025-05-04,34,BRneg,1.139
2025-05-04,35,BRpos,2.928
2025-05-04,35,BRneg,2.29
2025-05-04,36,BRpos,5.331
2025-05-04,36,BRneg,2.557
2025-05-04,37,BRpos,5.877
2025-05-04,37,BRneg,1.428
2025-05-04,38,BRpos,5.79
2025-05-04,38,BRneg,1.683
2025-05-04,39,BRpos,5.871
2025-05-04,39,BRneg,1.697
2025-05-04,40,BRpos,1.133
2025-05-04,40,BRneg,0.416
2025-05-04,41,BRpos,1.076
2025-05-04,41,BRneg,1.071
2025-05-04,42,BRpos,1.393
2025-05-04,42,BRneg,2.188
2025-05-04,43,BRpos,1.395
2025-05-04,43,BRneg,1.493
2025-05-04,44,BRpos,3.283
2025-05-04,44,BRneg,1.396
2025-05-04,45,BRpos,4.406
2025-05-04,45,BRneg,1.137
2025-05-04,46,BRpos,1.881
2025-05-04,46,BRneg,1.116
2025-05-04,47,BRpos,2.291
2025-05-04,47,BRneg,1.251
2025-05-04,48,BRpos,2.504
2025-05-04,48,BRneg,0.815
2025-05-05,1,BRpos,3.156
2025-05-05,1,BRneg,1.967
2025-05-05,2,BRpos,1.748
2025-05-05,2,BRneg,1.923
2025-05-05,3,BRpos,1.915
2025-05-05,3,BRneg,1.595
2025-05-05,4,BRpos,2.711
2025-05-05,4,BRneg,1.263
2025-05-05,5,BRpos,3.496
2025-05-05,5,BRneg,1.208
2025-05-05,6,BRpos,6.031
2025-05-05,6,BRneg,1.16
2025-05-05,7,BRpos,4.208
2025-05-05,7,BRneg,1.887
2025-05-05,8,BRpos,3.615
2025-05-05,8,BRneg,0.826
2025-05-05,9,BRpos,2.843
2025-05-05,9,BRneg,1.168
2025-05-05,10,BRpos,5.98
2025-05-05,10,BRneg,2.48
2025-05-05,11,BRpos,1.32
2025-05-05,11,BRneg,1.243
2025-05-05,12,BRpos,2.07
2025-05-05,12,BRneg,2.014
2025-05-05,13,BRpos,4.341
2025-05-05,13,BRneg,1.242
2025-05-05,14,BRpos,1.516
2025-05-05,14,BRneg,2.005
2025-05-05,15,BRpos,0.923
2025-05-05,15,BRneg,1.467
2025-05-05,16,BRpos,2.058
2025-05-05,16,BRneg,0.648
2025-05-05,17,BRpos,2.32
2025-05-05,17,BRneg,1.07
2025-05-05,18,BRpos,2.207
2025-05-05,18,BRneg,2.565
2025-05-05,19,BRpos,2.383
2025-05-05,19,BRneg,1.644
2025-05-05,20,BRpos,2.642
2025-05-05,20,BRneg,0.764
2025-05-05,21,BRpos,3.159
2025-05-05,21,BRneg,2.666
2025-05-05,22,BRpos,2.121
2025-05-05,22,BRneg,1.498
2025-05-05,23,BRpos,4.293
2025-05-05,23,BRneg,1.363
2025-05-05,24,BRpos,2.059
2025-05-05,24,BRneg,1.035
2025-05-05,25,BRpos,4.189
2025-05-05,25,BRneg,1.114
2025-05-05,26,BRpos,1.873
2025-05-05,26,BRneg,0.782
2025-05-05,27,BRpos,1.713
2025-05-05,27,BRneg,1.282
2025-05-05,28,BRpos,4.244
2025-05-05,28,BRneg,1.886
2025-05-05,29,BRpos,2.227
2025-05-05,29,BRneg,0.581
2025-05-05,30,BRpos,3.936
2025-05-05,30,BRneg,1.053
2025-05-05,31,BRpos,2.308
2025-05-05,31,BRneg,1.67
2025-05-05,32,BRpos,2.956
2025-05-05,32,BRneg,1.315
2025-05-05,33,BRpos,6.151
2025-05-05,33,BRneg,1.295
2025-05-05,34,BRpos,2.465
2025-05-05,34,BRneg,1.804
2025-05-05,35,BRpos,5.883
2025-05-05,35,BRneg,1.259
2025-05-05,36,BRpos,10.339
2025-05-05,36,BRneg,1.689
2025-05-05,37,BRpos,4.027
2025-05-05,37,BRneg,3.876
2025-05-05,38,BRpos,5.258
2025-05-05,38,BRneg,2.297
2025-05-05,39,BRpos,6.037
2025-05-05,39,BRneg,2.074
2025-05-05,40,BRpos,3.454
2025-05-05,40,BRneg,1.993
2025-05-05,41,BRpos,2.402
2025-05-05,41,BRneg,0.637
2025-05-05,42,BRpos,3.052
2025-05-05,42,BRneg,1.052
2025-05-05,43,BRpos,5.031
2025-05-05,43,BRneg,1.365
2025-05-05,44,BRpos,1.276
2025-05-05,44,BRneg,0.704
2025-05-05,45,BRpos,2.364
2025-05-05,45,BRneg,2.041
2025-05-05,46,BRpos,6.707
2025-05-05,46,BRneg,0.574
2025-05-05,47,BRpos,2.322
2025-05-05,47,BRneg,1.193
2025-05-05,48,BRpos,1.888
2025-05-05,48,BRneg,0.928
2025-05-06,1,BRpos,3.299
2025-05-06,1,BRneg,1.236
2025-05-06,2,BRpos,4.175
2025-05-06,2,BRneg,0.588
2025-05-06,3,BRpos,1.011
2025-05-06,3,BRneg,0.459
2025-05-06,4,BRpos,1.605
2025-05-06,4,BRneg,0.66
2025-05-06,5,BRpos,4.237
2025-05-06,5,BRneg,1.292
2025-05-06,6,BRpos,1.935
2025-05-06,6,BRneg,1.267
2025-05-06,7,BRpos,2.048
2025-05-06,7,BRneg,0.999
2025-05-06,8,BRpos,2.955
2025-05-06,8,BRneg,1.213
2025-05-06,9,BRpos,2.332
2025-05-06,9,BRneg,1.982
2025-05-06,10,BRpos,1.836
2025-05-06,10,BRneg,0.544
2025-05-06,11,BRpos,3.137
2025-05-06,11,BRneg,1.277
2025-05-06,12,BRpos,1.436
2025-05-06,12,BRneg,1.314
2025-05-06,13,BRpos,1.738
2025-05-06,13,BRneg,0.656
2025-05-06,14,BRpos,0.729
2025-05-06,14,BRneg,1.767
2025-05-06,15,BRpos,2.175
2025-05-06,15,BRneg,0.854
2025-05-06,16,BRpos,3.565
2025-05-06,16,BRneg,0.926
2025-05-06,17,BRpos,2.632
2025-05-06,17,BRneg,0.591
2025-05-06,18,BRpos,3.219
2025-05-06,18,BRneg,0.807
2025-05-06,19,BRpos,2.688
2025-05-06,19,BRneg,2.264
2025-05-06,20,BRpos,4.064
2025-05-06,20,BRneg,0.98
2025-05-06,21,BRpos,4.341
2025-05-06,21,BRneg,1.416
2025-05-06,22,BRpos,2.441
2025-05-06,22,BRneg,1.439
2025-05-06,23,BRpos,1.159
2025-05-06,23,BRneg,1.338
2025-05-06,24,BRpos,3.153
2025-05-06,24,BRneg,2.558
2025-05-06,25,BRpos,1.567
2025-05-06,25,BRneg,2.074
2025-05-06,26,BRpos,4.783
2025-05-06,26,BRneg,0.895
2025-05-06,27,BRpos,1.922
2025-05-06,27,BRneg,0.656
2025-05-06,28,BRpos,2.07
2025-05-06,28,BRneg,1.523
2025-05-06,29,BRpos,3.962
2025-05-06,29,BRneg,0.899
2025-05-06,30,BRpos,2.645
2025-05-06,30,BRneg,0.912
2025-05-06,31,BRpos,2.18
2025-05-06,31,BRneg,0.804
2025-05-06,32,BRpos,2.064
2025-05-06,32,BRneg,1.508
2025-05-06,33,BRpos,2.504
2025-05-06,33,BRneg,2.644
2025-05-06,34,BRpos,6.14
2025-05-06,34,BRneg,2.805
2025-05-06,35,BRpos,3.438
2025-05-06,35,BRneg,1.175
2025-05-06,36,BRpos,3.374
2025-05-06,36,BRneg,2.525
2025-05-06,37,BRpos,3.917
2025-05-06,37,BRneg,1.891
2025-05-06,38,BRpos,6.875
2025-05-06,38,BRneg,2.08
2025-05-06,39,BRpos,4.895
2025-05-06,39,BRneg,1.286
2025-05-06,40,BRpos,3.349
2025-05-06,40,BRneg,1.112
2025-05-06,41,BRpos,6.926
2025-05-06,41,BRneg,0.428
2025-05-06,42,BRpos,4.769
2025-05-06,42,BRneg,1.721
2025-05-06,43,BRpos,2.865
2025-05-06,43,BRneg,1.195
2025-05-06,44,BRpos,2.083
2025-05-06,44,BRneg,1.197
2025-05-06,45,BRpos,6.164
2025-05-06,45,BRneg,0.981
2025-05-06,46,BRpos,1.957
2025-05-06,46,BRneg,1.004
2025-05-06,47,BRpos,3.371
2025-05-06,47,BRneg,0.943
2025-05-06,48,BRpos,1.878
2025-05-06,48,BRneg,1.028
2025-05-07,1,BRpos,1.054
2025-05-07,1,BRneg,2.444
2025-05-07,2,BRpos,2.599
2025-05-07,2,BRneg,1.053
2025-05-07,3,BRpos,3.428
2025-05-07,3,BRneg,0.657
2025-05-07,4,BRpos,2.109
2025-05-07,4,BRneg,0.991
2025-05-07,5,BRpos,2.514
2025-05-07,5,BRneg,1.805
2025-05-07,6,BRpos,3.474
2025-05-07,6,BRneg,2.951
2025-05-07,7,BRpos,5.121
2025-05-07,7,BRneg,1.442
2025-05-07,8,BRpos,2.196
2025-05-07,8,BRneg,1.055
2025-05-07,9,BRpos,8.656
2025-05-07,9,BRneg,1.692
2025-05-07,10,BRpos,2.862
2025-05-07,10,BRneg,0.696
2025-05-07,11,BRpos,4.763
2025-05-07,11,BRneg,0.98
2025-05-07,12,BRpos,2.575
2025-05-07,12,BRneg,1.153
2025-05-07,13,BRpos,3.656
2025-05-07,13,BRneg,1.061
2025-05-07,14,BRpos,2.87
2025-05-07,14,BRneg,0.843
2025-05-07,15,BRpos,3.443
2025-05-07,15,BRneg,1.335
2025-05-07,16,BRpos,2.428
2025-05-07,16,BRneg,0.77
2025-05-07,17,BRpos,4.33
2025-05-07,17,BRneg,1.17
2025-05-07,18,BRpos,3.619
2025-05-07,18,BRneg,1.25
2025-05-07,19,BRpos,3.262
2025-05-07,19,BRneg,0.969
2025-05-07,20,BRpos,2.458
2025-05-07,20,BRneg,1.944
2025-05-07,21,BRpos,2.105
2025-05-07,21,BRneg,3.322
2025-05-07,22,BRpos,1.651
2025-05-07,22,BRneg,0.475
2025-05-07,23,BRpos,3.053
2025-05-07,23,BRneg,0.549
2025-05-07,24,BRpos,2.748
2025-05-07,24,BRneg,2.845
2025-05-07,25,BRpos,2.504
2025-05-07,25,BRneg,1.43
2025-05-07,26,BRpos,2.342
2025-05-07,26,BRneg,0.819
2025-05-07,27,BRpos,2.0
2025-05-07,27,BRneg,1.563
2025-05-07,28,BRpos,1.888
2025-05-07,28,BRneg,1.159
2025-05-07,29,BRpos,3.867
2025-05-07,29,BRneg,1.801
2025-05-07,30,BRpos,1.357
2025-05-07,30,BRneg,1.036
2025-05-07,31,BRpos,3.306
2025-05-07,31,BRneg,0.83
2025-05-07,32,BRpos,3.608
2025-05-07,32,BRneg,1.034
2025-05-07,33,BRpos,3.791
2025-05-07,33,BRneg,1.582
2025-05-07,34,BRpos,4.061
2025-05-07,34,BRneg,3.576
2025-05-07,35,BRpos,8.536
2025-05-07,35,BRneg,1.655
2025-05-07,36,BRpos,5.412
2025-05-07,36,BRneg,1.36
2025-05-07,37,BRpos,4.49
2025-05-07,37,BRneg,0.932
2025-05-07,38,BRpos,3.957
2025-05-07,38,BRneg,1.258
2025-05-07,39,BRpos,8.938
2025-05-07,39,BRneg,3.379
2025-05-07,40,BRpos,2.698
2025-05-07,40,BRneg,0.534
2025-05-07,41,BRpos,1.257
2025-05-07,41,BRneg,1.341
2025-05-07,42,BRpos,3.116
2025-05-07,42,BRneg,1.618
2025-05-07,43,BRpos,1.662
2025-05-07,43,BRneg,1.634
2025-05-07,44,BRpos,2.36
2025-05-07,44,BRneg,1.531
2025-05-07,45,BRpos,3.153
2025-05-07,45,BRneg,2.137
2025-05-07,46,BRpos,3.113
2025-05-07,46,BRneg,0.9
2025-05-07,47,BRpos,2.683
2025-05-07,47,BRneg,1.248
2025-05-07,48,BRpos,2.136
2025-05-07,48,BRneg,1.016
2025-05-08,1,BRpos,1.828
2025-05-08,1,BRneg,0.711
2025-05-08,2,BRpos,2.031
2025-05-08,2,BRneg,1.181
2025-05-08,3,BRpos,2.503
2025-05-08,3,BRneg,0.473
2025-05-08,4,BRpos,1.667
2025-05-08,4,BRneg,1.853
2025-05-08,5,BRpos,1.179
2025-05-08,5,BRneg,0.899
2025-05-08,6,BRpos,4.252
2025-05-08,6,BRneg,2.898
2025-05-08,7,BRpos,4.394
2025-05-08,7,BRneg,0.906
2025-05-08,8,BRpos,0.875
2025-05-08,8,BRneg,0.994
2025-05-08,9,BRpos,1.732
2025-05-08,9,BRneg,0.622
2025-05-08,10,BRpos,4.008
2025-05-08,10,BRneg,1.275
2025-05-08,11,BRpos,6.677
2025-05-08,11,BRneg,1.182
2025-05-08,12,BRpos,1.117
2025-05-08,12,BRneg,0.921
2025-05-08,13,BRpos,1.004
2025-05-08,13,BRneg,1.559
2025-05-08,14,BRpos,3.8
2025-05-08,14,BRneg,1.455
2025-05-08,15,BRpos,5.249
2025-05-08,15,BRneg,0.672
2025-05-08,16,BRpos,2.382
2025-05-08,16,BRneg,0.598
2025-05-08,17,BRpos,4.842
2025-05-08,17,BRneg,0.702
2025-05-08,18,BRpos,1.445
2025-05-08,18,BRneg,1.109
2025-05-08,19,BRpos,2.095
2025-05-08,19,BRneg,1.101
2025-05-08,20,BRpos,3.531
2025-05-08,20,BRneg,0.752
2025-05-08,21,BRpos,3.247
2025-05-08,21,BRneg,1.128
2025-05-08,22,BRpos,1.758
2025-05-08,22,BRneg,1.168
2025-05-08,23,BRpos,3.512
2025-05-08,23,BRneg,1.37
2025-05-08,24,BRpos,3.276
2025-05-08,24,BRneg,0.808
2025-05-08,25,BRpos,3.111
2025-05-08,25,BRneg,0.436
2025-05-08,26,BRpos,1.332
2025-05-08,26,BRneg,0.746
2025-05-08,27,BRpos,2.115
2025-05-08,27,BRneg,0.635
2025-05-08,28,BRpos,4.905
2025-05-08,28,BRneg,2.588
2025-05-08,29,BRpos,3.737
2025-05-08,29,BRneg,1.542
2025-05-08,30,BRpos,1.022
2025-05-08,30,BRneg,1.989
2025-05-08,31,BRpos,3.61
2025-05-08,31,BRneg,1.645
2025-05-08,32,BRpos,1.657
2025-05-08,32,BRneg,2.015
2025-05-08,33,BRpos,1.804
2025-05-08,33,BRneg,0.995
2025-05-08,34,BRpos,2.037
2025-05-08,34,BRneg,2.849
2025-05-08,35,BRpos,3.902
2025-05-08,35,BRneg,1.189
2025-05-08,36,BRpos,3.503
2025-05-08,36,BRneg,1.723
2025-05-08,37,BRpos,8.089
2025-05-08,37,BRneg,2.052
2025-05-08,38,BRpos,2.244
2025-05-08,38,BRneg,1.696
2025-05-08,39,BRpos,2.317
2025-05-08,39,BRneg,0.755
2025-05-08,40,BRpos,1.925
2025-05-08,40,BRneg,1.597
2025-05-08,41,BRpos,4.206
2025-05-08,41,BRneg,3.297
2025-05-08,42,BRpos,1.958
2025-05-08,42,BRneg,0.919
2025-05-08,43,BRpos,3.082
2025-05-08,43,BRneg,1.818
2025-05-08,44,BRpos,1.881
2025-05-08,44,BRneg,1.258
2025-05-08,45,BRpos,1.61
2025-05-08,45,BRneg,1.39
2025-05-08,46,BRpos,3.419
2025-05-08,46,BRneg,2.127
2025-05-08,47,BRpos,2.031
2025-05-08,47,BRneg,1.01
2025-05-08,48,BRpos,3.116
2025-05-08,48,BRneg,0.818
2025-05-09,1,BRpos,0.931
2025-05-09,1,BRneg,0.655
2025-05-09,2,BRpos,2.115
2025-05-09,2,BRneg,1.544
2025-05-09,3,BRpos,3.198
2025-05-09,3,BRneg,0.878
2025-05-09,4,BRpos,1.748
2025-05-09,4,BRneg,0.527
2025-05-09,5,BRpos,3.101
2025-05-09,5,BRneg,1.117
2025-05-09,6,BRpos,0.976
2025-05-09,6,BRneg,1.373
2025-05-09,7,BRpos,0.906
2025-05-09,7,BRneg,1.039
2025-05-09,8,BRpos,2.263
2025-05-09,8,BRneg,1.149
2025-05-09,9,BRpos,3.358
2025-05-09,9,BRneg,0.839
2025-05-09,10,BRpos,3.388
2025-05-09,10,BRneg,1.018
2025-05-09,11,BRpos,2.42
2025-05-09,11,BRneg,0.822
2025-05-09,12,BRpos,1.22
2025-05-09,12,BRneg,1.766
2025-05-09,13,BRpos,2.022
2025-05-09,13,BRneg,0.463
2025-05-09,14,BRpos,2.773
2025-05-09,14,BRneg,1.363
2025-05-09,15,BRpos,5.954
2025-05-09,15,BRneg,0.568
2025-05-09,16,BRpos,2.674
2025-05-09,16,BRneg,0.93
2025-05-09,17,BRpos,1.833
2025-05-09,17,BRneg,1.554
2025-05-09,18,BRpos,2.409
2025-05-09,18,BRneg,1.565
2025-05-09,19,BRpos,1.105
2025-05-09,19,BRneg,1.836
2025-05-09,20,BRpos,1.94
2025-05-09,20,BRneg,0.875
2025-05-09,21,BRpos,4.745
2025-05-09,21,BRneg,1.721
2025-05-09,22,BRpos,4.315
2025-05-09,22,BRneg,1.117
2025-05-09,23,BRpos,3.154
2025-05-09,23,BRneg,0.989
2025-05-09,24,BRpos,3.295
2025-05-09,24,BRneg,1.268
2025-05-09,25,BRpos,3.798
2025-05-09,25,BRneg,2.305
2025-05-09,26,BRpos,1.212
2025-05-09,26,BRneg,1.815
2025-05-09,27,BRpos,4.848
2025-05-09,27,BRneg,1.275
2025-05-09,28,BRpos,2.049
2025-05-09,28,BRneg,1.95
2025-05-09,29,BRpos,3.77
2025-05-09,29,BRneg,1.71
2025-05-09,30,BRpos,1.503
2025-05-09,30,BRneg,0.826
2025-05-09,31,BRpos,3.066
2025-05-09,31,BRneg,1.215
2025-05-09,32,BRpos,1.829
2025-05-09,32,BRneg,0.549
2025-05-09,33,BRpos,2.892
2025-05-09,33,BRneg,1.539
2025-05-09,34,BRpos,2.045
2025-05-09,34,BRneg,2.866
2025-05-09,35,BRpos,11.216
2025-05-09,35,BRneg,1.999
2025-05-09,36,BRpos,5.363
2025-05-09,36,BRneg,2.803
2025-05-09,37,BRpos,6.862
2025-05-09,37,BRneg,2.384
2025-05-09,38,BRpos,8.658
2025-05-09,38,BRneg,1.953
2025-05-09,39,BRpos,3.042
2025-05-09,39,BRneg,3.218
2025-05-09,40,BRpos,3.246
2025-05-09,40,BRneg,1.559
2025-05-09,41,BRpos,1.337
2025-05-09,41,BRneg,2.125
2025-05-09,42,BRpos,2.785
2025-05-09,42,BRneg,1.323
2025-05-09,43,BRpos,1.793
2025-05-09,43,BRneg,2.002
2025-05-09,44,BRpos,1.487
2025-05-09,44,BRneg,1.091
2025-05-09,45,BRpos,3.526
2025-05-09,45,BRneg,1.217
2025-05-09,46,BRpos,2.285
2025-05-09,46,BRneg,1.131
2025-05-09,47,BRpos,1.454
2025-05-09,47,BRneg,1.566
2025-05-09,48,BRpos,4.155
2025-05-09,48,BRneg,1.346
2025-05-10,1,BRpos,2.108
2025-05-10,1,BRneg,0.853
2025-05-10,2,BRpos,3.247
2025-05-10,2,BRneg,0.411
2025-05-10,3,BRpos,1.821
2025-05-10,3,BRneg,0.653
2025-05-10,4,BRpos,2.081
2025-05-10,4,BRneg,0.56
2025-05-10,5,BRpos,1.208
2025-05-10,5,BRneg,0.915
2025-05-10,6,BRpos,1.959
2025-05-10,6,BRneg,0.61
2025-05-10,7,BRpos,4.207
2025-05-10,7,BRneg,2.1
2025-05-10,8,BRpos,4.521
2025-05-10,8,BRneg,1.406
2025-05-10,9,BRpos,2.334
2025-05-10,9,BRneg,1.226
2025-05-10,10,BRpos,2.156
2025-05-10,10,BRneg,2.151
2025-05-10,11,BRpos,2.287
2025-05-10,11,BRneg,1.113
2025-05-10,12,BRpos,7.581
2025-05-10,12,BRneg,0.557
2025-05-10,13,BRpos,3.978
2025-05-10,13,BRneg,1.381
2025-05-10,14,BRpos,4.625
2025-05-10,14,BRneg,1.87
2025-05-10,15,BRpos,3.016
2025-05-10,15,BRneg,0.992
2025-05-10,16,BRpos,0.99
2025-05-10,16,BRneg,1.098
2025-05-10,17,BRpos,1.618
2025-05-10,17,BRneg,1.969
2025-05-10,18,BRpos,2.727
2025-05-10,18,BRneg,1.13
2025-05-10,19,BRpos,2.127
2025-05-10,19,BRneg,2.14
2025-05-10,20,BRpos,2.677
2025-05-10,20,BRneg,2.324
2025-05-10,21,BRpos,3.292
2025-05-10,21,BRneg,1.639
2025-05-10,22,BRpos,2.673
2025-05-10,22,BRneg,0.594
2025-05-10,23,BRpos,1.392
2025-05-10,23,BRneg,0.823
2025-05-10,24,BRpos,5.775
2025-05-10,24,BRneg,0.77
2025-05-10,25,BRpos,1.885
2025-05-10,25,BRneg,1.669
2025-05-10,26,BRpos,1.245
2025-05-10,26,BRneg,1.437
2025-05-10,27,BRpos,1.448
2025-05-10,27,BRneg,1.291
2025-05-10,28,BRpos,4.279
2025-05-10,28,BRneg,0.93
2025-05-10,29,BRpos,3.849
2025-05-10,29,BRneg,1.298
2025-05-10,30,BRpos,1.389
2025-05-10,30,BRneg,1.092
2025-05-10,31,BRpos,1.903
2025-05-10,31,BRneg,0.848
2025-05-10,32,BRpos,1.675
2025-05-10,32,BRneg,2.334
2025-05-10,33,BRpos,2.875
2025-05-10,33,BRneg,0.96
2025-05-10,34,BRpos,2.011
2025-05-10,34,BRneg,2.63
2025-05-10,35,BRpos,9.582
2025-05-10,35,BRneg,0.997
2025-05-10,36,BRpos,2.966
2025-05-10,36,BRneg,1.387
2025-05-10,37,BRpos,4.157
2025-05-10,37,BRneg,2.799
2025-05-10,38,BRpos,7.579
2025-05-10,38,BRneg,2.274
2025-05-10,39,BRpos,1.239
2025-05-10,39,BRneg,2.438
2025-05-10,40,BRpos,3.797
2025-05-10,40,BRneg,0.915
2025-05-10,41,BRpos,3.402
2025-05-10,41,BRneg,2.142
2025-05-10,42,BRpos,3.485
2025-05-10,42,BRneg,0.881
2025-05-10,43,BRpos,5.553
2025-05-10,43,BRneg,0.917
2025-05-10,44,BRpos,3.127
2025-05-10,44,BRneg,0.832
2025-05-10,45,BRpos,2.718
2025-05-10,45,BRneg,1.663
2025-05-10,46,BRpos,3.806
2025-05-10,46,BRneg,0.823
2025-05-10,47,BRpos,3.214
2025-05-10,47,BRneg,0.889
2025-05-10,48,BRpos,4.156
2025-05-10,48,BRneg,1.473
2025-05-11,1,BRpos,1.833
2025-05-11,1,BRneg,1.612
2025-05-11,2,BRpos,1.978
2025-05-11,2,BRneg,1.014
2025-05-11,3,BRpos,4.126
2025-05-11,3,BRneg,1.262
2025-05-11,4,BRpos,1.668
2025-05-11,4,BRneg,0.559
2025-05-11,5,BRpos,1.366
2025-05-11,5,BRneg,0.562
2025-05-11,6,BRpos,2.465
2025-05-11,6,BRneg,1.927
2025-05-11,7,BRpos,2.203
2025-05-11,7,BRneg,1.264
2025-05-11,8,BRpos,3.391
2025-05-11,8,BRneg,3.232
2025-05-11,9,BRpos,3.113
2025-05-11,9,BRneg,1.436
2025-05-11,10,BRpos,1.994
2025-05-11,10,BRneg,1.734
2025-05-11,11,BRpos,2.498
2025-05-11,11,BRneg,1.485
2025-05-11,12,BRpos,2.172
2025-05-11,12,BRneg,0.598
2025-05-11,13,BRpos,4.183
2025-05-11,13,BRneg,2.03
2025-05-11,14,BRpos,2.735
2025-05-11,14,BRneg,1.855
2025-05-11,15,BRpos,2.073
2025-05-11,15,BRneg,2.263
2025-05-11,16,BRpos,2.506
2025-05-11,16,BRneg,0.978
2025-05-11,17,BRpos,2.517
2025-05-11,17,BRneg,1.487
2025-05-11,18,BRpos,1.691
2025-05-11,18,BRneg,0.97
2025-05-11,19,BRpos,1.121
2025-05-11,19,BRneg,0.958
2025-05-11,20,BRpos,1.834
2025-05-11,20,BRneg,0.947
2025-05-11,21,BRpos,3.883
2025-05-11,21,BRneg,1.456
2025-05-11,22,BRpos,1.112
2025-05-11,22,BRneg,1.521
2025-05-11,23,BRpos,2.174
2025-05-11,23,BRneg,1.62
2025-05-11,24,BRpos,3.316
2025-05-11,24,BRneg,2.823
2025-05-11,25,BRpos,6.227
2025-05-11,25,BRneg,3.107
2025-05-11,26,BRpos,1.779
2025-05-11,26,BRneg,2.053
2025-05-11,27,BRpos,2.587
2025-05-11,27,BRneg,1.49
2025-05-11,28,BRpos,3.759
2025-05-11,28,BRneg,0.85
2025-05-11,29,BRpos,1.683
2025-05-11,29,BRneg,0.888
2025-05-11,30,BRpos,1.602
2025-05-11,30,BRneg,1.722
2025-05-11,31,BRpos,2.308
2025-05-11,31,BRneg,0.774
2025-05-11,32,BRpos,1.982
2025-05-11,32,BRneg,0.827
2025-05-11,33,BRpos,6.156
2025-05-11,33,BRneg,1.367
2025-05-11,34,BRpos,2.628
2025-05-11,34,BRneg,1.837
2025-05-11,35,BRpos,6.339
2025-05-11,35,BRneg,1.893
2025-05-11,36,BRpos,4.103
2025-05-11,36,BRneg,3.517
2025-05-11,37,BRpos,5.488
2025-05-11,37,BRneg,1.835
2025-05-11,38,BRpos,2.374
2025-05-11,38,BRneg,1.265
2025-05-11,39,BRpos,6.76
2025-05-11,39,BRneg,0.987
2025-05-11,40,BRpos,5.397
2025-05-11,40,BRneg,1.735
2025-05-11,41,BRpos,1.387
2025-05-11,41,BRneg,2.903
2025-05-11,42,BRpos,3.218
2025-05-11,42,BRneg,1.313
2025-05-11,43,BRpos,2.635
2025-05-11,43,BRneg,0.964
2025-05-11,44,BRpos,2.944
2025-05-11,44,BRneg,1.845
2025-05-11,45,BRpos,1.871
2025-05-11,45,BRneg,1.349
2025-05-11,46,BRpos,3.298
2025-05-11,46,BRneg,1.736
2025-05-11,47,BRpos,2.966
2025-05-11,47,BRneg,1.584
2025-05-11,48,BRpos,2.989
2025-05-11,48,BRneg,2.814
2025-05-12,1,BRpos,2.995
2025-05-12,1,BRneg,1.211
2025-05-12,2,BRpos,3.394
2025-05-12,2,BRneg,0.699
2025-05-12,3,BRpos,6.357
2025-05-12,3,BRneg,1.092
2025-05-12,4,BRpos,2.594
2025-05-12,4,BRneg,0.946
2025-05-12,5,BRpos,3.012
2025-05-12,5,BRneg,1.934
2025-05-12,6,BRpos,1.977
2025-05-12,6,BRneg,1.638
2025-05-12,7,BRpos,2.278
2025-05-12,7,BRneg,1.025
2025-05-12,8,BRpos,4.089
2025-05-12,8,BRneg,0.877
2025-05-12,9,BRpos,2.177
2025-05-12,9,BRneg,1.417
2025-05-12,10,BRpos,1.761
2025-05-12,10,BRneg,0.679
2025-05-12,11,BRpos,3.295
2025-05-12,11,BRneg,0.523
2025-05-12,12,BRpos,3.336
2025-05-12,12,BRneg,1.016
2025-05-12,13,BRpos,3.034
2025-05-12,13,BRneg,1.911
2025-05-12,14,BRpos,1.556
2025-05-12,14,BRneg,1.316
2025-05-12,15,BRpos,5.73
2025-05-12,15,BRneg,0.75
2025-05-12,16,BRpos,3.441
2025-05-12,16,BRneg,0.867
2025-05-12,17,BRpos,5.38
2025-05-12,17,BRneg,0.747
2025-05-12,18,BRpos,1.531
2025-05-12,18,BRneg,1.304
2025-05-12,19,BRpos,2.559
2025-05-12,19,BRneg,1.249
2025-05-12,20,BRpos,2.456
2025-05-12,20,BRneg,2.082
2025-05-12,21,BRpos,1.719
2025-05-12,21,BRneg,0.879
2025-05-12,22,BRpos,2.312
2025-05-12,22,BRneg,4.124
2025-05-12,23,BRpos,2.339
2025-05-12,23,BRneg,0.435
2025-05-12,24,BRpos,3.324
2025-05-12,24,BRneg,1.302
2025-05-12,25,BRpos,3.742
2025-05-12,25,BRneg,0.955
2025-05-12,26,BRpos,2.184
2025-05-12,26,BRneg,2.065
2025-05-12,27,BRpos,1.493
2025-05-12,27,BRneg,0.897
2025-05-12,28,BRpos,3.516
2025-05-12,28,BRneg,0.645
2025-05-12,29,BRpos,5.375
2025-05-12,29,BRneg,0.649
2025-05-12,30,BRpos,5.119
2025-05-12,30,BRneg,1.413
2025-05-12,31,BRpos,1.378
2025-05-12,31,BRneg,0.693
2025-05-12,32,BRpos,1.444
2025-05-12,32,BRneg,1.299
2025-05-12,33,BRpos,3.723
2025-05-12,33,BRneg,0.754
2025-05-12,34,BRpos,2.562
2025-05-12,34,BRneg,3.19
2025-05-12,35,BRpos,4.646
2025-05-12,35,BRneg,0.912
2025-05-12,36,BRpos,5.91
2025-05-12,36,BRneg,1.72
2025-05-12,37,BRpos,1.63
2025-05-12,37,BRneg,2.691
2025-05-12,38,BRpos,3.306
2025-05-12,38,BRneg,1.247
2025-05-12,39,BRpos,11.081
2025-05-12,39,BRneg,1.792
2025-05-12,40,BRpos,2.665
2025-05-12,40,BRneg,0.763
2025-05-12,41,BRpos,3.278
2025-05-12,41,BRneg,0.728
2025-05-12,42,BRpos,4.691
2025-05-12,42,BRneg,0.388
2025-05-12,43,BRpos,2.365
2025-05-12,43,BRneg,1.398
2025-05-12,44,BRpos,3.29
2025-05-12,44,BRneg,2.903
2025-05-12,45,BRpos,1.949
2025-05-12,45,BRneg,0.894
2025-05-12,46,BRpos,3.928
2025-05-12,46,BRneg,0.279
2025-05-12,47,BRpos,2.319
2025-05-12,47,BRneg,1.171
2025-05-12,48,BRpos,2.704
2025-05-12,48,BRneg,0.585
2025-05-13,1,BRpos,2.631
2025-05-13,1,BRneg,1.465
2025-05-13,2,BRpos,2.669
2025-05-13,2,BRneg,1.419
2025-05-13,3,BRpos,4.802
2025-05-13,3,BRneg,1.168
2025-05-13,4,BRpos,2.229
2025-05-13,4,BRneg,0.818
2025-05-13,5,BRpos,1.4
2025-05-13,5,BRneg,1.563
2025-05-13,6,BRpos,2.218
2025-05-13,6,BRneg,0.545
2025-05-13,7,BRpos,1.321
2025-05-13,7,BRneg,1.215
2025-05-13,8,BRpos,1.839
2025-05-13,8,BRneg,1.105
2025-05-13,9,BRpos,3.25
2025-05-13,9,BRneg,1.305
2025-05-13,10,BRpos,3.008
2025-05-13,10,BRneg,1.277
2025-05-13,11,BRpos,2.644
2025-05-13,11,BRneg,0.894
2025-05-13,12,BRpos,4.07
2025-05-13,12,BRneg,0.911
2025-05-13,13,BRpos,2.62
2025-05-13,13,BRneg,0.602
2025-05-13,14,BRpos,0.91
2025-05-13,14,BRneg,0.771
2025-05-13,15,BRpos,1.685
2025-05-13,15,BRneg,1.609
2025-05-13,16,BRpos,1.491
2025-05-13,16,BRneg,1.164
2025-05-13,17,BRpos,3.328
2025-05-13,17,BRneg,1.13
2025-05-13,18,BRpos,5.011
2025-05-13,18,BRneg,1.57
2025-05-13,19,BRpos,2.019
2025-05-13,19,BRneg,0.911
2025-05-13,20,BRpos,1.899
2025-05-13,20,BRneg,0.758
2025-05-13,21,BRpos,4.403
2025-05-13,21,BRneg,0.994
2025-05-13,22,BRpos,2.812
2025-05-13,22,BRneg,2.167
2025-05-13,23,BRpos,2.482
2025-05-13,23,BRneg,1.296
2025-05-13,24,BRpos,3.115
2025-05-13,24,BRneg,1.49
2025-05-13,25,BRpos,2.357
2025-05-13,25,BRneg,0.98
2025-05-13,26,BRpos,2.561
2025-05-13,26,BRneg,1.019
2025-05-13,27,BRpos,3.573
2025-05-13,27,BRneg,0.96
2025-05-13,28,BRpos,3.133
2025-05-13,28,BRneg,0.785
2025-05-13,29,BRpos,6.053
2025-05-13,29,BRneg,1.04
2025-05-13,30,BRpos,3.108
2025-05-13,30,BRneg,1.153
2025-05-13,31,BRpos,3.078
2025-05-13,31,BRneg,1.038
2025-05-13,32,BRpos,1.133
2025-05-13,32,BRneg,1.076
2025-05-13,33,BRpos,2.542
2025-05-13,33,BRneg,1.175
2025-05-13,34,BRpos,12.922
2025-05-13,34,BRneg,1.585
2025-05-13,35,BRpos,5.355
2025-05-13,35,BRneg,0.903
2025-05-13,36,BRpos,4.892
2025-05-13,36,BRneg,3.365
2025-05-13,37,BRpos,1.216
2025-05-13,37,BRneg,1.322
2025-05-13,38,BRpos,6.229
2025-05-13,38,BRneg,0.677
2025-05-13,39,BRpos,4.855
2025-05-13,39,BRneg,2.333
2025-05-13,40,BRpos,1.753
2025-05-13,40,BRneg,3.277
2025-05-13,41,BRpos,3.38
2025-05-13,41,BRneg,0.717
2025-05-13,42,BRpos,2.233
2025-05-13,42,BRneg,1.328
2025-05-13,43,BRpos,0.909
2025-05-13,43,BRneg,0.632
2025-05-13,44,BRpos,1.276
2025-05-13,44,BRneg,0.905
2025-05-13,45,BRpos,1.736
2025-05-13,45,BRneg,0.868
2025-05-13,46,BRpos,3.204
2025-05-13,46,BRneg,1.09
2025-05-13,47,BRpos,1.995
2025-05-13,47,BRneg,1.494
2025-05-13,48,BRpos,4.025
2025-05-13,48,BRneg,1.791
2025-05-14,1,BRpos,2.652
2025-05-14,1,BRneg,0.807
2025-05-14,2,BRpos,1.496
2025-05-14,2,BRneg,0.805
2025-05-14,3,BRpos,1.665
2025-05-14,3,BRneg,1.633
2025-05-14,4,BRpos,1.903
2025-05-14,4,BRneg,2.042
2025-05-14,5,BRpos,3.194
2025-05-14,5,BRneg,0.747
2025-05-14,6,BRpos,2.601
2025-05-14,6,BRneg,0.964
2025-05-14,7,BRpos,3.267
2025-05-14,7,BRneg,0.603
2025-05-14,8,BRpos,2.824
2025-05-14,8,BRneg,0.925
2025-05-14,9,BRpos,1.866
2025-05-14,9,BRneg,1.428
2025-05-14,10,BRpos,1.33
2025-05-14,10,BRneg,0.949
2025-05-14,11,BRpos,1.762
2025-05-14,11,BRneg,1.644
2025-05-14,12,BRpos,2.18
2025-05-14,12,BRneg,0.87
2025-05-14,13,BRpos,3.749
2025-05-14,13,BRneg,1.782
2025-05-14,14,BRpos,2.051
2025-05-14,14,BRneg,0.549
2025-05-14,15,BRpos,1.333
2025-05-14,15,BRneg,3.334
2025-05-14,16,BRpos,6.246
2025-05-14,16,BRneg,0.92
2025-05-14,17,BRpos,2.013
2025-05-14,17,BRneg,0.989
2025-05-14,18,BRpos,2.345
2025-05-14,18,BRneg,0.457
2025-05-14,19,BRpos,3.158
2025-05-14,19,BRneg,0.834
2025-05-14,20,BRpos,3.923
2025-05-14,20,BRneg,0.52
2025-05-14,21,BRpos,2.398
2025-05-14,21,BRneg,0.94
2025-05-14,22,BRpos,2.025
2025-05-14,22,BRneg,1.184
2025-05-14,23,BRpos,3.104
2025-05-14,23,BRneg,1.079
2025-05-14,24,BRpos,1.125
2025-05-14,24,BRneg,1.341
2025-05-14,25,BRpos,1.569
2025-05-14,25,BRneg,1.474
2025-05-14,26,BRpos,1.643
2025-05-14,26,BRneg,1.401
2025-05-14,27,BRpos,3.234
2025-05-14,27,BRneg,1.157
2025-05-14,28,BRpos,2.165
2025-05-14,28,BRneg,0.355
2025-05-14,29,BRpos,1.424
2025-05-14,29,BRneg,1.029
2025-05-14,30,BRpos,3.142
2025-05-14,30,BRneg,1.093
2025-05-14,31,BRpos,4.262
2025-05-14,31,BRneg,0.437
2025-05-14,32,BRpos,1.745
2025-05-14,32,BRneg,0.96
2025-05-14,33,BRpos,3.628
2025-05-14,33,BRneg,1.236
2025-05-14,34,BRpos,5.03
2025-05-14,34,BRneg,0.944
2025-05-14,35,BRpos,1.926
2025-05-14,35,BRneg,2.093
2025-05-14,36,BRpos,2.605
2025-05-14,36,BRneg,2.943
2025-05-14,37,BRpos,2.865
2025-05-14,37,BRneg,2.728
2025-05-14,38,BRpos,4.365
2025-05-14,38,BRneg,0.987
2025-05-14,39,BRpos,2.095
2025-05-14,39,BRneg,1.848
2025-05-14,40,BRpos,4.037
2025-05-14,40,BRneg,3.371
2025-05-14,41,BRpos,1.886
2025-05-14,41,BRneg,2.686
2025-05-14,42,BRpos,5.352
2025-05-14,42,BRneg,0.808
2025-05-14,43,BRpos,2.059
2025-05-14,43,BRneg,1.082
2025-05-14,44,BRpos,4.855
2025-05-14,44,BRneg,1.488
2025-05-14,45,BRpos,1.129
2025-05-14,45,BRneg,0.967
2025-05-14,46,BRpos,2.175
2025-05-14,46,BRneg,1.547
2025-05-14,47,BRpos,2.106
2025-05-14,47,BRneg,0.84
2025-05-14,48,BRpos,1.976
2025-05-14,48,BRneg,1.765
2025-05-15,1,BRpos,1.978
2025-05-15,1,BRneg,0.89
2025-05-15,2,BRpos,2.725
2025-05-15,2,BRneg,0.85
2025-05-15,3,BRpos,4.333
2025-05-15,3,BRneg,1.219
2025-05-15,4,BRpos,3.705
2025-05-15,4,BRneg,1.002
2025-05-15,5,BRpos,2.68
2025-05-15,5,BRneg,1.164
2025-05-15,6,BRpos,4.916
2025-05-15,6,BRneg,1.362
2025-05-15,7,BRpos,3.764
2025-05-15,7,BRneg,0.91
2025-05-15,8,BRpos,3.848
2025-05-15,8,BRneg,1.802
2025-05-15,9,BRpos,1.676
2025-05-15,9,BRneg,0.618
2025-05-15,10,BRpos,1.583
2025-05-15,10,BRneg,0.69
2025-05-15,11,BRpos,6.828
2025-05-15,11,BRneg,1.013
2025-05-15,12,BRpos,1.168
2025-05-15,12,BRneg,0.825
2025-05-15,13,BRpos,1.201
2025-05-15,13,BRneg,1.218
2025-05-15,14,BRpos,2.588
2025-05-15,14,BRneg,1.614
2025-05-15,15,BRpos,1.776
2025-05-15,15,BRneg,0.618
2025-05-15,16,BRpos,1.779
2025-05-15,16,BRneg,0.925
2025-05-15,17,BRpos,0.877
2025-05-15,17,BRneg,0.892
2025-05-15,18,BRpos,4.052
2025-05-15,18,BRneg,0.509
2025-05-15,19,BRpos,1.76
2025-05-15,19,BRneg,0.525
2025-05-15,20,BRpos,3.551
2025-05-15,20,BRneg,1.445
2025-05-15,21,BRpos,3.217
2025-05-15,21,BRneg,0.975
2025-05-15,22,BRpos,2.356
2025-05-15,22,BRneg,1.461
2025-05-15,23,BRpos,3.146
2025-05-15,23,BRneg,1.593
2025-05-15,24,BRpos,2.787
2025-05-15,24,BRneg,1.765
2025-05-15,25,BRpos,0.666
2025-05-15,25,BRneg,1.599
2025-05-15,26,BRpos,2.336
2025-05-15,26,BRneg,1.514
2025-05-15,27,BRpos,1.684
2025-05-15,27,BRneg,1.27
2025-05-15,28,BRpos,2.288
2025-05-15,28,BRneg,1.706
2025-05-15,29,BRpos,1.604
2025-05-15,29,BRneg,2.74
2025-05-15,30,BRpos,1.302
2025-05-15,30,BRneg,1.642
2025-05-15,31,BRpos,3.865
2025-05-15,31,BRneg,0.837
2025-05-15,32,BRpos,2.21
2025-05-15,32,BRneg,1.725
2025-05-15,33,BRpos,2.943
2025-05-15,33,BRneg,1.013
2025-05-15,34,BRpos,2.665
2025-05-15,34,BRneg,3.43
2025-05-15,35,BRpos,3.643
2025-05-15,35,BRneg,2.201
2025-05-15,36,BRpos,2.927
2025-05-15,36,BRneg,4.723
2025-05-15,37,BRpos,6.676
2025-05-15,37,BRneg,3.061
2025-05-15,38,BRpos,9.764
2025-05-15,38,BRneg,2.162
2025-05-15,39,BRpos,4.882
2025-05-15,39,BRneg,1.887
2025-05-15,40,BRpos,2.504
2025-05-15,40,BRneg,1.917
2025-05-15,41,BRpos,2.349
2025-05-15,41,BRneg,0.592
2025-05-15,42,BRpos,3.281
2025-05-15,42,BRneg,0.834
2025-05-15,43,BRpos,2.04
2025-05-15,43,BRneg,0.785
2025-05-15,44,BRpos,2.248
2025-05-15,44,BRneg,0.978
2025-05-15,45,BRpos,2.711
2025-05-15,45,BRneg,1.21
2025-05-15,46,BRpos,2.284
2025-05-15,46,BRneg,0.743
2025-05-15,47,BRpos,3.852
2025-05-15,47,BRneg,0.451
2025-05-15,48,BRpos,3.998
2025-05-15,48,BRneg,2.575
2025-05-16,1,BRpos,3.798
2025-05-16,1,BRneg,1.171
2025-05-16,2,BRpos,2.508
2025-05-16,2,BRneg,1.069
2025-05-16,3,BRpos,2.347
2025-05-16,3,BRneg,0.988
2025-05-16,4,BRpos,1.903
2025-05-16,4,BRneg,0.556
2025-05-16,5,BRpos,2.325
2025-05-16,5,BRneg,1.7
2025-05-16,6,BRpos,1.262
2025-05-16,6,BRneg,1.808
2025-05-16,7,BRpos,5.008
2025-05-16,7,BRneg,0.942
2025-05-16,8,BRpos,1.499
2025-05-16,8,BRneg,0.986
2025-05-16,9,BRpos,2.367
2025-05-16,9,BRneg,1.705
2025-05-16,10,BRpos,5.684
2025-05-16,10,BRneg,0.506
2025-05-16,11,BRpos,4.344
2025-05-16,11,BRneg,1.763
2025-05-16,12,BRpos,1.273
2025-05-16,12,BRneg,0.902
2025-05-16,13,BRpos,3.505
2025-05-16,13,BRneg,2.326
2025-05-16,14,BRpos,2.771
2025-05-16,14,BRneg,0.633
2025-05-16,15,BRpos,1.686
2025-05-16,15,BRneg,0.714
2025-05-16,16,BRpos,1.665
2025-05-16,16,BRneg,1.984
2025-05-16,17,BRpos,3.116
2025-05-16,17,BRneg,0.74
2025-05-16,18,BRpos,2.373
2025-05-16,18,BRneg,1.537
2025-05-16,19,BRpos,1.248
2025-05-16,19,BRneg,1.229
2025-05-16,20,BRpos,2.717
2025-05-16,20,BRneg,0.938
2025-05-16,21,BRpos,3.345
2025-05-16,21,BRneg,2.089
2025-05-16,22,BRpos,3.113
2025-05-16,22,BRneg,1.414
2025-05-16,23,BRpos,1.364
2025-05-16,23,BRneg,0.589
2025-05-16,24,BRpos,3.346
2025-05-16,24,BRneg,2.084
2025-05-16,25,BRpos,2.761
2025-05-16,25,BRneg,1.154
2025-05-16,26,BRpos,1.596
2025-05-16,26,BRneg,0.544
2025-05-16,27,BRpos,1.255
2025-05-16,27,BRneg,0.672
2025-05-16,28,BRpos,2.774
2025-05-16,28,BRneg,0.866
2025-05-16,29,BRpos,1.984
2025-05-16,29,BRneg,1.111
2025-05-16,30,BRpos,2.426
2025-05-16,30,BRneg,1.038
2025-05-16,31,BRpos,1.01
2025-05-16,31,BRneg,1.462
2025-05-16,32,BRpos,1.847
2025-05-16,32,BRneg,1.155
2025-05-16,33,BRpos,3.233
2025-05-16,33,BRneg,1.47
2025-05-16,34,BRpos,4.958
2025-05-16,34,BRneg,0.859
2025-05-16,35,BRpos,5.629
2025-05-16,35,BRneg,2.085
2025-05-16,36,BRpos,3.558
2025-05-16,36,BRneg,1.484
2025-05-16,37,BRpos,2.597
2025-05-16,37,BRneg,3.012
2025-05-16,38,BRpos,5.565
2025-05-16,38,BRneg,2.555
2025-05-16,39,BRpos,3.069
2025-05-16,39,BRneg,1.053
2025-05-16,40,BRpos,1.481
2025-05-16,40,BRneg,2.569
2025-05-16,41,BRpos,1.408
2025-05-16,41,BRneg,0.72
2025-05-16,42,BRpos,3.722
2025-05-16,42,BRneg,1.487
2025-05-16,43,BRpos,2.77
2025-05-16,43,BRneg,1.132
2025-05-16,44,BRpos,1.711
2025-05-16,44,BRneg,0.897
2025-05-16,45,BRpos,4.392
2025-05-16,45,BRneg,0.826
2025-05-16,46,BRpos,2.987
2025-05-16,46,BRneg,0.773
2025-05-16,47,BRpos,3.639
2025-05-16,47,BRneg,0.864
2025-05-16,48,BRpos,2.088
2025-05-16,48,BRneg,0.597
2025-05-17,1,BRpos,3.425
2025-05-17,1,BRneg,1.243
2025-05-17,2,BRpos,1.508
2025-05-17,2,BRneg,1.945
2025-05-17,3,BRpos,3.528
2025-05-17,3,BRneg,0.83
2025-05-17,4,BRpos,2.116
2025-05-17,4,BRneg,1.484
2025-05-17,5,BRpos,2.429
2025-05-17,5,BRneg,1.853
2025-05-17,6,BRpos,1.263
2025-05-17,6,BRneg,1.09
2025-05-17,7,BRpos,1.847
2025-05-17,7,BRneg,0.939
2025-05-17,8,BRpos,5.986
2025-05-17,8,BRneg,0.235
2025-05-17,9,BRpos,1.941
2025-05-17,9,BRneg,1.44
2025-05-17,10,BRpos,1.824
2025-05-17,10,BRneg,1.73
2025-05-17,11,BRpos,0.981
2025-05-17,11,BRneg,1.104
2025-05-17,12,BRpos,2.389
2025-05-17,12,BRneg,1.303
2025-05-17,13,BRpos,4.176
2025-05-17,13,BRneg,0.714
2025-05-17,14,BRpos,1.521
2025-05-17,14,BRneg,1.681
2025-05-17,15,BRpos,3.223
2025-05-17,15,BRneg,1.056
2025-05-17,16,BRpos,6.081
2025-05-17,16,BRneg,1.18
2025-05-17,17,BRpos,2.664
2025-05-17,17,BRneg,0.682
2025-05-17,18,BRpos,1.645
2025-05-17,18,BRneg,1.631
2025-05-17,19,BRpos,2.287
2025-05-17,19,BRneg,1.017
2025-05-17,20,BRpos,1.497
2025-05-17,20,BRneg,0.594
2025-05-17,21,BRpos,1.536
2025-05-17,21,BRneg,1.602
2025-05-17,22,BRpos,1.897
2025-05-17,22,BRneg,1.249
2025-05-17,23,BRpos,4.441
2025-05-17,23,BRneg,2.803
2025-05-17,24,BRpos,1.875
2025-05-17,24,BRneg,1.009
2025-05-17,25,BRpos,2.777
2025-05-17,25,BRneg,1.368
2025-05-17,26,BRpos,3.079
2025-05-17,26,BRneg,1.795
2025-05-17,27,BRpos,5.562
2025-05-17,27,BRneg,0.712
2025-05-17,28,BRpos,1.95
2025-05-17,28,BRneg,0.819
2025-05-17,29,BRpos,3.234
2025-05-17,29,BRneg,1.46
2025-05-17,30,BRpos,4.048
2025-05-17,30,BRneg,0.898
2025-05-17,31,BRpos,2.426
2025-05-17,31,BRneg,0.905
2025-05-17,32,BRpos,3.185
2025-05-17,32,BRneg,1.263
2025-05-17,33,BRpos,2.223
2025-05-17,33,BRneg,0.753
2025-05-17,34,BRpos,6.847
2025-05-17,34,BRneg,1.129
2025-05-17,35,BRpos,3.256
2025-05-17,35,BRneg,2.331
2025-05-17,36,BRpos,2.11
2025-05-17,36,BRneg,2.327
2025-05-17,37,BRpos,3.855
2025-05-17,37,BRneg,2.217
2025-05-17,38,BRpos,7.241
2025-05-17,38,BRneg,2.113
2025-05-17,39,BRpos,4.362
2025-05-17,39,BRneg,1.008
2025-05-17,40,BRpos,23.288
2025-05-17,40,BRneg,1.491
2025-05-17,41,BRpos,2.928
2025-05-17,41,BRneg,1.707
2025-05-17,42,BRpos,3.79
2025-05-17,42,BRneg,1.03
2025-05-17,43,BRpos,1.411
2025-05-17,43,BRneg,0.47
2025-05-17,44,BRpos,3.31
2025-05-17,44,BRneg,3.529
2025-05-17,45,BRpos,2.415
2025-05-17,45,BRneg,1.559
2025-05-17,46,BRpos,3.166
2025-05-17,46,BRneg,1.186
2025-05-17,47,BRpos,0.991
2025-05-17,47,BRneg,2.914
2025-05-17,48,BRpos,0.693
2025-05-17,48,BRneg,2.276
2025-05-18,1,BRpos,2.675
2025-05-18,1,BRneg,1.172
2025-05-18,2,BRpos,0.783
2025-05-18,2,BRneg,0.501
2025-05-18,3,BRpos,4.557
2025-05-18,3,BRneg,1.653
2025-05-18,4,BRpos,2.025
2025-05-18,4,BRneg,1.965
2025-05-18,5,BRpos,2.19
2025-05-18,5,BRneg,0.686
2025-05-18,6,BRpos,1.304
2025-05-18,6,BRneg,2.374
2025-05-18,7,BRpos,2.003
2025-05-18,7,BRneg,0.867
2025-05-18,8,BRpos,3.775
2025-05-18,8,BRneg,2.161
2025-05-18,9,BRpos,3.52
2025-05-18,9,BRneg,0.883
2025-05-18,10,BRpos,5.492
2025-05-18,10,BRneg,1.548
2025-05-18,11,BRpos,2.338
2025-05-18,11,BRneg,1.865
2025-05-18,12,BRpos,2.268
2025-05-18,12,BRneg,0.965
2025-05-18,13,BRpos,1.541
2025-05-18,13,BRneg,1.166
2025-05-18,14,BRpos,2.089
2025-05-18,14,BRneg,0.719
2025-05-18,15,BRpos,2.612
2025-05-18,15,BRneg,2.006
2025-05-18,16,BRpos,2.007
2025-05-18,16,BRneg,1.2
2025-05-18,17,BRpos,1.842
2025-05-18,17,BRneg,2.007
2025-05-18,18,BRpos,1.707
2025-05-18,18,BRneg,1.11
2025-05-18,19,BRpos,2.326
2025-05-18,19,BRneg,2.107
2025-05-18,20,BRpos,2.077
2025-05-18,20,BRneg,1.006
2025-05-18,21,BRpos,3.752
2025-05-18,21,BRneg,2.163
2025-05-18,22,BRpos,3.905
2025-05-18,22,BRneg,1.673
2025-05-18,23,BRpos,2.307
2025-05-18,23,BRneg,2.898
2025-05-18,24,BRpos,1.453
2025-05-18,24,BRneg,0.73
2025-05-18,25,BRpos,1.284
2025-05-18,25,BRneg,0.838
2025-05-18,26,BRpos,2.556
2025-05-18,26,BRneg,1.301
2025-05-18,27,BRpos,4.791
2025-05-18,27,BRneg,1.166
2025-05-18,28,BRpos,3.391
2025-05-18,28,BRneg,1.673
2025-05-18,29,BRpos,1.784
2025-05-18,29,BRneg,1.705
2025-05-18,30,BRpos,1.978
2025-05-18,30,BRneg,0.882
2025-05-18,31,BRpos,7.795
2025-05-18,31,BRneg,1.649
2025-05-18,32,BRpos,1.924
2025-05-18,32,BRneg,0.462
2025-05-18,33,BRpos,1.495
2025-05-18,33,BRneg,0.989
2025-05-18,34,BRpos,7.733
2025-05-18,34,BRneg,1.914
2025-05-18,35,BRpos,2.692
2025-05-18,35,BRneg,1.584
2025-05-18,36,BRpos,3.76
2025-05-18,36,BRneg,0.864
2025-05-18,37,BRpos,6.487
2025-05-18,37,BRneg,3.237
2025-05-18,38,BRpos,3.015
2025-05-18,38,BRneg,2.155
2025-05-18,39,BRpos,3.166
2025-05-18,39,BRneg,1.686
2025-05-18,40,BRpos,1.728
2025-05-18,40,BRneg,1.358
2025-05-18,41,BRpos,1.494
2025-05-18,41,BRneg,1.058
2025-05-18,42,BRpos,1.805
2025-05-18,42,BRneg,1.979
2025-05-18,43,BRpos,1.339
2025-05-18,43,BRneg,1.945
2025-05-18,44,BRpos,4.048
2025-05-18,44,BRneg,1.057
2025-05-18,45,BRpos,3.231
2025-05-18,45,BRneg,2.819
2025-05-18,46,BRpos,2.2
2025-05-18,46,BRneg,1.156
2025-05-18,47,BRpos,3.169
2025-05-18,47,BRneg,2.512
2025-05-18,48,BRpos,5.19
2025-05-18,48,BRneg,2.119
2025-05-19,1,BRpos,1.916
2025-05-19,1,BRneg,0.87
2025-05-19,2,BRpos,2.389
2025-05-19,2,BRneg,0.882
2025-05-19,3,BRpos,3.901
2025-05-19,3,BRneg,1.328
2025-05-19,4,BRpos,2.989
2025-05-19,4,BRneg,1.222
2025-05-19,5,BRpos,0.616
2025-05-19,5,BRneg,1.789
2025-05-19,6,BRpos,1.292
2025-05-19,6,BRneg,0.809
2025-05-19,7,BRpos,4.333
2025-05-19,7,BRneg,2.698
2025-05-19,8,BRpos,3.445
2025-05-19,8,BRneg,0.767
2025-05-19,9,BRpos,2.389
2025-05-19,9,BRneg,0.444
2025-05-19,10,BRpos,3.474
2025-05-19,10,BRneg,0.556
2025-05-19,11,BRpos,2.214
2025-05-19,11,BRneg,1.109
2025-05-19,12,BRpos,1.738
2025-05-19,12,BRneg,3.015
2025-05-19,13,BRpos,1.039
2025-05-19,13,BRneg,1.173
2025-05-19,14,BRpos,3.214
2025-05-19,14,BRneg,1.17
2025-05-19,15,BRpos,2.153
2025-05-19,15,BRneg,0.679
2025-05-19,16,BRpos,1.447
2025-05-19,16,BRneg,1.285
2025-05-19,17,BRpos,1.924
2025-05-19,17,BRneg,1.054
2025-05-19,18,BRpos,1.019
2025-05-19,18,BRneg,0.429
2025-05-19,19,BRpos,1.727
2025-05-19,19,BRneg,0.919
2025-05-19,20,BRpos,2.373
2025-05-19,20,BRneg,1.884
2025-05-19,21,BRpos,2.813
2025-05-19,21,BRneg,0.638
2025-05-19,22,BRpos,2.379
2025-05-19,22,BRneg,0.379
2025-05-19,23,BRpos,2.909
2025-05-19,23,BRneg,0.245
2025-05-19,24,BRpos,4.342
2025-05-19,24,BRneg,0.685
2025-05-19,25,BRpos,2.68
2025-05-19,25,BRneg,1.877
2025-05-19,26,BRpos,3.674
2025-05-19,26,BRneg,0.738
2025-05-19,27,BRpos,1.631
2025-05-19,27,BRneg,2.607
2025-05-19,28,BRpos,1.546
2025-05-19,28,BRneg,1.312
2025-05-19,29,BRpos,1.581
2025-05-19,29,BRneg,0.59
2025-05-19,30,BRpos,1.963
2025-05-19,30,BRneg,1.773
2025-05-19,31,BRpos,3.048
2025-05-19,31,BRneg,0.603
2025-05-19,32,BRpos,2.884
2025-05-19,32,BRneg,0.71
2025-05-19,33,BRpos,3.178
2025-05-19,33,BRneg,0.657
2025-05-19,34,BRpos,2.515
2025-05-19,34,BRneg,1.69
2025-05-19,35,BRpos,1.744
2025-05-19,35,BRneg,1.178
2025-05-19,36,BRpos,4.623
2025-05-19,36,BRneg,1.284
2025-05-19,37,BRpos,3.484
2025-05-19,37,BRneg,1.626
2025-05-19,38,BRpos,3.064
2025-05-19,38,BRneg,2.668
2025-05-19,39,BRpos,3.509
2025-05-19,39,BRneg,0.96
2025-05-19,40,BRpos,1.709
2025-05-19,40,BRneg,1.011
2025-05-19,41,BRpos,1.307
2025-05-19,41,BRneg,0.732
2025-05-19,42,BRpos,1.577
2025-05-19,42,BRneg,2.012
2025-05-19,43,BRpos,2.73
2025-05-19,43,BRneg,1.453
2025-05-19,44,BRpos,1.991
2025-05-19,44,BRneg,2.114
2025-05-19,45,BRpos,2.436
2025-05-19,45,BRneg,1.704
2025-05-19,46,BRpos,4.407
2025-05-19,46,BRneg,1.147
2025-05-19,47,BRpos,0.945
2025-05-19,47,BRneg,1.572
2025-05-19,48,BRpos,1.3
2025-05-19,48,BRneg,0.836
2025-05-20,1,BRpos,2.288
2025-05-20,1,BRneg,1.25
2025-05-20,2,BRpos,1.703
2025-05-20,2,BRneg,1.201
2025-05-20,3,BRpos,1.573
2025-05-20,3,BRneg,1.675
2025-05-20,4,BRpos,3.726
2025-05-20,4,BRneg,1.375
2025-05-20,5,BRpos,2.625
2025-05-20,5,BRneg,0.594
2025-05-20,6,BRpos,1.85
2025-05-20,6,BRneg,0.493
2025-05-20,7,BRpos,2.505
2025-05-20,7,BRneg,2.163
2025-05-20,8,BRpos,6.313
2025-05-20,8,BRneg,0.949
2025-05-20,9,BRpos,2.12
2025-05-20,9,BRneg,1.592
2025-05-20,10,BRpos,1.83
2025-05-20,10,BRneg,0.531
2025-05-20,11,BRpos,2.756
2025-05-20,11,BRneg,0.777
2025-05-20,12,BRpos,2.876
2025-05-20,12,BRneg,1.528
2025-05-20,13,BRpos,3.185
2025-05-20,13,BRneg,1.208
2025-05-20,14,BRpos,1.662
2025-05-20,14,BRneg,1.829
2025-05-20,15,BRpos,3.61
2025-05-20,15,BRneg,2.153
2025-05-20,16,BRpos,4.82
2025-05-20,16,BRneg,1.329
2025-05-20,17,BRpos,4.017
2025-05-20,17,BRneg,0.681
2025-05-20,18,BRpos,1.639
2025-05-20,18,BRneg,1.727
2025-05-20,19,BRpos,1.625
2025-05-20,19,BRneg,1.489
2025-05-20,20,BRpos,1.727
2025-05-20,20,BRneg,1.287
2025-05-20,21,BRpos,2.15
2025-05-20,21,BRneg,1.153
2025-05-20,22,BRpos,3.055
2025-05-20,22,BRneg,1.018
2025-05-20,23,BRpos,0.915
2025-05-20,23,BRneg,1.176
2025-05-20,24,BRpos,2.433
2025-05-20,24,BRneg,0.949
2025-05-20,25,BRpos,3.321
2025-05-20,25,BRneg,0.685
2025-05-20,26,BRpos,2.856
2025-05-20,26,BRneg,0.467
2025-05-20,27,BRpos,3.316
2025-05-20,27,BRneg,1.106
2025-05-20,28,BRpos,4.928
2025-05-20,28,BRneg,0.769
2025-05-20,29,BRpos,3.515
2025-05-20,29,BRneg,1.838
2025-05-20,30,BRpos,1.947
2025-05-20,30,BRneg,1.487
2025-05-20,31,BRpos,2.278
2025-05-20,31,BRneg,0.922
2025-05-20,32,BRpos,1.745
2025-05-20,32,BRneg,1.088
2025-05-20,33,BRpos,2.125
2025-05-20,33,BRneg,2.384
2025-05-20,34,BRpos,4.225
2025-05-20,34,BRneg,3.097
2025-05-20,35,BRpos,6.936
2025-05-20,35,BRneg,2.45
2025-05-20,36,BRpos,3.446
2025-05-20,36,BRneg,0.981
2025-05-20,37,BRpos,6.765
2025-05-20,37,BRneg,2.906
2025-05-20,38,BRpos,1.923
2025-05-20,38,BRneg,1.991
2025-05-20,39,BRpos,3.014
2025-05-20,39,BRneg,2.825
2025-05-20,40,BRpos,2.301
2025-05-20,40,BRneg,1.115
2025-05-20,41,BRpos,2.3
2025-05-20,41,BRneg,1.675
2025-05-20,42,BRpos,5.643
2025-05-20,42,BRneg,1.568
2025-05-20,43,BRpos,3.855
2025-05-20,43,BRneg,1.462
2025-05-20,44,BRpos,2.574
2025-05-20,44,BRneg,0.726
2025-05-20,45,BRpos,3.044
2025-05-20,45,BRneg,1.67
2025-05-20,46,BRpos,1.734
2025-05-20,46,BRneg,1.526
2025-05-20,47,BRpos,2.505
2025-05-20,47,BRneg,0.579
2025-05-20,48,BRpos,6.988
2025-05-20,48,BRneg,0.88
2025-05-21,1,BRpos,4.5
2025-05-21,1,BRneg,2.23
2025-05-21,2,BRpos,2.271
2025-05-21,2,BRneg,1.473
2025-05-21,3,BRpos,2.886
2025-05-21,3,BRneg,0.673
2025-05-21,4,BRpos,6.115
2025-05-21,4,BRneg,0.978
2025-05-21,5,BRpos,2.676
2025-05-21,5,BRneg,0.843
2025-05-21,6,BRpos,2.525
2025-05-21,6,BRneg,0.553
2025-05-21,7,BRpos,3.26
2025-05-21,7,BRneg,1.032
2025-05-21,8,BRpos,1.689
2025-05-21,8,BRneg,1.026
2025-05-21,9,BRpos,4.157
2025-05-21,9,BRneg,1.691
2025-05-21,10,BRpos,1.59
2025-05-21,10,BRneg,1.157
2025-05-21,11,BRpos,2.812
2025-05-21,11,BRneg,2.279
2025-05-21,12,BRpos,3.037
2025-05-21,12,BRneg,1.166
2025-05-21,13,BRpos,1.555
2025-05-21,13,BRneg,1.357
2025-05-21,14,BRpos,1.448
2025-05-21,14,BRneg,2.212
2025-05-21,15,BRpos,2.188
2025-05-21,15,BRneg,0.997
2025-05-21,16,BRpos,2.335
2025-05-21,16,BRneg,0.931
2025-05-21,17,BRpos,1.132
2025-05-21,17,BRneg,0.65
2025-05-21,18,BRpos,1.588
2025-05-21,18,BRneg,0.508
2025-05-21,19,BRpos,1.929
2025-05-21,19,BRneg,1.166
2025-05-21,20,BRpos,2.429
2025-05-21,20,BRneg,0.751
2025-05-21,21,BRpos,2.122
2025-05-21,21,BRneg,1.473
2025-05-21,22,BRpos,3.367
2025-05-21,22,BRneg,1.811
2025-05-21,23,BRpos,0.581
2025-05-21,23,BRneg,1.489
2025-05-21,24,BRpos,2.525
2025-05-21,24,BRneg,0.913
2025-05-21,25,BRpos,3.104
2025-05-21,25,BRneg,1.208
2025-05-21,26,BRpos,1.124
2025-05-21,26,BRneg,1.091
2025-05-21,27,BRpos,1.656
2025-05-21,27,BRneg,0.798
2025-05-21,28,BRpos,4.783
2025-05-21,28,BRneg,2.026
2025-05-21,29,BRpos,3.234
2025-05-21,29,BRneg,2.006
2025-05-21,30,BRpos,1.446
2025-05-21,30,BRneg,1.265
2025-05-21,31,BRpos,1.395
2025-05-21,31,BRneg,0.535
2025-05-21,32,BRpos,6.287
2025-05-21,32,BRneg,2.203
2025-05-21,33,BRpos,1.344
2025-05-21,33,BRneg,0.978
2025-05-21,34,BRpos,2.62
2025-05-21,34,BRneg,1.398
2025-05-21,35,BRpos,4.117
2025-05-21,35,BRneg,2.979
2025-05-21,36,BRpos,4.489
2025-05-21,36,BRneg,0.937
2025-05-21,37,BRpos,7.739
2025-05-21,37,BRneg,2.528
2025-05-21,38,BRpos,3.846
2025-05-21,38,BRneg,1.255
2025-05-21,39,BRpos,4.032
2025-05-21,39,BRneg,1.082
2025-05-21,40,BRpos,2.074
2025-05-21,40,BRneg,0.746
2025-05-21,41,BRpos,2.781
2025-05-21,41,BRneg,1.154
2025-05-21,42,BRpos,1.808
2025-05-21,42,BRneg,0.63
2025-05-21,43,BRpos,1.025
2025-05-21,43,BRneg,2.013
2025-05-21,44,BRpos,1.469
2025-05-21,44,BRneg,0.806
2025-05-21,45,BRpos,2.829
2025-05-21,45,BRneg,1.594
2025-05-21,46,BRpos,2.849
2025-05-21,46,BRneg,1.568
2025-05-21,47,BRpos,2.396
2025-05-21,47,BRneg,1.857
2025-05-21,48,BRpos,2.802
2025-05-21,48,BRneg,1.056
2025-05-22,1,BRpos,2.043
2025-05-22,1,BRneg,0.784
2025-05-22,2,BRpos,2.185
2025-05-22,2,BRneg,1.55
2025-05-22,3,BRpos,1.063
2025-05-22,3,BRneg,0.552
2025-05-22,4,BRpos,2.546
2025-05-22,4,BRneg,1.4
2025-05-22,5,BRpos,3.162
2025-05-22,5,BRneg,0.703
2025-05-22,6,BRpos,2.931
2025-05-22,6,BRneg,0.98
2025-05-22,7,BRpos,2.72
2025-05-22,7,BRneg,2.105
2025-05-22,8,BRpos,4.359
2025-05-22,8,BRneg,2.612
2025-05-22,9,BRpos,1.946
2025-05-22,9,BRneg,1.363
2025-05-22,10,BRpos,3.971
2025-05-22,10,BRneg,1.605
2025-05-22,11,BRpos,2.61
2025-05-22,11,BRneg,1.251
2025-05-22,12,BRpos,2.044
2025-05-22,12,BRneg,1.083
2025-05-22,13,BRpos,1.739
2025-05-22,13,BRneg,0.916
2025-05-22,14,BRpos,2.218
2025-05-22,14,BRneg,1.079
2025-05-22,15,BRpos,2.548
2025-05-22,15,BRneg,1.201
2025-05-22,16,BRpos,3.415
2025-05-22,16,BRneg,1.313
2025-05-22,17,BRpos,4.916
2025-05-22,17,BRneg,0.702
2025-05-22,18,BRpos,4.219
2025-05-22,18,BRneg,0.94
2025-05-22,19,BRpos,2.511
2025-05-22,19,BRneg,1.906
2025-05-22,20,BRpos,1.591
2025-05-22,20,BRneg,0.953
2025-05-22,21,BRpos,1.869
2025-05-22,21,BRneg,1.321
2025-05-22,22,BRpos,2.549
2025-05-22,22,BRneg,1.585
2025-05-22,23,BRpos,2.413
2025-05-22,23,BRneg,0.949
2025-05-22,24,BRpos,6.256
2025-05-22,24,BRneg,1.785
2025-05-22,25,BRpos,2.003
2025-05-22,25,BRneg,0.683
2025-05-22,26,BRpos,2.068
2025-05-22,26,BRneg,0.965
2025-05-22,27,BRpos,1.596
2025-05-22,27,BRneg,1.922
2025-05-22,28,BRpos,1.608
2025-05-22,28,BRneg,0.575
2025-05-22,29,BRpos,3.66
2025-05-22,29,BRneg,0.855
2025-05-22,30,BRpos,2.625
2025-05-22,30,BRneg,1.639
2025-05-22,31,BRpos,2.151
2025-05-22,31,BRneg,1.06
2025-05-22,32,BRpos,5.386
2025-05-22,32,BRneg,0.767
2025-05-22,33,BRpos,2.68
2025-05-22,33,BRneg,1.276
2025-05-22,34,BRpos,7.63
2025-05-22,34,BRneg,1.408
2025-05-22,35,BRpos,2.956
2025-05-22,35,BRneg,3.511
2025-05-22,36,BRpos,7.858
2025-05-22,36,BRneg,1.042
2025-05-22,37,BRpos,6.125
2025-05-22,37,BRneg,1.861
2025-05-22,38,BRpos,3.233
2025-05-22,38,BRneg,2.599
2025-05-22,39,BRpos,1.972
2025-05-22,39,BRneg,1.362
2025-05-22,40,BRpos,1.093
2025-05-22,40,BRneg,1.729
2025-05-22,41,BRpos,4.855
2025-05-22,41,BRneg,1.63
2025-05-22,42,BRpos,4.323
2025-05-22,42,BRneg,1.655
2025-05-22,43,BRpos,1.345
2025-05-22,43,BRneg,1.045
2025-05-22,44,BRpos,2.237
2025-05-22,44,BRneg,2.087
2025-05-22,45,BRpos,1.364
2025-05-22,45,BRneg,0.866
2025-05-22,46,BRpos,2.128
2025-05-22,46,BRneg,1.185
2025-05-22,47,BRpos,4.225
2025-05-22,47,BRneg,0.91
2025-05-22,48,BRpos,3.344
2025-05-22,48,BRneg,2.77
2025-05-23,1,BRpos,2.368
2025-05-23,1,BRneg,0.52
2025-05-23,2,BRpos,1.301
2025-05-23,2,BRneg,1.395
2025-05-23,3,BRpos,3.442
2025-05-23,3,BRneg,0.902
2025-05-23,4,BRpos,1.633
2025-05-23,4,BRneg,1.419
2025-05-23,5,BRpos,2.267
2025-05-23,5,BRneg,2.005
2025-05-23,6,BRpos,2.033
2025-05-23,6,BRneg,1.401
2025-05-23,7,BRpos,3.66
2025-05-23,7,BRneg,2.642
2025-05-23,8,BRpos,3.058
2025-05-23,8,BRneg,0.979
2025-05-23,9,BRpos,5.134
2025-05-23,9,BRneg,1.137
2025-05-23,10,BRpos,2.631
2025-05-23,10,BRneg,1.082
2025-05-23,11,BRpos,1.304
2025-05-23,11,BRneg,1.105
2025-05-23,12,BRpos,1.456
2025-05-23,12,BRneg,0.968
2025-05-23,13,BRpos,4.026
2025-05-23,13,BRneg,0.572
2025-05-23,14,BRpos,2.052
2025-05-23,14,BRneg,0.968
2025-05-23,15,BRpos,1.861
2025-05-23,15,BRneg,1.448
2025-05-23,16,BRpos,3.582
2025-05-23,16,BRneg,2.085
2025-05-23,17,BRpos,4.899
2025-05-23,17,BRneg,1.677
2025-05-23,18,BRpos,2.362
2025-05-23,18,BRneg,1.266
2025-05-23,19,BRpos,2.975
2025-05-23,19,BRneg,0.671
2025-05-23,20,BRpos,2.127
2025-05-23,20,BRneg,1.251
2025-05-23,21,BRpos,4.361
2025-05-23,21,BRneg,1.11
2025-05-23,22,BRpos,1.481
2025-05-23,22,BRneg,0.888
2025-05-23,23,BRpos,3.309
2025-05-23,23,BRneg,1.184
2025-05-23,24,BRpos,1.959
2025-05-23,24,BRneg,1.547
2025-05-23,25,BRpos,3.231
2025-05-23,25,BRneg,2.218
2025-05-23,26,BRpos,4.645
2025-05-23,26,BRneg,1.384
2025-05-23,27,BRpos,2.758
2025-05-23,27,BRneg,3.347
2025-05-23,28,BRpos,2.911
2025-05-23,28,BRneg,1.35
2025-05-23,29,BRpos,2.984
2025-05-23,29,BRneg,0.75
2025-05-23,30,BRpos,4.17
2025-05-23,30,BRneg,1.149
2025-05-23,31,BRpos,5.118
2025-05-23,31,BRneg,1.823
2025-05-23,32,BRpos,2.795
2025-05-23,32,BRneg,0.726
2025-05-23,33,BRpos,3.014
2025-05-23,33,BRneg,0.802
2025-05-23,34,BRpos,4.385
2025-05-23,34,BRneg,1.589
2025-05-23,35,BRpos,3.807
2025-05-23,35,BRneg,3.321
2025-05-23,36,BRpos,4.577
2025-05-23,36,BRneg,1.408
2025-05-23,37,BRpos,4.135
2025-05-23,37,BRneg,2.415
2025-05-23,38,BRpos,3.916
2025-05-23,38,BRneg,4.846
2025-05-23,39,BRpos,5.298
2025-05-23,39,BRneg,1.53
2025-05-23,40,BRpos,1.927
2025-05-23,40,BRneg,0.849
2025-05-23,41,BRpos,3.989
2025-05-23,41,BRneg,0.912
2025-05-23,42,BRpos,1.33
2025-05-23,42,BRneg,1.494
2025-05-23,43,BRpos,1.691
2025-05-23,43,BRneg,2.69
2025-05-23,44,BRpos,3.534
2025-05-23,44,BRneg,0.759
2025-05-23,45,BRpos,1.28
2025-05-23,45,BRneg,0.873
2025-05-23,46,BRpos,1.67
2025-05-23,46,BRneg,0.738
2025-05-23,47,BRpos,4.112
2025-05-23,47,BRneg,1.871
2025-05-23,48,BRpos,1.267
2025-05-23,48,BRneg,1.515
2025-05-24,1,BRpos,1.593
2025-05-24,1,BRneg,1.126
2025-05-24,2,BRpos,1.614
2025-05-24,2,BRneg,1.01
2025-05-24,3,BRpos,4.607
2025-05-24,3,BRneg,0.538
2025-05-24,4,BRpos,2.445
2025-05-24,4,BRneg,1.062
2025-05-24,5,BRpos,2.22
2025-05-24,5,BRneg,0.893
2025-05-24,6,BRpos,2.188
2025-05-24,6,BRneg,0.483
2025-05-24,7,BRpos,1.87
2025-05-24,7,BRneg,0.5
2025-05-24,8,BRpos,2.312
2025-05-24,8,BRneg,1.455
2025-05-24,9,BRpos,1.526
2025-05-24,9,BRneg,1.489
2025-05-24,10,BRpos,1.472
2025-05-24,10,BRneg,0.582
2025-05-24,11,BRpos,4.632
2025-05-24,11,BRneg,1.648
2025-05-24,12,BRpos,2.834
2025-05-24,12,BRneg,1.351
2025-05-24,13,BRpos,2.674
2025-05-24,13,BRneg,0.918
2025-05-24,14,BRpos,1.391
2025-05-24,14,BRneg,1.634
2025-05-24,15,BRpos,2.759
2025-05-24,15,BRneg,1.626
2025-05-24,16,BRpos,2.155
2025-05-24,16,BRneg,0.862
2025-05-24,17,BRpos,3.599
2025-05-24,17,BRneg,1.102
2025-05-24,18,BRpos,1.708
2025-05-24,18,BRneg,0.787
2025-05-24,19,BRpos,2.155
2025-05-24,19,BRneg,1.458
2025-05-24,20,BRpos,4.22
2025-05-24,20,BRneg,1.646
2025-05-24,21,BRpos,2.136
2025-05-24,21,BRneg,2.348
2025-05-24,22,BRpos,2.474
2025-05-24,22,BRneg,0.725
2025-05-24,23,BRpos,2.449
2025-05-24,23,BRneg,4.167
2025-05-24,24,BRpos,3.074
2025-05-24,24,BRneg,0.581
2025-05-24,25,BRpos,2.711
2025-05-24,25,BRneg,0.682
2025-05-24,26,BRpos,2.47
2025-05-24,26,BRneg,0.9
2025-05-24,27,BRpos,1.658
2025-05-24,27,BRneg,0.674
2025-05-24,28,BRpos,0.858
2025-05-24,28,BRneg,1.24
2025-05-24,29,BRpos,2.105
2025-05-24,29,BRneg,2.157
2025-05-24,30,BRpos,3.272
2025-05-24,30,BRneg,0.597
2025-05-24,31,BRpos,1.379
2025-05-24,31,BRneg,0.642
2025-05-24,32,BRpos,1.654
2025-05-24,32,BRneg,1.216
2025-05-24,33,BRpos,4.477
2025-05-24,33,BRneg,2.965
2025-05-24,34,BRpos,2.973
2025-05-24,34,BRneg,1.141
2025-05-24,35,BRpos,3.628
2025-05-24,35,BRneg,2.461
2025-05-24,36,BRpos,4.828
2025-05-24,36,BRneg,3.515
2025-05-24,37,BRpos,3.8
2025-05-24,37,BRneg,1.202
2025-05-24,38,BRpos,5.129
2025-05-24,38,BRneg,1.857
2025-05-24,39,BRpos,3.189
2025-05-24,39,BRneg,1.038
2025-05-24,40,BRpos,4.347
2025-05-24,40,BRneg,0.65
2025-05-24,41,BRpos,1.514
2025-05-24,41,BRneg,0.633
2025-05-24,42,BRpos,1.715
2025-05-24,42,BRneg,1.368
2025-05-24,43,BRpos,3.388
2025-05-24,43,BRneg,0.768
2025-05-24,44,BRpos,1.469
2025-05-24,44,BRneg,1.878
2025-05-24,45,BRpos,2.176
2025-05-24,45,BRneg,0.872
2025-05-24,46,BRpos,2.081
2025-05-24,46,BRneg,4.413
2025-05-24,47,BRpos,1.164
2025-05-24,47,BRneg,1.922
2025-05-24,48,BRpos,6.757
2025-05-24,48,BRneg,1.491
2025-05-25,1,BRpos,2.457
2025-05-25,1,BRneg,0.686
2025-05-25,2,BRpos,3.486
2025-05-25,2,BRneg,1.266
2025-05-25,3,BRpos,2.231
2025-05-25,3,BRneg,1.162
2025-05-25,4,BRpos,4.483
2025-05-25,4,BRneg,0.481
2025-05-25,5,BRpos,2.532
2025-05-25,5,BRneg,0.648
2025-05-25,6,BRpos,1.82
2025-05-25,6,BRneg,0.881
2025-05-25,7,BRpos,4.653
2025-05-25,7,BRneg,1.245
2025-05-25,8,BRpos,4.915
2025-05-25,8,BRneg,0.788
2025-05-25,9,BRpos,2.097
2025-05-25,9,BRneg,1.02
2025-05-25,10,BRpos,2.609
2025-05-25,10,BRneg,2.099
2025-05-25,11,BRpos,1.459
2025-05-25,11,BRneg,1.223
2025-05-25,12,BRpos,2.053
2025-05-25,12,BRneg,1.249
2025-05-25,13,BRpos,3.054
2025-05-25,13,BRneg,1.697
2025-05-25,14,BRpos,6.017
2025-05-25,14,BRneg,1.798
2025-05-25,15,BRpos,1.306
2025-05-25,15,BRneg,1.058
2025-05-25,16,BRpos,0.657
2025-05-25,16,BRneg,1.452
2025-05-25,17,BRpos,5.582
2025-05-25,17,BRneg,0.957
2025-05-25,18,BRpos,2.811
2025-05-25,18,BRneg,1.016
2025-05-25,19,BRpos,2.249
2025-05-25,19,BRneg,1.735
2025-05-25,20,BRpos,2.039
2025-05-25,20,BRneg,0.681
2025-05-25,21,BRpos,3.385
2025-05-25,21,BRneg,0.833
2025-05-25,22,BRpos,1.907
2025-05-25,22,BRneg,0.8
2025-05-25,23,BRpos,1.276
2025-05-25,23,BRneg,0.851
2025-05-25,24,BRpos,1.693
2025-05-25,24,BRneg,1.603
2025-05-25,25,BRpos,0.838
2025-05-25,25,BRneg,1.223
2025-05-25,26,BRpos,1.324
2025-05-25,26,BRneg,1.574
2025-05-25,27,BRpos,1.767
2025-05-25,27,BRneg,1.788
2025-05-25,28,BRpos,2.052
2025-05-25,28,BRneg,0.553
2025-05-25,29,BRpos,1.619
2025-05-25,29,BRneg,1.562
2025-05-25,30,BRpos,1.25
2025-05-25,30,BRneg,1.131
2025-05-25,31,BRpos,2.641
2025-05-25,31,BRneg,1.625
2025-05-25,32,BRpos,1.737
2025-05-25,32,BRneg,0.89
2025-05-25,33,BRpos,5.019
2025-05-25,33,BRneg,1.286
2025-05-25,34,BRpos,3.788
2025-05-25,34,BRneg,0.964
2025-05-25,35,BRpos,2.041
2025-05-25,35,BRneg,1.481
2025-05-25,36,BRpos,1.788
2025-05-25,36,BRneg,1.036
2025-05-25,37,BRpos,4.529
2025-05-25,37,BRneg,1.249
2025-05-25,38,BRpos,4.617
2025-05-25,38,BRneg,1.33
2025-05-25,39,BRpos,4.37
2025-05-25,39,BRneg,1.1
2025-05-25,40,BRpos,6.043
2025-05-25,40,BRneg,0.757
2025-05-25,41,BRpos,2.345
2025-05-25,41,BRneg,1.025
2025-05-25,42,BRpos,1.715
2025-05-25,42,BRneg,1.364
2025-05-25,43,BRpos,0.839
2025-05-25,43,BRneg,0.475
2025-05-25,44,BRpos,2.094
2025-05-25,44,BRneg,1.504
2025-05-25,45,BRpos,1.548
2025-05-25,45,BRneg,1.137
2025-05-25,46,BRpos,2.026
2025-05-25,46,BRneg,1.528
2025-05-25,47,BRpos,2.239
2025-05-25,47,BRneg,0.801
2025-05-25,48,BRpos,2.663
2025-05-25,48,BRneg,0.808
2025-05-26,1,BRpos,2.539
2025-05-26,1,BRneg,1.039
2025-05-26,2,BRpos,2.348
2025-05-26,2,BRneg,1.591
2025-05-26,3,BRpos,3.541
2025-05-26,3,BRneg,2.068
2025-05-26,4,BRpos,2.041
2025-05-26,4,BRneg,1.082
2025-05-26,5,BRpos,3.931
2025-05-26,5,BRneg,1.025
2025-05-26,6,BRpos,2.09
2025-05-26,6,BRneg,0.67
2025-05-26,7,BRpos,3.72
2025-05-26,7,BRneg,1.528
2025-05-26,8,BRpos,3.389
2025-05-26,8,BRneg,0.438
2025-05-26,9,BRpos,3.395
2025-05-26,9,BRneg,1.88
2025-05-26,10,BRpos,4.153
2025-05-26,10,BRneg,1.091
2025-05-26,11,BRpos,3.236
2025-05-26,11,BRneg,0.975
2025-05-26,12,BRpos,2.94
2025-05-26,12,BRneg,1.534
2025-05-26,13,BRpos,2.672
2025-05-26,13,BRneg,1.169
2025-05-26,14,BRpos,4.411
2025-05-26,14,BRneg,1.976
2025-05-26,15,BRpos,2.751
2025-05-26,15,BRneg,0.762
2025-05-26,16,BRpos,1.584
2025-05-26,16,BRneg,0.985
2025-05-26,17,BRpos,4.92
2025-05-26,17,BRneg,2.942
2025-05-26,18,BRpos,2.305
2025-05-26,18,BRneg,1.585
2025-05-26,19,BRpos,3.829
2025-05-26,19,BRneg,1.464
2025-05-26,20,BRpos,1.421
2025-05-26,20,BRneg,0.893
2025-05-26,21,BRpos,2.448
2025-05-26,21,BRneg,0.934
2025-05-26,22,BRpos,2.823
2025-05-26,22,BRneg,1.555
2025-05-26,23,BRpos,1.617
2025-05-26,23,BRneg,1.522
2025-05-26,24,BRpos,1.37
2025-05-26,24,BRneg,1.156
2025-05-26,25,BRpos,2.148
2025-05-26,25,BRneg,1.181
2025-05-26,26,BRpos,3.081
2025-05-26,26,BRneg,2.151
2025-05-26,27,BRpos,2.376
2025-05-26,27,BRneg,1.788
2025-05-26,28,BRpos,1.152
2025-05-26,28,BRneg,1.344
2025-05-26,29,BRpos,4.231
2025-05-26,29,BRneg,0.992
2025-05-26,30,BRpos,4.095
2025-05-26,30,BRneg,1.386
2025-05-26,31,BRpos,6.177
2025-05-26,31,BRneg,0.463
2025-05-26,32,BRpos,3.449
2025-05-26,32,BRneg,0.667
2025-05-26,33,BRpos,2.686
2025-05-26,33,BRneg,1.092
2025-05-26,34,BRpos,3.147
2025-05-26,34,BRneg,2.591
2025-05-26,35,BRpos,7.154
2025-05-26,35,BRneg,1.997
2025-05-26,36,BRpos,2.899
2025-05-26,36,BRneg,1.339
2025-05-26,37,BRpos,5.239
2025-05-26,37,BRneg,1.772
2025-05-26,38,BRpos,2.252
2025-05-26,38,BRneg,0.776
2025-05-26,39,BRpos,2.659
2025-05-26,39,BRneg,1.957
2025-05-26,40,BRpos,2.449
2025-05-26,40,BRneg,1.155
2025-05-26,41,BRpos,3.236
2025-05-26,41,BRneg,1.273
2025-05-26,42,BRpos,2.834
2025-05-26,42,BRneg,0.404
2025-05-26,43,BRpos,2.714
2025-05-26,43,BRneg,0.72
2025-05-26,44,BRpos,2.41
2025-05-26,44,BRneg,1.342
2025-05-26,45,BRpos,3.29
2025-05-26,45,BRneg,0.873
2025-05-26,46,BRpos,2.246
2025-05-26,46,BRneg,0.672
2025-05-26,47,BRpos,2.152
2025-05-26,47,BRneg,1.003
2025-05-26,48,BRpos,2.825
2025-05-26,48,BRneg,1.224
2025-05-27,1,BRpos,2.058
2025-05-27,1,BRneg,1.49
2025-05-27,2,BRpos,2.864
2025-05-27,2,BRneg,0.817
2025-05-27,3,BRpos,2.525
2025-05-27,3,BRneg,0.539
2025-05-27,4,BRpos,3.747
2025-05-27,4,BRneg,0.82
2025-05-27,5,BRpos,2.313
2025-05-27,5,BRneg,1.934
2025-05-27,6,BRpos,1.683
2025-05-27,6,BRneg,1.322
2025-05-27,7,BRpos,4.228
2025-05-27,7,BRneg,1.41
2025-05-27,8,BRpos,1.261
2025-05-27,8,BRneg,1.441
2025-05-27,9,BRpos,1.849
2025-05-27,9,BRneg,0.959
2025-05-27,10,BRpos,2.011
2025-05-27,10,BRneg,2.783
2025-05-27,11,BRpos,1.778
2025-05-27,11,BRneg,1.353
2025-05-27,12,BRpos,0.862
2025-05-27,12,BRneg,0.984
2025-05-27,13,BRpos,6.167
2025-05-27,13,BRneg,1.457
2025-05-27,14,BRpos,1.3
2025-05-27,14,BRneg,0.962
2025-05-27,15,BRpos,1.88
2025-05-27,15,BRneg,0.512
2025-05-27,16,BRpos,2.024
2025-05-27,16,BRneg,0.663
2025-05-27,17,BRpos,1.372
2025-05-27,17,BRneg,1.173
2025-05-27,18,BRpos,1.997
2025-05-27,18,BRneg,1.148
2025-05-27,19,BRpos,1.608
2025-05-27,19,BRneg,1.634
2025-05-27,20,BRpos,1.365
2025-05-27,20,BRneg,1.033
2025-05-27,21,BRpos,3.781
2025-05-27,21,BRneg,0.951
2025-05-27,22,BRpos,1.911
2025-05-27,22,BRneg,1.156
2025-05-27,23,BRpos,3.211
2025-05-27,23,BRneg,1.21
2025-05-27,24,BRpos,1.975
2025-05-27,24,BRneg,1.045
2025-05-27,25,BRpos,1.313
2025-05-27,25,BRneg,0.418
2025-05-27,26,BRpos,0.951
2025-05-27,26,BRneg,1.128
2025-05-27,27,BRpos,2.136
2025-05-27,27,BRneg,1.394
2025-05-27,28,BRpos,3.317
2025-05-27,28,BRneg,1.771
2025-05-27,29,BRpos,1.514
2025-05-27,29,BRneg,0.382
2025-05-27,30,BRpos,1.187
2025-05-27,30,BRneg,0.447
2025-05-27,31,BRpos,4.349
2025-05-27,31,BRneg,1.096
2025-05-27,32,BRpos,4.757
2025-05-27,32,BRneg,0.73
2025-05-27,33,BRpos,3.383
2025-05-27,33,BRneg,1.8
2025-05-27,34,BRpos,1.922
2025-05-27,34,BRneg,1.678
2025-05-27,35,BRpos,3.101
2025-05-27,35,BRneg,1.426
2025-05-27,36,BRpos,6.097
2025-05-27,36,BRneg,1.385
2025-05-27,37,BRpos,7.353
2025-05-27,37,BRneg,0.978
2025-05-27,38,BRpos,4.666
2025-05-27,38,BRneg,2.844
2025-05-27,39,BRpos,1.558
2025-05-27,39,BRneg,1.135
2025-05-27,40,BRpos,3.563
2025-05-27,40,BRneg,0.925
2025-05-27,41,BRpos,2.717
2025-05-27,41,BRneg,2.025
2025-05-27,42,BRpos,1.643
2025-05-27,42,BRneg,0.45
2025-05-27,43,BRpos,3.314
2025-05-27,43,BRneg,1.209
2025-05-27,44,BRpos,3.37
2025-05-27,44,BRneg,1.162
2025-05-27,45,BRpos,3.416
2025-05-27,45,BRneg,0.667
2025-05-27,46,BRpos,2.954
2025-05-27,46,BRneg,3.202
2025-05-27,47,BRpos,3.525
2025-05-27,47,BRneg,0.383
2025-05-27,48,BRpos,0.917
2025-05-27,48,BRneg,0.96
2025-05-28,1,BRpos,2.071
2025-05-28,1,BRneg,1.669
2025-05-28,2,BRpos,2.311
2025-05-28,2,BRneg,1.692
2025-05-28,3,BRpos,1.864
2025-05-28,3,BRneg,0.978
2025-05-28,4,BRpos,2.181
2025-05-28,4,BRneg,0.96
2025-05-28,5,BRpos,2.827
2025-05-28,5,BRneg,0.814
2025-05-28,6,BRpos,1.824
2025-05-28,6,BRneg,1.48
2025-05-28,7,BRpos,2.691
2025-05-28,7,BRneg,1.05
2025-05-28,8,BRpos,2.841
2025-05-28,8,BRneg,1.246
2025-05-28,9,BRpos,2.366
2025-05-28,9,BRneg,0.462
2025-05-28,10,BRpos,4.362
2025-05-28,10,BRneg,0.519
2025-05-28,11,BRpos,4.387
2025-05-28,11,BRneg,0.975
2025-05-28,12,BRpos,1.517
2025-05-28,12,BRneg,1.37
2025-05-28,13,BRpos,1.768
2025-05-28,13,BRneg,0.722
2025-05-28,14,BRpos,3.78
2025-05-28,14,BRneg,1.261
2025-05-28,15,BRpos,3.245
2025-05-28,15,BRneg,1.518
2025-05-28,16,BRpos,2.71
2025-05-28,16,BRneg,0.957
2025-05-28,17,BRpos,3.107
2025-05-28,17,BRneg,1.244
2025-05-28,18,BRpos,2.566
2025-05-28,18,BRneg,0.951
2025-05-28,19,BRpos,2.528
2025-05-28,19,BRneg,1.022
2025-05-28,20,BRpos,1.982
2025-05-28,20,BRneg,1.922
2025-05-28,21,BRpos,1.51
2025-05-28,21,BRneg,0.608
2025-05-28,22,BRpos,1.875
2025-05-28,22,BRneg,0.853
2025-05-28,23,BRpos,2.788
2025-05-28,23,BRneg,0.468
2025-05-28,24,BRpos,2.85
2025-05-28,24,BRneg,1.15
2025-05-28,25,BRpos,2.82
2025-05-28,25,BRneg,2.734
2025-05-28,26,BRpos,2.955
2025-05-28,26,BRneg,0.85
2025-05-28,27,BRpos,1.111
2025-05-28,27,BRneg,1.298
2025-05-28,28,BRpos,2.517
2025-05-28,28,BRneg,0.985
2025-05-28,29,BRpos,3.416
2025-05-28,29,BRneg,1.873
2025-05-28,30,BRpos,2.088
2025-05-28,30,BRneg,0.693
2025-05-28,31,BRpos,2.136
2025-05-28,31,BRneg,1.057
2025-05-28,32,BRpos,1.798
2025-05-28,32,BRneg,0.611
2025-05-28,33,BRpos,2.748
2025-05-28,33,BRneg,0.651
2025-05-28,34,BRpos,2.314
2025-05-28,34,BRneg,1.232
2025-05-28,35,BRpos,4.142
2025-05-28,35,BRneg,1.343
2025-05-28,36,BRpos,3.109
2025-05-28,36,BRneg,2.405
2025-05-28,37,BRpos,1.577
2025-05-28,37,BRneg,3.14
2025-05-28,38,BRpos,2.575
2025-05-28,38,BRneg,2.933
2025-05-28,39,BRpos,2.417
2025-05-28,39,BRneg,1.448
2025-05-28,40,BRpos,2.658
2025-05-28,40,BRneg,1.332
2025-05-28,41,BRpos,2.131
2025-05-28,41,BRneg,2.483
2025-05-28,42,BRpos,6.265
2025-05-28,42,BRneg,1.736
2025-05-28,43,BRpos,2.395
2025-05-28,43,BRneg,1.004
2025-05-28,44,BRpos,3.121
2025-05-28,44,BRneg,0.544
2025-05-28,45,BRpos,1.522
2025-05-28,45,BRneg,2.044
2025-05-28,46,BRpos,1.808
2025-05-28,46,BRneg,1.162
2025-05-28,47,BRpos,1.262
2025-05-28,47,BRneg,6.827
2025-05-28,48,BRpos,3.825
2025-05-28,48,BRneg,1.033
2025-05-29,1,BRpos,2.478
2025-05-29,1,BRneg,1.505
2025-05-29,2,BRpos,2.228
2025-05-29,2,BRneg,1.468
2025-05-29,3,BRpos,2.414
2025-05-29,3,BRneg,0.768
2025-05-29,4,BRpos,1.17
2025-05-29,4,BRneg,1.842
2025-05-29,5,BRpos,1.572
2025-05-29,5,BRneg,1.046
2025-05-29,6,BRpos,2.708
2025-05-29,6,BRneg,0.848
2025-05-29,7,BRpos,3.362
2025-05-29,7,BRneg,1.185
2025-05-29,8,BRpos,2.975
2025-05-29,8,BRneg,1.177
2025-05-29,9,BRpos,2.829
2025-05-29,9,BRneg,1.336
2025-05-29,10,BRpos,1.743
2025-05-29,10,BRneg,1.676
2025-05-29,11,BRpos,2.809
2025-05-29,11,BRneg,0.515
2025-05-29,12,BRpos,4.052
2025-05-29,12,BRneg,1.742
2025-05-29,13,BRpos,1.608
2025-05-29,13,BRneg,0.918
2025-05-29,14,BRpos,4.536
2025-05-29,14,BRneg,1.536
2025-05-29,15,BRpos,1.541
2025-05-29,15,BRneg,1.026
2025-05-29,16,BRpos,1.967
2025-05-29,16,BRneg,1.067
2025-05-29,17,BRpos,3.105
2025-05-29,17,BRneg,1.373
2025-05-29,18,BRpos,2.815
2025-05-29,18,BRneg,0.948
2025-05-29,19,BRpos,5.386
2025-05-29,19,BRneg,0.887
2025-05-29,20,BRpos,2.119
2025-05-29,20,BRneg,1.099
2025-05-29,21,BRpos,1.167
2025-05-29,21,BRneg,0.779
2025-05-29,22,BRpos,2.471
2025-05-29,22,BRneg,0.596
2025-05-29,23,BRpos,1.899
2025-05-29,23,BRneg,1.019
2025-05-29,24,BRpos,2.171
2025-05-29,24,BRneg,0.296
2025-05-29,25,BRpos,1.588
2025-05-29,25,BRneg,0.767
2025-05-29,26,BRpos,1.175
2025-05-29,26,BRneg,0.987
2025-05-29,27,BRpos,1.958
2025-05-29,27,BRneg,0.534
2025-05-29,28,BRpos,2.245
2025-05-29,28,BRneg,1.055
2025-05-29,29,BRpos,2.646
2025-05-29,29,BRneg,0.953
2025-05-29,30,BRpos,0.974
2025-05-29,30,BRneg,1.112
2025-05-29,31,BRpos,1.232
2025-05-29,31,BRneg,0.804
2025-05-29,32,BRpos,2.754
2025-05-29,32,BRneg,1.083
2025-05-29,33,BRpos,1.842
2025-05-29,33,BRneg,2.106
2025-05-29,34,BRpos,2.46
2025-05-29,34,BRneg,1.803
2025-05-29,35,BRpos,3.113
2025-05-29,35,BRneg,1.431
2025-05-29,36,BRpos,2.92
2025-05-29,36,BRneg,1.88
2025-05-29,37,BRpos,4.717
2025-05-29,37,BRneg,2.498
2025-05-29,38,BRpos,2.336
2025-05-29,38,BRneg,1.689
2025-05-29,39,BRpos,3.175
2025-05-29,39,BRneg,1.882
2025-05-29,40,BRpos,4.519
2025-05-29,40,BRneg,0.843
2025-05-29,41,BRpos,2.365
2025-05-29,41,BRneg,1.241
2025-05-29,42,BRpos,1.446
2025-05-29,42,BRneg,0.899
2025-05-29,43,BRpos,3.202
2025-05-29,43,BRneg,0.333
2025-05-29,44,BRpos,3.301
2025-05-29,44,BRneg,1.268
2025-05-29,45,BRpos,3.011
2025-05-29,45,BRneg,0.581
2025-05-29,46,BRpos,3.038
2025-05-29,46,BRneg,0.855
2025-05-29,47,BRpos,1.04
2025-05-29,47,BRneg,2.261
2025-05-29,48,BRpos,2.191
2025-05-29,48,BRneg,1.543
2025-05-30,1,BRpos,2.407
2025-05-30,1,BRneg,1.366
2025-05-30,2,BRpos,1.273
2025-05-30,2,BRneg,0.783
2025-05-30,3,BRpos,1.19
2025-05-30,3,BRneg,0.837
2025-05-30,4,BRpos,2.599
2025-05-30,4,BRneg,1.308
2025-05-30,5,BRpos,1.9
2025-05-30,5,BRneg,1.345
2025-05-30,6,BRpos,2.476
2025-05-30,6,BRneg,1.231
2025-05-30,7,BRpos,2.018
2025-05-30,7,BRneg,1.622
2025-05-30,8,BRpos,0.662
2025-05-30,8,BRneg,0.766
2025-05-30,9,BRpos,1.387
2025-05-30,9,BRneg,0.893
2025-05-30,10,BRpos,1.968
2025-05-30,10,BRneg,0.882
2025-05-30,11,BRpos,2.829
2025-05-30,11,BRneg,1.621
2025-05-30,12,BRpos,1.984
2025-05-30,12,BRneg,1.585
2025-05-30,13,BRpos,2.639
2025-05-30,13,BRneg,2.655
2025-05-30,14,BRpos,4.961
2025-05-30,14,BRneg,0.827
2025-05-30,15,BRpos,2.102
2025-05-30,15,BRneg,1.321
2025-05-30,16,BRpos,0.916
2025-05-30,16,BRneg,0.949
2025-05-30,17,BRpos,3.775
2025-05-30,17,BRneg,0.881
2025-05-30,18,BRpos,3.385
2025-05-30,18,BRneg,1.013
2025-05-30,19,BRpos,1.489
2025-05-30,19,BRneg,2.213
2025-05-30,20,BRpos,1.579
2025-05-30,20,BRneg,1.291
2025-05-30,21,BRpos,2.952
2025-05-30,21,BRneg,0.951
2025-05-30,22,BRpos,2.933
2025-05-30,22,BRneg,1.056
2025-05-30,23,BRpos,6.37
2025-05-30,23,BRneg,0.984
2025-05-30,24,BRpos,1.988
2025-05-30,24,BRneg,2.586
2025-05-30,25,BRpos,3.395
2025-05-30,25,BRneg,1.629
2025-05-30,26,BRpos,1.412
2025-05-30,26,BRneg,0.769
2025-05-30,27,BRpos,1.917
2025-05-30,27,BRneg,0.85
2025-05-30,28,BRpos,1.992
2025-05-30,28,BRneg,0.866
2025-05-30,29,BRpos,1.268
2025-05-30,29,BRneg,1.322
2025-05-30,30,BRpos,2.465
2025-05-30,30,BRneg,1.268
2025-05-30,31,BRpos,3.885
2025-05-30,31,BRneg,0.862
2025-05-30,32,BRpos,1.809
2025-05-30,32,BRneg,0.78
2025-05-30,33,BRpos,4.022
2025-05-30,33,BRneg,0.874
2025-05-30,34,BRpos,4.518
2025-05-30,34,BRneg,1.992
2025-05-30,35,BRpos,6.191
2025-05-30,35,BRneg,0.819
2025-05-30,36,BRpos,2.714
2025-05-30,36,BRneg,1.5
2025-05-30,37,BRpos,4.574
2025-05-30,37,BRneg,1.355
2025-05-30,38,BRpos,6.103
2025-05-30,38,BRneg,2.823
2025-05-30,39,BRpos,3.683
2025-05-30,39,BRneg,3.073
2025-05-30,40,BRpos,3.822
2025-05-30,40,BRneg,0.984
2025-05-30,41,BRpos,2.68
2025-05-30,41,BRneg,1.993
2025-05-30,42,BRpos,1.607
2025-05-30,42,BRneg,0.572
2025-05-30,43,BRpos,3.2
2025-05-30,43,BRneg,0.567
2025-05-30,44,BRpos,2.366
2025-05-30,44,BRneg,1.859
2025-05-30,45,BRpos,2.045
2025-05-30,45,BRneg,1.283
2025-05-30,46,BRpos,4.553
2025-05-30,46,BRneg,1.263
2025-05-30,47,BRpos,1.739
2025-05-30,47,BRneg,0.971
2025-05-30,48,BRpos,2.243
2025-05-30,48,BRneg,0.643
2025-05-31,1,BRpos,1.763
2025-05-31,1,BRneg,0.755
2025-05-31,2,BRpos,1.975
2025-05-31,2,BRneg,0.988
2025-05-31,3,BRpos,3.863
2025-05-31,3,BRneg,0.709
2025-05-31,4,BRpos,2.105
2025-05-31,4,BRneg,1.734
2025-05-31,5,BRpos,2.084
2025-05-31,5,BRneg,1.274
2025-05-31,6,BRpos,4.372
2025-05-31,6,BRneg,1.357
2025-05-31,7,BRpos,1.787
2025-05-31,7,BRneg,1.703
2025-05-31,8,BRpos,1.494
2025-05-31,8,BRneg,1.494
2025-05-31,9,BRpos,1.563
2025-05-31,9,BRneg,1.029
2025-05-31,10,BRpos,1.167
2025-05-31,10,BRneg,0.812
2025-05-31,11,BRpos,1.712
2025-05-31,11,BRneg,0.9
2025-05-31,12,BRpos,1.363
2025-05-31,12,BRneg,1.186
2025-05-31,13,BRpos,4.114
2025-05-31,13,BRneg,0.599
2025-05-31,14,BRpos,4.398
2025-05-31,14,BRneg,1.622
2025-05-31,15,BRpos,1.373
2025-05-31,15,BRneg,1.427
2025-05-31,16,BRpos,3.048
2025-05-31,16,BRneg,1.787
2025-05-31,17,BRpos,4.775
2025-05-31,17,BRneg,2.041
2025-05-31,18,BRpos,3.242
2025-05-31,18,BRneg,1.083
2025-05-31,19,BRpos,1.567
2025-05-31,19,BRneg,0.785
2025-05-31,20,BRpos,3.415
2025-05-31,20,BRneg,0.889
2025-05-31,21,BRpos,2.193
2025-05-31,21,BRneg,1.215
2025-05-31,22,BRpos,1.345
2025-05-31,22,BRneg,1.6
2025-05-31,23,BRpos,1.177
2025-05-31,23,BRneg,1.187
2025-05-31,24,BRpos,2.483
2025-05-31,24,BRneg,2.734
2025-05-31,25,BRpos,2.399
2025-05-31,25,BRneg,0.795
2025-05-31,26,BRpos,2.805
2025-05-31,26,BRneg,1.138
2025-05-31,27,BRpos,4.495
2025-05-31,27,BRneg,0.467
2025-05-31,28,BRpos,1.031
2025-05-31,28,BRneg,0.87
2025-05-31,29,BRpos,1.919
2025-05-31,29,BRneg,0.875
2025-05-31,30,BRpos,2.249
2025-05-31,30,BRneg,0.869
2025-05-31,31,BRpos,1.27
2025-05-31,31,BRneg,1.066
2025-05-31,32,BRpos,0.964
2025-05-31,32,BRneg,0.852
2025-05-31,33,BRpos,2.952
2025-05-31,33,BRneg,0.802
2025-05-31,34,BRpos,6.673
2025-05-31,34,BRneg,3.371
2025-05-31,35,BRpos,4.413
2025-05-31,35,BRneg,5.237
2025-05-31,36,BRpos,2.834
2025-05-31,36,BRneg,1.182
2025-05-31,37,BRpos,4.094
2025-05-31,37,BRneg,2.197
2025-05-31,38,BRpos,2.772
2025-05-31,38,BRneg,1.995
2025-05-31,39,BRpos,9.215
2025-05-31,39,BRneg,1.697
2025-05-31,40,BRpos,1.56
2025-05-31,40,BRneg,0.849
2025-05-31,41,BRpos,2.078
2025-05-31,41,BRneg,2.702
2025-05-31,42,BRpos,3.938
2025-05-31,42,BRneg,1.341
2025-05-31,43,BRpos,1.509
2025-05-31,43,BRneg,1.66
2025-05-31,44,BRpos,2.947
2025-05-31,44,BRneg,2.682
2025-05-31,45,BRpos,2.379
2025-05-31,45,BRneg,1.526
2025-05-31,46,BRpos,2.184
2025-05-31,46,BRneg,0.669
2025-05-31,47,BRpos,1.026
2025-05-31,47,BRneg,0.593
2025-05-31,48,BRpos,1.603
2025-05-31,48,BRneg,0.727
2025-06-01,1,BRpos,1.809
2025-06-01,1,BRneg,0.77
2025-06-01,2,BRpos,2.353
2025-06-01,2,BRneg,1.449
2025-06-01,3,BRpos,1.189
2025-06-01,3,BRneg,0.592
2025-06-01,4,BRpos,1.164
2025-06-01,4,BRneg,0.681
2025-06-01,5,BRpos,3.083
2025-06-01,5,BRneg,1.054
2025-06-01,6,BRpos,1.583
2025-06-01,6,BRneg,1.13
2025-06-01,7,BRpos,1.353
2025-06-01,7,BRneg,1.665
2025-06-01,8,BRpos,2.305
2025-06-01,8,BRneg,1.506
2025-06-01,9,BRpos,4.372
2025-06-01,9,BRneg,1.163
2025-06-01,10,BRpos,4.24
2025-06-01,10,BRneg,0.502
2025-06-01,11,BRpos,3.798
2025-06-01,11,BRneg,0.837
2025-06-01,12,BRpos,2.381
2025-06-01,12,BRneg,0.938
2025-06-01,13,BRpos,0.868
2025-06-01,13,BRneg,1.35
2025-06-01,14,BRpos,1.369
2025-06-01,14,BRneg,1.406
2025-06-01,15,BRpos,2.858
2025-06-01,15,BRneg,1.665
2025-06-01,16,BRpos,3.593
2025-06-01,16,BRneg,0.428
2025-06-01,17,BRpos,3.175
2025-06-01,17,BRneg,1.47
2025-06-01,18,BRpos,6.076
2025-06-01,18,BRneg,1.864
2025-06-01,19,BRpos,1.771
2025-06-01,19,BRneg,1.739
2025-06-01,20,BRpos,3.039
2025-06-01,20,BRneg,1.175
2025-06-01,21,BRpos,2.375
2025-06-01,21,BRneg,2.8
2025-06-01,22,BRpos,3.301
2025-06-01,22,BRneg,1.047
2025-06-01,23,BRpos,1.56
2025-06-01,23,BRneg,1.191
2025-06-01,24,BRpos,2.659
2025-06-01,24,BRneg,1.379
2025-06-01,25,BRpos,1.876
2025-06-01,25,BRneg,0.954
2025-06-01,26,BRpos,3.785
2025-06-01,26,BRneg,0.694
2025-06-01,27,BRpos,1.595
2025-06-01,27,BRneg,1.755
2025-06-01,28,BRpos,2.17
2025-06-01,28,BRneg,0.942
2025-06-01,29,BRpos,2.128
2025-06-01,29,BRneg,1.052
2025-06-01,30,BRpos,1.485
2025-06-01,30,BRneg,0.837
2025-06-01,31,BRpos,3.949
2025-06-01,31,BRneg,1.079
2025-06-01,32,BRpos,1.706
2025-06-01,32,BRneg,0.657
2025-06-01,33,BRpos,2.695
2025-06-01,33,BRneg,0.994
2025-06-01,34,BRpos,4.944
2025-06-01,34,BRneg,3.063
2025-06-01,35,BRpos,2.394
2025-06-01,35,BRneg,0.795
2025-06-01,36,BRpos,7.318
2025-06-01,36,BRneg,1.269
2025-06-01,37,BRpos,6.55
2025-06-01,37,BRneg,2.859
2025-06-01,38,BRpos,4.966
2025-06-01,38,BRneg,1.384
2025-06-01,39,BRpos,2.918
2025-06-01,39,BRneg,0.84
2025-06-01,40,BRpos,2.561
2025-06-01,40,BRneg,1.544
2025-06-01,41,BRpos,1.843
2025-06-01,41,BRneg,2.676
2025-06-01,42,BRpos,0.778
2025-06-01,42,BRneg,0.847
2025-06-01,43,BRpos,1.997
2025-06-01,43,BRneg,0.54
2025-06-01,44,BRpos,1.472
2025-06-01,44,BRneg,0.729
2025-06-01,45,BRpos,2.808
2025-06-01,45,BRneg,0.988
2025-06-01,46,BRpos,2.626
2025-06-01,46,BRneg,2.337
2025-06-01,47,BRpos,3.468
2025-06-01,47,BRneg,1.886
2025-06-01,48,BRpos,3.801
2025-06-01,48,BRneg,1.347
2025-06-02,1,BRpos,1.864
2025-06-02,1,BRneg,0.53
2025-06-02,2,BRpos,4.932
2025-06-02,2,BRneg,1.13
2025-06-02,3,BRpos,1.586
2025-06-02,3,BRneg,0.83
2025-06-02,4,BRpos,2.566
2025-06-02,4,BRneg,2.17
2025-06-02,5,BRpos,3.204
2025-06-02,5,BRneg,1.688
2025-06-02,6,BRpos,2.452
2025-06-02,6,BRneg,1.221
2025-06-02,7,BRpos,1.537
2025-06-02,7,BRneg,0.695
2025-06-02,8,BRpos,5.031
2025-06-02,8,BRneg,0.935
2025-06-02,9,BRpos,3.61
2025-06-02,9,BRneg,1.064
2025-06-02,10,BRpos,5.209
2025-06-02,10,BRneg,1.043
2025-06-02,11,BRpos,3.336
2025-06-02,11,BRneg,0.827
2025-06-02,12,BRpos,3.364
2025-06-02,12,BRneg,0.769
2025-06-02,13,BRpos,1.935
2025-06-02,13,BRneg,1.146
2025-06-02,14,BRpos,3.844
2025-06-02,14,BRneg,1.689
2025-06-02,15,BRpos,2.667
2025-06-02,15,BRneg,0.64
2025-06-02,16,BRpos,4.154
2025-06-02,16,BRneg,0.966
2025-06-02,17,BRpos,1.237
2025-06-02,17,BRneg,0.831
2025-06-02,18,BRpos,3.319
2025-06-02,18,BRneg,0.886
2025-06-02,19,BRpos,2.053
2025-06-02,19,BRneg,1.456
2025-06-02,20,BRpos,1.863
2025-06-02,20,BRneg,1.807
2025-06-02,21,BRpos,1.197
2025-06-02,21,BRneg,1.049
2025-06-02,22,BRpos,2.196
2025-06-02,22,BRneg,0.806
2025-06-02,23,BRpos,1.684
2025-06-02,23,BRneg,0.403
2025-06-02,24,BRpos,1.43
2025-06-02,24,BRneg,1.966
2025-06-02,25,BRpos,1.672
2025-06-02,25,BRneg,0.761
2025-06-02,26,BRpos,3.775
2025-06-02,26,BRneg,1.562
2025-06-02,27,BRpos,3.026
2025-06-02,27,BRneg,0.845
2025-06-02,28,BRpos,3.378
2025-06-02,28,BRneg,0.612
2025-06-02,29,BRpos,1.562
2025-06-02,29,BRneg,1.098
2025-06-02,30,BRpos,5.871
2025-06-02,30,BRneg,1.074
2025-06-02,31,BRpos,2.914
2025-06-02,31,BRneg,0.802
2025-06-02,32,BRpos,1.194
2025-06-02,32,BRneg,0.519
2025-06-02,33,BRpos,1.978
2025-06-02,33,BRneg,1.317
2025-06-02,34,BRpos,4.452
2025-06-02,34,BRneg,1.561
2025-06-02,35,BRpos,4.079
2025-06-02,35,BRneg,2.95
2025-06-02,36,BRpos,3.952
2025-06-02,36,BRneg,3.76
2025-06-02,37,BRpos,2.424
2025-06-02,37,BRneg,2.656
2025-06-02,38,BRpos,5.796
2025-06-02,38,BRneg,1.959
2025-06-02,39,BRpos,1.385
2025-06-02,39,BRneg,1.289
2025-06-02,40,BRpos,2.779
2025-06-02,40,BRneg,0.592
2025-06-02,41,BRpos,1.823
2025-06-02,41,BRneg,1.506
2025-06-02,42,BRpos,2.787
2025-06-02,42,BRneg,1.498
2025-06-02,43,BRpos,1.018
2025-06-02,43,BRneg,1.226
2025-06-02,44,BRpos,1.48
2025-06-02,44,BRneg,1.365
2025-06-02,45,BRpos,2.015
2025-06-02,45,BRneg,1.897
2025-06-02,46,BRpos,2.095
2025-06-02,46,BRneg,3.24
2025-06-02,47,BRpos,1.069
2025-06-02,47,BRneg,0.693
2025-06-02,48,BRpos,2.029
2025-06-02,48,BRneg,1.019
2025-06-03,1,BRpos,3.657
2025-06-03,1,BRneg,1.045
2025-06-03,2,BRpos,2.481
2025-06-03,2,BRneg,1.379
2025-06-03,3,BRpos,3.386
2025-06-03,3,BRneg,2.018
2025-06-03,4,BRpos,3.217
2025-06-03,4,BRneg,0.563
2025-06-03,5,BRpos,1.808
2025-06-03,5,BRneg,0.902
2025-06-03,6,BRpos,1.415
2025-06-03,6,BRneg,1.311
2025-06-03,7,BRpos,4.22
2025-06-03,7,BRneg,1.283
2025-06-03,8,BRpos,2.563
2025-06-03,8,BRneg,1.273
2025-06-03,9,BRpos,1.525
2025-06-03,9,BRneg,0.827
2025-06-03,10,BRpos,1.973
2025-06-03,10,BRneg,0.879
2025-06-03,11,BRpos,1.589
2025-06-03,11,BRneg,0.871
2025-06-03,12,BRpos,3.242
2025-06-03,12,BRneg,0.765
2025-06-03,13,BRpos,3.411
2025-06-03,13,BRneg,0.871
2025-06-03,14,BRpos,4.427
2025-06-03,14,BRneg,1.424
2025-06-03,15,BRpos,3.918
2025-06-03,15,BRneg,0.598
2025-06-03,16,BRpos,1.362
2025-06-03,16,BRneg,0.701
2025-06-03,17,BRpos,2.129
2025-06-03,17,BRneg,1.638
2025-06-03,18,BRpos,1.817
2025-06-03,18,BRneg,1.253
2025-06-03,19,BRpos,6.927
2025-06-03,19,BRneg,0.969
2025-06-03,20,BRpos,1.902
2025-06-03,20,BRneg,1.319
2025-06-03,21,BRpos,1.242
2025-06-03,21,BRneg,2.128
2025-06-03,22,BRpos,0.992
2025-06-03,22,BRneg,1.324
2025-06-03,23,BRpos,4.298
2025-06-03,23,BRneg,1.413
2025-06-03,24,BRpos,2.62
2025-06-03,24,BRneg,1.246
2025-06-03,25,BRpos,5.447
2025-06-03,25,BRneg,1.078
2025-06-03,26,BRpos,4.23
2025-06-03,26,BRneg,1.696
2025-06-03,27,BRpos,2.6
2025-06-03,27,BRneg,1.11
2025-06-03,28,BRpos,2.113
2025-06-03,28,BRneg,0.628
2025-06-03,29,BRpos,3.095
2025-06-03,29,BRneg,1.917
2025-06-03,30,BRpos,2.489
2025-06-03,30,BRneg,1.239
2025-06-03,31,BRpos,4.15
2025-06-03,31,BRneg,1.697
2025-06-03,32,BRpos,1.949
2025-06-03,32,BRneg,0.988
2025-06-03,33,BRpos,0.65
2025-06-03,33,BRneg,0.833
2025-06-03,34,BRpos,3.667
2025-06-03,34,BRneg,1.731
2025-06-03,35,BRpos,2.538
2025-06-03,35,BRneg,4.241
2025-06-03,36,BRpos,3.567
2025-06-03,36,BRneg,1.319
2025-06-03,37,BRpos,3.366
2025-06-03,37,BRneg,1.681
2025-06-03,38,BRpos,2.236
2025-06-03,38,BRneg,0.506
2025-06-03,39,BRpos,2.261
2025-06-03,39,BRneg,1.612
2025-06-03,40,BRpos,1.708
2025-06-03,40,BRneg,1.641
2025-06-03,41,BRpos,2.396
2025-06-03,41,BRneg,0.45
2025-06-03,42,BRpos,2.55
2025-06-03,42,BRneg,0.816
2025-06-03,43,BRpos,2.143
2025-06-03,43,BRneg,1.039
2025-06-03,44,BRpos,2.545
2025-06-03,44,BRneg,1.011
2025-06-03,45,BRpos,4.149
2025-06-03,45,BRneg,0.868
2025-06-03,46,BRpos,1.351
2025-06-03,46,BRneg,0.598
2025-06-03,47,BRpos,1.539
2025-06-03,47,BRneg,1.053
2025-06-03,48,BRpos,4.373
2025-06-03,48,BRneg,0.705
2025-06-04,1,BRpos,1.972
2025-06-04,1,BRneg,1.048
2025-06-04,2,BRpos,2.537
2025-06-04,2,BRneg,1.609
2025-06-04,3,BRpos,0.574
2025-06-04,3,BRneg,2.012
2025-06-04,4,BRpos,4.374
2025-06-04,4,BRneg,1.362
2025-06-04,5,BRpos,1.171
2025-06-04,5,BRneg,0.582
2025-06-04,6,BRpos,1.98
2025-06-04,6,BRneg,1.847
2025-06-04,7,BRpos,2.781
2025-06-04,7,BRneg,0.523
2025-06-04,8,BRpos,2.225
2025-06-04,8,BRneg,0.789
2025-06-04,9,BRpos,3.763
2025-06-04,9,BRneg,1.353
2025-06-04,10,BRpos,1.546
2025-06-04,10,BRneg,1.273
2025-06-04,11,BRpos,3.167
2025-06-04,11,BRneg,0.775
2025-06-04,12,BRpos,1.292
2025-06-04,12,BRneg,0.765
2025-06-04,13,BRpos,1.418
2025-06-04,13,BRneg,1.008
2025-06-04,14,BRpos,1.819
2025-06-04,14,BRneg,0.737
2025-06-04,15,BRpos,1.615
2025-06-04,15,BRneg,0.571
2025-06-04,16,BRpos,2.536
2025-06-04,16,BRneg,0.693
2025-06-04,17,BRpos,2.011
2025-06-04,17,BRneg,0.788
2025-06-04,18,BRpos,2.253
2025-06-04,18,BRneg,1.056
2025-06-04,19,BRpos,2.69
2025-06-04,19,BRneg,0.463
2025-06-04,20,BRpos,3.528
2025-06-04,20,BRneg,1.789
2025-06-04,21,BRpos,4.406
2025-06-04,21,BRneg,0.764
2025-06-04,22,BRpos,1.951
2025-06-04,22,BRneg,0.718
2025-06-04,23,BRpos,2.345
2025-06-04,23,BRneg,1.306
2025-06-04,24,BRpos,1.617
2025-06-04,24,BRneg,1.482
2025-06-04,25,BRpos,3.179
2025-06-04,25,BRneg,0.856
2025-06-04,26,BRpos,1.731
2025-06-04,26,BRneg,1.68
2025-06-04,27,BRpos,2.982
2025-06-04,27,BRneg,1.322
2025-06-04,28,BRpos,2.428
2025-06-04,28,BRneg,0.541
2025-06-04,29,BRpos,2.862
2025-06-04,29,BRneg,1.028
2025-06-04,30,BRpos,3.198
2025-06-04,30,BRneg,1.413
2025-06-04,31,BRpos,2.408
2025-06-04,31,BRneg,0.775
2025-06-04,32,BRpos,3.423
2025-06-04,32,BRneg,0.753
2025-06-04,33,BRpos,2.41
2025-06-04,33,BRneg,0.533
2025-06-04,34,BRpos,1.718
2025-06-04,34,BRneg,4.167
2025-06-04,35,BRpos,2.533
2025-06-04,35,BRneg,0.658
2025-06-04,36,BRpos,1.933
2025-06-04,36,BRneg,3.766
2025-06-04,37,BRpos,2.604
2025-06-04,37,BRneg,1.129
2025-06-04,38,BRpos,3.983
2025-06-04,38,BRneg,2.362
2025-06-04,39,BRpos,4.06
2025-06-04,39,BRneg,4.227
2025-06-04,40,BRpos,3.691
2025-06-04,40,BRneg,1.128
2025-06-04,41,BRpos,1.899
2025-06-04,41,BRneg,0.714
2025-06-04,42,BRpos,1.796
2025-06-04,42,BRneg,1.406
2025-06-04,43,BRpos,1.762
2025-06-04,43,BRneg,2.787
2025-06-04,44,BRpos,2.784
2025-06-04,44,BRneg,0.996
2025-06-04,45,BRpos,2.486
2025-06-04,45,BRneg,1.117
2025-06-04,46,BRpos,2.488
2025-06-04,46,BRneg,1.078
2025-06-04,47,BRpos,3.082
2025-06-04,47,BRneg,1.879
2025-06-04,48,BRpos,1.529
2025-06-04,48,BRneg,0.809
2025-06-05,1,BRpos,2.942
2025-06-05,1,BRneg,1.966
2025-06-05,2,BRpos,6.535
2025-06-05,2,BRneg,0.461
2025-06-05,3,BRpos,2.586
2025-06-05,3,BRneg,2.014
2025-06-05,4,BRpos,2.903
2025-06-05,4,BRneg,0.926
2025-06-05,5,BRpos,4.998
2025-06-05,5,BRneg,1.291
2025-06-05,6,BRpos,0.942
2025-06-05,6,BRneg,1.012
2025-06-05,7,BRpos,2.98
2025-06-05,7,BRneg,1.639
2025-06-05,8,BRpos,1.516
2025-06-05,8,BRneg,0.593
2025-06-05,9,BRpos,4.442
2025-06-05,9,BRneg,2.748
2025-06-05,10,BRpos,1.228
2025-06-05,10,BRneg,0.724
2025-06-05,11,BRpos,1.289
2025-06-05,11,BRneg,2.356
2025-06-05,12,BRpos,1.01
2025-06-05,12,BRneg,1.87
2025-06-05,13,BRpos,2.296
2025-06-05,13,BRneg,0.77
2025-06-05,14,BRpos,0.939
2025-06-05,14,BRneg,2.069
2025-06-05,15,BRpos,3.257
2025-06-05,15,BRneg,1.607
2025-06-05,16,BRpos,1.604
2025-06-05,16,BRneg,2.071
2025-06-05,17,BRpos,1.204
2025-06-05,17,BRneg,1.313
2025-06-05,18,BRpos,1.536
2025-06-05,18,BRneg,1.076
2025-06-05,19,BRpos,1.653
2025-06-05,19,BRneg,1.133
2025-06-05,20,BRpos,1.851
2025-06-05,20,BRneg,1.653
2025-06-05,21,BRpos,4.344
2025-06-05,21,BRneg,1.296
2025-06-05,22,BRpos,2.603
2025-06-05,22,BRneg,1.058
2025-06-05,23,BRpos,2.351
2025-06-05,23,BRneg,0.709
2025-06-05,24,BRpos,3.53
2025-06-05,24,BRneg,0.737
2025-06-05,25,BRpos,1.256
2025-06-05,25,BRneg,0.593
2025-06-05,26,BRpos,2.792
2025-06-05,26,BRneg,0.936
2025-06-05,27,BRpos,2.241
2025-06-05,27,BRneg,1.756
2025-06-05,28,BRpos,1.678
2025-06-05,28,BRneg,0.435
2025-06-05,29,BRpos,0.943
2025-06-05,29,BRneg,1.084
2025-06-05,30,BRpos,2.483
2025-06-05,30,BRneg,2.114
2025-06-05,31,BRpos,2.404
2025-06-05,31,BRneg,1.18
2025-06-05,32,BRpos,3.475
2025-06-05,32,BRneg,0.596
2025-06-05,33,BRpos,1.939
2025-06-05,33,BRneg,1.175
2025-06-05,34,BRpos,4.132
2025-06-05,34,BRneg,0.958
2025-06-05,35,BRpos,4.943
2025-06-05,35,BRneg,2.682
2025-06-05,36,BRpos,3.715
2025-06-05,36,BRneg,0.678
2025-06-05,37,BRpos,3.35
2025-06-05,37,BRneg,1.335
2025-06-05,38,BRpos,4.501
2025-06-05,38,BRneg,1.602
2025-06-05,39,BRpos,4.036
2025-06-05,39,BRneg,3.126
2025-06-05,40,BRpos,2.824
2025-06-05,40,BRneg,1.045
2025-06-05,41,BRpos,1.153
2025-06-05,41,BRneg,0.539
2025-06-05,42,BRpos,1.472
2025-06-05,42,BRneg,0.553
2025-06-05,43,BRpos,3.194
2025-06-05,43,BRneg,0.759
2025-06-05,44,BRpos,1.258
2025-06-05,44,BRneg,0.783
2025-06-05,45,BRpos,2.122
2025-06-05,45,BRneg,1.036
2025-06-05,46,BRpos,2.318
2025-06-05,46,BRneg,1.047
2025-06-05,47,BRpos,1.57
2025-06-05,47,BRneg,0.598
2025-06-05,48,BRpos,0.818
2025-06-05,48,BRneg,0.665
2025-06-06,1,BRpos,1.997
2025-06-06,1,BRneg,0.87
2025-06-06,2,BRpos,1.588
2025-06-06,2,BRneg,0.997
2025-06-06,3,BRpos,2.443
2025-06-06,3,BRneg,0.851
2025-06-06,4,BRpos,2.606
2025-06-06,4,BRneg,0.597
2025-06-06,5,BRpos,1.85
2025-06-06,5,BRneg,1.369
2025-06-06,6,BRpos,4.076
2025-06-06,6,BRneg,0.342
2025-06-06,7,BRpos,3.535
2025-06-06,7,BRneg,2.009
2025-06-06,8,BRpos,2.608
2025-06-06,8,BRneg,0.631
2025-06-06,9,BRpos,1.327
2025-06-06,9,BRneg,0.851
2025-06-06,10,BRpos,2.09
2025-06-06,10,BRneg,1.081
2025-06-06,11,BRpos,1.432
2025-06-06,11,BRneg,1.618
2025-06-06,12,BRpos,3.745
2025-06-06,12,BRneg,0.612
2025-06-06,13,BRpos,2.002
2025-06-06,13,BRneg,0.77
2025-06-06,14,BRpos,1.177
2025-06-06,14,BRneg,1.112
2025-06-06,15,BRpos,1.77
2025-06-06,15,BRneg,0.717
2025-06-06,16,BRpos,1.982
2025-06-06,16,BRneg,1.787
2025-06-06,17,BRpos,1.405
2025-06-06,17,BRneg,0.458
2025-06-06,18,BRpos,2.742
2025-06-06,18,BRneg,1.411
2025-06-06,19,BRpos,1.683
2025-06-06,19,BRneg,2.15
2025-06-06,20,BRpos,5.035
2025-06-06,20,BRneg,0.782
2025-06-06,21,BRpos,3.603
2025-06-06,21,BRneg,1.525
2025-06-06,22,BRpos,1.539
2025-06-06,22,BRneg,0.902
2025-06-06,23,BRpos,1.664
2025-06-06,23,BRneg,0.591
2025-06-06,24,BRpos,2.722
2025-06-06,24,BRneg,1.8
2025-06-06,25,BRpos,3.156
2025-06-06,25,BRneg,1.518
2025-06-06,26,BRpos,3.245
2025-06-06,26,BRneg,1.195
2025-06-06,27,BRpos,3.804
2025-06-06,27,BRneg,0.607
2025-06-06,28,BRpos,2.039
2025-06-06,28,BRneg,1.329
2025-06-06,29,BRpos,1.348
2025-06-06,29,BRneg,1.559
2025-06-06,30,BRpos,2.561
2025-06-06,30,BRneg,1.041
2025-06-06,31,BRpos,1.986
2025-06-06,31,BRneg,0.474
2025-06-06,32,BRpos,4.682
2025-06-06,32,BRneg,0.942
2025-06-06,33,BRpos,3.49
2025-06-06,33,BRneg,1.073
2025-06-06,34,BRpos,3.143
2025-06-06,34,BRneg,1.606
2025-06-06,35,BRpos,0.972
2025-06-06,35,BRneg,1.469
2025-06-06,36,BRpos,3.207
2025-06-06,36,BRneg,1.809
2025-06-06,37,BRpos,4.155
2025-06-06,37,BRneg,1.659
2025-06-06,38,BRpos,4.538
2025-06-06,38,BRneg,1.891
2025-06-06,39,BRpos,2.467
2025-06-06,39,BRneg,2.067
2025-06-06,40,BRpos,2.891
2025-06-06,40,BRneg,0.465
2025-06-06,41,BRpos,1.597
2025-06-06,41,BRneg,0.98
2025-06-06,42,BRpos,2.773
2025-06-06,42,BRneg,0.735
2025-06-06,43,BRpos,1.951
2025-06-06,43,BRneg,0.79
2025-06-06,44,BRpos,2.316
2025-06-06,44,BRneg,0.991
2025-06-06,45,BRpos,2.22
2025-06-06,45,BRneg,1.14
2025-06-06,46,BRpos,3.916
2025-06-06,46,BRneg,0.418
2025-06-06,47,BRpos,3.647
2025-06-06,47,BRneg,0.546
2025-06-06,48,BRpos,1.864
2025-06-06,48,BRneg,2.584
2025-06-07,1,BRpos,2.156
2025-06-07,1,BRneg,0.845
2025-06-07,2,BRpos,2.763
2025-06-07,2,BRneg,1.361
2025-06-07,3,BRpos,1.709
2025-06-07,3,BRneg,1.006
2025-06-07,4,BRpos,2.407
2025-06-07,4,BRneg,1.227
2025-06-07,5,BRpos,3.051
2025-06-07,5,BRneg,0.72
2025-06-07,6,BRpos,2.143
2025-06-07,6,BRneg,1.421
2025-06-07,7,BRpos,2.845
2025-06-07,7,BRneg,0.834
2025-06-07,8,BRpos,1.323
2025-06-07,8,BRneg,0.893
2025-06-07,9,BRpos,1.703
2025-06-07,9,BRneg,0.67
2025-06-07,10,BRpos,2.131
2025-06-07,10,BRneg,0.819
2025-06-07,11,BRpos,1.689
2025-06-07,11,BRneg,1.182
2025-06-07,12,BRpos,3.019
2025-06-07,12,BRneg,0.642
2025-06-07,13,BRpos,1.799
2025-06-07,13,BRneg,0.508
2025-06-07,14,BRpos,1.751
2025-06-07,14,BRneg,1.187
2025-06-07,15,BRpos,4.865
2025-06-07,15,BRneg,1.032
2025-06-07,16,BRpos,3.347
2025-06-07,16,BRneg,0.888
2025-06-07,17,BRpos,3.564
2025-06-07,17,BRneg,0.601
2025-06-07,18,BRpos,2.653
2025-06-07,18,BRneg,0.716
2025-06-07,19,BRpos,2.055
2025-06-07,19,BRneg,0.878
2025-06-07,20,BRpos,1.788
2025-06-07,20,BRneg,0.466
2025-06-07,21,BRpos,1.627
2025-06-07,21,BRneg,1.39
2025-06-07,22,BRpos,1.508
2025-06-07,22,BRneg,1.298
2025-06-07,23,BRpos,3.111
2025-06-07,23,BRneg,1.308
2025-06-07,24,BRpos,1.536
2025-06-07,24,BRneg,1.845
2025-06-07,25,BRpos,2.68
2025-06-07,25,BRneg,0.685
2025-06-07,26,BRpos,2.29
2025-06-07,26,BRneg,0.87
2025-06-07,27,BRpos,2.422
2025-06-07,27,BRneg,0.541
2025-06-07,28,BRpos,1.841
2025-06-07,28,BRneg,0.673
2025-06-07,29,BRpos,3.149
2025-06-07,29,BRneg,1.064
2025-06-07,30,BRpos,2.473
2025-06-07,30,BRneg,0.874
2025-06-07,31,BRpos,3.073
2025-06-07,31,BRneg,0.702
2025-06-07,32,BRpos,2.577
2025-06-07,32,BRneg,2.829
2025-06-07,33,BRpos,1.539
2025-06-07,33,BRneg,0.775
2025-06-07,34,BRpos,3.837
2025-06-07,34,BRneg,1.911
2025-06-07,35,BRpos,3.493
2025-06-07,35,BRneg,1.367
2025-06-07,36,BRpos,6.468
2025-06-07,36,BRneg,1.188
2025-06-07,37,BRpos,2.113
2025-06-07,37,BRneg,1.151
2025-06-07,38,BRpos,2.033
2025-06-07,38,BRneg,2.202
2025-06-07,39,BRpos,3.703
2025-06-07,39,BRneg,2.592
2025-06-07,40,BRpos,3.805
2025-06-07,40,BRneg,0.846
2025-06-07,41,BRpos,0.786
2025-06-07,41,BRneg,0.796
2025-06-07,42,BRpos,4.866
2025-06-07,42,BRneg,0.382
2025-06-07,43,BRpos,3.41
2025-06-07,43,BRneg,1.405
2025-06-07,44,BRpos,1.315
2025-06-07,44,BRneg,1.172
2025-06-07,45,BRpos,2.182
2025-06-07,45,BRneg,0.87
2025-06-07,46,BRpos,1.253
2025-06-07,46,BRneg,0.755
2025-06-07,47,BRpos,3.847
2025-06-07,47,BRneg,0.556
2025-06-07,48,BRpos,5.487
2025-06-07,48,BRneg,0.999
2025-06-08,1,BRpos,2.159
2025-06-08,1,BRneg,0.613
2025-06-08,2,BRpos,1.428
2025-06-08,2,BRneg,0.502
2025-06-08,3,BRpos,2.892
2025-06-08,3,BRneg,0.991
2025-06-08,4,BRpos,2.459
2025-06-08,4,BRneg,1.164
2025-06-08,5,BRpos,1.867
2025-06-08,5,BRneg,0.74
2025-06-08,6,BRpos,3.627
2025-06-08,6,BRneg,2.108
2025-06-08,7,BRpos,2.216
2025-06-08,7,BRneg,1.039
2025-06-08,8,BRpos,2.857
2025-06-08,8,BRneg,0.673
2025-06-08,9,BRpos,0.485
2025-06-08,9,BRneg,1.21
2025-06-08,10,BRpos,3.436
2025-06-08,10,BRneg,0.855
2025-06-08,11,BRpos,2.032
2025-06-08,11,BRneg,0.903
2025-06-08,12,BRpos,2.146
2025-06-08,12,BRneg,0.769
2025-06-08,13,BRpos,3.226
2025-06-08,13,BRneg,0.659
2025-06-08,14,BRpos,2.905
2025-06-08,14,BRneg,0.817
2025-06-08,15,BRpos,1.606
2025-06-08,15,BRneg,1.033
2025-06-08,16,BRpos,2.197
2025-06-08,16,BRneg,0.738
2025-06-08,17,BRpos,2.225
2025-06-08,17,BRneg,0.597
2025-06-08,18,BRpos,1.593
2025-06-08,18,BRneg,1.119
2025-06-08,19,BRpos,2.681
2025-06-08,19,BRneg,1.044
2025-06-08,20,BRpos,3.175
2025-06-08,20,BRneg,0.702
2025-06-08,21,BRpos,3.034
2025-06-08,21,BRneg,1.597
2025-06-08,22,BRpos,2.685
2025-06-08,22,BRneg,0.872
2025-06-08,23,BRpos,2.319
2025-06-08,23,BRneg,1.582
2025-06-08,24,BRpos,2.559
2025-06-08,24,BRneg,1.35
2025-06-08,25,BRpos,3.083
2025-06-08,25,BRneg,0.962
2025-06-08,26,BRpos,0.871
2025-06-08,26,BRneg,1.803
2025-06-08,27,BRpos,1.846
2025-06-08,27,BRneg,0.656
2025-06-08,28,BRpos,3.865
2025-06-08,28,BRneg,1.425
2025-06-08,29,BRpos,1.24
2025-06-08,29,BRneg,1.007
2025-06-08,30,BRpos,0.606
2025-06-08,30,BRneg,0.742
2025-06-08,31,BRpos,1.822
2025-06-08,31,BRneg,0.505
2025-06-08,32,BRpos,3.678
2025-06-08,32,BRneg,2.019
2025-06-08,33,BRpos,1.808
2025-06-08,33,BRneg,0.814
2025-06-08,34,BRpos,5.778
2025-06-08,34,BRneg,2.075
2025-06-08,35,BRpos,6.127
2025-06-08,35,BRneg,1.694
2025-06-08,36,BRpos,4.154
2025-06-08,36,BRneg,1.324
2025-06-08,37,BRpos,4.542
2025-06-08,37,BRneg,3.761
2025-06-08,38,BRpos,6.329
2025-06-08,38,BRneg,3.107
2025-06-08,39,BRpos,5.369
2025-06-08,39,BRneg,1.056
2025-06-08,40,BRpos,3.953
2025-06-08,40,BRneg,1.669
2025-06-08,41,BRpos,3.61
2025-06-08,41,BRneg,0.575
2025-06-08,42,BRpos,2.158
2025-06-08,42,BRneg,0.863
2025-06-08,43,BRpos,1.573
2025-06-08,43,BRneg,1.308
2025-06-08,44,BRpos,6.395
2025-06-08,44,BRneg,0.894
2025-06-08,45,BRpos,1.927
2025-06-08,45,BRneg,1.883
2025-06-08,46,BRpos,2.124
2025-06-08,46,BRneg,0.93
2025-06-08,47,BRpos,2.846
2025-06-08,47,BRneg,1.251
2025-06-08,48,BRpos,2.225
2025-06-08,48,BRneg,1.069
2025-06-09,1,BRpos,1.709
2025-06-09,1,BRneg,1.363
2025-06-09,2,BRpos,2.247
2025-06-09,2,BRneg,1.055
2025-06-09,3,BRpos,2.473
2025-06-09,3,BRneg,0.428
2025-06-09,4,BRpos,3.221
2025-06-09,4,BRneg,2.652
2025-06-09,5,BRpos,4.167
2025-06-09,5,BRneg,0.713
2025-06-09,6,BRpos,1.69
2025-06-09,6,BRneg,3.017
2025-06-09,7,BRpos,2.215
2025-06-09,7,BRneg,0.996
2025-06-09,8,BRpos,2.665
2025-06-09,8,BRneg,0.989
2025-06-09,9,BRpos,1.466
2025-06-09,9,BRneg,1.225
2025-06-09,10,BRpos,1.975
2025-06-09,10,BRneg,0.843
2025-06-09,11,BRpos,1.771
2025-06-09,11,BRneg,1.264
2025-06-09,12,BRpos,3.197
2025-06-09,12,BRneg,0.978
2025-06-09,13,BRpos,1.733
2025-06-09,13,BRneg,0.475
2025-06-09,14,BRpos,2.543
2025-06-09,14,BRneg,0.991
2025-06-09,15,BRpos,2.759
2025-06-09,15,BRneg,1.544
2025-06-09,16,BRpos,3.557
2025-06-09,16,BRneg,1.342
2025-06-09,17,BRpos,2.111
2025-06-09,17,BRneg,2.372
2025-06-09,18,BRpos,2.443
2025-06-09,18,BRneg,0.387
2025-06-09,19,BRpos,2.617
2025-06-09,19,BRneg,0.793
2025-06-09,20,BRpos,2.637
2025-06-09,20,BRneg,3.4
2025-06-09,21,BRpos,1.863
2025-06-09,21,BRneg,0.756
2025-06-09,22,BRpos,4.851
2025-06-09,22,BRneg,0.896
2025-06-09,23,BRpos,4.501
2025-06-09,23,BRneg,0.598
2025-06-09,24,BRpos,1.709
2025-06-09,24,BRneg,0.578
2025-06-09,25,BRpos,1.317
2025-06-09,25,BRneg,0.692
2025-06-09,26,BRpos,1.069
2025-06-09,26,BRneg,3.572
2025-06-09,27,BRpos,2.912
2025-06-09,27,BRneg,1.038
2025-06-09,28,BRpos,1.656
2025-06-09,28,BRneg,0.911
2025-06-09,29,BRpos,2.954
2025-06-09,29,BRneg,0.823
2025-06-09,30,BRpos,1.822
2025-06-09,30,BRneg,0.721
2025-06-09,31,BRpos,3.575
2025-06-09,31,BRneg,1.35
2025-06-09,32,BRpos,2.99
2025-06-09,32,BRneg,1.741
2025-06-09,33,BRpos,1.235
2025-06-09,33,BRneg,2.243
2025-06-09,34,BRpos,2.951
2025-06-09,34,BRneg,0.893
2025-06-09,35,BRpos,4.319
2025-06-09,35,BRneg,1.263
2025-06-09,36,BRpos,1.881
2025-06-09,36,BRneg,2.751
2025-06-09,37,BRpos,3.864
2025-06-09,37,BRneg,1.954
2025-06-09,38,BRpos,5.391
2025-06-09,38,BRneg,0.951
2025-06-09,39,BRpos,4.075
2025-06-09,39,BRneg,1.33
2025-06-09,40,BRpos,1.929
2025-06-09,40,BRneg,0.726
2025-06-09,41,BRpos,2.27
2025-06-09,41,BRneg,1.27
2025-06-09,42,BRpos,1.178
2025-06-09,42,BRneg,1.819
2025-06-09,43,BRpos,1.572
2025-06-09,43,BRneg,0.889
2025-06-09,44,BRpos,1.61
2025-06-09,44,BRneg,0.674
2025-06-09,45,BRpos,0.811
2025-06-09,45,BRneg,0.889
2025-06-09,46,BRpos,1.495
2025-06-09,46,BRneg,0.868
2025-06-09,47,BRpos,1.414
2025-06-09,47,BRneg,1.225
2025-06-09,48,BRpos,1.389
2025-06-09,48,BRneg,0.807
2025-06-10,1,BRpos,1.367
2025-06-10,1,BRneg,3.762
2025-06-10,2,BRpos,0.642
2025-06-10,2,BRneg,0.651
2025-06-10,3,BRpos,1.38
2025-06-10,3,BRneg,1.757
2025-06-10,4,BRpos,2.414
2025-06-10,4,BRneg,1.963
2025-06-10,5,BRpos,2.703
2025-06-10,5,BRneg,1.246
2025-06-10,6,BRpos,0.797
2025-06-10,6,BRneg,1.218
2025-06-10,7,BRpos,1.146
2025-06-10,7,BRneg,1.625
2025-06-10,8,BRpos,1.635
2025-06-10,8,BRneg,1.135
2025-06-10,9,BRpos,2.397
2025-06-10,9,BRneg,1.104
2025-06-10,10,BRpos,3.921
2025-06-10,10,BRneg,1.075
2025-06-10,11,BRpos,2.531
2025-06-10,11,BRneg,0.609
2025-06-10,12,BRpos,3.316
2025-06-10,12,BRneg,0.912
2025-06-10,13,BRpos,1.219
2025-06-10,13,BRneg,0.84
2025-06-10,14,BRpos,1.893
2025-06-10,14,BRneg,2.131
2025-06-10,15,BRpos,1.258
2025-06-10,15,BRneg,1.355
2025-06-10,16,BRpos,2.469
2025-06-10,16,BRneg,1.434
2025-06-10,17,BRpos,0.796
2025-06-10,17,BRneg,1.593
2025-06-10,18,BRpos,2.114
2025-06-10,18,BRneg,2.847
2025-06-10,19,BRpos,1.22
2025-06-10,19,BRneg,0.587
2025-06-10,20,BRpos,1.355
2025-06-10,20,BRneg,0.819
2025-06-10,21,BRpos,1.798
2025-06-10,21,BRneg,0.883
2025-06-10,22,BRpos,2.535
2025-06-10,22,BRneg,0.494
2025-06-10,23,BRpos,1.415
2025-06-10,23,BRneg,0.877
2025-06-10,24,BRpos,2.334
2025-06-10,24,BRneg,0.693
2025-06-10,25,BRpos,2.246
2025-06-10,25,BRneg,1.053
2025-06-10,26,BRpos,2.656
2025-06-10,26,BRneg,0.315
2025-06-10,27,BRpos,2.447
2025-06-10,27,BRneg,1.347
2025-06-10,28,BRpos,2.19
2025-06-10,28,BRneg,1.127
2025-06-10,29,BRpos,4.237
2025-06-10,29,BRneg,0.817
2025-06-10,30,BRpos,2.68
2025-06-10,30,BRneg,1.351
2025-06-10,31,BRpos,1.73
2025-06-10,31,BRneg,0.424
2025-06-10,32,BRpos,2.516
2025-06-10,32,BRneg,1.255
2025-06-10,33,BRpos,2.158
2025-06-10,33,BRneg,0.711
2025-06-10,34,BRpos,2.349
2025-06-10,34,BRneg,1.955
2025-06-10,35,BRpos,1.646
2025-06-10,35,BRneg,1.793
2025-06-10,36,BRpos,2.447
2025-06-10,36,BRneg,1.705
2025-06-10,37,BRpos,1.702
2025-06-10,37,BRneg,1.965
2025-06-10,38,BRpos,5.538
2025-06-10,38,BRneg,1.31
2025-06-10,39,BRpos,3.899
2025-06-10,39,BRneg,1.789
2025-06-10,40,BRpos,1.401
2025-06-10,40,BRneg,1.098
2025-06-10,41,BRpos,1.204
2025-06-10,41,BRneg,0.484
2025-06-10,42,BRpos,1.698
2025-06-10,42,BRneg,1.271
2025-06-10,43,BRpos,1.369
2025-06-10,43,BRneg,0.869
2025-06-10,44,BRpos,9.2
2025-06-10,44,BRneg,0.79
2025-06-10,45,BRpos,2.549
2025-06-10,45,BRneg,0.597
2025-06-10,46,BRpos,1.925
2025-06-10,46,BRneg,2.206
2025-06-10,47,BRpos,5.144
2025-06-10,47,BRneg,0.959
2025-06-10,48,BRpos,1.809
2025-06-10,48,BRneg,0.306
2025-06-11,1,BRpos,2.491
2025-06-11,1,BRneg,0.8
2025-06-11,2,BRpos,2.456
2025-06-11,2,BRneg,1.386
2025-06-11,3,BRpos,2.372
2025-06-11,3,BRneg,1.77
2025-06-11,4,BRpos,5.527
2025-06-11,4,BRneg,1.567
2025-06-11,5,BRpos,1.905
2025-06-11,5,BRneg,1.723
2025-06-11,6,BRpos,1.694
2025-06-11,6,BRneg,1.204
2025-06-11,7,BRpos,2.731
2025-06-11,7,BRneg,1.026
2025-06-11,8,BRpos,1.187
2025-06-11,8,BRneg,1.013
2025-06-11,9,BRpos,1.846
2025-06-11,9,BRneg,1.835
2025-06-11,10,BRpos,1.451
2025-06-11,10,BRneg,0.911
2025-06-11,11,BRpos,1.306
2025-06-11,11,BRneg,0.479
2025-06-11,12,BRpos,1.547
2025-06-11,12,BRneg,1.165
2025-06-11,13,BRpos,3.267
2025-06-11,13,BRneg,1.385
2025-06-11,14,BRpos,2.028
2025-06-11,14,BRneg,0.65
2025-06-11,15,BRpos,2.62
2025-06-11,15,BRneg,0.826
2025-06-11,16,BRpos,2.4
2025-06-11,16,BRneg,1.216
2025-06-11,17,BRpos,3.562
2025-06-11,17,BRneg,1.194
2025-06-11,18,BRpos,3.286
2025-06-11,18,BRneg,0.851
2025-06-11,19,BRpos,2.617
2025-06-11,19,BRneg,0.603
2025-06-11,20,BRpos,1.647
2025-06-11,20,BRneg,0.666
2025-06-11,21,BRpos,4.599
2025-06-11,21,BRneg,0.814
2025-06-11,22,BRpos,1.871
2025-06-11,22,BRneg,1.305
2025-06-11,23,BRpos,2.836
2025-06-11,23,BRneg,1.659
2025-06-11,24,BRpos,3.388
2025-06-11,24,BRneg,0.992
2025-06-11,25,BRpos,1.841
2025-06-11,25,BRneg,1.145
2025-06-11,26,BRpos,3.021
2025-06-11,26,BRneg,0.84
2025-06-11,27,BRpos,2.853
2025-06-11,27,BRneg,0.596
2025-06-11,28,BRpos,2.196
2025-06-11,28,BRneg,1.757
2025-06-11,29,BRpos,5.266
2025-06-11,29,BRneg,1.132
2025-06-11,30,BRpos,1.105
2025-06-11,30,BRneg,0.9
2025-06-11,31,BRpos,2.226
2025-06-11,31,BRneg,0.654
2025-06-11,32,BRpos,2.375
2025-06-11,32,BRneg,1.534
2025-06-11,33,BRpos,3.697
2025-06-11,33,BRneg,1.212
2025-06-11,34,BRpos,5.093
2025-06-11,34,BRneg,1.875
2025-06-11,35,BRpos,8.886
2025-06-11,35,BRneg,2.664
2025-06-11,36,BRpos,4.899
2025-06-11,36,BRneg,1.402
2025-06-11,37,BRpos,5.388
2025-06-11,37,BRneg,2.39
2025-06-11,38,BRpos,7.129
2025-06-11,38,BRneg,2.041
2025-06-11,39,BRpos,2.624
2025-06-11,39,BRneg,1.632
2025-06-11,40,BRpos,2.409
2025-06-11,40,BRneg,2.748
2025-06-11,41,BRpos,2.078
2025-06-11,41,BRneg,1.142
2025-06-11,42,BRpos,2.63
2025-06-11,42,BRneg,2.04
2025-06-11,43,BRpos,2.938
2025-06-11,43,BRneg,1.839
2025-06-11,44,BRpos,2.268
2025-06-11,44,BRneg,1.711
2025-06-11,45,BRpos,5.423
2025-06-11,45,BRneg,1.039
2025-06-11,46,BRpos,2.415
2025-06-11,46,BRneg,1.16
2025-06-11,47,BRpos,1.417
2025-06-11,47,BRneg,1.362
2025-06-11,48,BRpos,1.299
2025-06-11,48,BRneg,0.893
2025-06-12,1,BRpos,2.274
2025-06-12,1,BRneg,1.076
2025-06-12,2,BRpos,1.623
2025-06-12,2,BRneg,1.062
2025-06-12,3,BRpos,2.47
2025-06-12,3,BRneg,0.384
2025-06-12,4,BRpos,2.417
2025-06-12,4,BRneg,1.695
2025-06-12,5,BRpos,3.928
2025-06-12,5,BRneg,0.603
2025-06-12,6,BRpos,7.535
2025-06-12,6,BRneg,0.79
2025-06-12,7,BRpos,1.99
2025-06-12,7,BRneg,0.658
2025-06-12,8,BRpos,1.66
2025-06-12,8,BRneg,0.981
2025-06-12,9,BRpos,3.409
2025-06-12,9,BRneg,1.104
2025-06-12,10,BRpos,1.515
2025-06-12,10,BRneg,0.792
2025-06-12,11,BRpos,1.989
2025-06-12,11,BRneg,0.894
2025-06-12,12,BRpos,1.056
2025-06-12,12,BRneg,0.549
2025-06-12,13,BRpos,2.423
2025-06-12,13,BRneg,1.197
2025-06-12,14,BRpos,5.6
2025-06-12,14,BRneg,0.717
2025-06-12,15,BRpos,1.83
2025-06-12,15,BRneg,1.348
2025-06-12,16,BRpos,2.459
2025-06-12,16,BRneg,1.387
2025-06-12,17,BRpos,1.926
2025-06-12,17,BRneg,1.58
2025-06-12,18,BRpos,2.155
2025-06-12,18,BRneg,0.824
2025-06-12,19,BRpos,3.321
2025-06-12,19,BRneg,1.927
2025-06-12,20,BRpos,1.38
2025-06-12,20,BRneg,1.272
2025-06-12,21,BRpos,8.241
2025-06-12,21,BRneg,0.463
2025-06-12,22,BRpos,2.984
2025-06-12,22,BRneg,0.747
2025-06-12,23,BRpos,2.632
2025-06-12,23,BRneg,0.751
2025-06-12,24,BRpos,4.051
2025-06-12,24,BRneg,1.008
2025-06-12,25,BRpos,2.832
2025-06-12,25,BRneg,1.211
2025-06-12,26,BRpos,0.949
2025-06-12,26,BRneg,0.777
2025-06-12,27,BRpos,3.218
2025-06-12,27,BRneg,1.319
2025-06-12,28,BRpos,1.542
2025-06-12,28,BRneg,1.82
2025-06-12,29,BRpos,1.658
2025-06-12,29,BRneg,0.753
2025-06-12,30,BRpos,2.047
2025-06-12,30,BRneg,0.801
2025-06-12,31,BRpos,2.315
2025-06-12,31,BRneg,0.885
2025-06-12,32,BRpos,3.717
2025-06-12,32,BRneg,1.012
2025-06-12,33,BRpos,2.777
2025-06-12,33,BRneg,1.148
2025-06-12,34,BRpos,5.515
2025-06-12,34,BRneg,3.073
2025-06-12,35,BRpos,1.725
2025-06-12,35,BRneg,1.328
2025-06-12,36,BRpos,3.368
2025-06-12,36,BRneg,2.232
2025-06-12,37,BRpos,2.476
2025-06-12,37,BRneg,2.25
2025-06-12,38,BRpos,4.728
2025-06-12,38,BRneg,1.085
2025-06-12,39,BRpos,3.575
2025-06-12,39,BRneg,0.453
2025-06-12,40,BRpos,2.008
2025-06-12,40,BRneg,0.583
2025-06-12,41,BRpos,1.989
2025-06-12,41,BRneg,0.744
2025-06-12,42,BRpos,4.336
2025-06-12,42,BRneg,1.792
2025-06-12,43,BRpos,1.69
2025-06-12,43,BRneg,1.055
2025-06-12,44,BRpos,2.209
2025-06-12,44,BRneg,0.924
2025-06-12,45,BRpos,1.676
2025-06-12,45,BRneg,0.86
2025-06-12,46,BRpos,2.728
2025-06-12,46,BRneg,1.146
2025-06-12,47,BRpos,1.958
2025-06-12,47,BRneg,1.187
2025-06-12,48,BRpos,1.929
2025-06-12,48,BRneg,1.872
2025-06-13,1,BRpos,2.279
2025-06-13,1,BRneg,1.253
2025-06-13,2,BRpos,2.388
2025-06-13,2,BRneg,0.769
2025-06-13,3,BRpos,1.574
2025-06-13,3,BRneg,1.401
2025-06-13,4,BRpos,1.592
2025-06-13,4,BRneg,1.261
2025-06-13,5,BRpos,2.692
2025-06-13,5,BRneg,0.843
2025-06-13,6,BRpos,2.665
2025-06-13,6,BRneg,1.342
2025-06-13,7,BRpos,2.045
2025-06-13,7,BRneg,0.904
2025-06-13,8,BRpos,2.342
2025-06-13,8,BRneg,0.743
2025-06-13,9,BRpos,2.67
2025-06-13,9,BRneg,1.008
2025-06-13,10,BRpos,4.265
2025-06-13,10,BRneg,0.822
2025-06-13,11,BRpos,2.229
2025-06-13,11,BRneg,0.946
2025-06-13,12,BRpos,1.866
2025-06-13,12,BRneg,0.913
2025-06-13,13,BRpos,9.53
2025-06-13,13,BRneg,0.967
2025-06-13,14,BRpos,2.71
2025-06-13,14,BRneg,0.941
2025-06-13,15,BRpos,2.776
2025-06-13,15,BRneg,0.731
2025-06-13,16,BRpos,2.609
2025-06-13,16,BRneg,0.767
2025-06-13,17,BRpos,5.944
2025-06-13,17,BRneg,0.831
2025-06-13,18,BRpos,1.981
2025-06-13,18,BRneg,0.738
2025-06-13,19,BRpos,6.19
2025-06-13,19,BRneg,0.589
2025-06-13,20,BRpos,1.881
2025-06-13,20,BRneg,2.215
2025-06-13,21,BRpos,2.424
2025-06-13,21,BRneg,1.219
2025-06-13,22,BRpos,2.379
2025-06-13,22,BRneg,0.56
2025-06-13,23,BRpos,4.131
2025-06-13,23,BRneg,1.186
2025-06-13,24,BRpos,0.927
2025-06-13,24,BRneg,0.972
2025-06-13,25,BRpos,2.032
2025-06-13,25,BRneg,1.954
2025-06-13,26,BRpos,2.185
2025-06-13,26,BRneg,0.703
2025-06-13,27,BRpos,1.382
2025-06-13,27,BRneg,0.573
2025-06-13,28,BRpos,3.371
2025-06-13,28,BRneg,0.577
2025-06-13,29,BRpos,2.879
2025-06-13,29,BRneg,2.115
2025-06-13,30,BRpos,1.643
2025-06-13,30,BRneg,1.212
2025-06-13,31,BRpos,0.992
2025-06-13,31,BRneg,1.026
2025-06-13,32,BRpos,1.275
2025-06-13,32,BRneg,0.851
2025-06-13,33,BRpos,0.822
2025-06-13,33,BRneg,0.843
2025-06-13,34,BRpos,7.469
2025-06-13,34,BRneg,0.813
2025-06-13,35,BRpos,3.386
2025-06-13,35,BRneg,1.519
2025-06-13,36,BRpos,2.919
2025-06-13,36,BRneg,1.181
2025-06-13,37,BRpos,2.707
2025-06-13,37,BRneg,1.331
2025-06-13,38,BRpos,3.37
2025-06-13,38,BRneg,3.492
2025-06-13,39,BRpos,2.161
2025-06-13,39,BRneg,1.549
2025-06-13,40,BRpos,2.17
2025-06-13,40,BRneg,0.779
2025-06-13,41,BRpos,1.955
2025-06-13,41,BRneg,1.13
2025-06-13,42,BRpos,2.257
2025-06-13,42,BRneg,0.724
2025-06-13,43,BRpos,2.34
2025-06-13,43,BRneg,0.991
2025-06-13,44,BRpos,2.066
2025-06-13,44,BRneg,0.902
2025-06-13,45,BRpos,3.311
2025-06-13,45,BRneg,1.253
2025-06-13,46,BRpos,0.944
2025-06-13,46,BRneg,1.619
2025-06-13,47,BRpos,1.574
2025-06-13,47,BRneg,1.758
2025-06-13,48,BRpos,2.268
2025-06-13,48,BRneg,1.09
2025-06-14,1,BRpos,2.083
2025-06-14,1,BRneg,1.272
2025-06-14,2,BRpos,2.653
2025-06-14,2,BRneg,1.225
2025-06-14,3,BRpos,2.684
2025-06-14,3,BRneg,1.785
2025-06-14,4,BRpos,3.46
2025-06-14,4,BRneg,1.631
2025-06-14,5,BRpos,1.733
2025-06-14,5,BRneg,1.076
2025-06-14,6,BRpos,1.962
2025-06-14,6,BRneg,0.674
2025-06-14,7,BRpos,2.792
2025-06-14,7,BRneg,0.868
2025-06-14,8,BRpos,3.329
2025-06-14,8,BRneg,0.806
2025-06-14,9,BRpos,3.193
2025-06-14,9,BRneg,1.264
2025-06-14,10,BRpos,3.839
2025-06-14,10,BRneg,0.732
2025-06-14,11,BRpos,1.713
2025-06-14,11,BRneg,0.734
2025-06-14,12,BRpos,4.105
2025-06-14,12,BRneg,1.388
2025-06-14,13,BRpos,2.433
2025-06-14,13,BRneg,0.523
2025-06-14,14,BRpos,5.222
2025-06-14,14,BRneg,1.006
2025-06-14,15,BRpos,4.736
2025-06-14,15,BRneg,1.967
2025-06-14,16,BRpos,1.997
2025-06-14,16,BRneg,0.867
2025-06-14,17,BRpos,1.973
2025-06-14,17,BRneg,1.217
2025-06-14,18,BRpos,3.558
2025-06-14,18,BRneg,1.07
2025-06-14,19,BRpos,1.565
2025-06-14,19,BRneg,0.859
2025-06-14,20,BRpos,4.077
2025-06-14,20,BRneg,1.632
2025-06-14,21,BRpos,2.124
2025-06-14,21,BRneg,1.832
2025-06-14,22,BRpos,3.384
2025-06-14,22,BRneg,0.521
2025-06-14,23,BRpos,1.886
2025-06-14,23,BRneg,0.78
2025-06-14,24,BRpos,1.289
2025-06-14,24,BRneg,1.443
2025-06-14,25,BRpos,3.486
2025-06-14,25,BRneg,2.269
2025-06-14,26,BRpos,2.184
2025-06-14,26,BRneg,0.558
2025-06-14,27,BRpos,3.25
2025-06-14,27,BRneg,1.094
2025-06-14,28,BRpos,1.389
2025-06-14,28,BRneg,1.431
2025-06-14,29,BRpos,4.307
2025-06-14,29,BRneg,0.953
2025-06-14,30,BRpos,1.873
2025-06-14,30,BRneg,0.507
2025-06-14,31,BRpos,1.491
2025-06-14,31,BRneg,0.41
2025-06-14,32,BRpos,2.245
2025-06-14,32,BRneg,0.537
2025-06-14,33,BRpos,2.701
2025-06-14,33,BRneg,0.922
2025-06-14,34,BRpos,4.195
2025-06-14,34,BRneg,1.39
2025-06-14,35,BRpos,5.536
2025-06-14,35,BRneg,1.771
2025-06-14,36,BRpos,4.57
2025-06-14,36,BRneg,0.775
2025-06-14,37,BRpos,5.476
2025-06-14,37,BRneg,3.546
2025-06-14,38,BRpos,2.136
2025-06-14,38,BRneg,7.903
2025-06-14,39,BRpos,10.27
2025-06-14,39,BRneg,0.899
2025-06-14,40,BRpos,5.945
2025-06-14,40,BRneg,0.542
2025-06-14,41,BRpos,1.72
2025-06-14,41,BRneg,1.275
2025-06-14,42,BRpos,1.338
2025-06-14,42,BRneg,0.719
2025-06-14,43,BRpos,3.18
2025-06-14,43,BRneg,1.124
2025-06-14,44,BRpos,1.078
2025-06-14,44,BRneg,1.171
2025-06-14,45,BRpos,3.096
2025-06-14,45,BRneg,0.638
2025-06-14,46,BRpos,2.53
2025-06-14,46,BRneg,0.979
2025-06-14,47,BRpos,1.18
2025-06-14,47,BRneg,0.946
2025-06-14,48,BRpos,1.686
2025-06-14,48,BRneg,0.884
2025-06-15,1,BRpos,2.579
2025-06-15,1,BRneg,0.555
2025-06-15,2,BRpos,5.663
2025-06-15,2,BRneg,0.986
2025-06-15,3,BRpos,6.269
2025-06-15,3,BRneg,0.782
2025-06-15,4,BRpos,4.302
2025-06-15,4,BRneg,1.88
2025-06-15,5,BRpos,5.729
2025-06-15,5,BRneg,1.068
2025-06-15,6,BRpos,1.97
2025-06-15,6,BRneg,0.743
2025-06-15,7,BRpos,3.816
2025-06-15,7,BRneg,0.627
2025-06-15,8,BRpos,0.732
2025-06-15,8,BRneg,1.258
2025-06-15,9,BRpos,2.166
2025-06-15,9,BRneg,1.484
2025-06-15,10,BRpos,1.47
2025-06-15,10,BRneg,1.0
2025-06-15,11,BRpos,1.823
2025-06-15,11,BRneg,1.124
2025-06-15,12,BRpos,0.97
2025-06-15,12,BRneg,0.985
2025-06-15,13,BRpos,1.505
2025-06-15,13,BRneg,0.518
2025-06-15,14,BRpos,2.616
2025-06-15,14,BRneg,0.486
2025-06-15,15,BRpos,0.56
2025-06-15,15,BRneg,1.112
2025-06-15,16,BRpos,3.831
2025-06-15,16,BRneg,1.552
2025-06-15,17,BRpos,2.762
2025-06-15,17,BRneg,0.502
2025-06-15,18,BRpos,3.514
2025-06-15,18,BRneg,0.637
2025-06-15,19,BRpos,2.362
2025-06-15,19,BRneg,0.728
2025-06-15,20,BRpos,1.587
2025-06-15,20,BRneg,0.714
2025-06-15,21,BRpos,1.904
2025-06-15,21,BRneg,0.512
2025-06-15,22,BRpos,1.824
2025-06-15,22,BRneg,0.74
2025-06-15,23,BRpos,2.464
2025-06-15,23,BRneg,1.617
2025-06-15,24,BRpos,2.208
2025-06-15,24,BRneg,1.182
2025-06-15,25,BRpos,1.474
2025-06-15,25,BRneg,0.821
2025-06-15,26,BRpos,2.427
2025-06-15,26,BRneg,1.049
2025-06-15,27,BRpos,2.426
2025-06-15,27,BRneg,0.955
2025-06-15,28,BRpos,2.423
2025-06-15,28,BRneg,0.692
2025-06-15,29,BRpos,1.31
2025-06-15,29,BRneg,0.451
2025-06-15,30,BRpos,2.697
2025-06-15,30,BRneg,1.346
2025-06-15,31,BRpos,1.032
2025-06-15,31,BRneg,0.746
2025-06-15,32,BRpos,2.015
2025-06-15,32,BRneg,0.798
2025-06-15,33,BRpos,2.123
2025-06-15,33,BRneg,1.084
2025-06-15,34,BRpos,3.269
2025-06-15,34,BRneg,2.036
2025-06-15,35,BRpos,4.495
2025-06-15,35,BRneg,1.964
2025-06-15,36,BRpos,3.451
2025-06-15,36,BRneg,1.76
2025-06-15,37,BRpos,3.671
2025-06-15,37,BRneg,2.582
2025-06-15,38,BRpos,5.014
2025-06-15,38,BRneg,2.049
2025-06-15,39,BRpos,3.103
2025-06-15,39,BRneg,1.543
2025-06-15,40,BRpos,2.013
2025-06-15,40,BRneg,0.639
2025-06-15,41,BRpos,2.273
2025-06-15,41,BRneg,1.147
2025-06-15,42,BRpos,1.933
2025-06-15,42,BRneg,0.475
2025-06-15,43,BRpos,2.961
2025-06-15,43,BRneg,1.0
2025-06-15,44,BRpos,1.011
2025-06-15,44,BRneg,1.083
2025-06-15,45,BRpos,2.761
2025-06-15,45,BRneg,1.094
2025-06-15,46,BRpos,1.077
2025-06-15,46,BRneg,1.078
2025-06-15,47,BRpos,3.198
2025-06-15,47,BRneg,0.97
2025-06-15,48,BRpos,1.802
2025-06-15,48,BRneg,1.546
2025-06-16,1,BRpos,1.567
2025-06-16,1,BRneg,0.809
2025-06-16,2,BRpos,2.24
2025-06-16,2,BRneg,0.674
2025-06-16,3,BRpos,4.275
2025-06-16,3,BRneg,0.941
2025-06-16,4,BRpos,1.029
2025-06-16,4,BRneg,1.193
2025-06-16,5,BRpos,2.397
2025-06-16,5,BRneg,0.859
2025-06-16,6,BRpos,3.23
2025-06-16,6,BRneg,0.859
2025-06-16,7,BRpos,2.142
2025-06-16,7,BRneg,1.787
2025-06-16,8,BRpos,0.945
2025-06-16,8,BRneg,0.573
2025-06-16,9,BRpos,2.268
2025-06-16,9,BRneg,1.118
2025-06-16,10,BRpos,3.477
2025-06-16,10,BRneg,0.805
2025-06-16,11,BRpos,5.208
2025-06-16,11,BRneg,1.955
2025-06-16,12,BRpos,2.066
2025-06-16,12,BRneg,0.801
2025-06-16,13,BRpos,2.218
2025-06-16,13,BRneg,0.999
2025-06-16,14,BRpos,1.848
2025-06-16,14,BRneg,0.82
2025-06-16,15,BRpos,1.155
2025-06-16,15,BRneg,0.715
2025-06-16,16,BRpos,0.915
2025-06-16,16,BRneg,1.395
2025-06-16,17,BRpos,1.624
2025-06-16,17,BRneg,1.097
2025-06-16,18,BRpos,3.421
2025-06-16,18,BRneg,1.521
2025-06-16,19,BRpos,3.494
2025-06-16,19,BRneg,1.152
2025-06-16,20,BRpos,2.67
2025-06-16,20,BRneg,2.038
2025-06-16,21,BRpos,2.558
2025-06-16,21,BRneg,1.182
2025-06-16,22,BRpos,4.833
2025-06-16,22,BRneg,0.77
2025-06-16,23,BRpos,1.848
2025-06-16,23,BRneg,1.437
2025-06-16,24,BRpos,2.792
2025-06-16,24,BRneg,0.468
2025-06-16,25,BRpos,4.352
2025-06-16,25,BRneg,1.179
2025-06-16,26,BRpos,2.497
2025-06-16,26,BRneg,1.08
2025-06-16,27,BRpos,1.964
2025-06-16,27,BRneg,1.945
2025-06-16,28,BRpos,2.77
2025-06-16,28,BRneg,1.279
2025-06-16,29,BRpos,2.99
2025-06-16,29,BRneg,2.144
2025-06-16,30,BRpos,1.618
2025-06-16,30,BRneg,2.957
2025-06-16,31,BRpos,2.22
2025-06-16,31,BRneg,0.772
2025-06-16,32,BRpos,1.725
2025-06-16,32,BRneg,2.004
2025-06-16,33,BRpos,4.452
2025-06-16,33,BRneg,0.566
2025-06-16,34,BRpos,1.09
2025-06-16,34,BRneg,1.4
2025-06-16,35,BRpos,3.606
2025-06-16,35,BRneg,1.774
2025-06-16,36,BRpos,2.443
2025-06-16,36,BRneg,2.301
2025-06-16,37,BRpos,2.847
2025-06-16,37,BRneg,0.863
2025-06-16,38,BRpos,3.863
2025-06-16,38,BRneg,2.088
2025-06-16,39,BRpos,3.314
2025-06-16,39,BRneg,2.235
2025-06-16,40,BRpos,2.281
2025-06-16,40,BRneg,1.386
2025-06-16,41,BRpos,2.523
2025-06-16,41,BRneg,0.405
2025-06-16,42,BRpos,1.434
2025-06-16,42,BRneg,1.709
2025-06-16,43,BRpos,1.776
2025-06-16,43,BRneg,0.686
2025-06-16,44,BRpos,1.754
2025-06-16,44,BRneg,0.63
2025-06-16,45,BRpos,1.566
2025-06-16,45,BRneg,0.887
2025-06-16,46,BRpos,1.49
2025-06-16,46,BRneg,0.745
2025-06-16,47,BRpos,2.24
2025-06-16,47,BRneg,1.412
2025-06-16,48,BRpos,2.687
2025-06-16,48,BRneg,0.352
2025-06-17,1,BRpos,2.068
2025-06-17,1,BRneg,0.712
2025-06-17,2,BRpos,1.926
2025-06-17,2,BRneg,2.147
2025-06-17,3,BRpos,2.98
2025-06-17,3,BRneg,0.67
2025-06-17,4,BRpos,1.825
2025-06-17,4,BRneg,0.808
2025-06-17,5,BRpos,1.98
2025-06-17,5,BRneg,1.169
2025-06-17,6,BRpos,2.535
2025-06-17,6,BRneg,1.279
2025-06-17,7,BRpos,1.342
2025-06-17,7,BRneg,0.774
2025-06-17,8,BRpos,1.001
2025-06-17,8,BRneg,1.343
2025-06-17,9,BRpos,1.449
2025-06-17,9,BRneg,0.746
2025-06-17,10,BRpos,2.019
2025-06-17,10,BRneg,1.536
2025-06-17,11,BRpos,2.302
2025-06-17,11,BRneg,0.674
2025-06-17,12,BRpos,1.092
2025-06-17,12,BRneg,1.122
2025-06-17,13,BRpos,1.767
2025-06-17,13,BRneg,1.286
2025-06-17,14,BRpos,1.831
2025-06-17,14,BRneg,1.429
2025-06-17,15,BRpos,2.792
2025-06-17,15,BRneg,0.712
2025-06-17,16,BRpos,3.983
2025-06-17,16,BRneg,0.59
2025-06-17,17,BRpos,3.388
2025-06-17,17,BRneg,0.898
2025-06-17,18,BRpos,2.716
2025-06-17,18,BRneg,1.889
2025-06-17,19,BRpos,1.068
2025-06-17,19,BRneg,0.796
2025-06-17,20,BRpos,1.116
2025-06-17,20,BRneg,0.888
2025-06-17,21,BRpos,3.723
2025-06-17,21,BRneg,0.784
2025-06-17,22,BRpos,2.185
2025-06-17,22,BRneg,0.396
2025-06-17,23,BRpos,2.653
2025-06-17,23,BRneg,0.942
2025-06-17,24,BRpos,2.584
2025-06-17,24,BRneg,1.154
2025-06-17,25,BRpos,2.664
2025-06-17,25,BRneg,0.497
2025-06-17,26,BRpos,2.152
2025-06-17,26,BRneg,1.995
2025-06-17,27,BRpos,2.803
2025-06-17,27,BRneg,0.515
2025-06-17,28,BRpos,1.643
2025-06-17,28,BRneg,1.319
2025-06-17,29,BRpos,3.197
2025-06-17,29,BRneg,1.746
2025-06-17,30,BRpos,1.46
2025-06-17,30,BRneg,0.697
2025-06-17,31,BRpos,5.413
2025-06-17,31,BRneg,1.558
2025-06-17,32,BRpos,3.885
2025-06-17,32,BRneg,0.837
2025-06-17,33,BRpos,2.09
2025-06-17,33,BRneg,0.722
2025-06-17,34,BRpos,5.222
2025-06-17,34,BRneg,3.75
2025-06-17,35,BRpos,1.522
2025-06-17,35,BRneg,2.392
2025-06-17,36,BRpos,3.434
2025-06-17,36,BRneg,1.458
2025-06-17,37,BRpos,2.279
2025-06-17,37,BRneg,1.244
2025-06-17,38,BRpos,2.587
2025-06-17,38,BRneg,2.178
2025-06-17,39,BRpos,5.519
2025-06-17,39,BRneg,0.664
2025-06-17,40,BRpos,4.618
2025-06-17,40,BRneg,0.929
2025-06-17,41,BRpos,2.494
2025-06-17,41,BRneg,0.632
2025-06-17,42,BRpos,2.192
2025-06-17,42,BRneg,0.571
2025-06-17,43,BRpos,1.52
2025-06-17,43,BRneg,0.481
2025-06-17,44,BRpos,2.267
2025-06-17,44,BRneg,1.165
2025-06-17,45,BRpos,3.138
2025-06-17,45,BRneg,0.902
2025-06-17,46,BRpos,1.826
2025-06-17,46,BRneg,0.509
2025-06-17,47,BRpos,4.129
2025-06-17,47,BRneg,1.294
2025-06-17,48,BRpos,1.355
2025-06-17,48,BRneg,2.093
2025-06-18,1,BRpos,4.68
2025-06-18,1,BRneg,1.101
2025-06-18,2,BRpos,2.352
2025-06-18,2,BRneg,0.959
2025-06-18,3,BRpos,3.634
2025-06-18,3,BRneg,1.475
2025-06-18,4,BRpos,1.754
2025-06-18,4,BRneg,0.604
2025-06-18,5,BRpos,2.152
2025-06-18,5,BRneg,1.167
2025-06-18,6,BRpos,3.438
2025-06-18,6,BRneg,1.148
2025-06-18,7,BRpos,4.098
2025-06-18,7,BRneg,1.038
2025-06-18,8,BRpos,0.619
2025-06-18,8,BRneg,1.66
2025-06-18,9,BRpos,5.641
2025-06-18,9,BRneg,1.235
2025-06-18,10,BRpos,2.576
2025-06-18,10,BRneg,1.185
2025-06-18,11,BRpos,3.332
2025-06-18,11,BRneg,0.772
2025-06-18,12,BRpos,0.93
2025-06-18,12,BRneg,1.554
2025-06-18,13,BRpos,2.228
2025-06-18,13,BRneg,1.563
2025-06-18,14,BRpos,1.363
2025-06-18,14,BRneg,1.706
2025-06-18,15,BRpos,2.652
2025-06-18,15,BRneg,0.91
2025-06-18,16,BRpos,3.392
2025-06-18,16,BRneg,0.467
2025-06-18,17,BRpos,3.817
2025-06-18,17,BRneg,0.791
2025-06-18,18,BRpos,2.164
2025-06-18,18,BRneg,0.765
2025-06-18,19,BRpos,2.356
2025-06-18,19,BRneg,0.884
2025-06-18,20,BRpos,2.801
2025-06-18,20,BRneg,0.924
2025-06-18,21,BRpos,1.946
2025-06-18,21,BRneg,0.609
2025-06-18,22,BRpos,0.892
2025-06-18,22,BRneg,0.497
2025-06-18,23,BRpos,2.163
2025-06-18,23,BRneg,1.012
2025-06-18,24,BRpos,1.764
2025-06-18,24,BRneg,2.018
2025-06-18,25,BRpos,1.688
2025-06-18,25,BRneg,0.506
2025-06-18,26,BRpos,3.58
2025-06-18,26,BRneg,2.19
2025-06-18,27,BRpos,2.948
2025-06-18,27,BRneg,1.014
2025-06-18,28,BRpos,5.371
2025-06-18,28,BRneg,1.039
2025-06-18,29,BRpos,2.717
2025-06-18,29,BRneg,1.024
2025-06-18,30,BRpos,1.25
2025-06-18,30,BRneg,0.802
2025-06-18,31,BRpos,2.562
2025-06-18,31,BRneg,1.088
2025-06-18,32,BRpos,2.296
2025-06-18,32,BRneg,1.225
2025-06-18,33,BRpos,2.98
2025-06-18,33,BRneg,1.811
2025-06-18,34,BRpos,3.094
2025-06-18,34,BRneg,1.825
2025-06-18,35,BRpos,2.041
2025-06-18,35,BRneg,4.382
2025-06-18,36,BRpos,4.031
2025-06-18,36,BRneg,1.949
2025-06-18,37,BRpos,3.247
2025-06-18,37,BRneg,1.517
2025-06-18,38,BRpos,4.457
2025-06-18,38,BRneg,2.438
2025-06-18,39,BRpos,5.2
2025-06-18,39,BRneg,1.278
2025-06-18,40,BRpos,4.112
2025-06-18,40,BRneg,1.147
2025-06-18,41,BRpos,2.402
2025-06-18,41,BRneg,1.003
2025-06-18,42,BRpos,0.986
2025-06-18,42,BRneg,2.784
2025-06-18,43,BRpos,1.522
2025-06-18,43,BRneg,1.625
2025-06-18,44,BRpos,1.904
2025-06-18,44,BRneg,1.166
2025-06-18,45,BRpos,5.677
2025-06-18,45,BRneg,0.838
2025-06-18,46,BRpos,2.037
2025-06-18,46,BRneg,0.419
2025-06-18,47,BRpos,1.518
2025-06-18,47,BRneg,1.052
2025-06-18,48,BRpos,2.007
2025-06-18,48,BRneg,1.156
2025-06-19,1,BRpos,1.156
2025-06-19,1,BRneg,1.383
2025-06-19,2,BRpos,2.526
2025-06-19,2,BRneg,2.038
2025-06-19,3,BRpos,1.651
2025-06-19,3,BRneg,1.298
2025-06-19,4,BRpos,2.57
2025-06-19,4,BRneg,1.372
2025-06-19,5,BRpos,3.045
2025-06-19,5,BRneg,0.9
2025-06-19,6,BRpos,2.29
2025-06-19,6,BRneg,1.826
2025-06-19,7,BRpos,1.279
2025-06-19,7,BRneg,0.908
2025-06-19,8,BRpos,2.918
2025-06-19,8,BRneg,0.716
2025-06-19,9,BRpos,1.301
2025-06-19,9,BRneg,1.208
2025-06-19,10,BRpos,2.253
2025-06-19,10,BRneg,1.133
2025-06-19,11,BRpos,2.125
2025-06-19,11,BRneg,0.499
2025-06-19,12,BRpos,2.579
2025-06-19,12,BRneg,1.386
2025-06-19,13,BRpos,2.509
2025-06-19,13,BRneg,0.918
2025-06-19,14,BRpos,1.453
2025-06-19,14,BRneg,1.263
2025-06-19,15,BRpos,1.651
2025-06-19,15,BRneg,0.789
2025-06-19,16,BRpos,2.308
2025-06-19,16,BRneg,0.903
2025-06-19,17,BRpos,1.084
2025-06-19,17,BRneg,2.0
2025-06-19,18,BRpos,2.955
2025-06-19,18,BRneg,0.993
2025-06-19,19,BRpos,1.887
2025-06-19,19,BRneg,0.403
2025-06-19,20,BRpos,3.09
2025-06-19,20,BRneg,1.814
2025-06-19,21,BRpos,2.088
2025-06-19,21,BRneg,0.492
2025-06-19,22,BRpos,1.866
2025-06-19,22,BRneg,1.658
2025-06-19,23,BRpos,1.285
2025-06-19,23,BRneg,1.047
2025-06-19,24,BRpos,2.345
2025-06-19,24,BRneg,0.96
2025-06-19,25,BRpos,2.749
2025-06-19,25,BRneg,1.26
2025-06-19,26,BRpos,2.146
2025-06-19,26,BRneg,0.832
2025-06-19,27,BRpos,2.814
2025-06-19,27,BRneg,0.724
2025-06-19,28,BRpos,4.789
2025-06-19,28,BRneg,1.6
2025-06-19,29,BRpos,2.625
2025-06-19,29,BRneg,0.952
2025-06-19,30,BRpos,1.473
2025-06-19,30,BRneg,0.723
2025-06-19,31,BRpos,2.148
2025-06-19,31,BRneg,0.399
2025-06-19,32,BRpos,2.168
2025-06-19,32,BRneg,1.301
2025-06-19,33,BRpos,2.635
2025-06-19,33,BRneg,0.679
2025-06-19,34,BRpos,2.74
2025-06-19,34,BRneg,3.509
2025-06-19,35,BRpos,3.605
2025-06-19,35,BRneg,1.494
2025-06-19,36,BRpos,1.796
2025-06-19,36,BRneg,1.905
2025-06-19,37,BRpos,2.785
2025-06-19,37,BRneg,2.254
2025-06-19,38,BRpos,8.479
2025-06-19,38,BRneg,1.999
2025-06-19,39,BRpos,4.382
2025-06-19,39,BRneg,3.601
2025-06-19,40,BRpos,1.904
2025-06-19,40,BRneg,0.432
2025-06-19,41,BRpos,0.886
2025-06-19,41,BRneg,0.716
2025-06-19,42,BRpos,1.58
2025-06-19,42,BRneg,0.724
2025-06-19,43,BRpos,2.844
2025-06-19,43,BRneg,0.443
2025-06-19,44,BRpos,0.949
2025-06-19,44,BRneg,0.852
2025-06-19,45,BRpos,2.135
2025-06-19,45,BRneg,1.255
2025-06-19,46,BRpos,2.058
2025-06-19,46,BRneg,1.527
2025-06-19,47,BRpos,1.295
2025-06-19,47,BRneg,0.878
2025-06-19,48,BRpos,1.92
2025-06-19,48,BRneg,0.501
2025-06-20,1,BRpos,2.177
2025-06-20,1,BRneg,0.422
2025-06-20,2,BRpos,2.346
2025-06-20,2,BRneg,0.607
2025-06-20,3,BRpos,2.074
2025-06-20,3,BRneg,1.245
2025-06-20,4,BRpos,2.206
2025-06-20,4,BRneg,0.743
2025-06-20,5,BRpos,1.983
2025-06-20,5,BRneg,1.003
2025-06-20,6,BRpos,1.7
2025-06-20,6,BRneg,0.824
2025-06-20,7,BRpos,2.362
2025-06-20,7,BRneg,0.697
2025-06-20,8,BRpos,1.292
2025-06-20,8,BRneg,0.553
2025-06-20,9,BRpos,2.802
2025-06-20,9,BRneg,0.984
2025-06-20,10,BRpos,1.851
2025-06-20,10,BRneg,0.424
2025-06-20,11,BRpos,1.493
2025-06-20,11,BRneg,1.066
2025-06-20,12,BRpos,4.336
2025-06-20,12,BRneg,0.798
2025-06-20,13,BRpos,2.008
2025-06-20,13,BRneg,0.791
2025-06-20,14,BRpos,1.452
2025-06-20,14,BRneg,1.257
2025-06-20,15,BRpos,1.984
2025-06-20,15,BRneg,1.069
2025-06-20,16,BRpos,3.279
2025-06-20,16,BRneg,1.351
2025-06-20,17,BRpos,1.856
2025-06-20,17,BRneg,0.959
2025-06-20,18,BRpos,1.629
2025-06-20,18,BRneg,1.64
2025-06-20,19,BRpos,4.612
2025-06-20,19,BRneg,1.189
2025-06-20,20,BRpos,2.289
2025-06-20,20,BRneg,1.051
2025-06-20,21,BRpos,4.739
2025-06-20,21,BRneg,0.793
2025-06-20,22,BRpos,1.697
2025-06-20,22,BRneg,1.253
2025-06-20,23,BRpos,2.3
2025-06-20,23,BRneg,0.456
2025-06-20,24,BRpos,2.729
2025-06-20,24,BRneg,0.946
2025-06-20,25,BRpos,1.212
2025-06-20,25,BRneg,0.621
2025-06-20,26,BRpos,5.344
2025-06-20,26,BRneg,0.504
2025-06-20,27,BRpos,3.077
2025-06-20,27,BRneg,2.603
2025-06-20,28,BRpos,1.433
2025-06-20,28,BRneg,0.887
2025-06-20,29,BRpos,1.735
2025-06-20,29,BRneg,1.208
2025-06-20,30,BRpos,2.119
2025-06-20,30,BRneg,0.844
2025-06-20,31,BRpos,1.527
2025-06-20,31,BRneg,1.501
2025-06-20,32,BRpos,2.127
2025-06-20,32,BRneg,1.419
2025-06-20,33,BRpos,2.278
2025-06-20,33,BRneg,1.313
2025-06-20,34,BRpos,3.238
2025-06-20,34,BRneg,2.624
2025-06-20,35,BRpos,5.056
2025-06-20,35,BRneg,3.211
2025-06-20,36,BRpos,3.479
2025-06-20,36,BRneg,1.548
2025-06-20,37,BRpos,1.957
2025-06-20,37,BRneg,2.692
2025-06-20,38,BRpos,1.963
2025-06-20,38,BRneg,1.59
2025-06-20,39,BRpos,3.621
2025-06-20,39,BRneg,1.061
2025-06-20,40,BRpos,3.308
2025-06-20,40,BRneg,0.676
2025-06-20,41,BRpos,1.525
2025-06-20,41,BRneg,1.072
2025-06-20,42,BRpos,1.808
2025-06-20,42,BRneg,0.744
2025-06-20,43,BRpos,2.553
2025-06-20,43,BRneg,1.318
2025-06-20,44,BRpos,0.964
2025-06-20,44,BRneg,1.01
2025-06-20,45,BRpos,1.397
2025-06-20,45,BRneg,1.654
2025-06-20,46,BRpos,1.356
2025-06-20,46,BRneg,0.775
2025-06-20,47,BRpos,0.637
2025-06-20,47,BRneg,1.27
2025-06-20,48,BRpos,2.619
2025-06-20,48,BRneg,2.393
2025-06-21,1,BRpos,2.805
2025-06-21,1,BRneg,0.838
2025-06-21,2,BRpos,1.681
2025-06-21,2,BRneg,0.677
2025-06-21,3,BRpos,2.571
2025-06-21,3,BRneg,0.947
2025-06-21,4,BRpos,1.853
2025-06-21,4,BRneg,0.834
2025-06-21,5,BRpos,3.752
2025-06-21,5,BRneg,1.637
2025-06-21,6,BRpos,3.325
2025-06-21,6,BRneg,1.22
2025-06-21,7,BRpos,2.178
2025-06-21,7,BRneg,2.163
2025-06-21,8,BRpos,2.364
2025-06-21,8,BRneg,0.52
2025-06-21,9,BRpos,1.976
2025-06-21,9,BRneg,1.125
2025-06-21,10,BRpos,3.587
2025-06-21,10,BRneg,0.521
2025-06-21,11,BRpos,2.865
2025-06-21,11,BRneg,1.102
2025-06-21,12,BRpos,2.672
2025-06-21,12,BRneg,0.959
2025-06-21,13,BRpos,1.519
2025-06-21,13,BRneg,1.706
2025-06-21,14,BRpos,3.883
2025-06-21,14,BRneg,0.966
2025-06-21,15,BRpos,1.324
2025-06-21,15,BRneg,0.694
2025-06-21,16,BRpos,1.544
2025-06-21,16,BRneg,0.372
2025-06-21,17,BRpos,1.843
2025-06-21,17,BRneg,0.699
2025-06-21,18,BRpos,1.63
2025-06-21,18,BRneg,0.689
2025-06-21,19,BRpos,1.934
2025-06-21,19,BRneg,0.989
2025-06-21,20,BRpos,2.128
2025-06-21,20,BRneg,0.972
2025-06-21,21,BRpos,2.444
2025-06-21,21,BRneg,1.31
2025-06-21,22,BRpos,2.274
2025-06-21,22,BRneg,0.538
2025-06-21,23,BRpos,3.169
2025-06-21,23,BRneg,1.866
2025-06-21,24,BRpos,3.544
2025-06-21,24,BRneg,1.153
2025-06-21,25,BRpos,1.877
2025-06-21,25,BRneg,1.541
2025-06-21,26,BRpos,2.78
2025-06-21,26,BRneg,0.527
2025-06-21,27,BRpos,3.555
2025-06-21,27,BRneg,1.209
2025-06-21,28,BRpos,2.072
2025-06-21,28,BRneg,1.376
2025-06-21,29,BRpos,1.884
2025-06-21,29,BRneg,0.855
2025-06-21,30,BRpos,4.258
2025-06-21,30,BRneg,0.899
2025-06-21,31,BRpos,1.544
2025-06-21,31,BRneg,1.14
2025-06-21,32,BRpos,2.175
2025-06-21,32,BRneg,0.278
2025-06-21,33,BRpos,5.157
2025-06-21,33,BRneg,1.901
2025-06-21,34,BRpos,1.859
2025-06-21,34,BRneg,1.774
2025-06-21,35,BRpos,1.865
2025-06-21,35,BRneg,1.953
2025-06-21,36,BRpos,6.821
2025-06-21,36,BRneg,4.916
2025-06-21,37,BRpos,5.18
2025-06-21,37,BRneg,1.024
2025-06-21,38,BRpos,5.821
2025-06-21,38,BRneg,1.605
2025-06-21,39,BRpos,2.879
2025-06-21,39,BRneg,0.83
2025-06-21,40,BRpos,1.215
2025-06-21,40,BRneg,0.77
2025-06-21,41,BRpos,1.994
2025-06-21,41,BRneg,1.627
2025-06-21,42,BRpos,3.358
2025-06-21,42,BRneg,0.745
2025-06-21,43,BRpos,1.468
2025-06-21,43,BRneg,0.826
2025-06-21,44,BRpos,1.829
2025-06-21,44,BRneg,1.078
2025-06-21,45,BRpos,2.911
2025-06-21,45,BRneg,1.96
2025-06-21,46,BRpos,1.959
2025-06-21,46,BRneg,0.934
2025-06-21,47,BRpos,2.08
2025-06-21,47,BRneg,0.661
2025-06-21,48,BRpos,1.541
2025-06-21,48,BRneg,1.966
2025-06-22,1,BRpos,1.721
2025-06-22,1,BRneg,1.53
2025-06-22,2,BRpos,1.545
2025-06-22,2,BRneg,0.609
2025-06-22,3,BRpos,1.995
2025-06-22,3,BRneg,1.769
2025-06-22,4,BRpos,0.93
2025-06-22,4,BRneg,1.146
2025-06-22,5,BRpos,3.243
2025-06-22,5,BRneg,1.027
2025-06-22,6,BRpos,2.271
2025-06-22,6,BRneg,0.94
2025-06-22,7,BRpos,1.38
2025-06-22,7,BRneg,0.638
2025-06-22,8,BRpos,3.358
2025-06-22,8,BRneg,1.107
2025-06-22,9,BRpos,2.705
2025-06-22,9,BRneg,1.435
2025-06-22,10,BRpos,1.718
2025-06-22,10,BRneg,0.994
2025-06-22,11,BRpos,1.626
2025-06-22,11,BRneg,1.791
2025-06-22,12,BRpos,2.581
2025-06-22,12,BRneg,1.05
2025-06-22,13,BRpos,1.603
2025-06-22,13,BRneg,1.258
2025-06-22,14,BRpos,3.237
2025-06-22,14,BRneg,0.994
2025-06-22,15,BRpos,4.333
2025-06-22,15,BRneg,0.359
2025-06-22,16,BRpos,7.37
2025-06-22,16,BRneg,1.074
2025-06-22,17,BRpos,1.842
2025-06-22,17,BRneg,1.646
2025-06-22,18,BRpos,1.485
2025-06-22,18,BRneg,0.91
2025-06-22,19,BRpos,2.61
2025-06-22,19,BRneg,0.553
2025-06-22,20,BRpos,1.079
2025-06-22,20,BRneg,0.674
2025-06-22,21,BRpos,2.396
2025-06-22,21,BRneg,0.964
2025-06-22,22,BRpos,3.841
2025-06-22,22,BRneg,1.193
2025-06-22,23,BRpos,1.437
2025-06-22,23,BRneg,0.778
2025-06-22,24,BRpos,1.635
2025-06-22,24,BRneg,1.284
2025-06-22,25,BRpos,1.923
2025-06-22,25,BRneg,1.073
2025-06-22,26,BRpos,3.719
2025-06-22,26,BRneg,0.644
2025-06-22,27,BRpos,1.989
2025-06-22,27,BRneg,0.791
2025-06-22,28,BRpos,2.985
2025-06-22,28,BRneg,0.371
2025-06-22,29,BRpos,1.826
2025-06-22,29,BRneg,0.735
2025-06-22,30,BRpos,1.105
2025-06-22,30,BRneg,0.705
2025-06-22,31,BRpos,1.514
2025-06-22,31,BRneg,1.025
2025-06-22,32,BRpos,2.516
2025-06-22,32,BRneg,1.729
2025-06-22,33,BRpos,3.202
2025-06-22,33,BRneg,0.73
2025-06-22,34,BRpos,7.822
2025-06-22,34,BRneg,4.104
2025-06-22,35,BRpos,4.738
2025-06-22,35,BRneg,1.748
2025-06-22,36,BRpos,3.182
2025-06-22,36,BRneg,0.628
2025-06-22,37,BRpos,1.512
2025-06-22,37,BRneg,1.285
2025-06-22,38,BRpos,2.706
2025-06-22,38,BRneg,1.154
2025-06-22,39,BRpos,2.199
2025-06-22,39,BRneg,2.442
2025-06-22,40,BRpos,3.015
2025-06-22,40,BRneg,0.47
2025-06-22,41,BRpos,2.241
2025-06-22,41,BRneg,0.641
2025-06-22,42,BRpos,1.389
2025-06-22,42,BRneg,0.488
2025-06-22,43,BRpos,2.928
2025-06-22,43,BRneg,0.726
2025-06-22,44,BRpos,2.163
2025-06-22,44,BRneg,1.002
2025-06-22,45,BRpos,1.899
2025-06-22,45,BRneg,0.338
2025-06-22,46,BRpos,4.046
2025-06-22,46,BRneg,1.704
2025-06-22,47,BRpos,1.689
2025-06-22,47,BRneg,0.712
2025-06-22,48,BRpos,1.557
2025-06-22,48,BRneg,0.536
2025-06-23,1,BRpos,1.14
2025-06-23,1,BRneg,1.277
2025-06-23,2,BRpos,3.114
2025-06-23,2,BRneg,0.928
2025-06-23,3,BRpos,1.516
2025-06-23,3,BRneg,0.787
2025-06-23,4,BRpos,1.933
2025-06-23,4,BRneg,0.58
2025-06-23,5,BRpos,6.012
2025-06-23,5,BRneg,0.585
2025-06-23,6,BRpos,2.761
2025-06-23,6,BRneg,0.646
2025-06-23,7,BRpos,1.929
2025-06-23,7,BRneg,1.191
2025-06-23,8,BRpos,2.352
2025-06-23,8,BRneg,0.564
2025-06-23,9,BRpos,1.615
2025-06-23,9,BRneg,1.018
2025-06-23,10,BRpos,0.848
2025-06-23,10,BRneg,0.996
2025-06-23,11,BRpos,2.645
2025-06-23,11,BRneg,3.42
2025-06-23,12,BRpos,1.907
2025-06-23,12,BRneg,1.112
2025-06-23,13,BRpos,3.69
2025-06-23,13,BRneg,1.234
2025-06-23,14,BRpos,2.349
2025-06-23,14,BRneg,1.059
2025-06-23,15,BRpos,4.024
2025-06-23,15,BRneg,1.554
2025-06-23,16,BRpos,1.977
2025-06-23,16,BRneg,0.548
2025-06-23,17,BRpos,1.763
2025-06-23,17,BRneg,1.352
2025-06-23,18,BRpos,1.461
2025-06-23,18,BRneg,1.605
2025-06-23,19,BRpos,3.869
2025-06-23,19,BRneg,0.503
2025-06-23,20,BRpos,2.438
2025-06-23,20,BRneg,0.655
2025-06-23,21,BRpos,1.675
2025-06-23,21,BRneg,0.938
2025-06-23,22,BRpos,2.049
2025-06-23,22,BRneg,0.767
2025-06-23,23,BRpos,1.268
2025-06-23,23,BRneg,1.195
2025-06-23,24,BRpos,1.555
2025-06-23,24,BRneg,0.721
2025-06-23,25,BRpos,3.87
2025-06-23,25,BRneg,0.479
2025-06-23,26,BRpos,3.039
2025-06-23,26,BRneg,1.367
2025-06-23,27,BRpos,1.381
2025-06-23,27,BRneg,0.749
2025-06-23,28,BRpos,2.66
2025-06-23,28,BRneg,1.361
2025-06-23,29,BRpos,1.073
2025-06-23,29,BRneg,0.833
2025-06-23,30,BRpos,1.866
2025-06-23,30,BRneg,1.281
2025-06-23,31,BRpos,0.843
2025-06-23,31,BRneg,1.956
2025-06-23,32,BRpos,1.787
2025-06-23,32,BRneg,1.182
2025-06-23,33,BRpos,2.801
2025-06-23,33,BRneg,0.302
2025-06-23,34,BRpos,2.863
2025-06-23,34,BRneg,1.077
2025-06-23,35,BRpos,3.451
2025-06-23,35,BRneg,2.842
2025-06-23,36,BRpos,2.74
2025-06-23,36,BRneg,1.667
2025-06-23,37,BRpos,2.975
2025-06-23,37,BRneg,1.643
2025-06-23,38,BRpos,2.356
2025-06-23,38,BRneg,1.576
2025-06-23,39,BRpos,2.091
2025-06-23,39,BRneg,1.08
2025-06-23,40,BRpos,2.683
2025-06-23,40,BRneg,1.085
2025-06-23,41,BRpos,1.739
2025-06-23,41,BRneg,1.513
2025-06-23,42,BRpos,5.584
2025-06-23,42,BRneg,0.893
2025-06-23,43,BRpos,1.893
2025-06-23,43,BRneg,1.586
2025-06-23,44,BRpos,2.537
2025-06-23,44,BRneg,0.365
2025-06-23,45,BRpos,2.158
2025-06-23,45,BRneg,1.732
2025-06-23,46,BRpos,1.328
2025-06-23,46,BRneg,0.506
2025-06-23,47,BRpos,2.76
2025-06-23,47,BRneg,0.611
2025-06-23,48,BRpos,2.073
2025-06-23,48,BRneg,1.006
2025-06-24,1,BRpos,2.018
2025-06-24,1,BRneg,1.409
2025-06-24,2,BRpos,2.173
2025-06-24,2,BRneg,1.252
2025-06-24,3,BRpos,1.805
2025-06-24,3,BRneg,1.479
2025-06-24,4,BRpos,2.009
2025-06-24,4,BRneg,3.145
2025-06-24,5,BRpos,4.487
2025-06-24,5,BRneg,1.987
2025-06-24,6,BRpos,2.264
2025-06-24,6,BRneg,1.261
2025-06-24,7,BRpos,1.643
2025-06-24,7,BRneg,1.466
2025-06-24,8,BRpos,1.456
2025-06-24,8,BRneg,2.117
2025-06-24,9,BRpos,2.2
2025-06-24,9,BRneg,1.183
2025-06-24,10,BRpos,1.007
2025-06-24,10,BRneg,0.55
2025-06-24,11,BRpos,1.49
2025-06-24,11,BRneg,1.553
2025-06-24,12,BRpos,1.789
2025-06-24,12,BRneg,0.384
2025-06-24,13,BRpos,1.406
2025-06-24,13,BRneg,2.333
2025-06-24,14,BRpos,4.09
2025-06-24,14,BRneg,0.644
2025-06-24,15,BRpos,1.303
2025-06-24,15,BRneg,1.36
2025-06-24,16,BRpos,4.832
2025-06-24,16,BRneg,1.226
2025-06-24,17,BRpos,2.365
2025-06-24,17,BRneg,0.805
2025-06-24,18,BRpos,2.685
2025-06-24,18,BRneg,0.64
2025-06-24,19,BRpos,0.958
2025-06-24,19,BRneg,0.857
2025-06-24,20,BRpos,2.288
2025-06-24,20,BRneg,0.849
2025-06-24,21,BRpos,1.605
2025-06-24,21,BRneg,1.183
2025-06-24,22,BRpos,2.849
2025-06-24,22,BRneg,1.17
2025-06-24,23,BRpos,2.462
2025-06-24,23,BRneg,1.462
2025-06-24,24,BRpos,2.173
2025-06-24,24,BRneg,2.298
2025-06-24,25,BRpos,2.411
2025-06-24,25,BRneg,0.651
2025-06-24,26,BRpos,1.636
2025-06-24,26,BRneg,0.626
2025-06-24,27,BRpos,1.476
2025-06-24,27,BRneg,0.796
2025-06-24,28,BRpos,1.532
2025-06-24,28,BRneg,2.94
2025-06-24,29,BRpos,2.195
2025-06-24,29,BRneg,1.401
2025-06-24,30,BRpos,1.665
2025-06-24,30,BRneg,0.807
2025-06-24,31,BRpos,4.523
2025-06-24,31,BRneg,1.013
2025-06-24,32,BRpos,2.875
2025-06-24,32,BRneg,0.95
2025-06-24,33,BRpos,1.287
2025-06-24,33,BRneg,0.673
2025-06-24,34,BRpos,2.938
2025-06-24,34,BRneg,1.61
2025-06-24,35,BRpos,3.992
2025-06-24,35,BRneg,1.058
2025-06-24,36,BRpos,4.526
2025-06-24,36,BRneg,2.223
2025-06-24,37,BRpos,4.781
2025-06-24,37,BRneg,0.843
2025-06-24,38,BRpos,3.146
2025-06-24,38,BRneg,1.163
2025-06-24,39,BRpos,9.188
2025-06-24,39,BRneg,2.528
2025-06-24,40,BRpos,1.485
2025-06-24,40,BRneg,0.868
2025-06-24,41,BRpos,1.673
2025-06-24,41,BRneg,0.874
2025-06-24,42,BRpos,1.56
2025-06-24,42,BRneg,0.948
2025-06-24,43,BRpos,2.07
2025-06-24,43,BRneg,2.614
2025-06-24,44,BRpos,3.28
2025-06-24,44,BRneg,2.371
2025-06-24,45,BRpos,3.151
2025-06-24,45,BRneg,0.709
2025-06-24,46,BRpos,1.353
2025-06-24,46,BRneg,1.076
2025-06-24,47,BRpos,2.221
2025-06-24,47,BRneg,0.74
2025-06-24,48,BRpos,3.862
2025-06-24,48,BRneg,1.217
2025-06-25,1,BRpos,1.765
2025-06-25,1,BRneg,0.482
2025-06-25,2,BRpos,2.073
2025-06-25,2,BRneg,1.204
2025-06-25,3,BRpos,1.871
2025-06-25,3,BRneg,0.885
2025-06-25,4,BRpos,1.156
2025-06-25,4,BRneg,0.438
2025-06-25,5,BRpos,1.682
2025-06-25,5,BRneg,1.609
2025-06-25,6,BRpos,2.11
2025-06-25,6,BRneg,1.346
2025-06-25,7,BRpos,3.297
2025-06-25,7,BRneg,0.973
2025-06-25,8,BRpos,2.487
2025-06-25,8,BRneg,0.531
2025-06-25,9,BRpos,1.844
2025-06-25,9,BRneg,0.607
2025-06-25,10,BRpos,2.316
2025-06-25,10,BRneg,1.004
2025-06-25,11,BRpos,2.529
2025-06-25,11,BRneg,1.208
2025-06-25,12,BRpos,2.388
2025-06-25,12,BRneg,1.122
2025-06-25,13,BRpos,1.417
2025-06-25,13,BRneg,1.057
2025-06-25,14,BRpos,0.864
2025-06-25,14,BRneg,0.968
2025-06-25,15,BRpos,2.439
2025-06-25,15,BRneg,2.021
2025-06-25,16,BRpos,2.354
2025-06-25,16,BRneg,0.717
2025-06-25,17,BRpos,1.731
2025-06-25,17,BRneg,1.472
2025-06-25,18,BRpos,3.085
2025-06-25,18,BRneg,0.849
2025-06-25,19,BRpos,5.124
2025-06-25,19,BRneg,1.283
2025-06-25,20,BRpos,2.582
2025-06-25,20,BRneg,2.29
2025-06-25,21,BRpos,2.176
2025-06-25,21,BRneg,1.497
2025-06-25,22,BRpos,2.633
2025-06-25,22,BRneg,1.079
2025-06-25,23,BRpos,4.34
2025-06-25,23,BRneg,1.442
2025-06-25,24,BRpos,2.866
2025-06-25,24,BRneg,0.613
2025-06-25,25,BRpos,2.99
2025-06-25,25,BRneg,0.857
2025-06-25,26,BRpos,1.422
2025-06-25,26,BRneg,0.84
2025-06-25,27,BRpos,7.531
2025-06-25,27,BRneg,1.024
2025-06-25,28,BRpos,1.172
2025-06-25,28,BRneg,2.746
2025-06-25,29,BRpos,2.367
2025-06-25,29,BRneg,1.701
2025-06-25,30,BRpos,1.592
2025-06-25,30,BRneg,2.873
2025-06-25,31,BRpos,1.82
2025-06-25,31,BRneg,1.375
2025-06-25,32,BRpos,5.84
2025-06-25,32,BRneg,0.701
2025-06-25,33,BRpos,2.261
2025-06-25,33,BRneg,2.34
2025-06-25,34,BRpos,3.962
2025-06-25,34,BRneg,0.983
2025-06-25,35,BRpos,0.775
2025-06-25,35,BRneg,1.535
2025-06-25,36,BRpos,5.437
2025-06-25,36,BRneg,1.042
2025-06-25,37,BRpos,2.524
2025-06-25,37,BRneg,3.492
2025-06-25,38,BRpos,9.916
2025-06-25,38,BRneg,1.321
2025-06-25,39,BRpos,3.918
2025-06-25,39,BRneg,1.892
2025-06-25,40,BRpos,1.353
2025-06-25,40,BRneg,2.314
2025-06-25,41,BRpos,2.083
2025-06-25,41,BRneg,0.705
2025-06-25,42,BRpos,1.391
2025-06-25,42,BRneg,0.903
2025-06-25,43,BRpos,0.956
2025-06-25,43,BRneg,0.24
2025-06-25,44,BRpos,0.678
2025-06-25,44,BRneg,1.203
2025-06-25,45,BRpos,3.216
2025-06-25,45,BRneg,1.664
2025-06-25,46,BRpos,3.368
2025-06-25,46,BRneg,0.686
2025-06-25,47,BRpos,4.254
2025-06-25,47,BRneg,0.89
2025-06-25,48,BRpos,3.181
2025-06-25,48,BRneg,1.095
2025-06-26,1,BRpos,3.616
2025-06-26,1,BRneg,1.068
2025-06-26,2,BRpos,1.161
2025-06-26,2,BRneg,1.188
2025-06-26,3,BRpos,2.063
2025-06-26,3,BRneg,0.837
2025-06-26,4,BRpos,1.614
2025-06-26,4,BRneg,0.607
2025-06-26,5,BRpos,4.806
2025-06-26,5,BRneg,1.776
2025-06-26,6,BRpos,3.577
2025-06-26,6,BRneg,0.764
2025-06-26,7,BRpos,2.913
2025-06-26,7,BRneg,0.814
2025-06-26,8,BRpos,1.858
2025-06-26,8,BRneg,1.332
2025-06-26,9,BRpos,0.58
2025-06-26,9,BRneg,1.16
2025-06-26,10,BRpos,1.811
2025-06-26,10,BRneg,3.688
2025-06-26,11,BRpos,1.521
2025-06-26,11,BRneg,0.518
2025-06-26,12,BRpos,1.058
2025-06-26,12,BRneg,0.718
2025-06-26,13,BRpos,2.312
2025-06-26,13,BRneg,0.698
2025-06-26,14,BRpos,2.0
2025-06-26,14,BRneg,0.375
2025-06-26,15,BRpos,3.065
2025-06-26,15,BRneg,0.921
2025-06-26,16,BRpos,1.993
2025-06-26,16,BRneg,0.735
2025-06-26,17,BRpos,2.032
2025-06-26,17,BRneg,1.219
2025-06-26,18,BRpos,1.77
2025-06-26,18,BRneg,1.887
2025-06-26,19,BRpos,2.559
2025-06-26,19,BRneg,0.945
2025-06-26,20,BRpos,1.68
2025-06-26,20,BRneg,1.488
2025-06-26,21,BRpos,2.224
2025-06-26,21,BRneg,0.78
2025-06-26,22,BRpos,2.521
2025-06-26,22,BRneg,0.8
2025-06-26,23,BRpos,1.759
2025-06-26,23,BRneg,0.801
2025-06-26,24,BRpos,4.146
2025-06-26,24,BRneg,1.31
2025-06-26,25,BRpos,2.521
2025-06-26,25,BRneg,1.594
2025-06-26,26,BRpos,2.568
2025-06-26,26,BRneg,0.994
2025-06-26,27,BRpos,2.804
2025-06-26,27,BRneg,1.668
2025-06-26,28,BRpos,1.048
2025-06-26,28,BRneg,0.481
2025-06-26,29,BRpos,3.85
2025-06-26,29,BRneg,1.212
2025-06-26,30,BRpos,3.211
2025-06-26,30,BRneg,0.55
2025-06-26,31,BRpos,2.03
2025-06-26,31,BRneg,1.106
2025-06-26,32,BRpos,4.69
2025-06-26,32,BRneg,1.387
2025-06-26,33,BRpos,1.321
2025-06-26,33,BRneg,1.821
2025-06-26,34,BRpos,4.574
2025-06-26,34,BRneg,1.553
2025-06-26,35,BRpos,9.342
2025-06-26,35,BRneg,1.035
2025-06-26,36,BRpos,4.523
2025-06-26,36,BRneg,1.508
2025-06-26,37,BRpos,2.42
2025-06-26,37,BRneg,1.88
2025-06-26,38,BRpos,3.854
2025-06-26,38,BRneg,2.545
2025-06-26,39,BRpos,1.709
2025-06-26,39,BRneg,2.415
2025-06-26,40,BRpos,1.423
2025-06-26,40,BRneg,1.067
2025-06-26,41,BRpos,1.791
2025-06-26,41,BRneg,1.368
2025-06-26,42,BRpos,1.821
2025-06-26,42,BRneg,0.674
2025-06-26,43,BRpos,2.092
2025-06-26,43,BRneg,1.451
2025-06-26,44,BRpos,3.8
2025-06-26,44,BRneg,0.55
2025-06-26,45,BRpos,3.728
2025-06-26,45,BRneg,1.729
2025-06-26,46,BRpos,1.773
2025-06-26,46,BRneg,0.686
2025-06-26,47,BRpos,1.834
2025-06-26,47,BRneg,1.563
2025-06-26,48,BRpos,2.2
2025-06-26,48,BRneg,0.824
2025-06-27,1,BRpos,1.575
2025-06-27,1,BRneg,0.72
2025-06-27,2,BRpos,1.615
2025-06-27,2,BRneg,1.035
2025-06-27,3,BRpos,2.343
2025-06-27,3,BRneg,0.528
2025-06-27,4,BRpos,0.969
2025-06-27,4,BRneg,0.806
2025-06-27,5,BRpos,3.319
2025-06-27,5,BRneg,1.413
2025-06-27,6,BRpos,6.804
2025-06-27,6,BRneg,0.746
2025-06-27,7,BRpos,1.545
2025-06-27,7,BRneg,1.062
2025-06-27,8,BRpos,3.032
2025-06-27,8,BRneg,0.601
2025-06-27,9,BRpos,3.204
2025-06-27,9,BRneg,0.91
2025-06-27,10,BRpos,1.135
2025-06-27,10,BRneg,0.577
2025-06-27,11,BRpos,2.274
2025-06-27,11,BRneg,1.502
2025-06-27,12,BRpos,2.07
2025-06-27,12,BRneg,0.7
2025-06-27,13,BRpos,1.747
2025-06-27,13,BRneg,0.818
2025-06-27,14,BRpos,2.471
2025-06-27,14,BRneg,0.921
2025-06-27,15,BRpos,1.422
2025-06-27,15,BRneg,1.113
2025-06-27,16,BRpos,2.961
2025-06-27,16,BRneg,0.51
2025-06-27,17,BRpos,2.08
2025-06-27,17,BRneg,1.4
2025-06-27,18,BRpos,2.871
2025-06-27,18,BRneg,0.78
2025-06-27,19,BRpos,1.386
2025-06-27,19,BRneg,1.88
2025-06-27,20,BRpos,4.448
2025-06-27,20,BRneg,2.416
2025-06-27,21,BRpos,3.032
2025-06-27,21,BRneg,0.796
2025-06-27,22,BRpos,1.059
2025-06-27,22,BRneg,1.246
2025-06-27,23,BRpos,2.006
2025-06-27,23,BRneg,0.582
2025-06-27,24,BRpos,2.985
2025-06-27,24,BRneg,0.793
2025-06-27,25,BRpos,2.673
2025-06-27,25,BRneg,1.486
2025-06-27,26,BRpos,2.603
2025-06-27,26,BRneg,1.224
2025-06-27,27,BRpos,3.188
2025-06-27,27,BRneg,0.882
2025-06-27,28,BRpos,2.625
2025-06-27,28,BRneg,0.629
2025-06-27,29,BRpos,2.318
2025-06-27,29,BRneg,1.411
2025-06-27,30,BRpos,3.156
2025-06-27,30,BRneg,0.609
2025-06-27,31,BRpos,3.675
2025-06-27,31,BRneg,0.615
2025-06-27,32,BRpos,4.555
2025-06-27,32,BRneg,1.599
2025-06-27,33,BRpos,1.764
2025-06-27,33,BRneg,1.051
2025-06-27,34,BRpos,6.105
2025-06-27,34,BRneg,2.862
2025-06-27,35,BRpos,2.379
2025-06-27,35,BRneg,1.779
2025-06-27,36,BRpos,2.328
2025-06-27,36,BRneg,1.014
2025-06-27,37,BRpos,1.698
2025-06-27,37,BRneg,0.931
2025-06-27,38,BRpos,4.123
2025-06-27,38,BRneg,1.156
2025-06-27,39,BRpos,6.952
2025-06-27,39,BRneg,3.538
2025-06-27,40,BRpos,2.301
2025-06-27,40,BRneg,1.405
2025-06-27,41,BRpos,3.14
2025-06-27,41,BRneg,1.202
2025-06-27,42,BRpos,2.013
2025-06-27,42,BRneg,0.766
2025-06-27,43,BRpos,2.921
2025-06-27,43,BRneg,0.457
2025-06-27,44,BRpos,2.005
2025-06-27,44,BRneg,1.018
2025-06-27,45,BRpos,2.543
2025-06-27,45,BRneg,0.611
2025-06-27,46,BRpos,1.193
2025-06-27,46,BRneg,0.792
2025-06-27,47,BRpos,1.5
2025-06-27,47,BRneg,1.474
2025-06-27,48,BRpos,1.433
2025-06-27,48,BRneg,1.894
2025-06-28,1,BRpos,2.099
2025-06-28,1,BRneg,1.143
2025-06-28,2,BRpos,1.983
2025-06-28,2,BRneg,1.446
2025-06-28,3,BRpos,4.352
2025-06-28,3,BRneg,1.218
2025-06-28,4,BRpos,1.548
2025-06-28,4,BRneg,1.885
2025-06-28,5,BRpos,0.934
2025-06-28,5,BRneg,1.11
2025-06-28,6,BRpos,1.88
2025-06-28,6,BRneg,0.897
2025-06-28,7,BRpos,2.172
2025-06-28,7,BRneg,2.009
2025-06-28,8,BRpos,2.36
2025-06-28,8,BRneg,0.83
2025-06-28,9,BRpos,2.577
2025-06-28,9,BRneg,0.96
2025-06-28,10,BRpos,0.816
2025-06-28,10,BRneg,0.824
2025-06-28,11,BRpos,1.911
2025-06-28,11,BRneg,0.739
2025-06-28,12,BRpos,3.292
2025-06-28,12,BRneg,2.671
2025-06-28,13,BRpos,1.427
2025-06-28,13,BRneg,1.025
2025-06-28,14,BRpos,1.537
2025-06-28,14,BRneg,0.761
2025-06-28,15,BRpos,2.944
2025-06-28,15,BRneg,1.433
2025-06-28,16,BRpos,1.337
2025-06-28,16,BRneg,0.656
2025-06-28,17,BRpos,1.566
2025-06-28,17,BRneg,1.349
2025-06-28,18,BRpos,2.466
2025-06-28,18,BRneg,0.736
2025-06-28,19,BRpos,2.876
2025-06-28,19,BRneg,1.476
2025-06-28,20,BRpos,2.84
2025-06-28,20,BRneg,0.836
2025-06-28,21,BRpos,4.296
2025-06-28,21,BRneg,1.296
2025-06-28,22,BRpos,1.447
2025-06-28,22,BRneg,1.9
2025-06-28,23,BRpos,1.743
2025-06-28,23,BRneg,0.585
2025-06-28,24,BRpos,1.808
2025-06-28,24,BRneg,1.16
2025-06-28,25,BRpos,1.971
2025-06-28,25,BRneg,0.526
2025-06-28,26,BRpos,1.6
2025-06-28,26,BRneg,1.415
2025-06-28,27,BRpos,1.438
2025-06-28,27,BRneg,1.31
2025-06-28,28,BRpos,2.717
2025-06-28,28,BRneg,1.26
2025-06-28,29,BRpos,1.691
2025-06-28,29,BRneg,0.489
2025-06-28,30,BRpos,1.794
2025-06-28,30,BRneg,1.034
2025-06-28,31,BRpos,3.492
2025-06-28,31,BRneg,1.97
2025-06-28,32,BRpos,2.333
2025-06-28,32,BRneg,0.572
2025-06-28,33,BRpos,1.532
2025-06-28,33,BRneg,0.894
2025-06-28,34,BRpos,3.672
2025-06-28,34,BRneg,3.856
2025-06-28,35,BRpos,3.911
2025-06-28,35,BRneg,4.335
2025-06-28,36,BRpos,5.001
2025-06-28,36,BRneg,1.976
2025-06-28,37,BRpos,1.759
2025-06-28,37,BRneg,2.006
2025-06-28,38,BRpos,3.892
2025-06-28,38,BRneg,0.694
2025-06-28,39,BRpos,5.261
2025-06-28,39,BRneg,2.174
2025-06-28,40,BRpos,3.261
2025-06-28,40,BRneg,1.189
2025-06-28,41,BRpos,1.036
2025-06-28,41,BRneg,2.232
2025-06-28,42,BRpos,2.123
2025-06-28,42,BRneg,0.849
2025-06-28,43,BRpos,2.635
2025-06-28,43,BRneg,1.163
2025-06-28,44,BRpos,2.988
2025-06-28,44,BRneg,1.021
2025-06-28,45,BRpos,1.727
2025-06-28,45,BRneg,1.11
2025-06-28,46,BRpos,4.203
2025-06-28,46,BRneg,0.745
2025-06-28,47,BRpos,1.197
2025-06-28,47,BRneg,1.578
2025-06-28,48,BRpos,2.061
2025-06-28,48,BRneg,0.516
2025-06-29,1,BRpos,2.577
2025-06-29,1,BRneg,0.891
2025-06-29,2,BRpos,1.261
2025-06-29,2,BRneg,1.533
2025-06-29,3,BRpos,1.222
2025-06-29,3,BRneg,0.829
2025-06-29,4,BRpos,2.224
2025-06-29,4,BRneg,0.79
2025-06-29,5,BRpos,1.541
2025-06-29,5,BRneg,0.622
2025-06-29,6,BRpos,1.815
2025-06-29,6,BRneg,0.645
2025-06-29,7,BRpos,1.473
2025-06-29,7,BRneg,0.628
2025-06-29,8,BRpos,1.264
2025-06-29,8,BRneg,0.862
2025-06-29,9,BRpos,1.32
2025-06-29,9,BRneg,1.591
2025-06-29,10,BRpos,2.695
2025-06-29,10,BRneg,0.952
2025-06-29,11,BRpos,1.461
2025-06-29,11,BRneg,2.288
2025-06-29,12,BRpos,4.668
2025-06-29,12,BRneg,1.348
2025-06-29,13,BRpos,1.61
2025-06-29,13,BRneg,0.861
2025-06-29,14,BRpos,2.247
2025-06-29,14,BRneg,0.765
2025-06-29,15,BRpos,2.48
2025-06-29,15,BRneg,0.885
2025-06-29,16,BRpos,1.895
2025-06-29,16,BRneg,1.105
2025-06-29,17,BRpos,2.666
2025-06-29,17,BRneg,0.56
2025-06-29,18,BRpos,3.091
2025-06-29,18,BRneg,1.194
2025-06-29,19,BRpos,2.062
2025-06-29,19,BRneg,0.811
2025-06-29,20,BRpos,0.84
2025-06-29,20,BRneg,1.131
2025-06-29,21,BRpos,3.014
2025-06-29,21,BRneg,1.246
2025-06-29,22,BRpos,2.188
2025-06-29,22,BRneg,1.063
2025-06-29,23,BRpos,3.225
2025-06-29,23,BRneg,1.288
2025-06-29,24,BRpos,1.758
2025-06-29,24,BRneg,0.936
2025-06-29,25,BRpos,6.262
2025-06-29,25,BRneg,0.88
2025-06-29,26,BRpos,1.455
2025-06-29,26,BRneg,1.129
2025-06-29,27,BRpos,1.333
2025-06-29,27,BRneg,0.76
2025-06-29,28,BRpos,0.954
2025-06-29,28,BRneg,0.329
2025-06-29,29,BRpos,4.651
2025-06-29,29,BRneg,0.842
2025-06-29,30,BRpos,1.321
2025-06-29,30,BRneg,0.819
2025-06-29,31,BRpos,3.148
2025-06-29,31,BRneg,0.737
2025-06-29,32,BRpos,3.359
2025-06-29,32,BRneg,1.538
2025-06-29,33,BRpos,1.302
2025-06-29,33,BRneg,1.436
2025-06-29,34,BRpos,4.755
2025-06-29,34,BRneg,1.632
2025-06-29,35,BRpos,6.902
2025-06-29,35,BRneg,0.964
2025-06-29,36,BRpos,2.984
2025-06-29,36,BRneg,0.928
2025-06-29,37,BRpos,2.756
2025-06-29,37,BRneg,1.775
2025-06-29,38,BRpos,5.216
2025-06-29,38,BRneg,0.953
2025-06-29,39,BRpos,3.746
2025-06-29,39,BRneg,2.947
2025-06-29,40,BRpos,1.999
2025-06-29,40,BRneg,1.162
2025-06-29,41,BRpos,1.374
2025-06-29,41,BRneg,1.121
2025-06-29,42,BRpos,0.615
2025-06-29,42,BRneg,0.914
2025-06-29,43,BRpos,3.444
2025-06-29,43,BRneg,0.751
2025-06-29,44,BRpos,1.408
2025-06-29,44,BRneg,1.492
2025-06-29,45,BRpos,1.961
2025-06-29,45,BRneg,2.32
2025-06-29,46,BRpos,3.604
2025-06-29,46,BRneg,0.212
2025-06-29,47,BRpos,2.622
2025-06-29,47,BRneg,1.106
2025-06-29,48,BRpos,1.705
2025-06-29,48,BRneg,0.756
2025-06-30,1,BRpos,1.816
2025-06-30,1,BRneg,1.51
2025-06-30,2,BRpos,4.452
2025-06-30,2,BRneg,0.568
2025-06-30,3,BRpos,2.513
2025-06-30,3,BRneg,0.735
2025-06-30,4,BRpos,2.477
2025-06-30,4,BRneg,1.758
2025-06-30,5,BRpos,1.426
2025-06-30,5,BRneg,0.68
2025-06-30,6,BRpos,2.425
2025-06-30,6,BRneg,1.313
2025-06-30,7,BRpos,1.691
2025-06-30,7,BRneg,0.895
2025-06-30,8,BRpos,3.307
2025-06-30,8,BRneg,0.687
2025-06-30,9,BRpos,3.667
2025-06-30,9,BRneg,1.083
2025-06-30,10,BRpos,1.767
2025-06-30,10,BRneg,0.504
2025-06-30,11,BRpos,2.047
2025-06-30,11,BRneg,0.748
2025-06-30,12,BRpos,2.667
2025-06-30,12,BRneg,1.504
2025-06-30,13,BRpos,2.011
2025-06-30,13,BRneg,1.402
2025-06-30,14,BRpos,2.059
2025-06-30,14,BRneg,0.895
2025-06-30,15,BRpos,1.127
2025-06-30,15,BRneg,0.559
2025-06-30,16,BRpos,2.154
2025-06-30,16,BRneg,1.783
2025-06-30,17,BRpos,1.708
2025-06-30,17,BRneg,2.5
2025-06-30,18,BRpos,1.168
2025-06-30,18,BRneg,1.108
2025-06-30,19,BRpos,1.458
2025-06-30,19,BRneg,0.752
2025-06-30,20,BRpos,2.877
2025-06-30,20,BRneg,0.989
2025-06-30,21,BRpos,1.075
2025-06-30,21,BRneg,1.383
2025-06-30,22,BRpos,2.258
2025-06-30,22,BRneg,1.04
2025-06-30,23,BRpos,3.666
2025-06-30,23,BRneg,0.549
2025-06-30,24,BRpos,2.87
2025-06-30,24,BRneg,1.177
2025-06-30,25,BRpos,1.318
2025-06-30,25,BRneg,0.766
2025-06-30,26,BRpos,2.418
2025-06-30,26,BRneg,0.738
2025-06-30,27,BRpos,4.144
2025-06-30,27,BRneg,0.713
2025-06-30,28,BRpos,2.342
2025-06-30,28,BRneg,1.032
2025-06-30,29,BRpos,3.307
2025-06-30,29,BRneg,0.953
2025-06-30,30,BRpos,1.278
2025-06-30,30,BRneg,0.414
2025-06-30,31,BRpos,2.05
2025-06-30,31,BRneg,0.874
2025-06-30,32,BRpos,1.1
2025-06-30,32,BRneg,2.291
2025-06-30,33,BRpos,1.628
2025-06-30,33,BRneg,0.41
2025-06-30,34,BRpos,5.767
2025-06-30,34,BRneg,0.836
2025-06-30,35,BRpos,4.123
2025-06-30,35,BRneg,1.262
2025-06-30,36,BRpos,2.422
2025-06-30,36,BRneg,0.838
2025-06-30,37,BRpos,1.903
2025-06-30,37,BRneg,0.833
2025-06-30,38,BRpos,2.447
2025-06-30,38,BRneg,1.599
2025-06-30,39,BRpos,4.556
2025-06-30,39,BRneg,0.815
2025-06-30,40,BRpos,1.947
2025-06-30,40,BRneg,0.687
2025-06-30,41,BRpos,1.133
2025-06-30,41,BRneg,1.3
2025-06-30,42,BRpos,3.825
2025-06-30,42,BRneg,1.223
2025-06-30,43,BRpos,1.825
2025-06-30,43,BRneg,0.635
2025-06-30,44,BRpos,4.703
2025-06-30,44,BRneg,1.203
2025-06-30,45,BRpos,2.871
2025-06-30,45,BRneg,0.895
2025-06-30,46,BRpos,1.217
2025-06-30,46,BRneg,0.992
2025-06-30,47,BRpos,2.683
2025-06-30,47,BRneg,2.575
2025-06-30,48,BRpos,4.488
2025-06-30,48,BRneg,0.696
2025-07-01,1,BRpos,1.028
2025-07-01,1,BRneg,1.203
2025-07-01,2,BRpos,10.083
2025-07-01,2,BRneg,0.508
2025-07-01,3,BRpos,2.048
2025-07-01,3,BRneg,0.625
2025-07-01,4,BRpos,2.414
2025-07-01,4,BRneg,1.059
2025-07-01,5,BRpos,4.334
2025-07-01,5,BRneg,1.28
2025-07-01,6,BRpos,2.164
2025-07-01,6,BRneg,1.265
2025-07-01,7,BRpos,2.312
2025-07-01,7,BRneg,3.519
2025-07-01,8,BRpos,2.367
2025-07-01,8,BRneg,1.163
2025-07-01,9,BRpos,3.657
2025-07-01,9,BRneg,0.447
2025-07-01,10,BRpos,1.574
2025-07-01,10,BRneg,0.452
2025-07-01,11,BRpos,1.569
2025-07-01,11,BRneg,1.386
2025-07-01,12,BRpos,1.333
2025-07-01,12,BRneg,0.684
2025-07-01,13,BRpos,2.472
2025-07-01,13,BRneg,1.102
2025-07-01,14,BRpos,3.026
2025-07-01,14,BRneg,1.063
2025-07-01,15,BRpos,3.595
2025-07-01,15,BRneg,0.535
2025-07-01,16,BRpos,3.551
2025-07-01,16,BRneg,1.585
2025-07-01,17,BRpos,6.046
2025-07-01,17,BRneg,1.61
2025-07-01,18,BRpos,2.992
2025-07-01,18,BRneg,0.799
2025-07-01,19,BRpos,0.764
2025-07-01,19,BRneg,1.159
2025-07-01,20,BRpos,3.565
2025-07-01,20,BRneg,1.447
2025-07-01,21,BRpos,1.682
2025-07-01,21,BRneg,0.853
2025-07-01,22,BRpos,1.538
2025-07-01,22,BRneg,1.091
2025-07-01,23,BRpos,4.247
2025-07-01,23,BRneg,3.103
2025-07-01,24,BRpos,2.308
2025-07-01,24,BRneg,1.561
2025-07-01,25,BRpos,4.817
2025-07-01,25,BRneg,0.578
2025-07-01,26,BRpos,4.907
2025-07-01,26,BRneg,1.454
2025-07-01,27,BRpos,1.804
2025-07-01,27,BRneg,0.635
2025-07-01,28,BRpos,0.994
2025-07-01,28,BRneg,1.883
2025-07-01,29,BRpos,1.826
2025-07-01,29,BRneg,1.066
2025-07-01,30,BRpos,2.287
2025-07-01,30,BRneg,0.979
2025-07-01,31,BRpos,3.985
2025-07-01,31,BRneg,3.317
2025-07-01,32,BRpos,0.901
2025-07-01,32,BRneg,1.34
2025-07-01,33,BRpos,3.704
2025-07-01,33,BRneg,0.82
2025-07-01,34,BRpos,4.681
2025-07-01,34,BRneg,0.949
2025-07-01,35,BRpos,5.479
2025-07-01,35,BRneg,1.668
2025-07-01,36,BRpos,3.765
2025-07-01,36,BRneg,1.57
2025-07-01,37,BRpos,1.235
2025-07-01,37,BRneg,2.143
2025-07-01,38,BRpos,2.712
2025-07-01,38,BRneg,0.933
2025-07-01,39,BRpos,4.397
2025-07-01,39,BRneg,0.859
2025-07-01,40,BRpos,2.931
2025-07-01,40,BRneg,0.988
2025-07-01,41,BRpos,1.956
2025-07-01,41,BRneg,0.741
2025-07-01,42,BRpos,2.937
2025-07-01,42,BRneg,0.895
2025-07-01,43,BRpos,2.66
2025-07-01,43,BRneg,0.637
2025-07-01,44,BRpos,2.111
2025-07-01,44,BRneg,1.276
2025-07-01,45,BRpos,4.211
2025-07-01,45,BRneg,1.162
2025-07-01,46,BRpos,1.573
2025-07-01,46,BRneg,1.203
2025-07-01,47,BRpos,2.841
2025-07-01,47,BRneg,1.863
2025-07-01,48,BRpos,3.895
2025-07-01,48,BRneg,0.698
2025-07-02,1,BRpos,0.925
2025-07-02,1,BRneg,0.661
2025-07-02,2,BRpos,1.018
2025-07-02,2,BRneg,0.795
2025-07-02,3,BRpos,2.168
2025-07-02,3,BRneg,0.992
2025-07-02,4,BRpos,1.97
2025-07-02,4,BRneg,0.772
2025-07-02,5,BRpos,1.427
2025-07-02,5,BRneg,2.024
2025-07-02,6,BRpos,5.07
2025-07-02,6,BRneg,0.506
2025-07-02,7,BRpos,1.994
2025-07-02,7,BRneg,0.54
2025-07-02,8,BRpos,3.461
2025-07-02,8,BRneg,1.19
2025-07-02,9,BRpos,1.413
2025-07-02,9,BRneg,1.32
2025-07-02,10,BRpos,1.693
2025-07-02,10,BRneg,0.759
2025-07-02,11,BRpos,1.989
2025-07-02,11,BRneg,0.833
2025-07-02,12,BRpos,1.865
2025-07-02,12,BRneg,1.023
2025-07-02,13,BRpos,1.398
2025-07-02,13,BRneg,1.868
2025-07-02,14,BRpos,1.649
2025-07-02,14,BRneg,2.501
2025-07-02,15,BRpos,3.737
2025-07-02,15,BRneg,0.622
2025-07-02,16,BRpos,2.56
2025-07-02,16,BRneg,0.807
2025-07-02,17,BRpos,1.862
2025-07-02,17,BRneg,1.021
2025-07-02,18,BRpos,2.995
2025-07-02,18,BRneg,0.796
2025-07-02,19,BRpos,2.166
2025-07-02,19,BRneg,0.826
2025-07-02,20,BRpos,2.824
2025-07-02,20,BRneg,1.866
2025-07-02,21,BRpos,2.822
2025-07-02,21,BRneg,1.025
2025-07-02,22,BRpos,2.271
2025-07-02,22,BRneg,1.13
2025-07-02,23,BRpos,2.022
2025-07-02,23,BRneg,1.199
2025-07-02,24,BRpos,4.319
2025-07-02,24,BRneg,1.085
2025-07-02,25,BRpos,1.35
2025-07-02,25,BRneg,0.83
2025-07-02,26,BRpos,3.946
2025-07-02,26,BRneg,1.496
2025-07-02,27,BRpos,3.985
2025-07-02,27,BRneg,0.453
2025-07-02,28,BRpos,6.371
2025-07-02,28,BRneg,1.394
2025-07-02,29,BRpos,1.466
2025-07-02,29,BRneg,2.413
2025-07-02,30,BRpos,2.055
2025-07-02,30,BRneg,0.62
2025-07-02,31,BRpos,4.3
2025-07-02,31,BRneg,0.996
2025-07-02,32,BRpos,3.886
2025-07-02,32,BRneg,1.001
2025-07-02,33,BRpos,2.09
2025-07-02,33,BRneg,1.545
2025-07-02,34,BRpos,3.072
2025-07-02,34,BRneg,0.947
2025-07-02,35,BRpos,4.091
2025-07-02,35,BRneg,1.745
2025-07-02,36,BRpos,5.21
2025-07-02,36,BRneg,0.618
2025-07-02,37,BRpos,4.432
2025-07-02,37,BRneg,2.646
2025-07-02,38,BRpos,2.891
2025-07-02,38,BRneg,1.61
2025-07-02,39,BRpos,2.165
2025-07-02,39,BRneg,2.329
2025-07-02,40,BRpos,0.954
2025-07-02,40,BRneg,1.501
2025-07-02,41,BRpos,2.267
2025-07-02,41,BRneg,0.514
2025-07-02,42,BRpos,1.458
2025-07-02,42,BRneg,2.609
2025-07-02,43,BRpos,3.059
2025-07-02,43,BRneg,1.109
2025-07-02,44,BRpos,3.261
2025-07-02,44,BRneg,2.481
2025-07-02,45,BRpos,1.032
2025-07-02,45,BRneg,1.169
2025-07-02,46,BRpos,2.095
2025-07-02,46,BRneg,0.948
2025-07-02,47,BRpos,2.504
2025-07-02,47,BRneg,1.091
2025-07-02,48,BRpos,2.718
2025-07-02,48,BRneg,1.3
2025-07-03,1,BRpos,2.459
2025-07-03,1,BRneg,1.16
2025-07-03,2,BRpos,3.971
2025-07-03,2,BRneg,0.709
2025-07-03,3,BRpos,3.059
2025-07-03,3,BRneg,0.575
2025-07-03,4,BRpos,4.0
2025-07-03,4,BRneg,1.296
2025-07-03,5,BRpos,1.992
2025-07-03,5,BRneg,0.603
2025-07-03,6,BRpos,3.499
2025-07-03,6,BRneg,1.078
2025-07-03,7,BRpos,2.24
2025-07-03,7,BRneg,1.311
2025-07-03,8,BRpos,3.454
2025-07-03,8,BRneg,0.531
2025-07-03,9,BRpos,2.185
2025-07-03,9,BRneg,1.871
2025-07-03,10,BRpos,3.081
2025-07-03,10,BRneg,1.468
2025-07-03,11,BRpos,4.514
2025-07-03,11,BRneg,0.802
2025-07-03,12,BRpos,3.414
2025-07-03,12,BRneg,0.595
2025-07-03,13,BRpos,0.784
2025-07-03,13,BRneg,1.813
2025-07-03,14,BRpos,1.494
2025-07-03,14,BRneg,0.541
2025-07-03,15,BRpos,1.218
2025-07-03,15,BRneg,1.969
2025-07-03,16,BRpos,0.837
2025-07-03,16,BRneg,1.197
2025-07-03,17,BRpos,5.141
2025-07-03,17,BRneg,1.068
2025-07-03,18,BRpos,2.106
2025-07-03,18,BRneg,0.893
2025-07-03,19,BRpos,1.748
2025-07-03,19,BRneg,0.69
2025-07-03,20,BRpos,1.82
2025-07-03,20,BRneg,1.109
2025-07-03,21,BRpos,3.209
2025-07-03,21,BRneg,0.664
2025-07-03,22,BRpos,1.543
2025-07-03,22,BRneg,0.791
2025-07-03,23,BRpos,1.673
2025-07-03,23,BRneg,0.934
2025-07-03,24,BRpos,2.69
2025-07-03,24,BRneg,0.983
2025-07-03,25,BRpos,1.416
2025-07-03,25,BRneg,1.878
2025-07-03,26,BRpos,0.958
2025-07-03,26,BRneg,0.73
2025-07-03,27,BRpos,1.546
2025-07-03,27,BRneg,0.531
2025-07-03,28,BRpos,2.53
2025-07-03,28,BRneg,0.68
2025-07-03,29,BRpos,2.556
2025-07-03,29,BRneg,0.539
2025-07-03,30,BRpos,3.57
2025-07-03,30,BRneg,1.369
2025-07-03,31,BRpos,2.918
2025-07-03,31,BRneg,1.582
2025-07-03,32,BRpos,3.253
2025-07-03,32,BRneg,0.691
2025-07-03,33,BRpos,3.651
2025-07-03,33,BRneg,0.669
2025-07-03,34,BRpos,3.324
2025-07-03,34,BRneg,1.277
2025-07-03,35,BRpos,3.763
2025-07-03,35,BRneg,1.587
2025-07-03,36,BRpos,2.655
2025-07-03,36,BRneg,1.57
2025-07-03,37,BRpos,2.957
2025-07-03,37,BRneg,0.936
2025-07-03,38,BRpos,2.672
2025-07-03,38,BRneg,0.945
2025-07-03,39,BRpos,4.469
2025-07-03,39,BRneg,0.901
2025-07-03,40,BRpos,1.346
2025-07-03,40,BRneg,1.56
2025-07-03,41,BRpos,1.457
2025-07-03,41,BRneg,1.2
2025-07-03,42,BRpos,1.332
2025-07-03,42,BRneg,1.155
2025-07-03,43,BRpos,1.391
2025-07-03,43,BRneg,1.634
2025-07-03,44,BRpos,1.647
2025-07-03,44,BRneg,0.682
2025-07-03,45,BRpos,2.686
2025-07-03,45,BRneg,1.103
2025-07-03,46,BRpos,2.398
2025-07-03,46,BRneg,1.591
2025-07-03,47,BRpos,1.591
2025-07-03,47,BRneg,0.761
2025-07-03,48,BRpos,1.703
2025-07-03,48,BRneg,0.433
2025-07-04,1,BRpos,2.957
2025-07-04,1,BRneg,0.803
2025-07-04,2,BRpos,2.283
2025-07-04,2,BRneg,0.585
2025-07-04,3,BRpos,1.805
2025-07-04,3,BRneg,0.447
2025-07-04,4,BRpos,2.23
2025-07-04,4,BRneg,0.459
2025-07-04,5,BRpos,2.465
2025-07-04,5,BRneg,1.572
2025-07-04,6,BRpos,4.663
2025-07-04,6,BRneg,0.364
2025-07-04,7,BRpos,1.546
2025-07-04,7,BRneg,0.737
2025-07-04,8,BRpos,1.437
2025-07-04,8,BRneg,0.738
2025-07-04,9,BRpos,2.653
2025-07-04,9,BRneg,0.652
2025-07-04,10,BRpos,2.033
2025-07-04,10,BRneg,1.311
2025-07-04,11,BRpos,1.316
2025-07-04,11,BRneg,1.163
2025-07-04,12,BRpos,1.029
2025-07-04,12,BRneg,1.05
2025-07-04,13,BRpos,0.452
2025-07-04,13,BRneg,1.196
2025-07-04,14,BRpos,3.601
2025-07-04,14,BRneg,1.405
2025-07-04,15,BRpos,3.149
2025-07-04,15,BRneg,1.337
2025-07-04,16,BRpos,3.215
2025-07-04,16,BRneg,1.012
2025-07-04,17,BRpos,2.69
2025-07-04,17,BRneg,0.956
2025-07-04,18,BRpos,2.224
2025-07-04,18,BRneg,1.213
2025-07-04,19,BRpos,1.26
2025-07-04,19,BRneg,0.733
2025-07-04,20,BRpos,4.582
2025-07-04,20,BRneg,1.113
2025-07-04,21,BRpos,3.012
2025-07-04,21,BRneg,0.748
2025-07-04,22,BRpos,2.36
2025-07-04,22,BRneg,0.845
2025-07-04,23,BRpos,2.134
2025-07-04,23,BRneg,1.323
2025-07-04,24,BRpos,2.551
2025-07-04,24,BRneg,0.993
2025-07-04,25,BRpos,0.999
2025-07-04,25,BRneg,1.088
2025-07-04,26,BRpos,2.109
2025-07-04,26,BRneg,0.573
2025-07-04,27,BRpos,2.238
2025-07-04,27,BRneg,2.316
2025-07-04,28,BRpos,2.141
2025-07-04,28,BRneg,0.924
2025-07-04,29,BRpos,2.015
2025-07-04,29,BRneg,0.91
2025-07-04,30,BRpos,4.806
2025-07-04,30,BRneg,0.677
2025-07-04,31,BRpos,3.588
2025-07-04,31,BRneg,0.698
2025-07-04,32,BRpos,1.781
2025-07-04,32,BRneg,1.272
2025-07-04,33,BRpos,4.465
2025-07-04,33,BRneg,0.675
2025-07-04,34,BRpos,0.966
2025-07-04,34,BRneg,2.186
2025-07-04,35,BRpos,2.119
2025-07-04,35,BRneg,1.135
2025-07-04,36,BRpos,7.0
2025-07-04,36,BRneg,3.185
2025-07-04,37,BRpos,2.382
2025-07-04,37,BRneg,2.101
2025-07-04,38,BRpos,3.384
2025-07-04,38,BRneg,4.068
2025-07-04,39,BRpos,3.334
2025-07-04,39,BRneg,1.721
2025-07-04,40,BRpos,1.824
2025-07-04,40,BRneg,0.631
2025-07-04,41,BRpos,1.15
2025-07-04,41,BRneg,0.787
2025-07-04,42,BRpos,1.327
2025-07-04,42,BRneg,0.458
2025-07-04,43,BRpos,1.902
2025-07-04,43,BRneg,0.65
2025-07-04,44,BRpos,2.459
2025-07-04,44,BRneg,2.567
2025-07-04,45,BRpos,2.268
2025-07-04,45,BRneg,0.779
2025-07-04,46,BRpos,1.791
2025-07-04,46,BRneg,1.458
2025-07-04,47,BRpos,2.239
2025-07-04,47,BRneg,1.22
2025-07-04,48,BRpos,1.374
2025-07-04,48,BRneg,1.099
2025-07-05,1,BRpos,2.874
2025-07-05,1,BRneg,1.681
2025-07-05,2,BRpos,1.92
2025-07-05,2,BRneg,0.833
2025-07-05,3,BRpos,2.814
2025-07-05,3,BRneg,2.134
2025-07-05,4,BRpos,1.448
2025-07-05,4,BRneg,1.177
2025-07-05,5,BRpos,6.373
2025-07-05,5,BRneg,0.673
2025-07-05,6,BRpos,2.287
2025-07-05,6,BRneg,0.916
2025-07-05,7,BRpos,1.36
2025-07-05,7,BRneg,2.302
2025-07-05,8,BRpos,2.784
2025-07-05,8,BRneg,0.961
2025-07-05,9,BRpos,3.079
2025-07-05,9,BRneg,0.75
2025-07-05,10,BRpos,3.437
2025-07-05,10,BRneg,1.159
2025-07-05,11,BRpos,1.358
2025-07-05,11,BRneg,0.889
2025-07-05,12,BRpos,0.771
2025-07-05,12,BRneg,1.207
2025-07-05,13,BRpos,2.383
2025-07-05,13,BRneg,1.712
2025-07-05,14,BRpos,2.498
2025-07-05,14,BRneg,1.826
2025-07-05,15,BRpos,3.373
2025-07-05,15,BRneg,0.712
2025-07-05,16,BRpos,1.825
2025-07-05,16,BRneg,0.989
2025-07-05,17,BRpos,3.476
2025-07-05,17,BRneg,1.426
2025-07-05,18,BRpos,2.227
2025-07-05,18,BRneg,1.444
2025-07-05,19,BRpos,3.8
2025-07-05,19,BRneg,1.127
2025-07-05,20,BRpos,1.448
2025-07-05,20,BRneg,0.745
2025-07-05,21,BRpos,1.674
2025-07-05,21,BRneg,0.724
2025-07-05,22,BRpos,2.892
2025-07-05,22,BRneg,0.677
2025-07-05,23,BRpos,1.648
2025-07-05,23,BRneg,2.615
2025-07-05,24,BRpos,1.459
2025-07-05,24,BRneg,0.904
2025-07-05,25,BRpos,1.761
2025-07-05,25,BRneg,1.033
2025-07-05,26,BRpos,3.445
2025-07-05,26,BRneg,0.668
2025-07-05,27,BRpos,1.955
2025-07-05,27,BRneg,2.123
2025-07-05,28,BRpos,9.007
2025-07-05,28,BRneg,0.615
2025-07-05,29,BRpos,1.216
2025-07-05,29,BRneg,0.801
2025-07-05,30,BRpos,2.171
2025-07-05,30,BRneg,1.217
2025-07-05,31,BRpos,2.189
2025-07-05,31,BRneg,0.709
2025-07-05,32,BRpos,1.139
2025-07-05,32,BRneg,3.093
2025-07-05,33,BRpos,3.656
2025-07-05,33,BRneg,0.307
2025-07-05,34,BRpos,2.273
2025-07-05,34,BRneg,1.23
2025-07-05,35,BRpos,7.073
2025-07-05,35,BRneg,1.264
2025-07-05,36,BRpos,2.536
2025-07-05,36,BRneg,0.749
2025-07-05,37,BRpos,4.236
2025-07-05,37,BRneg,2.182
2025-07-05,38,BRpos,7.074
2025-07-05,38,BRneg,1.259
2025-07-05,39,BRpos,4.308
2025-07-05,39,BRneg,2.134
2025-07-05,40,BRpos,3.802
2025-07-05,40,BRneg,0.545
2025-07-05,41,BRpos,1.928
2025-07-05,41,BRneg,1.159
2025-07-05,42,BRpos,2.461
2025-07-05,42,BRneg,0.645
2025-07-05,43,BRpos,2.252
2025-07-05,43,BRneg,0.906
2025-07-05,44,BRpos,2.087
2025-07-05,44,BRneg,1.445
2025-07-05,45,BRpos,1.288
2025-07-05,45,BRneg,1.36
2025-07-05,46,BRpos,1.799
2025-07-05,46,BRneg,0.456
2025-07-05,47,BRpos,3.498
2025-07-05,47,BRneg,2.224
2025-07-05,48,BRpos,2.135
2025-07-05,48,BRneg,1.118
2025-07-06,1,BRpos,0.526
2025-07-06,1,BRneg,0.802
2025-07-06,2,BRpos,2.253
2025-07-06,2,BRneg,0.661
2025-07-06,3,BRpos,2.106
2025-07-06,3,BRneg,1.06
2025-07-06,4,BRpos,2.02
2025-07-06,4,BRneg,0.724
2025-07-06,5,BRpos,2.291
2025-07-06,5,BRneg,0.595
2025-07-06,6,BRpos,1.392
2025-07-06,6,BRneg,1.56
2025-07-06,7,BRpos,1.978
2025-07-06,7,BRneg,1.691
2025-07-06,8,BRpos,1.843
2025-07-06,8,BRneg,1.47
2025-07-06,9,BRpos,1.458
2025-07-06,9,BRneg,1.504
2025-07-06,10,BRpos,2.185
2025-07-06,10,BRneg,0.34
2025-07-06,11,BRpos,1.214
2025-07-06,11,BRneg,0.67
2025-07-06,12,BRpos,2.449
2025-07-06,12,BRneg,0.892
2025-07-06,13,BRpos,1.812
2025-07-06,13,BRneg,1.037
2025-07-06,14,BRpos,2.701
2025-07-06,14,BRneg,1.578
2025-07-06,15,BRpos,2.725
2025-07-06,15,BRneg,0.909
2025-07-06,16,BRpos,0.75
2025-07-06,16,BRneg,1.438
2025-07-06,17,BRpos,0.995
2025-07-06,17,BRneg,0.754
2025-07-06,18,BRpos,1.621
2025-07-06,18,BRneg,0.37
2025-07-06,19,BRpos,2.807
2025-07-06,19,BRneg,1.048
2025-07-06,20,BRpos,4.819
2025-07-06,20,BRneg,1.66
2025-07-06,21,BRpos,3.597
2025-07-06,21,BRneg,2.001
2025-07-06,22,BRpos,2.752
2025-07-06,22,BRneg,0.592
2025-07-06,23,BRpos,1.817
2025-07-06,23,BRneg,2.11
2025-07-06,24,BRpos,1.428
2025-07-06,24,BRneg,1.614
2025-07-06,25,BRpos,2.78
2025-07-06,25,BRneg,1.128
2025-07-06,26,BRpos,4.502
2025-07-06,26,BRneg,0.822
2025-07-06,27,BRpos,2.376
2025-07-06,27,BRneg,0.786
2025-07-06,28,BRpos,1.224
2025-07-06,28,BRneg,1.141
2025-07-06,29,BRpos,3.248
2025-07-06,29,BRneg,1.466
2025-07-06,30,BRpos,1.152
2025-07-06,30,BRneg,1.37
2025-07-06,31,BRpos,2.055
2025-07-06,31,BRneg,0.642
2025-07-06,32,BRpos,1.814
2025-07-06,32,BRneg,0.692
2025-07-06,33,BRpos,2.554
2025-07-06,33,BRneg,0.756
2025-07-06,34,BRpos,1.812
2025-07-06,34,BRneg,0.641
2025-07-06,35,BRpos,6.397
2025-07-06,35,BRneg,1.208
2025-07-06,36,BRpos,5.01
2025-07-06,36,BRneg,3.316
2025-07-06,37,BRpos,6.819
2025-07-06,37,BRneg,0.444
2025-07-06,38,BRpos,1.857
2025-07-06,38,BRneg,1.725
2025-07-06,39,BRpos,4.666
2025-07-06,39,BRneg,1.775
2025-07-06,40,BRpos,1.987
2025-07-06,40,BRneg,0.563
2025-07-06,41,BRpos,1.427
2025-07-06,41,BRneg,1.983
2025-07-06,42,BRpos,3.909
2025-07-06,42,BRneg,1.193
2025-07-06,43,BRpos,10.617
2025-07-06,43,BRneg,0.765
2025-07-06,44,BRpos,1.383
2025-07-06,44,BRneg,1.346
2025-07-06,45,BRpos,2.426
2025-07-06,45,BRneg,0.876
2025-07-06,46,BRpos,1.246
2025-07-06,46,BRneg,1.895
2025-07-06,47,BRpos,2.617
2025-07-06,47,BRneg,0.786
2025-07-06,48,BRpos,3.716
2025-07-06,48,BRneg,0.64
2025-07-07,1,BRpos,3.941
2025-07-07,1,BRneg,0.635
2025-07-07,2,BRpos,1.881
2025-07-07,2,BRneg,0.665
2025-07-07,3,BRpos,1.134
2025-07-07,3,BRneg,1.811
2025-07-07,4,BRpos,4.109
2025-07-07,4,BRneg,1.166
2025-07-07,5,BRpos,1.813
2025-07-07,5,BRneg,1.299
2025-07-07,6,BRpos,2.007
2025-07-07,6,BRneg,1.159
2025-07-07,7,BRpos,1.351
2025-07-07,7,BRneg,1.022
2025-07-07,8,BRpos,1.807
2025-07-07,8,BRneg,1.059
2025-07-07,9,BRpos,2.967
2025-07-07,9,BRneg,1.419
2025-07-07,10,BRpos,1.734
2025-07-07,10,BRneg,1.926
2025-07-07,11,BRpos,2.665
2025-07-07,11,BRneg,1.027
2025-07-07,12,BRpos,3.76
2025-07-07,12,BRneg,0.605
2025-07-07,13,BRpos,2.864
2025-07-07,13,BRneg,0.483
2025-07-07,14,BRpos,2.067
2025-07-07,14,BRneg,0.442
2025-07-07,15,BRpos,0.946
2025-07-07,15,BRneg,0.584
2025-07-07,16,BRpos,2.062
2025-07-07,16,BRneg,0.999
2025-07-07,17,BRpos,1.947
2025-07-07,17,BRneg,0.521
2025-07-07,18,BRpos,3.679
2025-07-07,18,BRneg,0.927
2025-07-07,19,BRpos,2.177
2025-07-07,19,BRneg,0.813
2025-07-07,20,BRpos,2.57
2025-07-07,20,BRneg,0.708
2025-07-07,21,BRpos,4.12
2025-07-07,21,BRneg,1.227
2025-07-07,22,BRpos,1.35
2025-07-07,22,BRneg,0.949
2025-07-07,23,BRpos,1.367
2025-07-07,23,BRneg,0.722
2025-07-07,24,BRpos,0.941
2025-07-07,24,BRneg,0.597
2025-07-07,25,BRpos,1.322
2025-07-07,25,BRneg,0.461
2025-07-07,26,BRpos,2.572
2025-07-07,26,BRneg,3.341
2025-07-07,27,BRpos,2.406
2025-07-07,27,BRneg,0.804
2025-07-07,28,BRpos,1.588
2025-07-07,28,BRneg,0.607
2025-07-07,29,BRpos,3.785
2025-07-07,29,BRneg,0.599
2025-07-07,30,BRpos,5.326
2025-07-07,30,BRneg,2.798
2025-07-07,31,BRpos,2.104
2025-07-07,31,BRneg,0.411
2025-07-07,32,BRpos,2.613
2025-07-07,32,BRneg,0.529
2025-07-07,33,BRpos,3.338
2025-07-07,33,BRneg,0.728
2025-07-07,34,BRpos,4.576
2025-07-07,34,BRneg,1.408
2025-07-07,35,BRpos,1.542
2025-07-07,35,BRneg,2.677
2025-07-07,36,BRpos,5.587
2025-07-07,36,BRneg,1.087
2025-07-07,37,BRpos,5.859
2025-07-07,37,BRneg,1.813
2025-07-07,38,BRpos,2.181
2025-07-07,38,BRneg,2.791
2025-07-07,39,BRpos,3.13
2025-07-07,39,BRneg,1.868
2025-07-07,40,BRpos,5.06
2025-07-07,40,BRneg,1.718
2025-07-07,41,BRpos,0.712
2025-07-07,41,BRneg,1.012
2025-07-07,42,BRpos,4.706
2025-07-07,42,BRneg,0.767
2025-07-07,43,BRpos,5.561
2025-07-07,43,BRneg,0.796
2025-07-07,44,BRpos,2.843
2025-07-07,44,BRneg,0.355
2025-07-07,45,BRpos,0.963
2025-07-07,45,BRneg,0.79
2025-07-07,46,BRpos,2.116
2025-07-07,46,BRneg,0.712
2025-07-07,47,BRpos,1.633
2025-07-07,47,BRneg,1.605
2025-07-07,48,BRpos,2.744
2025-07-07,48,BRneg,1.03
2025-07-08,1,BRpos,0.862
2025-07-08,1,BRneg,1.055
2025-07-08,2,BRpos,1.555
2025-07-08,2,BRneg,1.108
2025-07-08,3,BRpos,1.164
2025-07-08,3,BRneg,1.018
2025-07-08,4,BRpos,4.503
2025-07-08,4,BRneg,1.043
2025-07-08,5,BRpos,2.152
2025-07-08,5,BRneg,0.654
2025-07-08,6,BRpos,5.537
2025-07-08,6,BRneg,0.442
2025-07-08,7,BRpos,1.534
2025-07-08,7,BRneg,1.157
2025-07-08,8,BRpos,1.057
2025-07-08,8,BRneg,1.095
2025-07-08,9,BRpos,3.909
2025-07-08,9,BRneg,0.43
2025-07-08,10,BRpos,1.488
2025-07-08,10,BRneg,0.784
2025-07-08,11,BRpos,1.243
2025-07-08,11,BRneg,0.486
2025-07-08,12,BRpos,2.643
2025-07-08,12,BRneg,1.645
2025-07-08,13,BRpos,1.458
2025-07-08,13,BRneg,0.863
2025-07-08,14,BRpos,1.735
2025-07-08,14,BRneg,1.529
2025-07-08,15,BRpos,2.32
2025-07-08,15,BRneg,1.204
2025-07-08,16,BRpos,1.47
2025-07-08,16,BRneg,0.639
2025-07-08,17,BRpos,2.879
2025-07-08,17,BRneg,1.016
2025-07-08,18,BRpos,2.509
2025-07-08,18,BRneg,1.579
2025-07-08,19,BRpos,1.524
2025-07-08,19,BRneg,1.356
2025-07-08,20,BRpos,1.847
2025-07-08,20,BRneg,1.648
2025-07-08,21,BRpos,2.227
2025-07-08,21,BRneg,1.264
2025-07-08,22,BRpos,2.746
2025-07-08,22,BRneg,0.977
2025-07-08,23,BRpos,1.644
2025-07-08,23,BRneg,0.862
2025-07-08,24,BRpos,4.156
2025-07-08,24,BRneg,1.264
2025-07-08,25,BRpos,5.108
2025-07-08,25,BRneg,0.398
2025-07-08,26,BRpos,1.555
2025-07-08,26,BRneg,1.728
2025-07-08,27,BRpos,1.711
2025-07-08,27,BRneg,0.873
2025-07-08,28,BRpos,1.994
2025-07-08,28,BRneg,1.553
2025-07-08,29,BRpos,2.196
2025-07-08,29,BRneg,0.571
2025-07-08,30,BRpos,3.423
2025-07-08,30,BRneg,2.015
2025-07-08,31,BRpos,1.423
2025-07-08,31,BRneg,1.363
2025-07-08,32,BRpos,1.361
2025-07-08,32,BRneg,2.269
2025-07-08,33,BRpos,2.699
2025-07-08,33,BRneg,0.668
2025-07-08,34,BRpos,6.469
2025-07-08,34,BRneg,1.039
2025-07-08,35,BRpos,2.224
2025-07-08,35,BRneg,2.542
2025-07-08,36,BRpos,4.081
2025-07-08,36,BRneg,1.139
2025-07-08,37,BRpos,3.959
2025-07-08,37,BRneg,2.335
2025-07-08,38,BRpos,2.95
2025-07-08,38,BRneg,0.824
2025-07-08,39,BRpos,2.367
2025-07-08,39,BRneg,1.107
2025-07-08,40,BRpos,1.405
2025-07-08,40,BRneg,1.02
2025-07-08,41,BRpos,1.334
2025-07-08,41,BRneg,2.049
2025-07-08,42,BRpos,1.548
2025-07-08,42,BRneg,1.009
2025-07-08,43,BRpos,2.36
2025-07-08,43,BRneg,1.042
2025-07-08,44,BRpos,2.087
2025-07-08,44,BRneg,0.79
2025-07-08,45,BRpos,3.589
2025-07-08,45,BRneg,1.078
2025-07-08,46,BRpos,0.616
2025-07-08,46,BRneg,1.018
2025-07-08,47,BRpos,2.473
2025-07-08,47,BRneg,1.713
2025-07-08,48,BRpos,1.412
2025-07-08,48,BRneg,0.745
2025-07-09,1,BRpos,2.037
2025-07-09,1,BRneg,0.454
2025-07-09,2,BRpos,2.874
2025-07-09,2,BRneg,1.082
2025-07-09,3,BRpos,4.735
2025-07-09,3,BRneg,1.377
2025-07-09,4,BRpos,2.25
2025-07-09,4,BRneg,1.211
2025-07-09,5,BRpos,4.265
2025-07-09,5,BRneg,1.713
2025-07-09,6,BRpos,2.952
2025-07-09,6,BRneg,1.724
2025-07-09,7,BRpos,3.371
2025-07-09,7,BRneg,0.94
2025-07-09,8,BRpos,4.076
2025-07-09,8,BRneg,1.515
2025-07-09,9,BRpos,2.884
2025-07-09,9,BRneg,1.265
2025-07-09,10,BRpos,1.623
2025-07-09,10,BRneg,0.989
2025-07-09,11,BRpos,0.908
2025-07-09,11,BRneg,2.328
2025-07-09,12,BRpos,2.186
2025-07-09,12,BRneg,0.526
2025-07-09,13,BRpos,4.422
2025-07-09,13,BRneg,1.042
2025-07-09,14,BRpos,5.512
2025-07-09,14,BRneg,1.012
2025-07-09,15,BRpos,2.667
2025-07-09,15,BRneg,0.75
2025-07-09,16,BRpos,2.228
2025-07-09,16,BRneg,0.539
2025-07-09,17,BRpos,2.226
2025-07-09,17,BRneg,0.403
2025-07-09,18,BRpos,2.637
2025-07-09,18,BRneg,0.41
2025-07-09,19,BRpos,1.346
2025-07-09,19,BRneg,2.97
2025-07-09,20,BRpos,2.751
2025-07-09,20,BRneg,1.18
2025-07-09,21,BRpos,1.73
2025-07-09,21,BRneg,1.148
2025-07-09,22,BRpos,1.714
2025-07-09,22,BRneg,1.013
2025-07-09,23,BRpos,1.831
2025-07-09,23,BRneg,0.75
2025-07-09,24,BRpos,2.686
2025-07-09,24,BRneg,0.85
2025-07-09,25,BRpos,1.867
2025-07-09,25,BRneg,1.545
2025-07-09,26,BRpos,1.857
2025-07-09,26,BRneg,0.584
2025-07-09,27,BRpos,2.331
2025-07-09,27,BRneg,1.405
2025-07-09,28,BRpos,1.317
2025-07-09,28,BRneg,1.054
2025-07-09,29,BRpos,3.587
2025-07-09,29,BRneg,1.638
2025-07-09,30,BRpos,1.745
2025-07-09,30,BRneg,1.196
2025-07-09,31,BRpos,1.595
2025-07-09,31,BRneg,1.397
2025-07-09,32,BRpos,1.925
2025-07-09,32,BRneg,0.368
2025-07-09,33,BRpos,3.225
2025-07-09,33,BRneg,1.08
2025-07-09,34,BRpos,4.317
2025-07-09,34,BRneg,2.158
2025-07-09,35,BRpos,3.341
2025-07-09,35,BRneg,1.664
2025-07-09,36,BRpos,3.25
2025-07-09,36,BRneg,2.493
2025-07-09,37,BRpos,4.935
2025-07-09,37,BRneg,2.407
2025-07-09,38,BRpos,3.48
2025-07-09,38,BRneg,1.059
2025-07-09,39,BRpos,1.372
2025-07-09,39,BRneg,1.283
2025-07-09,40,BRpos,1.627
2025-07-09,40,BRneg,1.39
2025-07-09,41,BRpos,4.0
2025-07-09,41,BRneg,0.753
2025-07-09,42,BRpos,2.473
2025-07-09,42,BRneg,0.553
2025-07-09,43,BRpos,2.383
2025-07-09,43,BRneg,1.359
2025-07-09,44,BRpos,1.396
2025-07-09,44,BRneg,1.443
2025-07-09,45,BRpos,4.159
2025-07-09,45,BRneg,0.909
2025-07-09,46,BRpos,2.035
2025-07-09,46,BRneg,1.576
2025-07-09,47,BRpos,2.637
2025-07-09,47,BRneg,2.006
2025-07-09,48,BRpos,2.39
2025-07-09,48,BRneg,1.075
2025-07-10,1,BRpos,2.579
2025-07-10,1,BRneg,0.792
2025-07-10,2,BRpos,2.352
2025-07-10,2,BRneg,1.363
2025-07-10,3,BRpos,2.009
2025-07-10,3,BRneg,1.211
2025-07-10,4,BRpos,1.927
2025-07-10,4,BRneg,1.142
2025-07-10,5,BRpos,1.413
2025-07-10,5,BRneg,1.111
2025-07-10,6,BRpos,2.125
2025-07-10,6,BRneg,1.696
2025-07-10,7,BRpos,1.827
2025-07-10,7,BRneg,1.297
2025-07-10,8,BRpos,2.172
2025-07-10,8,BRneg,0.819
2025-07-10,9,BRpos,2.326
2025-07-10,9,BRneg,1.927
2025-07-10,10,BRpos,3.209
2025-07-10,10,BRneg,2.171
2025-07-10,11,BRpos,1.03
2025-07-10,11,BRneg,1.74
2025-07-10,12,BRpos,2.291
2025-07-10,12,BRneg,0.73
2025-07-10,13,BRpos,2.2
2025-07-10,13,BRneg,1.916
2025-07-10,14,BRpos,2.258
2025-07-10,14,BRneg,1.399
2025-07-10,15,BRpos,2.253
2025-07-10,15,BRneg,1.071
2025-07-10,16,BRpos,2.12
2025-07-10,16,BRneg,1.17
2025-07-10,17,BRpos,3.415
2025-07-10,17,BRneg,0.407
2025-07-10,18,BRpos,1.411
2025-07-10,18,BRneg,0.697
2025-07-10,19,BRpos,3.689
2025-07-10,19,BRneg,1.252
2025-07-10,20,BRpos,2.762
2025-07-10,20,BRneg,0.261
2025-07-10,21,BRpos,2.272
2025-07-10,21,BRneg,0.446
2025-07-10,22,BRpos,2.983
2025-07-10,22,BRneg,0.539
2025-07-10,23,BRpos,1.962
2025-07-10,23,BRneg,0.546
2025-07-10,24,BRpos,1.537
2025-07-10,24,BRneg,1.647
2025-07-10,25,BRpos,1.24
2025-07-10,25,BRneg,0.957
2025-07-10,26,BRpos,3.429
2025-07-10,26,BRneg,1.558
2025-07-10,27,BRpos,0.914
2025-07-10,27,BRneg,1.127
2025-07-10,28,BRpos,2.119
2025-07-10,28,BRneg,1.035
2025-07-10,29,BRpos,2.432
2025-07-10,29,BRneg,0.725
2025-07-10,30,BRpos,0.991
2025-07-10,30,BRneg,0.381
2025-07-10,31,BRpos,3.044
2025-07-10,31,BRneg,1.192
2025-07-10,32,BRpos,1.863
2025-07-10,32,BRneg,1.162
2025-07-10,33,BRpos,2.016
2025-07-10,33,BRneg,1.171
2025-07-10,34,BRpos,2.752
2025-07-10,34,BRneg,1.263
2025-07-10,35,BRpos,4.492
2025-07-10,35,BRneg,0.806
2025-07-10,36,BRpos,7.528
2025-07-10,36,BRneg,2.419
2025-07-10,37,BRpos,2.486
2025-07-10,37,BRneg,0.943
2025-07-10,38,BRpos,7.304
2025-07-10,38,BRneg,1.635
2025-07-10,39,BRpos,5.804
2025-07-10,39,BRneg,1.064
2025-07-10,40,BRpos,2.523
2025-07-10,40,BRneg,0.891
2025-07-10,41,BRpos,1.131
2025-07-10,41,BRneg,1.829
2025-07-10,42,BRpos,2.484
2025-07-10,42,BRneg,0.715
2025-07-10,43,BRpos,3.707
2025-07-10,43,BRneg,1.108
2025-07-10,44,BRpos,2.911
2025-07-10,44,BRneg,0.473
2025-07-10,45,BRpos,1.813
2025-07-10,45,BRneg,0.851
2025-07-10,46,BRpos,0.948
2025-07-10,46,BRneg,0.59
2025-07-10,47,BRpos,1.489
2025-07-10,47,BRneg,0.499
2025-07-10,48,BRpos,1.555
2025-07-10,48,BRneg,0.9
2025-07-11,1,BRpos,1.601
2025-07-11,1,BRneg,1.013
2025-07-11,2,BRpos,2.426
2025-07-11,2,BRneg,0.924
2025-07-11,3,BRpos,1.772
2025-07-11,3,BRneg,0.973
2025-07-11,4,BRpos,1.285
2025-07-11,4,BRneg,0.521
2025-07-11,5,BRpos,2.956
2025-07-11,5,BRneg,0.576
2025-07-11,6,BRpos,3.737
2025-07-11,6,BRneg,1.78
2025-07-11,7,BRpos,1.848
2025-07-11,7,BRneg,0.515
2025-07-11,8,BRpos,3.189
2025-07-11,8,BRneg,0.906
2025-07-11,9,BRpos,2.412
2025-07-11,9,BRneg,1.381
2025-07-11,10,BRpos,5.034
2025-07-11,10,BRneg,0.879
2025-07-11,11,BRpos,0.923
2025-07-11,11,BRneg,1.845
2025-07-11,12,BRpos,3.115
2025-07-11,12,BRneg,0.698
2025-07-11,13,BRpos,1.453
2025-07-11,13,BRneg,0.878
2025-07-11,14,BRpos,4.26
2025-07-11,14,BRneg,0.595
2025-07-11,15,BRpos,2.133
2025-07-11,15,BRneg,2.162
2025-07-11,16,BRpos,1.136
2025-07-11,16,BRneg,1.531
2025-07-11,17,BRpos,2.411
2025-07-11,17,BRneg,1.267
2025-07-11,18,BRpos,3.893
2025-07-11,18,BRneg,1.328
2025-07-11,19,BRpos,1.448
2025-07-11,19,BRneg,0.768
2025-07-11,20,BRpos,1.552
2025-07-11,20,BRneg,0.943
2025-07-11,21,BRpos,1.616
2025-07-11,21,BRneg,0.572
2025-07-11,22,BRpos,2.235
2025-07-11,22,BRneg,0.522
2025-07-11,23,BRpos,1.328
2025-07-11,23,BRneg,1.1
2025-07-11,24,BRpos,2.272
2025-07-11,24,BRneg,1.321
2025-07-11,25,BRpos,2.673
2025-07-11,25,BRneg,1.888
2025-07-11,26,BRpos,2.846
2025-07-11,26,BRneg,0.563
2025-07-11,27,BRpos,0.971
2025-07-11,27,BRneg,1.119
2025-07-11,28,BRpos,4.797
2025-07-11,28,BRneg,0.619
2025-07-11,29,BRpos,1.586
2025-07-11,29,BRneg,0.899
2025-07-11,30,BRpos,2.721
2025-07-11,30,BRneg,0.964
2025-07-11,31,BRpos,1.814
2025-07-11,31,BRneg,0.969
2025-07-11,32,BRpos,2.317
2025-07-11,32,BRneg,0.794
2025-07-11,33,BRpos,2.485
2025-07-11,33,BRneg,1.159
2025-07-11,34,BRpos,4.41
2025-07-11,34,BRneg,1.847
2025-07-11,35,BRpos,2.495
2025-07-11,35,BRneg,1.284
2025-07-11,36,BRpos,3.519
2025-07-11,36,BRneg,1.268
2025-07-11,37,BRpos,4.964
2025-07-11,37,BRneg,1.395
2025-07-11,38,BRpos,6.9
2025-07-11,38,BRneg,1.225
2025-07-11,39,BRpos,11.035
2025-07-11,39,BRneg,1.427
2025-07-11,40,BRpos,3.124
2025-07-11,40,BRneg,0.97
2025-07-11,41,BRpos,4.53
2025-07-11,41,BRneg,1.121
2025-07-11,42,BRpos,2.112
2025-07-11,42,BRneg,0.626
2025-07-11,43,BRpos,1.891
2025-07-11,43,BRneg,0.995
2025-07-11,44,BRpos,3.187
2025-07-11,44,BRneg,0.896
2025-07-11,45,BRpos,2.614
2025-07-11,45,BRneg,0.854
2025-07-11,46,BRpos,2.781
2025-07-11,46,BRneg,0.675
2025-07-11,47,BRpos,3.696
2025-07-11,47,BRneg,0.785
2025-07-11,48,BRpos,2.625
2025-07-11,48,BRneg,1.175
2025-07-12,1,BRpos,1.272
2025-07-12,1,BRneg,1.083
2025-07-12,2,BRpos,4.29
2025-07-12,2,BRneg,1.369
2025-07-12,3,BRpos,2.045
2025-07-12,3,BRneg,0.682
2025-07-12,4,BRpos,1.476
2025-07-12,4,BRneg,0.885
2025-07-12,5,BRpos,4.771
2025-07-12,5,BRneg,0.979
2025-07-12,6,BRpos,1.187
2025-07-12,6,BRneg,3.556
2025-07-12,7,BRpos,2.948
2025-07-12,7,BRneg,0.906
2025-07-12,8,BRpos,6.126
2025-07-12,8,BRneg,0.895
2025-07-12,9,BRpos,2.653
2025-07-12,9,BRneg,0.204
2025-07-12,10,BRpos,4.077
2025-07-12,10,BRneg,0.449
2025-07-12,11,BRpos,4.727
2025-07-12,11,BRneg,0.971
2025-07-12,12,BRpos,3.688
2025-07-12,12,BRneg,0.519
2025-07-12,13,BRpos,2.504
2025-07-12,13,BRneg,0.826
2025-07-12,14,BRpos,1.081
2025-07-12,14,BRneg,0.756
2025-07-12,15,BRpos,2.345
2025-07-12,15,BRneg,0.812
2025-07-12,16,BRpos,2.006
2025-07-12,16,BRneg,1.431
2025-07-12,17,BRpos,3.717
2025-07-12,17,BRneg,1.159
2025-07-12,18,BRpos,1.937
2025-07-12,18,BRneg,0.975
2025-07-12,19,BRpos,3.765
2025-07-12,19,BRneg,1.074
2025-07-12,20,BRpos,1.305
2025-07-12,20,BRneg,1.707
2025-07-12,21,BRpos,2.793
2025-07-12,21,BRneg,0.463
2025-07-12,22,BRpos,1.393
2025-07-12,22,BRneg,2.191
2025-07-12,23,BRpos,1.128
2025-07-12,23,BRneg,0.894
2025-07-12,24,BRpos,1.872
2025-07-12,24,BRneg,0.508
2025-07-12,25,BRpos,1.208
2025-07-12,25,BRneg,0.934
2025-07-12,26,BRpos,1.653
2025-07-12,26,BRneg,0.975
2025-07-12,27,BRpos,1.658
2025-07-12,27,BRneg,0.46
2025-07-12,28,BRpos,2.459
2025-07-12,28,BRneg,0.826
2025-07-12,29,BRpos,2.996
2025-07-12,29,BRneg,1.136
2025-07-12,30,BRpos,3.57
2025-07-12,30,BRneg,0.645
2025-07-12,31,BRpos,2.786
2025-07-12,31,BRneg,2.069
2025-07-12,32,BRpos,0.804
2025-07-12,32,BRneg,0.563
2025-07-12,33,BRpos,1.966
2025-07-12,33,BRneg,1.47
2025-07-12,34,BRpos,6.281
2025-07-12,34,BRneg,3.049
2025-07-12,35,BRpos,2.183
2025-07-12,35,BRneg,1.729
2025-07-12,36,BRpos,3.044
2025-07-12,36,BRneg,0.944
2025-07-12,37,BRpos,3.168
2025-07-12,37,BRneg,1.605
2025-07-12,38,BRpos,3.919
2025-07-12,38,BRneg,2.018
2025-07-12,39,BRpos,3.798
2025-07-12,39,BRneg,0.485
2025-07-12,40,BRpos,2.824
2025-07-12,40,BRneg,0.745
2025-07-12,41,BRpos,4.206
2025-07-12,41,BRneg,0.819
2025-07-12,42,BRpos,1.625
2025-07-12,42,BRneg,0.743
2025-07-12,43,BRpos,2.044
2025-07-12,43,BRneg,2.267
2025-07-12,44,BRpos,1.261
2025-07-12,44,BRneg,1.481
2025-07-12,45,BRpos,1.537
2025-07-12,45,BRneg,1.317
2025-07-12,46,BRpos,1.224
2025-07-12,46,BRneg,1.585
2025-07-12,47,BRpos,1.578
2025-07-12,47,BRneg,0.688
2025-07-12,48,BRpos,1.073
2025-07-12,48,BRneg,0.849
2025-07-13,1,BRpos,2.074
2025-07-13,1,BRneg,0.635
2025-07-13,2,BRpos,2.488
2025-07-13,2,BRneg,0.748
2025-07-13,3,BRpos,5.671
2025-07-13,3,BRneg,0.796
2025-07-13,4,BRpos,2.286
2025-07-13,4,BRneg,1.249
2025-07-13,5,BRpos,1.301
2025-07-13,5,BRneg,1.042
2025-07-13,6,BRpos,2.842
2025-07-13,6,BRneg,0.652
2025-07-13,7,BRpos,0.93
2025-07-13,7,BRneg,1.34
2025-07-13,8,BRpos,2.898
2025-07-13,8,BRneg,0.625
2025-07-13,9,BRpos,3.085
2025-07-13,9,BRneg,0.845
2025-07-13,10,BRpos,1.915
2025-07-13,10,BRneg,0.344
2025-07-13,11,BRpos,5.602
2025-07-13,11,BRneg,1.945
2025-07-13,12,BRpos,2.396
2025-07-13,12,BRneg,1.155
2025-07-13,13,BRpos,1.151
2025-07-13,13,BRneg,0.805
2025-07-13,14,BRpos,2.353
2025-07-13,14,BRneg,0.524
2025-07-13,15,BRpos,3.038
2025-07-13,15,BRneg,1.066
2025-07-13,16,BRpos,2.14
2025-07-13,16,BRneg,0.689
2025-07-13,17,BRpos,1.571
2025-07-13,17,BRneg,0.93
2025-07-13,18,BRpos,1.62
2025-07-13,18,BRneg,0.758
2025-07-13,19,BRpos,1.513
2025-07-13,19,BRneg,1.471
2025-07-13,20,BRpos,1.236
2025-07-13,20,BRneg,1.021
2025-07-13,21,BRpos,1.66
2025-07-13,21,BRneg,0.605
2025-07-13,22,BRpos,2.111
2025-07-13,22,BRneg,0.733
2025-07-13,23,BRpos,3.146
2025-07-13,23,BRneg,0.83
2025-07-13,24,BRpos,1.942
2025-07-13,24,BRneg,0.573
2025-07-13,25,BRpos,2.481
2025-07-13,25,BRneg,2.788
2025-07-13,26,BRpos,1.448
2025-07-13,26,BRneg,1.072
2025-07-13,27,BRpos,3.837
2025-07-13,27,BRneg,0.918
2025-07-13,28,BRpos,1.81
2025-07-13,28,BRneg,0.686
2025-07-13,29,BRpos,1.402
2025-07-13,29,BRneg,1.317
2025-07-13,30,BRpos,2.306
2025-07-13,30,BRneg,0.535
2025-07-13,31,BRpos,2.413
2025-07-13,31,BRneg,1.481
2025-07-13,32,BRpos,1.521
2025-07-13,32,BRneg,0.924
2025-07-13,33,BRpos,3.404
2025-07-13,33,BRneg,0.621
2025-07-13,34,BRpos,11.021
2025-07-13,34,BRneg,1.31
2025-07-13,35,BRpos,1.988
2025-07-13,35,BRneg,1.791
2025-07-13,36,BRpos,2.905
2025-07-13,36,BRneg,1.436
2025-07-13,37,BRpos,3.046
2025-07-13,37,BRneg,2.522
2025-07-13,38,BRpos,5.324
2025-07-13,38,BRneg,1.122
2025-07-13,39,BRpos,4.193
2025-07-13,39,BRneg,1.245
2025-07-13,40,BRpos,1.629
2025-07-13,40,BRneg,1.139
2025-07-13,41,BRpos,2.508
2025-07-13,41,BRneg,1.05
2025-07-13,42,BRpos,4.834
2025-07-13,42,BRneg,0.954
2025-07-13,43,BRpos,2.185
2025-07-13,43,BRneg,0.361
2025-07-13,44,BRpos,1.448
2025-07-13,44,BRneg,0.837
2025-07-13,45,BRpos,2.998
2025-07-13,45,BRneg,1.732
2025-07-13,46,BRpos,2.001
2025-07-13,46,BRneg,1.023
2025-07-13,47,BRpos,2.176
2025-07-13,47,BRneg,0.938
2025-07-13,48,BRpos,3.232
2025-07-13,48,BRneg,1.407
2025-07-14,1,BRpos,2.847
2025-07-14,1,BRneg,0.535
2025-07-14,2,BRpos,1.107
2025-07-14,2,BRneg,2.285
2025-07-14,3,BRpos,1.565
2025-07-14,3,BRneg,0.366
2025-07-14,4,BRpos,3.283
2025-07-14,4,BRneg,1.124
2025-07-14,5,BRpos,5.542
2025-07-14,5,BRneg,0.647
2025-07-14,6,BRpos,1.338
2025-07-14,6,BRneg,0.764
2025-07-14,7,BRpos,2.823
2025-07-14,7,BRneg,1.688
2025-07-14,8,BRpos,3.068
2025-07-14,8,BRneg,0.678
2025-07-14,9,BRpos,2.205
2025-07-14,9,BRneg,0.826
2025-07-14,10,BRpos,1.394
2025-07-14,10,BRneg,0.977
2025-07-14,11,BRpos,2.577
2025-07-14,11,BRneg,1.342
2025-07-14,12,BRpos,1.578
2025-07-14,12,BRneg,1.059
2025-07-14,13,BRpos,1.918
2025-07-14,13,BRneg,0.957
2025-07-14,14,BRpos,2.731
2025-07-14,14,BRneg,1.204
2025-07-14,15,BRpos,2.12
2025-07-14,15,BRneg,0.556
2025-07-14,16,BRpos,3.551
2025-07-14,16,BRneg,0.853
2025-07-14,17,BRpos,4.602
2025-07-14,17,BRneg,0.92
2025-07-14,18,BRpos,1.977
2025-07-14,18,BRneg,0.284
2025-07-14,19,BRpos,4.499
2025-07-14,19,BRneg,1.211
2025-07-14,20,BRpos,1.696
2025-07-14,20,BRneg,0.475
2025-07-14,21,BRpos,1.606
2025-07-14,21,BRneg,0.89
2025-07-14,22,BRpos,1.8
2025-07-14,22,BRneg,1.328
2025-07-14,23,BRpos,1.328
2025-07-14,23,BRneg,2.621
2025-07-14,24,BRpos,3.676
2025-07-14,24,BRneg,0.776
2025-07-14,25,BRpos,2.667
2025-07-14,25,BRneg,1.56
2025-07-14,26,BRpos,1.093
2025-07-14,26,BRneg,0.831
2025-07-14,27,BRpos,2.484
2025-07-14,27,BRneg,1.652
2025-07-14,28,BRpos,2.854
2025-07-14,28,BRneg,1.097
2025-07-14,29,BRpos,2.553
2025-07-14,29,BRneg,1.518
2025-07-14,30,BRpos,1.339
2025-07-14,30,BRneg,1.518
2025-07-14,31,BRpos,2.803
2025-07-14,31,BRneg,0.913
2025-07-14,32,BRpos,2.073
2025-07-14,32,BRneg,1.164
2025-07-14,33,BRpos,1.892
2025-07-14,33,BRneg,0.692
2025-07-14,34,BRpos,3.736
2025-07-14,34,BRneg,3.275
2025-07-14,35,BRpos,2.788
2025-07-14,35,BRneg,2.249
2025-07-14,36,BRpos,2.528
2025-07-14,36,BRneg,1.296
2025-07-14,37,BRpos,2.823
2025-07-14,37,BRneg,1.587
2025-07-14,38,BRpos,4.478
2025-07-14,38,BRneg,1.118
2025-07-14,39,BRpos,1.574
2025-07-14,39,BRneg,1.048
2025-07-14,40,BRpos,2.969
2025-07-14,40,BRneg,1.226
2025-07-14,41,BRpos,1.255
2025-07-14,41,BRneg,1.603
2025-07-14,42,BRpos,2.161
2025-07-14,42,BRneg,0.523
2025-07-14,43,BRpos,2.083
2025-07-14,43,BRneg,0.864
2025-07-14,44,BRpos,2.68
2025-07-14,44,BRneg,0.973
2025-07-14,45,BRpos,1.867
2025-07-14,45,BRneg,0.804
2025-07-14,46,BRpos,1.96
2025-07-14,46,BRneg,0.655
2025-07-14,47,BRpos,2.696
2025-07-14,47,BRneg,0.388
2025-07-14,48,BRpos,1.364
2025-07-14,48,BRneg,0.565
2025-07-15,1,BRpos,2.706
2025-07-15,1,BRneg,1.145
2025-07-15,2,BRpos,4.43
2025-07-15,2,BRneg,1.305
2025-07-15,3,BRpos,2.036
2025-07-15,3,BRneg,1.257
2025-07-15,4,BRpos,1.261
2025-07-15,4,BRneg,0.682
2025-07-15,5,BRpos,1.93
2025-07-15,5,BRneg,0.893
2025-07-15,6,BRpos,2.102
2025-07-15,6,BRneg,1.605
2025-07-15,7,BRpos,1.701
2025-07-15,7,BRneg,0.573
2025-07-15,8,BRpos,2.534
2025-07-15,8,BRneg,0.965
2025-07-15,9,BRpos,2.721
2025-07-15,9,BRneg,1.108
2025-07-15,10,BRpos,2.013
2025-07-15,10,BRneg,1.558
2025-07-15,11,BRpos,0.923
2025-07-15,11,BRneg,1.778
2025-07-15,12,BRpos,1.731
2025-07-15,12,BRneg,0.849
2025-07-15,13,BRpos,1.732
2025-07-15,13,BRneg,2.626
2025-07-15,14,BRpos,1.618
2025-07-15,14,BRneg,1.023
2025-07-15,15,BRpos,2.223
2025-07-15,15,BRneg,0.537
2025-07-15,16,BRpos,1.753
2025-07-15,16,BRneg,0.943
2025-07-15,17,BRpos,3.13
2025-07-15,17,BRneg,1.876
2025-07-15,18,BRpos,2.383
2025-07-15,18,BRneg,0.713
2025-07-15,19,BRpos,0.901
2025-07-15,19,BRneg,0.818
2025-07-15,20,BRpos,1.282
2025-07-15,20,BRneg,1.31
2025-07-15,21,BRpos,1.648
2025-07-15,21,BRneg,1.185
2025-07-15,22,BRpos,3.875
2025-07-15,22,BRneg,1.333
2025-07-15,23,BRpos,0.97
2025-07-15,23,BRneg,1.011
2025-07-15,24,BRpos,2.022
2025-07-15,24,BRneg,1.346
2025-07-15,25,BRpos,2.7
2025-07-15,25,BRneg,0.644
2025-07-15,26,BRpos,2.109
2025-07-15,26,BRneg,1.027
2025-07-15,27,BRpos,2.161
2025-07-15,27,BRneg,0.602
2025-07-15,28,BRpos,5.037
2025-07-15,28,BRneg,1.901
2025-07-15,29,BRpos,1.537
2025-07-15,29,BRneg,0.869
2025-07-15,30,BRpos,1.678
2025-07-15,30,BRneg,1.28
2025-07-15,31,BRpos,3.891
2025-07-15,31,BRneg,1.845
2025-07-15,32,BRpos,1.203
2025-07-15,32,BRneg,0.781
2025-07-15,33,BRpos,0.986
2025-07-15,33,BRneg,1.48
2025-07-15,34,BRpos,4.629
2025-07-15,34,BRneg,2.385
2025-07-15,35,BRpos,3.27
2025-07-15,35,BRneg,0.504
2025-07-15,36,BRpos,1.638
2025-07-15,36,BRneg,1.866
2025-07-15,37,BRpos,1.407
2025-07-15,37,BRneg,1.363
2025-07-15,38,BRpos,1.565
2025-07-15,38,BRneg,0.944
2025-07-15,39,BRpos,5.203
2025-07-15,39,BRneg,3.024
2025-07-15,40,BRpos,2.344
2025-07-15,40,BRneg,0.819
2025-07-15,41,BRpos,2.773
2025-07-15,41,BRneg,0.737
2025-07-15,42,BRpos,2.793
2025-07-15,42,BRneg,0.646
2025-07-15,43,BRpos,1.892
2025-07-15,43,BRneg,0.293
2025-07-15,44,BRpos,1.372
2025-07-15,44,BRneg,1.262
2025-07-15,45,BRpos,1.772
2025-07-15,45,BRneg,0.452
2025-07-15,46,BRpos,1.284
2025-07-15,46,BRneg,0.681
2025-07-15,47,BRpos,1.019
2025-07-15,47,BRneg,1.391
2025-07-15,48,BRpos,1.723
2025-07-15,48,BRneg,1.055
2025-07-16,1,BRpos,2.133
2025-07-16,1,BRneg,1.436
2025-07-16,2,BRpos,2.766
2025-07-16,2,BRneg,4.126
2025-07-16,3,BRpos,0.981
2025-07-16,3,BRneg,0.929
2025-07-16,4,BRpos,1.998
2025-07-16,4,BRneg,1.251
2025-07-16,5,BRpos,2.087
2025-07-16,5,BRneg,1.542
2025-07-16,6,BRpos,2.329
2025-07-16,6,BRneg,0.483
2025-07-16,7,BRpos,0.714
2025-07-16,7,BRneg,0.869
2025-07-16,8,BRpos,1.544
2025-07-16,8,BRneg,1.271
2025-07-16,9,BRpos,1.931
2025-07-16,9,BRneg,2.052
2025-07-16,10,BRpos,2.217
2025-07-16,10,BRneg,0.918
2025-07-16,11,BRpos,2.093
2025-07-16,11,BRneg,1.267
2025-07-16,12,BRpos,2.134
2025-07-16,12,BRneg,0.758
2025-07-16,13,BRpos,1.661
2025-07-16,13,BRneg,0.678
2025-07-16,14,BRpos,1.231
2025-07-16,14,BRneg,1.106
2025-07-16,15,BRpos,1.926
2025-07-16,15,BRneg,0.651
2025-07-16,16,BRpos,4.133
2025-07-16,16,BRneg,0.691
2025-07-16,17,BRpos,3.867
2025-07-16,17,BRneg,0.781
2025-07-16,18,BRpos,1.47
2025-07-16,18,BRneg,0.751
2025-07-16,19,BRpos,1.171
2025-07-16,19,BRneg,1.264
2025-07-16,20,BRpos,2.591
2025-07-16,20,BRneg,1.15
2025-07-16,21,BRpos,1.907
2025-07-16,21,BRneg,0.659
2025-07-16,22,BRpos,1.258
2025-07-16,22,BRneg,0.585
2025-07-16,23,BRpos,1.866
2025-07-16,23,BRneg,1.235
2025-07-16,24,BRpos,2.25
2025-07-16,24,BRneg,0.632
2025-07-16,25,BRpos,2.055
2025-07-16,25,BRneg,0.945
2025-07-16,26,BRpos,2.406
2025-07-16,26,BRneg,0.975
2025-07-16,27,BRpos,1.512
2025-07-16,27,BRneg,1.419
2025-07-16,28,BRpos,3.259
2025-07-16,28,BRneg,1.161
2025-07-16,29,BRpos,1.15
2025-07-16,29,BRneg,1.725
2025-07-16,30,BRpos,1.234
2025-07-16,30,BRneg,0.453
2025-07-16,31,BRpos,1.678
2025-07-16,31,BRneg,0.664
2025-07-16,32,BRpos,3.693
2025-07-16,32,BRneg,0.628
2025-07-16,33,BRpos,1.309
2025-07-16,33,BRneg,0.844
2025-07-16,34,BRpos,5.925
2025-07-16,34,BRneg,1.148
2025-07-16,35,BRpos,3.447
2025-07-16,35,BRneg,1.208
2025-07-16,36,BRpos,2.837
2025-07-16,36,BRneg,1.222
2025-07-16,37,BRpos,5.577
2025-07-16,37,BRneg,1.083
2025-07-16,38,BRpos,4.143
2025-07-16,38,BRneg,0.744
2025-07-16,39,BRpos,5.328
2025-07-16,39,BRneg,1.369
2025-07-16,40,BRpos,3.056
2025-07-16,40,BRneg,1.058
2025-07-16,41,BRpos,1.161
2025-07-16,41,BRneg,0.746
2025-07-16,42,BRpos,1.662
2025-07-16,42,BRneg,1.503
2025-07-16,43,BRpos,3.024
2025-07-16,43,BRneg,1.304
2025-07-16,44,BRpos,1.263
2025-07-16,44,BRneg,0.704
2025-07-16,45,BRpos,2.707
2025-07-16,45,BRneg,1.101
2025-07-16,46,BRpos,2.494
2025-07-16,46,BRneg,1.499
2025-07-16,47,BRpos,2.162
2025-07-16,47,BRneg,0.676
2025-07-16,48,BRpos,3.715
2025-07-16,48,BRneg,0.305
2025-07-17,1,BRpos,1.342
2025-07-17,1,BRneg,0.974
2025-07-17,2,BRpos,2.713
2025-07-17,2,BRneg,1.848
2025-07-17,3,BRpos,1.339
2025-07-17,3,BRneg,1.091
2025-07-17,4,BRpos,2.14
2025-07-17,4,BRneg,0.634
2025-07-17,5,BRpos,0.986
2025-07-17,5,BRneg,2.086
2025-07-17,6,BRpos,1.569
2025-07-17,6,BRneg,1.258
2025-07-17,7,BRpos,2.583
2025-07-17,7,BRneg,1.053
2025-07-17,8,BRpos,3.029
2025-07-17,8,BRneg,0.66
2025-07-17,9,BRpos,1.621
2025-07-17,9,BRneg,1.214
2025-07-17,10,BRpos,2.39
2025-07-17,10,BRneg,1.189
2025-07-17,11,BRpos,2.836
2025-07-17,11,BRneg,0.966
2025-07-17,12,BRpos,2.216
2025-07-17,12,BRneg,1.458
2025-07-17,13,BRpos,1.611
2025-07-17,13,BRneg,0.795
2025-07-17,14,BRpos,3.059
2025-07-17,14,BRneg,1.914
2025-07-17,15,BRpos,1.051
2025-07-17,15,BRneg,0.602
2025-07-17,16,BRpos,2.057
2025-07-17,16,BRneg,1.234
2025-07-17,17,BRpos,6.185
2025-07-17,17,BRneg,0.866
2025-07-17,18,BRpos,2.22
2025-07-17,18,BRneg,0.72
2025-07-17,19,BRpos,2.071
2025-07-17,19,BRneg,0.673
2025-07-17,20,BRpos,2.472
2025-07-17,20,BRneg,1.569
2025-07-17,21,BRpos,3.744
2025-07-17,21,BRneg,1.998
2025-07-17,22,BRpos,4.452
2025-07-17,22,BRneg,3.211
2025-07-17,23,BRpos,2.229
2025-07-17,23,BRneg,0.501
2025-07-17,24,BRpos,1.496
2025-07-17,24,BRneg,0.423
2025-07-17,25,BRpos,1.035
2025-07-17,25,BRneg,0.467
2025-07-17,26,BRpos,2.235
2025-07-17,26,BRneg,2.46
2025-07-17,27,BRpos,1.572
2025-07-17,27,BRneg,1.148
2025-07-17,28,BRpos,4.005
2025-07-17,28,BRneg,0.957
2025-07-17,29,BRpos,2.24
2025-07-17,29,BRneg,1.041
2025-07-17,30,BRpos,1.913
2025-07-17,30,BRneg,1.019
2025-07-17,31,BRpos,2.965
2025-07-17,31,BRneg,0.673
2025-07-17,32,BRpos,2.274
2025-07-17,32,BRneg,1.263
2025-07-17,33,BRpos,2.192
2025-07-17,33,BRneg,3.364
2025-07-17,34,BRpos,3.472
2025-07-17,34,BRneg,2.085
2025-07-17,35,BRpos,4.359
2025-07-17,35,BRneg,1.856
2025-07-17,36,BRpos,4.074
2025-07-17,36,BRneg,2.434
2025-07-17,37,BRpos,2.879
2025-07-17,37,BRneg,1.785
2025-07-17,38,BRpos,3.635
2025-07-17,38,BRneg,3.608
2025-07-17,39,BRpos,3.545
2025-07-17,39,BRneg,2.205
2025-07-17,40,BRpos,1.789
2025-07-17,40,BRneg,0.839
2025-07-17,41,BRpos,4.912
2025-07-17,41,BRneg,0.807
2025-07-17,42,BRpos,3.033
2025-07-17,42,BRneg,0.763
2025-07-17,43,BRpos,1.965
2025-07-17,43,BRneg,0.842
2025-07-17,44,BRpos,3.786
2025-07-17,44,BRneg,1.3
2025-07-17,45,BRpos,1.91
2025-07-17,45,BRneg,0.833
2025-07-17,46,BRpos,2.836
2025-07-17,46,BRneg,0.509
2025-07-17,47,BRpos,1.262
2025-07-17,47,BRneg,0.827
2025-07-17,48,BRpos,1.105
2025-07-17,48,BRneg,1.155
2025-07-18,1,BRpos,2.0
2025-07-18,1,BRneg,1.293
2025-07-18,2,BRpos,2.306
2025-07-18,2,BRneg,0.819
2025-07-18,3,BRpos,1.727
2025-07-18,3,BRneg,0.921
2025-07-18,4,BRpos,0.982
2025-07-18,4,BRneg,0.671
2025-07-18,5,BRpos,3.125
2025-07-18,5,BRneg,0.894
2025-07-18,6,BRpos,1.174
2025-07-18,6,BRneg,0.672
2025-07-18,7,BRpos,2.072
2025-07-18,7,BRneg,1.031
2025-07-18,8,BRpos,2.494
2025-07-18,8,BRneg,0.811
2025-07-18,9,BRpos,1.379
2025-07-18,9,BRneg,0.756
2025-07-18,10,BRpos,1.787
2025-07-18,10,BRneg,0.733
2025-07-18,11,BRpos,2.82
2025-07-18,11,BRneg,0.432
2025-07-18,12,BRpos,1.884
2025-07-18,12,BRneg,0.82
2025-07-18,13,BRpos,2.819
2025-07-18,13,BRneg,0.947
2025-07-18,14,BRpos,1.544
2025-07-18,14,BRneg,0.772
2025-07-18,15,BRpos,2.155
2025-07-18,15,BRneg,0.804
2025-07-18,16,BRpos,4.212
2025-07-18,16,BRneg,1.939
2025-07-18,17,BRpos,5.174
2025-07-18,17,BRneg,0.603
2025-07-18,18,BRpos,1.049
2025-07-18,18,BRneg,1.095
2025-07-18,19,BRpos,5.25
2025-07-18,19,BRneg,0.339
2025-07-18,20,BRpos,1.335
2025-07-18,20,BRneg,0.49
2025-07-18,21,BRpos,0.91
2025-07-18,21,BRneg,0.638
2025-07-18,22,BRpos,2.185
2025-07-18,22,BRneg,1.094
2025-07-18,23,BRpos,1.375
2025-07-18,23,BRneg,0.788
2025-07-18,24,BRpos,2.937
2025-07-18,24,BRneg,0.586
2025-07-18,25,BRpos,3.084
2025-07-18,25,BRneg,1.394
2025-07-18,26,BRpos,1.826
2025-07-18,26,BRneg,1.211
2025-07-18,27,BRpos,2.891
2025-07-18,27,BRneg,1.138
2025-07-18,28,BRpos,2.141
2025-07-18,28,BRneg,0.758
2025-07-18,29,BRpos,3.314
2025-07-18,29,BRneg,1.192
2025-07-18,30,BRpos,3.629
2025-07-18,30,BRneg,0.844
2025-07-18,31,BRpos,1.647
2025-07-18,31,BRneg,0.834
2025-07-18,32,BRpos,5.112
2025-07-18,32,BRneg,0.776
2025-07-18,33,BRpos,2.873
2025-07-18,33,BRneg,1.383
2025-07-18,34,BRpos,2.979
2025-07-18,34,BRneg,2.756
2025-07-18,35,BRpos,1.681
2025-07-18,35,BRneg,2.802
2025-07-18,36,BRpos,1.873
2025-07-18,36,BRneg,1.709
2025-07-18,37,BRpos,3.195
2025-07-18,37,BRneg,2.205
2025-07-18,38,BRpos,2.873
2025-07-18,38,BRneg,3.781
2025-07-18,39,BRpos,2.439
2025-07-18,39,BRneg,0.935
2025-07-18,40,BRpos,3.339
2025-07-18,40,BRneg,0.654
2025-07-18,41,BRpos,1.681
2025-07-18,41,BRneg,0.509
2025-07-18,42,BRpos,1.427
2025-07-18,42,BRneg,0.659
2025-07-18,43,BRpos,2.97
2025-07-18,43,BRneg,0.543
2025-07-18,44,BRpos,4.494
2025-07-18,44,BRneg,0.894
2025-07-18,45,BRpos,2.937
2025-07-18,45,BRneg,0.854
2025-07-18,46,BRpos,3.514
2025-07-18,46,BRneg,0.714
2025-07-18,47,BRpos,1.267
2025-07-18,47,BRneg,0.761
2025-07-18,48,BRpos,2.644
2025-07-18,48,BRneg,0.459
2025-07-19,1,BRpos,2.6
2025-07-19,1,BRneg,1.293
2025-07-19,2,BRpos,1.272
2025-07-19,2,BRneg,1.25
2025-07-19,3,BRpos,1.489
2025-07-19,3,BRneg,1.774
2025-07-19,4,BRpos,2.493
2025-07-19,4,BRneg,0.906
2025-07-19,5,BRpos,2.271
2025-07-19,5,BRneg,1.384
2025-07-19,6,BRpos,2.762
2025-07-19,6,BRneg,0.804
2025-07-19,7,BRpos,0.814
2025-07-19,7,BRneg,0.669
2025-07-19,8,BRpos,1.876
2025-07-19,8,BRneg,2.054
2025-07-19,9,BRpos,3.367
2025-07-19,9,BRneg,1.492
2025-07-19,10,BRpos,3.85
2025-07-19,10,BRneg,0.356
2025-07-19,11,BRpos,1.858
2025-07-19,11,BRneg,1.821
2025-07-19,12,BRpos,3.422
2025-07-19,12,BRneg,0.65
2025-07-19,13,BRpos,1.728
2025-07-19,13,BRneg,1.537
2025-07-19,14,BRpos,1.298
2025-07-19,14,BRneg,1.205
2025-07-19,15,BRpos,2.27
2025-07-19,15,BRneg,0.561
2025-07-19,16,BRpos,1.363
2025-07-19,16,BRneg,1.143
2025-07-19,17,BRpos,2.868
2025-07-19,17,BRneg,1.931
2025-07-19,18,BRpos,2.594
2025-07-19,18,BRneg,1.252
2025-07-19,19,BRpos,3.635
2025-07-19,19,BRneg,0.715
2025-07-19,20,BRpos,1.764
2025-07-19,20,BRneg,2.233
2025-07-19,21,BRpos,2.513
2025-07-19,21,BRneg,0.502
2025-07-19,22,BRpos,5.988
2025-07-19,22,BRneg,0.661
2025-07-19,23,BRpos,1.439
2025-07-19,23,BRneg,1.308
2025-07-19,24,BRpos,2.282
2025-07-19,24,BRneg,0.608
2025-07-19,25,BRpos,2.991
2025-07-19,25,BRneg,0.416
2025-07-19,26,BRpos,2.141
2025-07-19,26,BRneg,1.163
2025-07-19,27,BRpos,1.684
2025-07-19,27,BRneg,0.51
2025-07-19,28,BRpos,2.178
2025-07-19,28,BRneg,2.589
2025-07-19,29,BRpos,1.25
2025-07-19,29,BRneg,0.901
2025-07-19,30,BRpos,2.057
2025-07-19,30,BRneg,0.933
2025-07-19,31,BRpos,1.843
2025-07-19,31,BRneg,3.098
2025-07-19,32,BRpos,2.202
2025-07-19,32,BRneg,0.546
2025-07-19,33,BRpos,1.413
2025-07-19,33,BRneg,1.391
2025-07-19,34,BRpos,1.823
2025-07-19,34,BRneg,2.416
2025-07-19,35,BRpos,3.969
2025-07-19,35,BRneg,1.417
2025-07-19,36,BRpos,2.911
2025-07-19,36,BRneg,0.71
2025-07-19,37,BRpos,3.642
2025-07-19,37,BRneg,1.44
2025-07-19,38,BRpos,1.958
2025-07-19,38,BRneg,0.843
2025-07-19,39,BRpos,6.541
2025-07-19,39,BRneg,1.278
2025-07-19,40,BRpos,3.023
2025-07-19,40,BRneg,0.438
2025-07-19,41,BRpos,1.478
2025-07-19,41,BRneg,1.478
2025-07-19,42,BRpos,2.001
2025-07-19,42,BRneg,1.248
2025-07-19,43,BRpos,2.576
2025-07-19,43,BRneg,2.089
2025-07-19,44,BRpos,4.13
2025-07-19,44,BRneg,0.884
2025-07-19,45,BRpos,2.484
2025-07-19,45,BRneg,0.552
2025-07-19,46,BRpos,1.835
2025-07-19,46,BRneg,0.909
2025-07-19,47,BRpos,2.198
2025-07-19,47,BRneg,1.445
2025-07-19,48,BRpos,2.125
2025-07-19,48,BRneg,2.975
2025-07-20,1,BRpos,1.254
2025-07-20,1,BRneg,0.734
2025-07-20,2,BRpos,2.339
2025-07-20,2,BRneg,0.848
2025-07-20,3,BRpos,1.571
2025-07-20,3,BRneg,0.763
2025-07-20,4,BRpos,3.624
2025-07-20,4,BRneg,0.75
2025-07-20,5,BRpos,4.046
2025-07-20,5,BRneg,0.765
2025-07-20,6,BRpos,2.705
2025-07-20,6,BRneg,0.798
2025-07-20,7,BRpos,2.238
2025-07-20,7,BRneg,0.633
2025-07-20,8,BRpos,1.014
2025-07-20,8,BRneg,1.509
2025-07-20,9,BRpos,2.819
2025-07-20,9,BRneg,1.031
2025-07-20,10,BRpos,3.841
2025-07-20,10,BRneg,1.126
2025-07-20,11,BRpos,2.335
2025-07-20,11,BRneg,0.694
2025-07-20,12,BRpos,2.179
2025-07-20,12,BRneg,2.332
2025-07-20,13,BRpos,1.689
2025-07-20,13,BRneg,1.321
2025-07-20,14,BRpos,1.381
2025-07-20,14,BRneg,0.994
2025-07-20,15,BRpos,1.671
2025-07-20,15,BRneg,1.316
2025-07-20,16,BRpos,1.181
2025-07-20,16,BRneg,1.669
2025-07-20,17,BRpos,2.462
2025-07-20,17,BRneg,0.697
2025-07-20,18,BRpos,0.881
2025-07-20,18,BRneg,1.784
2025-07-20,19,BRpos,1.865
2025-07-20,19,BRneg,1.265
2025-07-20,20,BRpos,1.988
2025-07-20,20,BRneg,1.374
2025-07-20,21,BRpos,3.232
2025-07-20,21,BRneg,1.989
2025-07-20,22,BRpos,2.266
2025-07-20,22,BRneg,1.105
2025-07-20,23,BRpos,4.561
2025-07-20,23,BRneg,0.832
2025-07-20,24,BRpos,2.192
2025-07-20,24,BRneg,1.39
2025-07-20,25,BRpos,1.761
2025-07-20,25,BRneg,1.66
2025-07-20,26,BRpos,3.42
2025-07-20,26,BRneg,0.27
2025-07-20,27,BRpos,2.109
2025-07-20,27,BRneg,1.013
2025-07-20,28,BRpos,2.08
2025-07-20,28,BRneg,0.636
2025-07-20,29,BRpos,2.323
2025-07-20,29,BRneg,2.084
2025-07-20,30,BRpos,2.405
2025-07-20,30,BRneg,0.939
2025-07-20,31,BRpos,2.885
2025-07-20,31,BRneg,0.539
2025-07-20,32,BRpos,1.528
2025-07-20,32,BRneg,1.394
2025-07-20,33,BRpos,1.314
2025-07-20,33,BRneg,1.15
2025-07-20,34,BRpos,1.11
2025-07-20,34,BRneg,0.953
2025-07-20,35,BRpos,0.902
2025-07-20,35,BRneg,0.896
2025-07-20,36,BRpos,1.939
2025-07-20,36,BRneg,1.426
2025-07-20,37,BRpos,5.997
2025-07-20,37,BRneg,2.352
2025-07-20,38,BRpos,3.472
2025-07-20,38,BRneg,1.416
2025-07-20,39,BRpos,4.085
2025-07-20,39,BRneg,2.309
2025-07-20,40,BRpos,1.07
2025-07-20,40,BRneg,1.368
2025-07-20,41,BRpos,5.535
2025-07-20,41,BRneg,0.756
2025-07-20,42,BRpos,1.68
2025-07-20,42,BRneg,0.878
2025-07-20,43,BRpos,1.619
2025-07-20,43,BRneg,1.265
2025-07-20,44,BRpos,1.978
2025-07-20,44,BRneg,1.293
2025-07-20,45,BRpos,2.022
2025-07-20,45,BRneg,0.96
2025-07-20,46,BRpos,2.634
2025-07-20,46,BRneg,1.725
2025-07-20,47,BRpos,2.217
2025-07-20,47,BRneg,1.327
2025-07-20,48,BRpos,2.562
2025-07-20,48,BRneg,2.257
2025-07-21,1,BRpos,4.043
2025-07-21,1,BRneg,1.537
2025-07-21,2,BRpos,1.954
2025-07-21,2,BRneg,1.164
2025-07-21,3,BRpos,2.293
2025-07-21,3,BRneg,0.883
2025-07-21,4,BRpos,2.2
2025-07-21,4,BRneg,1.012
2025-07-21,5,BRpos,3.781
2025-07-21,5,BRneg,1.063
2025-07-21,6,BRpos,2.191
2025-07-21,6,BRneg,1.544
2025-07-21,7,BRpos,1.355
2025-07-21,7,BRneg,1.948
2025-07-21,8,BRpos,1.434
2025-07-21,8,BRneg,0.557
2025-07-21,9,BRpos,1.839
2025-07-21,9,BRneg,0.696
2025-07-21,10,BRpos,1.871
2025-07-21,10,BRneg,1.727
2025-07-21,11,BRpos,2.915
2025-07-21,11,BRneg,1.016
2025-07-21,12,BRpos,2.29
2025-07-21,12,BRneg,0.951
2025-07-21,13,BRpos,1.188
2025-07-21,13,BRneg,0.583
2025-07-21,14,BRpos,3.888
2025-07-21,14,BRneg,0.761
2025-07-21,15,BRpos,3.09
2025-07-21,15,BRneg,0.619
2025-07-21,16,BRpos,2.702
2025-07-21,16,BRneg,1.06
2025-07-21,17,BRpos,1.047
2025-07-21,17,BRneg,0.777
2025-07-21,18,BRpos,3.037
2025-07-21,18,BRneg,1.267
2025-07-21,19,BRpos,2.623
2025-07-21,19,BRneg,1.367
2025-07-21,20,BRpos,2.777
2025-07-21,20,BRneg,2.076
2025-07-21,21,BRpos,1.466
2025-07-21,21,BRneg,1.665
2025-07-21,22,BRpos,1.621
2025-07-21,22,BRneg,1.241
2025-07-21,23,BRpos,1.958
2025-07-21,23,BRneg,0.669
2025-07-21,24,BRpos,2.678
2025-07-21,24,BRneg,1.316
2025-07-21,25,BRpos,2.85
2025-07-21,25,BRneg,1.037
2025-07-21,26,BRpos,0.64
2025-07-21,26,BRneg,0.846
2025-07-21,27,BRpos,3.292
2025-07-21,27,BRneg,1.311
2025-07-21,28,BRpos,2.855
2025-07-21,28,BRneg,0.947
2025-07-21,29,BRpos,4.928
2025-07-21,29,BRneg,1.081
2025-07-21,30,BRpos,2.351
2025-07-21,30,BRneg,1.025
2025-07-21,31,BRpos,3.21
2025-07-21,31,BRneg,1.168
2025-07-21,32,BRpos,1.869
2025-07-21,32,BRneg,1.412
2025-07-21,33,BRpos,3.6
2025-07-21,33,BRneg,1.312
2025-07-21,34,BRpos,2.828
2025-07-21,34,BRneg,2.326
2025-07-21,35,BRpos,10.281
2025-07-21,35,BRneg,0.661
2025-07-21,36,BRpos,1.792
2025-07-21,36,BRneg,1.325
2025-07-21,37,BRpos,4.16
2025-07-21,37,BRneg,1.167
2025-07-21,38,BRpos,2.89
2025-07-21,38,BRneg,0.457
2025-07-21,39,BRpos,4.54
2025-07-21,39,BRneg,1.991
2025-07-21,40,BRpos,1.587
2025-07-21,40,BRneg,1.056
2025-07-21,41,BRpos,1.514
2025-07-21,41,BRneg,0.849
2025-07-21,42,BRpos,1.18
2025-07-21,42,BRneg,1.368
2025-07-21,43,BRpos,2.799
2025-07-21,43,BRneg,1.938
2025-07-21,44,BRpos,1.601
2025-07-21,44,BRneg,0.893
2025-07-21,45,BRpos,2.357
2025-07-21,45,BRneg,1.789
2025-07-21,46,BRpos,1.32
2025-07-21,46,BRneg,1.266
2025-07-21,47,BRpos,2.016
2025-07-21,47,BRneg,0.547
2025-07-21,48,BRpos,1.253
2025-07-21,48,BRneg,0.684
2025-07-22,1,BRpos,1.782
2025-07-22,1,BRneg,0.959
2025-07-22,2,BRpos,1.76
2025-07-22,2,BRneg,1.311
2025-07-22,3,BRpos,2.747
2025-07-22,3,BRneg,0.384
2025-07-22,4,BRpos,4.039
2025-07-22,4,BRneg,0.712
2025-07-22,5,BRpos,1.078
2025-07-22,5,BRneg,1.016
2025-07-22,6,BRpos,3.04
2025-07-22,6,BRneg,1.746
2025-07-22,7,BRpos,1.932
2025-07-22,7,BRneg,1.032
2025-07-22,8,BRpos,2.025
2025-07-22,8,BRneg,1.52
2025-07-22,9,BRpos,1.797
2025-07-22,9,BRneg,1.09
2025-07-22,10,BRpos,1.2
2025-07-22,10,BRneg,1.269
2025-07-22,11,BRpos,3.14
2025-07-22,11,BRneg,1.617
2025-07-22,12,BRpos,1.465
2025-07-22,12,BRneg,1.069
2025-07-22,13,BRpos,0.95
2025-07-22,13,BRneg,0.649
2025-07-22,14,BRpos,2.21
2025-07-22,14,BRneg,1.307
2025-07-22,15,BRpos,2.2
2025-07-22,15,BRneg,1.094
2025-07-22,16,BRpos,3.364
2025-07-22,16,BRneg,1.604
2025-07-22,17,BRpos,2.506
2025-07-22,17,BRneg,3.235
2025-07-22,18,BRpos,1.628
2025-07-22,18,BRneg,0.613
2025-07-22,19,BRpos,4.368
2025-07-22,19,BRneg,0.387
2025-07-22,20,BRpos,2.07
2025-07-22,20,BRneg,1.06
2025-07-22,21,BRpos,2.861
2025-07-22,21,BRneg,0.671
2025-07-22,22,BRpos,1.862
2025-07-22,22,BRneg,1.369
2025-07-22,23,BRpos,0.976
2025-07-22,23,BRneg,1.662
2025-07-22,24,BRpos,1.438
2025-07-22,24,BRneg,1.095
2025-07-22,25,BRpos,2.42
2025-07-22,25,BRneg,0.86
2025-07-22,26,BRpos,1.996
2025-07-22,26,BRneg,1.09
2025-07-22,27,BRpos,2.284
2025-07-22,27,BRneg,0.512
2025-07-22,28,BRpos,1.721
2025-07-22,28,BRneg,1.131
2025-07-22,29,BRpos,5.1
2025-07-22,29,BRneg,1.447
2025-07-22,30,BRpos,0.96
2025-07-22,30,BRneg,1.793
2025-07-22,31,BRpos,2.567
2025-07-22,31,BRneg,1.111
2025-07-22,32,BRpos,2.142
2025-07-22,32,BRneg,0.88
2025-07-22,33,BRpos,2.258
2025-07-22,33,BRneg,1.349
2025-07-22,34,BRpos,2.852
2025-07-22,34,BRneg,0.439
2025-07-22,35,BRpos,4.177
2025-07-22,35,BRneg,1.782
2025-07-22,36,BRpos,4.357
2025-07-22,36,BRneg,3.251
2025-07-22,37,BRpos,1.739
2025-07-22,37,BRneg,3.053
2025-07-22,38,BRpos,10.499
2025-07-22,38,BRneg,2.367
2025-07-22,39,BRpos,1.668
2025-07-22,39,BRneg,3.117
2025-07-22,40,BRpos,2.95
2025-07-22,40,BRneg,1.509
2025-07-22,41,BRpos,1.58
2025-07-22,41,BRneg,3.135
2025-07-22,42,BRpos,1.011
2025-07-22,42,BRneg,1.167
2025-07-22,43,BRpos,1.663
2025-07-22,43,BRneg,0.709
2025-07-22,44,BRpos,3.342
2025-07-22,44,BRneg,0.552
2025-07-22,45,BRpos,2.151
2025-07-22,45,BRneg,1.268
2025-07-22,46,BRpos,2.683
2025-07-22,46,BRneg,1.467
2025-07-22,47,BRpos,0.997
2025-07-22,47,BRneg,0.659
2025-07-22,48,BRpos,2.022
2025-07-22,48,BRneg,0.902
2025-07-23,1,BRpos,3.029
2025-07-23,1,BRneg,1.187
2025-07-23,2,BRpos,3.344
2025-07-23,2,BRneg,1.325
2025-07-23,3,BRpos,3.446
2025-07-23,3,BRneg,0.702
2025-07-23,4,BRpos,0.774
2025-07-23,4,BRneg,1.134
2025-07-23,5,BRpos,2.611
2025-07-23,5,BRneg,1.549
2025-07-23,6,BRpos,2.012
2025-07-23,6,BRneg,0.482
2025-07-23,7,BRpos,3.78
2025-07-23,7,BRneg,1.149
2025-07-23,8,BRpos,2.504
2025-07-23,8,BRneg,0.887
2025-07-23,9,BRpos,2.775
2025-07-23,9,BRneg,0.652
2025-07-23,10,BRpos,2.342
2025-07-23,10,BRneg,1.093
2025-07-23,11,BRpos,1.79
2025-07-23,11,BRneg,0.921
2025-07-23,12,BRpos,0.854
2025-07-23,12,BRneg,0.99
2025-07-23,13,BRpos,3.185
2025-07-23,13,BRneg,1.782
2025-07-23,14,BRpos,3.439
2025-07-23,14,BRneg,1.458
2025-07-23,15,BRpos,2.495
2025-07-23,15,BRneg,0.849
2025-07-23,16,BRpos,1.358
2025-07-23,16,BRneg,1.373
2025-07-23,17,BRpos,2.065
2025-07-23,17,BRneg,0.603
2025-07-23,18,BRpos,1.966
2025-07-23,18,BRneg,0.515
2025-07-23,19,BRpos,2.728
2025-07-23,19,BRneg,1.897
2025-07-23,20,BRpos,2.928
2025-07-23,20,BRneg,1.983
2025-07-23,21,BRpos,0.824
2025-07-23,21,BRneg,0.684
2025-07-23,22,BRpos,3.634
2025-07-23,22,BRneg,0.597
2025-07-23,23,BRpos,1.446
2025-07-23,23,BRneg,0.524
2025-07-23,24,BRpos,3.8
2025-07-23,24,BRneg,0.649
2025-07-23,25,BRpos,3.348
2025-07-23,25,BRneg,1.03
2025-07-23,26,BRpos,1.746
2025-07-23,26,BRneg,1.222
2025-07-23,27,BRpos,1.805
2025-07-23,27,BRneg,0.742
2025-07-23,28,BRpos,1.513
2025-07-23,28,BRneg,0.818
2025-07-23,29,BRpos,1.455
2025-07-23,29,BRneg,1.383
2025-07-23,30,BRpos,2.434
2025-07-23,30,BRneg,2.525
2025-07-23,31,BRpos,2.941
2025-07-23,31,BRneg,1.63
2025-07-23,32,BRpos,2.225
2025-07-23,32,BRneg,0.969
2025-07-23,33,BRpos,4.556
2025-07-23,33,BRneg,0.71
2025-07-23,34,BRpos,9.306
2025-07-23,34,BRneg,2.428
2025-07-23,35,BRpos,3.514
2025-07-23,35,BRneg,1.887
2025-07-23,36,BRpos,2.901
2025-07-23,36,BRneg,1.554
2025-07-23,37,BRpos,1.64
2025-07-23,37,BRneg,1.899
2025-07-23,38,BRpos,3.895
2025-07-23,38,BRneg,2.33
2025-07-23,39,BRpos,9.142
2025-07-23,39,BRneg,1.585
2025-07-23,40,BRpos,3.311
2025-07-23,40,BRneg,1.396
2025-07-23,41,BRpos,2.511
2025-07-23,41,BRneg,1.384
2025-07-23,42,BRpos,2.703
2025-07-23,42,BRneg,2.221
2025-07-23,43,BRpos,4.799
2025-07-23,43,BRneg,1.494
2025-07-23,44,BRpos,2.024
2025-07-23,44,BRneg,1.247
2025-07-23,45,BRpos,1.494
2025-07-23,45,BRneg,0.793
2025-07-23,46,BRpos,0.873
2025-07-23,46,BRneg,4.753
2025-07-23,47,BRpos,1.756
2025-07-23,47,BRneg,0.984
2025-07-23,48,BRpos,1.924
2025-07-23,48,BRneg,0.61
2025-07-24,1,BRpos,2.817
2025-07-24,1,BRneg,0.846
2025-07-24,2,BRpos,2.128
2025-07-24,2,BRneg,0.707
2025-07-24,3,BRpos,6.5
2025-07-24,3,BRneg,1.937
2025-07-24,4,BRpos,3.938
2025-07-24,4,BRneg,1.967
2025-07-24,5,BRpos,2.934
2025-07-24,5,BRneg,0.844
2025-07-24,6,BRpos,1.074
2025-07-24,6,BRneg,1.086
2025-07-24,7,BRpos,2.618
2025-07-24,7,BRneg,1.212
2025-07-24,8,BRpos,2.86
2025-07-24,8,BRneg,1.077
2025-07-24,9,BRpos,1.197
2025-07-24,9,BRneg,2.238
2025-07-24,10,BRpos,6.64
2025-07-24,10,BRneg,1.219
2025-07-24,11,BRpos,2.664
2025-07-24,11,BRneg,1.07
2025-07-24,12,BRpos,1.247
2025-07-24,12,BRneg,0.688
2025-07-24,13,BRpos,2.259
2025-07-24,13,BRneg,1.834
2025-07-24,14,BRpos,1.617
2025-07-24,14,BRneg,1.297
2025-07-24,15,BRpos,3.143
2025-07-24,15,BRneg,0.571
2025-07-24,16,BRpos,1.968
2025-07-24,16,BRneg,0.745
2025-07-24,17,BRpos,1.734
2025-07-24,17,BRneg,1.494
2025-07-24,18,BRpos,1.712
2025-07-24,18,BRneg,0.593
2025-07-24,19,BRpos,2.298
2025-07-24,19,BRneg,0.934
2025-07-24,20,BRpos,1.327
2025-07-24,20,BRneg,0.786
2025-07-24,21,BRpos,3.464
2025-07-24,21,BRneg,1.372
2025-07-24,22,BRpos,2.309
2025-07-24,22,BRneg,0.611
2025-07-24,23,BRpos,1.982
2025-07-24,23,BRneg,0.615
2025-07-24,24,BRpos,2.46
2025-07-24,24,BRneg,1.133
2025-07-24,25,BRpos,2.098
2025-07-24,25,BRneg,1.568
2025-07-24,26,BRpos,0.896
2025-07-24,26,BRneg,0.477
2025-07-24,27,BRpos,1.098
2025-07-24,27,BRneg,0.539
2025-07-24,28,BRpos,4.436
2025-07-24,28,BRneg,0.943
2025-07-24,29,BRpos,3.044
2025-07-24,29,BRneg,2.159
2025-07-24,30,BRpos,2.686
2025-07-24,30,BRneg,0.479
2025-07-24,31,BRpos,1.889
2025-07-24,31,BRneg,0.979
2025-07-24,32,BRpos,4.195
2025-07-24,32,BRneg,0.882
2025-07-24,33,BRpos,3.372
2025-07-24,33,BRneg,0.469
2025-07-24,34,BRpos,3.665
2025-07-24,34,BRneg,1.054
2025-07-24,35,BRpos,2.508
2025-07-24,35,BRneg,0.644
2025-07-24,36,BRpos,1.992
2025-07-24,36,BRneg,2.849
2025-07-24,37,BRpos,4.431
2025-07-24,37,BRneg,0.755
2025-07-24,38,BRpos,1.551
2025-07-24,38,BRneg,0.885
2025-07-24,39,BRpos,3.261
2025-07-24,39,BRneg,0.927
2025-07-24,40,BRpos,2.231
2025-07-24,40,BRneg,0.879
2025-07-24,41,BRpos,2.69
2025-07-24,41,BRneg,1.426
2025-07-24,42,BRpos,1.722
2025-07-24,42,BRneg,1.656
2025-07-24,43,BRpos,2.628
2025-07-24,43,BRneg,1.73
2025-07-24,44,BRpos,3.084
2025-07-24,44,BRneg,1.063
2025-07-24,45,BRpos,2.102
2025-07-24,45,BRneg,1.014
2025-07-24,46,BRpos,1.252
2025-07-24,46,BRneg,1.132
2025-07-24,47,BRpos,2.929
2025-07-24,47,BRneg,0.993
2025-07-24,48,BRpos,3.161
2025-07-24,48,BRneg,1.328
2025-07-25,1,BRpos,1.535
2025-07-25,1,BRneg,1.429
2025-07-25,2,BRpos,2.664
2025-07-25,2,BRneg,0.613
2025-07-25,3,BRpos,1.772
2025-07-25,3,BRneg,1.154
2025-07-25,4,BRpos,1.251
2025-07-25,4,BRneg,1.267
2025-07-25,5,BRpos,4.553
2025-07-25,5,BRneg,1.18
2025-07-25,6,BRpos,1.044
2025-07-25,6,BRneg,1.179
2025-07-25,7,BRpos,1.766
2025-07-25,7,BRneg,0.814
2025-07-25,8,BRpos,3.039
2025-07-25,8,BRneg,0.91
2025-07-25,9,BRpos,1.865
2025-07-25,9,BRneg,1.042
2025-07-25,10,BRpos,2.775
2025-07-25,10,BRneg,0.342
2025-07-25,11,BRpos,1.512
2025-07-25,11,BRneg,0.962
2025-07-25,12,BRpos,1.287
2025-07-25,12,BRneg,0.548
2025-07-25,13,BRpos,2.917
2025-07-25,13,BRneg,0.766
2025-07-25,14,BRpos,1.231
2025-07-25,14,BRneg,0.611
2025-07-25,15,BRpos,2.051
2025-07-25,15,BRneg,0.618
2025-07-25,16,BRpos,4.246
2025-07-25,16,BRneg,1.806
2025-07-25,17,BRpos,2.468
2025-07-25,17,BRneg,0.657
2025-07-25,18,BRpos,2.692
2025-07-25,18,BRneg,1.478
2025-07-25,19,BRpos,0.925
2025-07-25,19,BRneg,1.542
2025-07-25,20,BRpos,1.982
2025-07-25,20,BRneg,1.163
2025-07-25,21,BRpos,2.256
2025-07-25,21,BRneg,1.419
2025-07-25,22,BRpos,1.236
2025-07-25,22,BRneg,1.233
2025-07-25,23,BRpos,1.359
2025-07-25,23,BRneg,1.015
2025-07-25,24,BRpos,1.294
2025-07-25,24,BRneg,1.097
2025-07-25,25,BRpos,1.982
2025-07-25,25,BRneg,1.743
2025-07-25,26,BRpos,2.33
2025-07-25,26,BRneg,0.581
2025-07-25,27,BRpos,1.726
2025-07-25,27,BRneg,1.561
2025-07-25,28,BRpos,1.91
2025-07-25,28,BRneg,1.121
2025-07-25,29,BRpos,0.765
2025-07-25,29,BRneg,0.632
2025-07-25,30,BRpos,1.952
2025-07-25,30,BRneg,1.231
2025-07-25,31,BRpos,1.639
2025-07-25,31,BRneg,1.592
2025-07-25,32,BRpos,1.564
2025-07-25,32,BRneg,0.876
2025-07-25,33,BRpos,2.807
2025-07-25,33,BRneg,1.055
2025-07-25,34,BRpos,4.632
2025-07-25,34,BRneg,0.773
2025-07-25,35,BRpos,2.113
2025-07-25,35,BRneg,2.588
2025-07-25,36,BRpos,6.474
2025-07-25,36,BRneg,0.728
2025-07-25,37,BRpos,5.123
2025-07-25,37,BRneg,0.786
2025-07-25,38,BRpos,5.375
2025-07-25,38,BRneg,1.305
2025-07-25,39,BRpos,2.198
2025-07-25,39,BRneg,1.007
2025-07-25,40,BRpos,4.002
2025-07-25,40,BRneg,0.546
2025-07-25,41,BRpos,2.897
2025-07-25,41,BRneg,1.679
2025-07-25,42,BRpos,3.703
2025-07-25,42,BRneg,0.744
2025-07-25,43,BRpos,1.096
2025-07-25,43,BRneg,0.41
2025-07-25,44,BRpos,2.769
2025-07-25,44,BRneg,1.117
2025-07-25,45,BRpos,2.493
2025-07-25,45,BRneg,1.769
2025-07-25,46,BRpos,3.925
2025-07-25,46,BRneg,0.834
2025-07-25,47,BRpos,4.367
2025-07-25,47,BRneg,1.723
2025-07-25,48,BRpos,1.206
2025-07-25,48,BRneg,0.784
2025-07-26,1,BRpos,2.148
2025-07-26,1,BRneg,1.114
2025-07-26,2,BRpos,1.67
2025-07-26,2,BRneg,0.779
2025-07-26,3,BRpos,3.009
2025-07-26,3,BRneg,2.105
2025-07-26,4,BRpos,1.191
2025-07-26,4,BRneg,2.13
2025-07-26,5,BRpos,2.247
2025-07-26,5,BRneg,1.841
2025-07-26,6,BRpos,1.966
2025-07-26,6,BRneg,0.857
2025-07-26,7,BRpos,1.657
2025-07-26,7,BRneg,1.238
2025-07-26,8,BRpos,3.238
2025-07-26,8,BRneg,0.342
2025-07-26,9,BRpos,1.201
2025-07-26,9,BRneg,0.859
2025-07-26,10,BRpos,2.567
2025-07-26,10,BRneg,0.675
2025-07-26,11,BRpos,4.361
2025-07-26,11,BRneg,0.853
2025-07-26,12,BRpos,3.349
2025-07-26,12,BRneg,2.777
2025-07-26,13,BRpos,2.938
2025-07-26,13,BRneg,0.908
2025-07-26,14,BRpos,2.978
2025-07-26,14,BRneg,1.508
2025-07-26,15,BRpos,1.22
2025-07-26,15,BRneg,1.379
2025-07-26,16,BRpos,1.436
2025-07-26,16,BRneg,2.898
2025-07-26,17,BRpos,1.232
2025-07-26,17,BRneg,0.899
2025-07-26,18,BRpos,1.4
2025-07-26,18,BRneg,1.403
2025-07-26,19,BRpos,3.582
2025-07-26,19,BRneg,1.952
2025-07-26,20,BRpos,2.223
2025-07-26,20,BRneg,2.466
2025-07-26,21,BRpos,1.313
2025-07-26,21,BRneg,0.722
2025-07-26,22,BRpos,2.417
2025-07-26,22,BRneg,1.423
2025-07-26,23,BRpos,3.016
2025-07-26,23,BRneg,0.79
2025-07-26,24,BRpos,2.192
2025-07-26,24,BRneg,0.899
2025-07-26,25,BRpos,3.249
2025-07-26,25,BRneg,1.188
2025-07-26,26,BRpos,1.933
2025-07-26,26,BRneg,0.753
2025-07-26,27,BRpos,1.073
2025-07-26,27,BRneg,0.75
2025-07-26,28,BRpos,1.769
2025-07-26,28,BRneg,1.022
2025-07-26,29,BRpos,2.207
2025-07-26,29,BRneg,0.5
2025-07-26,30,BRpos,2.991
2025-07-26,30,BRneg,0.416
2025-07-26,31,BRpos,2.33
2025-07-26,31,BRneg,1.239
2025-07-26,32,BRpos,2.07
2025-07-26,32,BRneg,0.711
2025-07-26,33,BRpos,1.655
2025-07-26,33,BRneg,0.685
2025-07-26,34,BRpos,6.392
2025-07-26,34,BRneg,1.449
2025-07-26,35,BRpos,10.88
2025-07-26,35,BRneg,1.57
2025-07-26,36,BRpos,6.511
2025-07-26,36,BRneg,1.217
2025-07-26,37,BRpos,2.917
2025-07-26,37,BRneg,2.431
2025-07-26,38,BRpos,2.444
2025-07-26,38,BRneg,1.51
2025-07-26,39,BRpos,4.26
2025-07-26,39,BRneg,1.781
2025-07-26,40,BRpos,1.341
2025-07-26,40,BRneg,1.775
2025-07-26,41,BRpos,3.138
2025-07-26,41,BRneg,0.461
2025-07-26,42,BRpos,2.135
2025-07-26,42,BRneg,0.908
2025-07-26,43,BRpos,1.352
2025-07-26,43,BRneg,0.765
2025-07-26,44,BRpos,2.58
2025-07-26,44,BRneg,1.398
2025-07-26,45,BRpos,2.12
2025-07-26,45,BRneg,0.763
2025-07-26,46,BRpos,1.422
2025-07-26,46,BRneg,1.84
2025-07-26,47,BRpos,1.217
2025-07-26,47,BRneg,2.583
2025-07-26,48,BRpos,1.721
2025-07-26,48,BRneg,1.031
2025-07-27,1,BRpos,1.781
2025-07-27,1,BRneg,0.69
2025-07-27,2,BRpos,3.348
2025-07-27,2,BRneg,1.718
2025-07-27,3,BRpos,1.395
2025-07-27,3,BRneg,0.236
2025-07-27,4,BRpos,2.361
2025-07-27,4,BRneg,0.743
2025-07-27,5,BRpos,2.983
2025-07-27,5,BRneg,1.377
2025-07-27,6,BRpos,1.462
2025-07-27,6,BRneg,0.573
2025-07-27,7,BRpos,0.989
2025-07-27,7,BRneg,0.922
2025-07-27,8,BRpos,1.998
2025-07-27,8,BRneg,1.132
2025-07-27,9,BRpos,1.729
2025-07-27,9,BRneg,0.865
2025-07-27,10,BRpos,2.117
2025-07-27,10,BRneg,0.647
2025-07-27,11,BRpos,3.436
2025-07-27,11,BRneg,0.518
2025-07-27,12,BRpos,3.33
2025-07-27,12,BRneg,0.591
2025-07-27,13,BRpos,2.56
2025-07-27,13,BRneg,1.431
2025-07-27,14,BRpos,2.634
2025-07-27,14,BRneg,1.333
2025-07-27,15,BRpos,2.04
2025-07-27,15,BRneg,0.458
2025-07-27,16,BRpos,1.975
2025-07-27,16,BRneg,1.032
2025-07-27,17,BRpos,4.183
2025-07-27,17,BRneg,1.212
2025-07-27,18,BRpos,2.2
2025-07-27,18,BRneg,1.771
2025-07-27,19,BRpos,4.213
2025-07-27,19,BRneg,0.441
2025-07-27,20,BRpos,2.478
2025-07-27,20,BRneg,0.455
2025-07-27,21,BRpos,1.167
2025-07-27,21,BRneg,1.433
2025-07-27,22,BRpos,2.978
2025-07-27,22,BRneg,0.591
2025-07-27,23,BRpos,2.389
2025-07-27,23,BRneg,1.186
2025-07-27,24,BRpos,1.081
2025-07-27,24,BRneg,3.078
2025-07-27,25,BRpos,3.252
2025-07-27,25,BRneg,1.901
2025-07-27,26,BRpos,1.817
2025-07-27,26,BRneg,1.402
2025-07-27,27,BRpos,2.221
2025-07-27,27,BRneg,1.401
2025-07-27,28,BRpos,2.254
2025-07-27,28,BRneg,1.644
2025-07-27,29,BRpos,3.625
2025-07-27,29,BRneg,1.95
2025-07-27,30,BRpos,0.742
2025-07-27,30,BRneg,0.953
2025-07-27,31,BRpos,2.214
2025-07-27,31,BRneg,1.245
2025-07-27,32,BRpos,3.553
2025-07-27,32,BRneg,0.865
2025-07-27,33,BRpos,3.085
2025-07-27,33,BRneg,0.46
2025-07-27,34,BRpos,2.778
2025-07-27,34,BRneg,1.478
2025-07-27,35,BRpos,3.057
2025-07-27,35,BRneg,1.313
2025-07-27,36,BRpos,5.152
2025-07-27,36,BRneg,1.762
2025-07-27,37,BRpos,2.014
2025-07-27,37,BRneg,1.325
2025-07-27,38,BRpos,6.493
2025-07-27,38,BRneg,2.207
2025-07-27,39,BRpos,3.606
2025-07-27,39,BRneg,0.771
2025-07-27,40,BRpos,3.039
2025-07-27,40,BRneg,2.673
2025-07-27,41,BRpos,2.547
2025-07-27,41,BRneg,0.588
2025-07-27,42,BRpos,2.278
2025-07-27,42,BRneg,1.007
2025-07-27,43,BRpos,2.862
2025-07-27,43,BRneg,2.165
2025-07-27,44,BRpos,1.222
2025-07-27,44,BRneg,0.804
2025-07-27,45,BRpos,2.181
2025-07-27,45,BRneg,0.921
2025-07-27,46,BRpos,3.176
2025-07-27,46,BRneg,2.395
2025-07-27,47,BRpos,2.295
2025-07-27,47,BRneg,1.311
2025-07-27,48,BRpos,0.988
2025-07-27,48,BRneg,0.78
2025-07-28,1,BRpos,0.835
2025-07-28,1,BRneg,0.683
2025-07-28,2,BRpos,0.92
2025-07-28,2,BRneg,1.55
2025-07-28,3,BRpos,2.693
2025-07-28,3,BRneg,0.646
2025-07-28,4,BRpos,3.02
2025-07-28,4,BRneg,0.759
2025-07-28,5,BRpos,1.854
2025-07-28,5,BRneg,0.911
2025-07-28,6,BRpos,1.359
2025-07-28,6,BRneg,1.544
2025-07-28,7,BRpos,1.384
2025-07-28,7,BRneg,0.993
2025-07-28,8,BRpos,3.798
2025-07-28,8,BRneg,0.718
2025-07-28,9,BRpos,1.661
2025-07-28,9,BRneg,1.543
2025-07-28,10,BRpos,1.596
2025-07-28,10,BRneg,0.993
2025-07-28,11,BRpos,2.366
2025-07-28,11,BRneg,1.386
2025-07-28,12,BRpos,1.524
2025-07-28,12,BRneg,1.122
2025-07-28,13,BRpos,1.631
2025-07-28,13,BRneg,0.829
2025-07-28,14,BRpos,2.738
2025-07-28,14,BRneg,0.435
2025-07-28,15,BRpos,2.348
2025-07-28,15,BRneg,0.714
2025-07-28,16,BRpos,5.089
2025-07-28,16,BRneg,0.994
2025-07-28,17,BRpos,1.671
2025-07-28,17,BRneg,0.896
2025-07-28,18,BRpos,1.924
2025-07-28,18,BRneg,1.251
2025-07-28,19,BRpos,2.802
2025-07-28,19,BRneg,1.229
2025-07-28,20,BRpos,1.297
2025-07-28,20,BRneg,1.551
2025-07-28,21,BRpos,2.407
2025-07-28,21,BRneg,1.632
2025-07-28,22,BRpos,1.559
2025-07-28,22,BRneg,0.358
2025-07-28,23,BRpos,3.03
2025-07-28,23,BRneg,1.344
2025-07-28,24,BRpos,1.002
2025-07-28,24,BRneg,1.733
2025-07-28,25,BRpos,1.822
2025-07-28,25,BRneg,0.989
2025-07-28,26,BRpos,3.033
2025-07-28,26,BRneg,0.539
2025-07-28,27,BRpos,1.329
2025-07-28,27,BRneg,0.486
2025-07-28,28,BRpos,1.469
2025-07-28,28,BRneg,0.233
2025-07-28,29,BRpos,1.797
2025-07-28,29,BRneg,1.38
2025-07-28,30,BRpos,0.994
2025-07-28,30,BRneg,0.983
2025-07-28,31,BRpos,2.613
2025-07-28,31,BRneg,1.948
2025-07-28,32,BRpos,5.632
2025-07-28,32,BRneg,0.776
2025-07-28,33,BRpos,4.153
2025-07-28,33,BRneg,1.251
2025-07-28,34,BRpos,2.754
2025-07-28,34,BRneg,1.358
2025-07-28,35,BRpos,3.84
2025-07-28,35,BRneg,1.438
2025-07-28,36,BRpos,3.683
2025-07-28,36,BRneg,1.063
2025-07-28,37,BRpos,5.518
2025-07-28,37,BRneg,0.722
2025-07-28,38,BRpos,2.486
2025-07-28,38,BRneg,1.545
2025-07-28,39,BRpos,2.371
2025-07-28,39,BRneg,1.478
2025-07-28,40,BRpos,2.117
2025-07-28,40,BRneg,1.0
2025-07-28,41,BRpos,1.698
2025-07-28,41,BRneg,1.335
2025-07-28,42,BRpos,1.607
2025-07-28,42,BRneg,0.365
2025-07-28,43,BRpos,1.253
2025-07-28,43,BRneg,1.162
2025-07-28,44,BRpos,1.654
2025-07-28,44,BRneg,1.763
2025-07-28,45,BRpos,0.643
2025-07-28,45,BRneg,1.198
2025-07-28,46,BRpos,1.833
2025-07-28,46,BRneg,0.561
2025-07-28,47,BRpos,2.463
2025-07-28,47,BRneg,0.561
2025-07-28,48,BRpos,1.241
2025-07-28,48,BRneg,1.298
2025-07-29,1,BRpos,1.678
2025-07-29,1,BRneg,0.786
2025-07-29,2,BRpos,2.945
2025-07-29,2,BRneg,1.509
2025-07-29,3,BRpos,1.44
2025-07-29,3,BRneg,0.807
2025-07-29,4,BRpos,2.456
2025-07-29,4,BRneg,0.526
2025-07-29,5,BRpos,1.495
2025-07-29,5,BRneg,0.671
2025-07-29,6,BRpos,1.64
2025-07-29,6,BRneg,1.095
2025-07-29,7,BRpos,0.932
2025-07-29,7,BRneg,1.129
2025-07-29,8,BRpos,2.719
2025-07-29,8,BRneg,1.097
2025-07-29,9,BRpos,1.798
2025-07-29,9,BRneg,0.919
2025-07-29,10,BRpos,0.585
2025-07-29,10,BRneg,2.086
2025-07-29,11,BRpos,1.107
2025-07-29,11,BRneg,1.891
2025-07-29,12,BRpos,2.818
2025-07-29,12,BRneg,0.839
2025-07-29,13,BRpos,3.089
2025-07-29,13,BRneg,0.878
2025-07-29,14,BRpos,1.538
2025-07-29,14,BRneg,0.81
2025-07-29,15,BRpos,1.169
2025-07-29,15,BRneg,1.879
2025-07-29,16,BRpos,2.034
2025-07-29,16,BRneg,0.911
2025-07-29,17,BRpos,2.541
2025-07-29,17,BRneg,1.077
2025-07-29,18,BRpos,1.93
2025-07-29,18,BRneg,0.95
2025-07-29,19,BRpos,1.492
2025-07-29,19,BRneg,1.382
2025-07-29,20,BRpos,1.813
2025-07-29,20,BRneg,1.457
2025-07-29,21,BRpos,3.133
2025-07-29,21,BRneg,1.305
2025-07-29,22,BRpos,2.775
2025-07-29,22,BRneg,0.866
2025-07-29,23,BRpos,1.523
2025-07-29,23,BRneg,0.808
2025-07-29,24,BRpos,4.958
2025-07-29,24,BRneg,1.768
2025-07-29,25,BRpos,1.369
2025-07-29,25,BRneg,0.675
2025-07-29,26,BRpos,2.933
2025-07-29,26,BRneg,1.101
2025-07-29,27,BRpos,1.669
2025-07-29,27,BRneg,0.777
2025-07-29,28,BRpos,3.966
2025-07-29,28,BRneg,0.738
2025-07-29,29,BRpos,3.602
2025-07-29,29,BRneg,1.52
2025-07-29,30,BRpos,1.406
2025-07-29,30,BRneg,0.901
2025-07-29,31,BRpos,1.643
2025-07-29,31,BRneg,0.527
2025-07-29,32,BRpos,1.219
2025-07-29,32,BRneg,1.136
2025-07-29,33,BRpos,1.336
2025-07-29,33,BRneg,0.46
2025-07-29,34,BRpos,2.134
2025-07-29,34,BRneg,1.279
2025-07-29,35,BRpos,6.907
2025-07-29,35,BRneg,4.439
2025-07-29,36,BRpos,2.659
2025-07-29,36,BRneg,1.394
2025-07-29,37,BRpos,1.631
2025-07-29,37,BRneg,1.769
2025-07-29,38,BRpos,2.279
2025-07-29,38,BRneg,1.311
2025-07-29,39,BRpos,3.411
2025-07-29,39,BRneg,2.142
2025-07-29,40,BRpos,1.738
2025-07-29,40,BRneg,0.942
2025-07-29,41,BRpos,4.166
2025-07-29,41,BRneg,1.419
2025-07-29,42,BRpos,1.904
2025-07-29,42,BRneg,0.967
2025-07-29,43,BRpos,5.008
2025-07-29,43,BRneg,0.435
2025-07-29,44,BRpos,3.386
2025-07-29,44,BRneg,0.754
2025-07-29,45,BRpos,2.07
2025-07-29,45,BRneg,1.424
2025-07-29,46,BRpos,2.661
2025-07-29,46,BRneg,1.179
2025-07-29,47,BRpos,2.116
2025-07-29,47,BRneg,1.52
2025-07-29,48,BRpos,3.612
2025-07-29,48,BRneg,0.695
2025-07-30,1,BRpos,2.675
2025-07-30,1,BRneg,0.39
2025-07-30,2,BRpos,1.575
2025-07-30,2,BRneg,0.963
2025-07-30,3,BRpos,0.836
2025-07-30,3,BRneg,1.348
2025-07-30,4,BRpos,2.064
2025-07-30,4,BRneg,0.951
2025-07-30,5,BRpos,1.819
2025-07-30,5,BRneg,0.626
2025-07-30,6,BRpos,4.145
2025-07-30,6,BRneg,1.741
2025-07-30,7,BRpos,2.122
2025-07-30,7,BRneg,0.835
2025-07-30,8,BRpos,1.311
2025-07-30,8,BRneg,0.549
2025-07-30,9,BRpos,1.604
2025-07-30,9,BRneg,1.022
2025-07-30,10,BRpos,1.293
2025-07-30,10,BRneg,0.58
2025-07-30,11,BRpos,3.121
2025-07-30,11,BRneg,0.951
2025-07-30,12,BRpos,2.616
2025-07-30,12,BRneg,0.758
2025-07-30,13,BRpos,1.436
2025-07-30,13,BRneg,1.516
2025-07-30,14,BRpos,1.219
2025-07-30,14,BRneg,1.771
2025-07-30,15,BRpos,2.069
2025-07-30,15,BRneg,1.656
2025-07-30,16,BRpos,1.833
2025-07-30,16,BRneg,0.463
2025-07-30,17,BRpos,2.342
2025-07-30,17,BRneg,1.201
2025-07-30,18,BRpos,2.808
2025-07-30,18,BRneg,2.845
2025-07-30,19,BRpos,2.834
2025-07-30,19,BRneg,1.04
2025-07-30,20,BRpos,2.37
2025-07-30,20,BRneg,0.754
2025-07-30,21,BRpos,1.389
2025-07-30,21,BRneg,0.762
2025-07-30,22,BRpos,2.776
2025-07-30,22,BRneg,0.853
2025-07-30,23,BRpos,1.513
2025-07-30,23,BRneg,0.755
2025-07-30,24,BRpos,4.37
2025-07-30,24,BRneg,0.562
2025-07-30,25,BRpos,1.963
2025-07-30,25,BRneg,0.79
2025-07-30,26,BRpos,1.271
2025-07-30,26,BRneg,1.607
2025-07-30,27,BRpos,2.432
2025-07-30,27,BRneg,1.222
2025-07-30,28,BRpos,2.726
2025-07-30,28,BRneg,0.79
2025-07-30,29,BRpos,4.081
2025-07-30,29,BRneg,1.101
2025-07-30,30,BRpos,1.794
2025-07-30,30,BRneg,1.574
2025-07-30,31,BRpos,2.1
2025-07-30,31,BRneg,0.745
2025-07-30,32,BRpos,3.314
2025-07-30,32,BRneg,0.629
2025-07-30,33,BRpos,3.638
2025-07-30,33,BRneg,1.357
2025-07-30,34,BRpos,7.234
2025-07-30,34,BRneg,2.215
2025-07-30,35,BRpos,2.632
2025-07-30,35,BRneg,1.686
2025-07-30,36,BRpos,2.508
2025-07-30,36,BRneg,1.434
2025-07-30,37,BRpos,3.499
2025-07-30,37,BRneg,0.887
2025-07-30,38,BRpos,5.88
2025-07-30,38,BRneg,1.144
2025-07-30,39,BRpos,3.514
2025-07-30,39,BRneg,1.849
2025-07-30,40,BRpos,4.619
2025-07-30,40,BRneg,0.836
2025-07-30,41,BRpos,1.453
2025-07-30,41,BRneg,0.576
2025-07-30,42,BRpos,3.85
2025-07-30,42,BRneg,1.289
2025-07-30,43,BRpos,2.281
2025-07-30,43,BRneg,0.616
2025-07-30,44,BRpos,1.371
2025-07-30,44,BRneg,1.925
2025-07-30,45,BRpos,3.083
2025-07-30,45,BRneg,1.369
2025-07-30,46,BRpos,1.378
2025-07-30,46,BRneg,1.086
2025-07-30,47,BRpos,2.721
2025-07-30,47,BRneg,0.788
2025-07-30,48,BRpos,1.604
2025-07-30,48,BRneg,2.411
2025-07-31,1,BRpos,1.327
2025-07-31,1,BRneg,2.377
2025-07-31,2,BRpos,2.174
2025-07-31,2,BRneg,1.111
2025-07-31,3,BRpos,2.165
2025-07-31,3,BRneg,2.223
2025-07-31,4,BRpos,1.246
2025-07-31,4,BRneg,0.269
2025-07-31,5,BRpos,1.671
2025-07-31,5,BRneg,0.216
2025-07-31,6,BRpos,1.307
2025-07-31,6,BRneg,1.045
2025-07-31,7,BRpos,1.99
2025-07-31,7,BRneg,0.371
2025-07-31,8,BRpos,2.785
2025-07-31,8,BRneg,1.637
2025-07-31,9,BRpos,2.418
2025-07-31,9,BRneg,0.588
2025-07-31,10,BRpos,3.098
2025-07-31,10,BRneg,1.901
2025-07-31,11,BRpos,2.159
2025-07-31,11,BRneg,2.659
2025-07-31,12,BRpos,1.612
2025-07-31,12,BRneg,0.799
2025-07-31,13,BRpos,1.672
2025-07-31,13,BRneg,1.001
2025-07-31,14,BRpos,1.506
2025-07-31,14,BRneg,0.465
2025-07-31,15,BRpos,4.117
2025-07-31,15,BRneg,1.441
2025-07-31,16,BRpos,0.873
2025-07-31,16,BRneg,0.671
2025-07-31,17,BRpos,3.096
2025-07-31,17,BRneg,1.178
2025-07-31,18,BRpos,1.441
2025-07-31,18,BRneg,1.32
2025-07-31,19,BRpos,2.561
2025-07-31,19,BRneg,1.428
2025-07-31,20,BRpos,3.484
2025-07-31,20,BRneg,1.374
2025-07-31,21,BRpos,2.439
2025-07-31,21,BRneg,0.904
2025-07-31,22,BRpos,2.706
2025-07-31,22,BRneg,1.497
2025-07-31,23,BRpos,3.005
2025-07-31,23,BRneg,0.685
2025-07-31,24,BRpos,1.305
2025-07-31,24,BRneg,3.29
2025-07-31,25,BRpos,2.597
2025-07-31,25,BRneg,0.772
2025-07-31,26,BRpos,1.534
2025-07-31,26,BRneg,1.358
2025-07-31,27,BRpos,2.366
2025-07-31,27,BRneg,0.46
2025-07-31,28,BRpos,2.401
2025-07-31,28,BRneg,0.767
2025-07-31,29,BRpos,1.001
2025-07-31,29,BRneg,0.972
2025-07-31,30,BRpos,1.213
2025-07-31,30,BRneg,1.541
2025-07-31,31,BRpos,1.391
2025-07-31,31,BRneg,0.923
2025-07-31,32,BRpos,1.047
2025-07-31,32,BRneg,1.518
2025-07-31,33,BRpos,2.162
2025-07-31,33,BRneg,1.911
2025-07-31,34,BRpos,2.71
2025-07-31,34,BRneg,3.582
2025-07-31,35,BRpos,2.758
2025-07-31,35,BRneg,0.845
2025-07-31,36,BRpos,3.892
2025-07-31,36,BRneg,1.725
2025-07-31,37,BRpos,3.803
2025-07-31,37,BRneg,1.663
2025-07-31,38,BRpos,4.149
2025-07-31,38,BRneg,1.316
2025-07-31,39,BRpos,4.407
2025-07-31,39,BRneg,0.868
2025-07-31,40,BRpos,2.875
2025-07-31,40,BRneg,1.753
2025-07-31,41,BRpos,1.306
2025-07-31,41,BRneg,0.949
2025-07-31,42,BRpos,1.043
2025-07-31,42,BRneg,1.021
2025-07-31,43,BRpos,1.319
2025-07-31,43,BRneg,0.794
2025-07-31,44,BRpos,1.857
2025-07-31,44,BRneg,0.994
2025-07-31,45,BRpos,2.002
2025-07-31,45,BRneg,0.526
2025-07-31,46,BRpos,2.533
2025-07-31,46,BRneg,1.207
2025-07-31,47,BRpos,1.458
2025-07-31,47,BRneg,1.948
2025-07-31,48,BRpos,1.426
2025-07-31,48,BRneg,2.412
2025-08-01,1,BRpos,1.386
2025-08-01,1,BRneg,0.631
2025-08-01,2,BRpos,2.603
2025-08-01,2,BRneg,1.161
2025-08-01,3,BRpos,2.761
2025-08-01,3,BRneg,0.723
2025-08-01,4,BRpos,2.382
2025-08-01,4,BRneg,1.031
2025-08-01,5,BRpos,4.163
2025-08-01,5,BRneg,1.489
2025-08-01,6,BRpos,2.44
2025-08-01,6,BRneg,1.199
2025-08-01,7,BRpos,2.712
2025-08-01,7,BRneg,1.016
2025-08-01,8,BRpos,1.582
2025-08-01,8,BRneg,1.047
2025-08-01,9,BRpos,3.974
2025-08-01,9,BRneg,0.68
2025-08-01,10,BRpos,1.084
2025-08-01,10,BRneg,0.848
2025-08-01,11,BRpos,3.802
2025-08-01,11,BRneg,0.698
2025-08-01,12,BRpos,1.375
2025-08-01,12,BRneg,0.876
2025-08-01,13,BRpos,1.585
2025-08-01,13,BRneg,1.549
2025-08-01,14,BRpos,1.813
2025-08-01,14,BRneg,0.948
2025-08-01,15,BRpos,0.73
2025-08-01,15,BRneg,0.815
2025-08-01,16,BRpos,2.09
2025-08-01,16,BRneg,0.582
2025-08-01,17,BRpos,8.026
2025-08-01,17,BRneg,1.589
2025-08-01,18,BRpos,1.951
2025-08-01,18,BRneg,1.374
2025-08-01,19,BRpos,1.106
2025-08-01,19,BRneg,0.978
2025-08-01,20,BRpos,0.816
2025-08-01,20,BRneg,1.22
2025-08-01,21,BRpos,2.501
2025-08-01,21,BRneg,1.235
2025-08-01,22,BRpos,1.149
2025-08-01,22,BRneg,0.351
2025-08-01,23,BRpos,1.213
2025-08-01,23,BRneg,1.275
2025-08-01,24,BRpos,2.563
2025-08-01,24,BRneg,1.265
2025-08-01,25,BRpos,5.174
2025-08-01,25,BRneg,1.231
2025-08-01,26,BRpos,3.342
2025-08-01,26,BRneg,1.123
2025-08-01,27,BRpos,1.917
2025-08-01,27,BRneg,1.119
2025-08-01,28,BRpos,1.485
2025-08-01,28,BRneg,0.719
2025-08-01,29,BRpos,2.176
2025-08-01,29,BRneg,0.851
2025-08-01,30,BRpos,1.728
2025-08-01,30,BRneg,0.617
2025-08-01,31,BRpos,1.501
2025-08-01,31,BRneg,1.382
2025-08-01,32,BRpos,2.119
2025-08-01,32,BRneg,0.707
2025-08-01,33,BRpos,1.2
2025-08-01,33,BRneg,0.747
2025-08-01,34,BRpos,3.111
2025-08-01,34,BRneg,1.222
2025-08-01,35,BRpos,4.051
2025-08-01,35,BRneg,1.684
2025-08-01,36,BRpos,1.977
2025-08-01,36,BRneg,2.463
2025-08-01,37,BRpos,2.928
2025-08-01,37,BRneg,2.169
2025-08-01,38,BRpos,1.328
2025-08-01,38,BRneg,1.524
2025-08-01,39,BRpos,2.378
2025-08-01,39,BRneg,0.951
2025-08-01,40,BRpos,1.283
2025-08-01,40,BRneg,0.795
2025-08-01,41,BRpos,3.61
2025-08-01,41,BRneg,1.318
2025-08-01,42,BRpos,2.535
2025-08-01,42,BRneg,0.601
2025-08-01,43,BRpos,3.093
2025-08-01,43,BRneg,0.856
2025-08-01,44,BRpos,3.129
2025-08-01,44,BRneg,1.758
2025-08-01,45,BRpos,2.079
2025-08-01,45,BRneg,0.617
2025-08-01,46,BRpos,3.75
2025-08-01,46,BRneg,1.219
2025-08-01,47,BRpos,1.257
2025-08-01,47,BRneg,0.658
2025-08-01,48,BRpos,3.016
2025-08-01,48,BRneg,0.895
2025-08-02,1,BRpos,1.762
2025-08-02,1,BRneg,0.656
2025-08-02,2,BRpos,4.111
2025-08-02,2,BRneg,0.896
2025-08-02,3,BRpos,1.499
2025-08-02,3,BRneg,0.702
2025-08-02,4,BRpos,2.311
2025-08-02,4,BRneg,0.77
2025-08-02,5,BRpos,2.39
2025-08-02,5,BRneg,1.706
2025-08-02,6,BRpos,2.734
2025-08-02,6,BRneg,0.764
2025-08-02,7,BRpos,2.186
2025-08-02,7,BRneg,1.174
2025-08-02,8,BRpos,3.791
2025-08-02,8,BRneg,0.678
2025-08-02,9,BRpos,1.455
2025-08-02,9,BRneg,1.555
2025-08-02,10,BRpos,1.973
2025-08-02,10,BRneg,0.934
2025-08-02,11,BRpos,4.649
2025-08-02,11,BRneg,0.6
2025-08-02,12,BRpos,0.87
2025-08-02,12,BRneg,0.697
2025-08-02,13,BRpos,1.947
2025-08-02,13,BRneg,1.099
2025-08-02,14,BRpos,2.761
2025-08-02,14,BRneg,0.356
2025-08-02,15,BRpos,2.138
2025-08-02,15,BRneg,1.248
2025-08-02,16,BRpos,2.389
2025-08-02,16,BRneg,0.647
2025-08-02,17,BRpos,1.388
2025-08-02,17,BRneg,1.836
2025-08-02,18,BRpos,3.599
2025-08-02,18,BRneg,2.07
2025-08-02,19,BRpos,2.116
2025-08-02,19,BRneg,1.282
2025-08-02,20,BRpos,0.927
2025-08-02,20,BRneg,0.783
2025-08-02,21,BRpos,2.488
2025-08-02,21,BRneg,0.654
2025-08-02,22,BRpos,2.793
2025-08-02,22,BRneg,1.18
2025-08-02,23,BRpos,1.181
2025-08-02,23,BRneg,3.023
2025-08-02,24,BRpos,0.805
2025-08-02,24,BRneg,1.019
2025-08-02,25,BRpos,1.13
2025-08-02,25,BRneg,2.044
2025-08-02,26,BRpos,2.161
2025-08-02,26,BRneg,1.881
2025-08-02,27,BRpos,1.842
2025-08-02,27,BRneg,1.249
2025-08-02,28,BRpos,1.997
2025-08-02,28,BRneg,1.3
2025-08-02,29,BRpos,1.598
2025-08-02,29,BRneg,0.739
2025-08-02,30,BRpos,3.138
2025-08-02,30,BRneg,0.615
2025-08-02,31,BRpos,3.621
2025-08-02,31,BRneg,3.086
2025-08-02,32,BRpos,3.516
2025-08-02,32,BRneg,0.865
2025-08-02,33,BRpos,1.618
2025-08-02,33,BRneg,1.135
2025-08-02,34,BRpos,3.617
2025-08-02,34,BRneg,1.392
2025-08-02,35,BRpos,3.812
2025-08-02,35,BRneg,2.65
2025-08-02,36,BRpos,1.517
2025-08-02,36,BRneg,1.357
2025-08-02,37,BRpos,3.397
2025-08-02,37,BRneg,1.706
2025-08-02,38,BRpos,4.789
2025-08-02,38,BRneg,1.9
2025-08-02,39,BRpos,2.674
2025-08-02,39,BRneg,0.917
2025-08-02,40,BRpos,2.629
2025-08-02,40,BRneg,1.228
2025-08-02,41,BRpos,1.659
2025-08-02,41,BRneg,1.504
2025-08-02,42,BRpos,3.831
2025-08-02,42,BRneg,0.93
2025-08-02,43,BRpos,2.929
2025-08-02,43,BRneg,0.944
2025-08-02,44,BRpos,1.587
2025-08-02,44,BRneg,1.479
2025-08-02,45,BRpos,2.504
2025-08-02,45,BRneg,1.288
2025-08-02,46,BRpos,2.128
2025-08-02,46,BRneg,1.33
2025-08-02,47,BRpos,2.355
2025-08-02,47,BRneg,0.767
2025-08-02,48,BRpos,2.918
2025-08-02,48,BRneg,1.209
2025-08-03,1,BRpos,1.122
2025-08-03,1,BRneg,1.973
2025-08-03,2,BRpos,1.775
2025-08-03,2,BRneg,1.697
2025-08-03,3,BRpos,1.207
2025-08-03,3,BRneg,1.093
2025-08-03,4,BRpos,2.224
2025-08-03,4,BRneg,0.552
2025-08-03,5,BRpos,2.092
2025-08-03,5,BRneg,1.676
2025-08-03,6,BRpos,2.689
2025-08-03,6,BRneg,0.843
2025-08-03,7,BRpos,1.367
2025-08-03,7,BRneg,0.565
2025-08-03,8,BRpos,4.778
2025-08-03,8,BRneg,0.611
2025-08-03,9,BRpos,2.378
2025-08-03,9,BRneg,0.933
2025-08-03,10,BRpos,3.471
2025-08-03,10,BRneg,0.736
2025-08-03,11,BRpos,1.91
2025-08-03,11,BRneg,1.195
2025-08-03,12,BRpos,2.623
2025-08-03,12,BRneg,1.532
2025-08-03,13,BRpos,3.937
2025-08-03,13,BRneg,1.316
2025-08-03,14,BRpos,3.194
2025-08-03,14,BRneg,1.355
2025-08-03,15,BRpos,1.379
2025-08-03,15,BRneg,1.026
2025-08-03,16,BRpos,2.085
2025-08-03,16,BRneg,0.523
2025-08-03,17,BRpos,0.889
2025-08-03,17,BRneg,0.624
2025-08-03,18,BRpos,2.27
2025-08-03,18,BRneg,1.607
2025-08-03,19,BRpos,5.915
2025-08-03,19,BRneg,0.54
2025-08-03,20,BRpos,2.001
2025-08-03,20,BRneg,2.085
2025-08-03,21,BRpos,1.718
2025-08-03,21,BRneg,1.314
2025-08-03,22,BRpos,2.068
2025-08-03,22,BRneg,0.717
2025-08-03,23,BRpos,1.858
2025-08-03,23,BRneg,1.128
2025-08-03,24,BRpos,3.225
2025-08-03,24,BRneg,0.486
2025-08-03,25,BRpos,2.06
2025-08-03,25,BRneg,1.07
2025-08-03,26,BRpos,2.379
2025-08-03,26,BRneg,1.05
2025-08-03,27,BRpos,1.617
2025-08-03,27,BRneg,1.004
2025-08-03,28,BRpos,1.197
2025-08-03,28,BRneg,1.913
2025-08-03,29,BRpos,2.94
2025-08-03,29,BRneg,0.815
2025-08-03,30,BRpos,2.962
2025-08-03,30,BRneg,0.901
2025-08-03,31,BRpos,4.23
2025-08-03,31,BRneg,0.971
2025-08-03,32,BRpos,3.049
2025-08-03,32,BRneg,2.537
2025-08-03,33,BRpos,1.975
2025-08-03,33,BRneg,1.406
2025-08-03,34,BRpos,2.381
2025-08-03,34,BRneg,1.586
2025-08-03,35,BRpos,10.388
2025-08-03,35,BRneg,1.274
2025-08-03,36,BRpos,2.604
2025-08-03,36,BRneg,2.309
2025-08-03,37,BRpos,4.618
2025-08-03,37,BRneg,1.109
2025-08-03,38,BRpos,1.808
2025-08-03,38,BRneg,1.686
2025-08-03,39,BRpos,4.646
2025-08-03,39,BRneg,1.537
2025-08-03,40,BRpos,1.037
2025-08-03,40,BRneg,0.918
2025-08-03,41,BRpos,1.679
2025-08-03,41,BRneg,2.413
2025-08-03,42,BRpos,3.756
2025-08-03,42,BRneg,1.311
2025-08-03,43,BRpos,1.839
2025-08-03,43,BRneg,1.23
2025-08-03,44,BRpos,2.397
2025-08-03,44,BRneg,0.885
2025-08-03,45,BRpos,2.96
2025-08-03,45,BRneg,0.7
2025-08-03,46,BRpos,0.947
2025-08-03,46,BRneg,0.946
2025-08-03,47,BRpos,1.575
2025-08-03,47,BRneg,0.777
2025-08-03,48,BRpos,1.999
2025-08-03,48,BRneg,0.55
2025-08-04,1,BRpos,1.682
2025-08-04,1,BRneg,0.394
2025-08-04,2,BRpos,1.415
2025-08-04,2,BRneg,1.613
2025-08-04,3,BRpos,1.968
2025-08-04,3,BRneg,0.712
2025-08-04,4,BRpos,4.448
2025-08-04,4,BRneg,1.089
2025-08-04,5,BRpos,1.867
2025-08-04,5,BRneg,0.859
2025-08-04,6,BRpos,1.773
2025-08-04,6,BRneg,1.288
2025-08-04,7,BRpos,3.172
2025-08-04,7,BRneg,0.367
2025-08-04,8,BRpos,1.909
2025-08-04,8,BRneg,0.671
2025-08-04,9,BRpos,2.627
2025-08-04,9,BRneg,1.006
2025-08-04,10,BRpos,3.043
2025-08-04,10,BRneg,1.635
2025-08-04,11,BRpos,2.357
2025-08-04,11,BRneg,0.705
2025-08-04,12,BRpos,2.339
2025-08-04,12,BRneg,1.147
2025-08-04,13,BRpos,0.983
2025-08-04,13,BRneg,0.983
2025-08-04,14,BRpos,1.371
2025-08-04,14,BRneg,0.975
2025-08-04,15,BRpos,1.296
2025-08-04,15,BRneg,0.584
2025-08-04,16,BRpos,1.646
2025-08-04,16,BRneg,0.878
2025-08-04,17,BRpos,1.263
2025-08-04,17,BRneg,0.711
2025-08-04,18,BRpos,2.243
2025-08-04,18,BRneg,1.562
2025-08-04,19,BRpos,2.483
2025-08-04,19,BRneg,0.494
2025-08-04,20,BRpos,2.016
2025-08-04,20,BRneg,0.557
2025-08-04,21,BRpos,2.472
2025-08-04,21,BRneg,1.384
2025-08-04,22,BRpos,1.56
2025-08-04,22,BRneg,0.714
2025-08-04,23,BRpos,1.879
2025-08-04,23,BRneg,2.601
2025-08-04,24,BRpos,1.485
2025-08-04,24,BRneg,2.387
2025-08-04,25,BRpos,3.146
2025-08-04,25,BRneg,1.738
2025-08-04,26,BRpos,1.928
2025-08-04,26,BRneg,0.637
2025-08-04,27,BRpos,2.221
2025-08-04,27,BRneg,1.033
2025-08-04,28,BRpos,1.78
2025-08-04,28,BRneg,0.909
2025-08-04,29,BRpos,1.933
2025-08-04,29,BRneg,1.014
2025-08-04,30,BRpos,1.612
2025-08-04,30,BRneg,1.406
2025-08-04,31,BRpos,4.031
2025-08-04,31,BRneg,0.51
2025-08-04,32,BRpos,1.318
2025-08-04,32,BRneg,0.913
2025-08-04,33,BRpos,1.504
2025-08-04,33,BRneg,0.974
2025-08-04,34,BRpos,7.098
2025-08-04,34,BRneg,1.33
2025-08-04,35,BRpos,3.14
2025-08-04,35,BRneg,2.243
2025-08-04,36,BRpos,5.501
2025-08-04,36,BRneg,1.398
2025-08-04,37,BRpos,2.589
2025-08-04,37,BRneg,1.618
2025-08-04,38,BRpos,6.065
2025-08-04,38,BRneg,1.053
2025-08-04,39,BRpos,3.94
2025-08-04,39,BRneg,1.393
2025-08-04,40,BRpos,1.132
2025-08-04,40,BRneg,0.543
2025-08-04,41,BRpos,2.278
2025-08-04,41,BRneg,0.557
2025-08-04,42,BRpos,1.058
2025-08-04,42,BRneg,1.11
2025-08-04,43,BRpos,2.279
2025-08-04,43,BRneg,1.015
2025-08-04,44,BRpos,1.109
2025-08-04,44,BRneg,0.829
2025-08-04,45,BRpos,3.672
2025-08-04,45,BRneg,0.508
2025-08-04,46,BRpos,4.603
2025-08-04,46,BRneg,2.219
2025-08-04,47,BRpos,0.946
2025-08-04,47,BRneg,0.899
2025-08-04,48,BRpos,1.45
2025-08-04,48,BRneg,1.041
2025-08-05,1,BRpos,1.263
2025-08-05,1,BRneg,0.89
2025-08-05,2,BRpos,1.051
2025-08-05,2,BRneg,1.185
2025-08-05,3,BRpos,1.378
2025-08-05,3,BRneg,1.74
2025-08-05,4,BRpos,2.453
2025-08-05,4,BRneg,2.073
2025-08-05,5,BRpos,2.809
2025-08-05,5,BRneg,0.778
2025-08-05,6,BRpos,2.809
2025-08-05,6,BRneg,0.684
2025-08-05,7,BRpos,2.311
2025-08-05,7,BRneg,1.4
2025-08-05,8,BRpos,2.494
2025-08-05,8,BRneg,1.183
2025-08-05,9,BRpos,0.585
2025-08-05,9,BRneg,0.972
2025-08-05,10,BRpos,2.173
2025-08-05,10,BRneg,2.041
2025-08-05,11,BRpos,4.564
2025-08-05,11,BRneg,0.623
2025-08-05,12,BRpos,1.86
2025-08-05,12,BRneg,0.317
2025-08-05,13,BRpos,1.565
2025-08-05,13,BRneg,2.266
2025-08-05,14,BRpos,1.975
2025-08-05,14,BRneg,0.544
2025-08-05,15,BRpos,1.252
2025-08-05,15,BRneg,1.346
2025-08-05,16,BRpos,4.102
2025-08-05,16,BRneg,0.74
2025-08-05,17,BRpos,1.91
2025-08-05,17,BRneg,1.043
2025-08-05,18,BRpos,3.15
2025-08-05,18,BRneg,1.189
2025-08-05,19,BRpos,2.635
2025-08-05,19,BRneg,1.207
2025-08-05,20,BRpos,2.247
2025-08-05,20,BRneg,0.868
2025-08-05,21,BRpos,2.749
2025-08-05,21,BRneg,1.311
2025-08-05,22,BRpos,1.386
2025-08-05,22,BRneg,1.644
2025-08-05,23,BRpos,0.801
2025-08-05,23,BRneg,1.149
2025-08-05,24,BRpos,4.65
2025-08-05,24,BRneg,1.105
2025-08-05,25,BRpos,1.619
2025-08-05,25,BRneg,1.169
2025-08-05,26,BRpos,1.643
2025-08-05,26,BRneg,1.252
2025-08-05,27,BRpos,1.686
2025-08-05,27,BRneg,1.108
2025-08-05,28,BRpos,3.857
2025-08-05,28,BRneg,0.788
2025-08-05,29,BRpos,2.078
2025-08-05,29,BRneg,0.927
2025-08-05,30,BRpos,1.002
2025-08-05,30,BRneg,0.431
2025-08-05,31,BRpos,3.285
2025-08-05,31,BRneg,0.792
2025-08-05,32,BRpos,4.43
2025-08-05,32,BRneg,1.671
2025-08-05,33,BRpos,1.816
2025-08-05,33,BRneg,0.912
2025-08-05,34,BRpos,3.146
2025-08-05,34,BRneg,2.067
2025-08-05,35,BRpos,3.318
2025-08-05,35,BRneg,0.952
2025-08-05,36,BRpos,3.038
2025-08-05,36,BRneg,1.009
2025-08-05,37,BRpos,3.092
2025-08-05,37,BRneg,1.692
2025-08-05,38,BRpos,6.225
2025-08-05,38,BRneg,1.674
2025-08-05,39,BRpos,1.914
2025-08-05,39,BRneg,1.11
2025-08-05,40,BRpos,1.977
2025-08-05,40,BRneg,1.69
2025-08-05,41,BRpos,2.032
2025-08-05,41,BRneg,0.908
2025-08-05,42,BRpos,1.906
2025-08-05,42,BRneg,0.56
2025-08-05,43,BRpos,1.05
2025-08-05,43,BRneg,0.926
2025-08-05,44,BRpos,4.839
2025-08-05,44,BRneg,1.974
2025-08-05,45,BRpos,3.308
2025-08-05,45,BRneg,0.957
2025-08-05,46,BRpos,1.055
2025-08-05,46,BRneg,1.357
2025-08-05,47,BRpos,3.266
2025-08-05,47,BRneg,0.616
2025-08-05,48,BRpos,2.71
2025-08-05,48,BRneg,0.717
2025-08-06,1,BRpos,1.376
2025-08-06,1,BRneg,0.777
2025-08-06,2,BRpos,3.465
2025-08-06,2,BRneg,1.164
2025-08-06,3,BRpos,1.326
2025-08-06,3,BRneg,0.919
2025-08-06,4,BRpos,3.085
2025-08-06,4,BRneg,1.708
2025-08-06,5,BRpos,2.049
2025-08-06,5,BRneg,0.711
2025-08-06,6,BRpos,1.818
2025-08-06,6,BRneg,1.378
2025-08-06,7,BRpos,2.391
2025-08-06,7,BRneg,1.928
2025-08-06,8,BRpos,1.019
2025-08-06,8,BRneg,0.672
2025-08-06,9,BRpos,3.088
2025-08-06,9,BRneg,1.882
2025-08-06,10,BRpos,3.059
2025-08-06,10,BRneg,0.748
2025-08-06,11,BRpos,2.006
2025-08-06,11,BRneg,1.108
2025-08-06,12,BRpos,3.239
2025-08-06,12,BRneg,0.61
2025-08-06,13,BRpos,1.064
2025-08-06,13,BRneg,0.88
2025-08-06,14,BRpos,2.361
2025-08-06,14,BRneg,0.397
2025-08-06,15,BRpos,1.536
2025-08-06,15,BRneg,0.692
2025-08-06,16,BRpos,1.399
2025-08-06,16,BRneg,2.592
2025-08-06,17,BRpos,3.868
2025-08-06,17,BRneg,1.693
2025-08-06,18,BRpos,3.435
2025-08-06,18,BRneg,0.889
2025-08-06,19,BRpos,1.531
2025-08-06,19,BRneg,0.711
2025-08-06,20,BRpos,2.968
2025-08-06,20,BRneg,0.46
2025-08-06,21,BRpos,3.36
2025-08-06,21,BRneg,0.798
2025-08-06,22,BRpos,2.542
2025-08-06,22,BRneg,0.553
2025-08-06,23,BRpos,4.409
2025-08-06,23,BRneg,1.668
2025-08-06,24,BRpos,1.77
2025-08-06,24,BRneg,1.355
2025-08-06,25,BRpos,2.343
2025-08-06,25,BRneg,1.003
2025-08-06,26,BRpos,5.016
2025-08-06,26,BRneg,0.977
2025-08-06,27,BRpos,1.118
2025-08-06,27,BRneg,0.833
2025-08-06,28,BRpos,2.595
2025-08-06,28,BRneg,2.037
2025-08-06,29,BRpos,1.889
2025-08-06,29,BRneg,0.799
2025-08-06,30,BRpos,2.367
2025-08-06,30,BRneg,1.079
2025-08-06,31,BRpos,2.432
2025-08-06,31,BRneg,2.295
2025-08-06,32,BRpos,2.105
2025-08-06,32,BRneg,1.052
2025-08-06,33,BRpos,1.715
2025-08-06,33,BRneg,1.432
2025-08-06,34,BRpos,5.052
2025-08-06,34,BRneg,2.189
2025-08-06,35,BRpos,4.562
2025-08-06,35,BRneg,1.576
2025-08-06,36,BRpos,3.22
2025-08-06,36,BRneg,2.532
2025-08-06,37,BRpos,2.353
2025-08-06,37,BRneg,1.399
2025-08-06,38,BRpos,3.607
2025-08-06,38,BRneg,1.067
2025-08-06,39,BRpos,3.615
2025-08-06,39,BRneg,1.204
2025-08-06,40,BRpos,1.565
2025-08-06,40,BRneg,1.037
2025-08-06,41,BRpos,7.769
2025-08-06,41,BRneg,1.676
2025-08-06,42,BRpos,2.817
2025-08-06,42,BRneg,1.346
2025-08-06,43,BRpos,1.882
2025-08-06,43,BRneg,0.781
2025-08-06,44,BRpos,2.893
2025-08-06,44,BRneg,2.545
2025-08-06,45,BRpos,4.35
2025-08-06,45,BRneg,1.562
2025-08-06,46,BRpos,2.061
2025-08-06,46,BRneg,1.329
2025-08-06,47,BRpos,2.871
2025-08-06,47,BRneg,1.098
2025-08-06,48,BRpos,4.383
2025-08-06,48,BRneg,0.624
2025-08-07,1,BRpos,2.855
2025-08-07,1,BRneg,1.782
2025-08-07,2,BRpos,1.24
2025-08-07,2,BRneg,0.616
2025-08-07,3,BRpos,2.192
2025-08-07,3,BRneg,0.525
2025-08-07,4,BRpos,1.521
2025-08-07,4,BRneg,0.973
2025-08-07,5,BRpos,1.347
2025-08-07,5,BRneg,1.085
2025-08-07,6,BRpos,2.079
2025-08-07,6,BRneg,0.682
2025-08-07,7,BRpos,1.211
2025-08-07,7,BRneg,0.347
2025-08-07,8,BRpos,1.182
2025-08-07,8,BRneg,0.957
2025-08-07,9,BRpos,2.993
2025-08-07,9,BRneg,1.658
2025-08-07,10,BRpos,2.494
2025-08-07,10,BRneg,1.099
2025-08-07,11,BRpos,2.003
2025-08-07,11,BRneg,0.438
2025-08-07,12,BRpos,2.558
2025-08-07,12,BRneg,1.307
2025-08-07,13,BRpos,1.597
2025-08-07,13,BRneg,1.623
2025-08-07,14,BRpos,2.959
2025-08-07,14,BRneg,1.259
2025-08-07,15,BRpos,1.798
2025-08-07,15,BRneg,1.85
2025-08-07,16,BRpos,3.2
2025-08-07,16,BRneg,0.991
2025-08-07,17,BRpos,5.109
2025-08-07,17,BRneg,1.593
2025-08-07,18,BRpos,1.261
2025-08-07,18,BRneg,0.893
2025-08-07,19,BRpos,2.298
2025-08-07,19,BRneg,0.526
2025-08-07,20,BRpos,2.613
2025-08-07,20,BRneg,1.234
2025-08-07,21,BRpos,1.403
2025-08-07,21,BRneg,1.427
2025-08-07,22,BRpos,2.591
2025-08-07,22,BRneg,1.732
2025-08-07,23,BRpos,2.785
2025-08-07,23,BRneg,2.112
2025-08-07,24,BRpos,1.533
2025-08-07,24,BRneg,1.342
2025-08-07,25,BRpos,1.537
2025-08-07,25,BRneg,0.894
2025-08-07,26,BRpos,0.873
2025-08-07,26,BRneg,1.052
2025-08-07,27,BRpos,1.318
2025-08-07,27,BRneg,1.416
2025-08-07,28,BRpos,2.449
2025-08-07,28,BRneg,1.184
2025-08-07,29,BRpos,1.771
2025-08-07,29,BRneg,2.17
2025-08-07,30,BRpos,1.896
2025-08-07,30,BRneg,0.719
2025-08-07,31,BRpos,2.152
2025-08-07,31,BRneg,1.343
2025-08-07,32,BRpos,2.102
2025-08-07,32,BRneg,0.913
2025-08-07,33,BRpos,1.818
2025-08-07,33,BRneg,1.5
2025-08-07,34,BRpos,1.484
2025-08-07,34,BRneg,1.368
2025-08-07,35,BRpos,4.32
2025-08-07,35,BRneg,2.758
2025-08-07,36,BRpos,2.465
2025-08-07,36,BRneg,1.97
2025-08-07,37,BRpos,3.409
2025-08-07,37,BRneg,1.224
2025-08-07,38,BRpos,3.389
2025-08-07,38,BRneg,2.296
2025-08-07,39,BRpos,1.48
2025-08-07,39,BRneg,1.541
2025-08-07,40,BRpos,4.213
2025-08-07,40,BRneg,0.695
2025-08-07,41,BRpos,1.947
2025-08-07,41,BRneg,1.719
2025-08-07,42,BRpos,1.073
2025-08-07,42,BRneg,0.655
2025-08-07,43,BRpos,6.609
2025-08-07,43,BRneg,1.575
2025-08-07,44,BRpos,1.147
2025-08-07,44,BRneg,2.117
2025-08-07,45,BRpos,2.78
2025-08-07,45,BRneg,3.225
2025-08-07,46,BRpos,5.648
2025-08-07,46,BRneg,0.798
2025-08-07,47,BRpos,1.142
2025-08-07,47,BRneg,1.181
2025-08-07,48,BRpos,1.343
2025-08-07,48,BRneg,1.213
2025-08-08,1,BRpos,2.091
2025-08-08,1,BRneg,0.735
2025-08-08,2,BRpos,1.696
2025-08-08,2,BRneg,0.943
2025-08-08,3,BRpos,4.088
2025-08-08,3,BRneg,0.924
2025-08-08,4,BRpos,1.402
2025-08-08,4,BRneg,1.044
2025-08-08,5,BRpos,1.873
2025-08-08,5,BRneg,1.142
2025-08-08,6,BRpos,0.666
2025-08-08,6,BRneg,0.611
2025-08-08,7,BRpos,1.384
2025-08-08,7,BRneg,0.821
2025-08-08,8,BRpos,2.386
2025-08-08,8,BRneg,0.742
2025-08-08,9,BRpos,2.189
2025-08-08,9,BRneg,1.507
2025-08-08,10,BRpos,1.79
2025-08-08,10,BRneg,0.811
2025-08-08,11,BRpos,1.774
2025-08-08,11,BRneg,0.993
2025-08-08,12,BRpos,3.36
2025-08-08,12,BRneg,0.77
2025-08-08,13,BRpos,7.957
2025-08-08,13,BRneg,1.233
2025-08-08,14,BRpos,4.657
2025-08-08,14,BRneg,0.901
2025-08-08,15,BRpos,1.568
2025-08-08,15,BRneg,2.342
2025-08-08,16,BRpos,1.999
2025-08-08,16,BRneg,0.59
2025-08-08,17,BRpos,5.987
2025-08-08,17,BRneg,1.593
2025-08-08,18,BRpos,3.977
2025-08-08,18,BRneg,0.748
2025-08-08,19,BRpos,3.413
2025-08-08,19,BRneg,1.247
2025-08-08,20,BRpos,2.09
2025-08-08,20,BRneg,1.246
2025-08-08,21,BRpos,3.265
2025-08-08,21,BRneg,0.712
2025-08-08,22,BRpos,1.887
2025-08-08,22,BRneg,0.706
2025-08-08,23,BRpos,2.854
2025-08-08,23,BRneg,0.348
2025-08-08,24,BRpos,2.451
2025-08-08,24,BRneg,0.935
2025-08-08,25,BRpos,1.389
2025-08-08,25,BRneg,1.147
2025-08-08,26,BRpos,2.711
2025-08-08,26,BRneg,0.531
2025-08-08,27,BRpos,2.057
2025-08-08,27,BRneg,1.383
2025-08-08,28,BRpos,7.908
2025-08-08,28,BRneg,0.762
2025-08-08,29,BRpos,1.237
2025-08-08,29,BRneg,1.791
2025-08-08,30,BRpos,5.084
2025-08-08,30,BRneg,1.267
2025-08-08,31,BRpos,1.399
2025-08-08,31,BRneg,0.94
2025-08-08,32,BRpos,1.318
2025-08-08,32,BRneg,0.705
2025-08-08,33,BRpos,1.495
2025-08-08,33,BRneg,1.026
2025-08-08,34,BRpos,4.469
2025-08-08,34,BRneg,2.722
2025-08-08,35,BRpos,1.454
2025-08-08,35,BRneg,3.374
2025-08-08,36,BRpos,7.208
2025-08-08,36,BRneg,2.295
2025-08-08,37,BRpos,3.117
2025-08-08,37,BRneg,0.953
2025-08-08,38,BRpos,2.885
2025-08-08,38,BRneg,1.199
2025-08-08,39,BRpos,2.579
2025-08-08,39,BRneg,1.322
2025-08-08,40,BRpos,1.981
2025-08-08,40,BRneg,1.296
2025-08-08,41,BRpos,3.528
2025-08-08,41,BRneg,1.909
2025-08-08,42,BRpos,2.365
2025-08-08,42,BRneg,0.668
2025-08-08,43,BRpos,2.547
2025-08-08,43,BRneg,0.383
2025-08-08,44,BRpos,2.653
2025-08-08,44,BRneg,0.991
2025-08-08,45,BRpos,1.664
2025-08-08,45,BRneg,1.36
2025-08-08,46,BRpos,1.236
2025-08-08,46,BRneg,0.693
2025-08-08,47,BRpos,1.338
2025-08-08,47,BRneg,1.318
2025-08-08,48,BRpos,3.063
2025-08-08,48,BRneg,1.274
2025-08-09,1,BRpos,1.475
2025-08-09,1,BRneg,1.207
2025-08-09,2,BRpos,2.046
2025-08-09,2,BRneg,0.767
2025-08-09,3,BRpos,2.417
2025-08-09,3,BRneg,1.279
2025-08-09,4,BRpos,1.363
2025-08-09,4,BRneg,0.945
2025-08-09,5,BRpos,1.448
2025-08-09,5,BRneg,1.172
2025-08-09,6,BRpos,1.172
2025-08-09,6,BRneg,0.695
2025-08-09,7,BRpos,1.146
2025-08-09,7,BRneg,0.467
2025-08-09,8,BRpos,1.38
2025-08-09,8,BRneg,1.341
2025-08-09,9,BRpos,3.001
2025-08-09,9,BRneg,0.581
2025-08-09,10,BRpos,2.039
2025-08-09,10,BRneg,3.888
2025-08-09,11,BRpos,1.41
2025-08-09,11,BRneg,0.964
2025-08-09,12,BRpos,2.212
2025-08-09,12,BRneg,1.117
2025-08-09,13,BRpos,1.986
2025-08-09,13,BRneg,0.831
2025-08-09,14,BRpos,1.198
2025-08-09,14,BRneg,1.411
2025-08-09,15,BRpos,1.479
2025-08-09,15,BRneg,0.648
2025-08-09,16,BRpos,2.787
2025-08-09,16,BRneg,0.596
2025-08-09,17,BRpos,2.29
2025-08-09,17,BRneg,0.895
2025-08-09,18,BRpos,5.51
2025-08-09,18,BRneg,1.02
2025-08-09,19,BRpos,1.382
2025-08-09,19,BRneg,1.211
2025-08-09,20,BRpos,1.192
2025-08-09,20,BRneg,0.672
2025-08-09,21,BRpos,1.303
2025-08-09,21,BRneg,1.259
2025-08-09,22,BRpos,1.694
2025-08-09,22,BRneg,2.853
2025-08-09,23,BRpos,2.147
2025-08-09,23,BRneg,0.705
2025-08-09,24,BRpos,1.33
2025-08-09,24,BRneg,0.598
2025-08-09,25,BRpos,1.46
2025-08-09,25,BRneg,1.168
2025-08-09,26,BRpos,2.503
2025-08-09,26,BRneg,1.267
2025-08-09,27,BRpos,4.322
2025-08-09,27,BRneg,1.302
2025-08-09,28,BRpos,2.469
2025-08-09,28,BRneg,0.993
2025-08-09,29,BRpos,1.393
2025-08-09,29,BRneg,1.505
2025-08-09,30,BRpos,4.139
2025-08-09,30,BRneg,0.808
2025-08-09,31,BRpos,2.719
2025-08-09,31,BRneg,1.813
2025-08-09,32,BRpos,1.008
2025-08-09,32,BRneg,1.929
2025-08-09,33,BRpos,1.883
2025-08-09,33,BRneg,0.996
2025-08-09,34,BRpos,3.764
2025-08-09,34,BRneg,0.914
2025-08-09,35,BRpos,2.146
2025-08-09,35,BRneg,1.51
2025-08-09,36,BRpos,2.776
2025-08-09,36,BRneg,1.314
2025-08-09,37,BRpos,6.312
2025-08-09,37,BRneg,2.065
2025-08-09,38,BRpos,4.884
2025-08-09,38,BRneg,1.024
2025-08-09,39,BRpos,1.649
2025-08-09,39,BRneg,0.671
2025-08-09,40,BRpos,1.173
2025-08-09,40,BRneg,2.998
2025-08-09,41,BRpos,1.516
2025-08-09,41,BRneg,1.431
2025-08-09,42,BRpos,1.182
2025-08-09,42,BRneg,0.728
2025-08-09,43,BRpos,3.001
2025-08-09,43,BRneg,1.655
2025-08-09,44,BRpos,2.539
2025-08-09,44,BRneg,1.074
2025-08-09,45,BRpos,0.623
2025-08-09,45,BRneg,1.005
2025-08-09,46,BRpos,2.418
2025-08-09,46,BRneg,1.043
2025-08-09,47,BRpos,1.1
2025-08-09,47,BRneg,1.51
2025-08-09,48,BRpos,1.942
2025-08-09,48,BRneg,0.727
2025-08-10,1,BRpos,1.631
2025-08-10,1,BRneg,0.802
2025-08-10,2,BRpos,0.981
2025-08-10,2,BRneg,0.943
2025-08-10,3,BRpos,1.235
2025-08-10,3,BRneg,1.905
2025-08-10,4,BRpos,2.405
2025-08-10,4,BRneg,1.108
2025-08-10,5,BRpos,2.132
2025-08-10,5,BRneg,0.614
2025-08-10,6,BRpos,2.511
2025-08-10,6,BRneg,0.685
2025-08-10,7,BRpos,2.675
2025-08-10,7,BRneg,0.708
2025-08-10,8,BRpos,0.641
2025-08-10,8,BRneg,0.616
2025-08-10,9,BRpos,1.066
2025-08-10,9,BRneg,2.197
2025-08-10,10,BRpos,2.146
2025-08-10,10,BRneg,0.478
2025-08-10,11,BRpos,1.624
2025-08-10,11,BRneg,1.535
2025-08-10,12,BRpos,1.369
2025-08-10,12,BRneg,0.57
2025-08-10,13,BRpos,3.311
2025-08-10,13,BRneg,0.794
2025-08-10,14,BRpos,1.874
2025-08-10,14,BRneg,0.476
2025-08-10,15,BRpos,2.668
2025-08-10,15,BRneg,2.534
2025-08-10,16,BRpos,2.15
2025-08-10,16,BRneg,0.732
2025-08-10,17,BRpos,4.212
2025-08-10,17,BRneg,0.841
2025-08-10,18,BRpos,2.029
2025-08-10,18,BRneg,0.567
2025-08-10,19,BRpos,2.129
2025-08-10,19,BRneg,0.873
2025-08-10,20,BRpos,3.142
2025-08-10,20,BRneg,0.657
2025-08-10,21,BRpos,3.93
2025-08-10,21,BRneg,1.122
2025-08-10,22,BRpos,1.499
2025-08-10,22,BRneg,1.037
2025-08-10,23,BRpos,3.914
2025-08-10,23,BRneg,1.297
2025-08-10,24,BRpos,6.053
2025-08-10,24,BRneg,0.95
2025-08-10,25,BRpos,2.033
2025-08-10,25,BRneg,1.517
2025-08-10,26,BRpos,0.78
2025-08-10,26,BRneg,0.666
2025-08-10,27,BRpos,2.594
2025-08-10,27,BRneg,1.917
2025-08-10,28,BRpos,2.323
2025-08-10,28,BRneg,0.64
2025-08-10,29,BRpos,2.185
2025-08-10,29,BRneg,0.809
2025-08-10,30,BRpos,1.251
2025-08-10,30,BRneg,0.92
2025-08-10,31,BRpos,1.508
2025-08-10,31,BRneg,0.742
2025-08-10,32,BRpos,2.247
2025-08-10,32,BRneg,1.551
2025-08-10,33,BRpos,3.306
2025-08-10,33,BRneg,0.846
2025-08-10,34,BRpos,4.388
2025-08-10,34,BRneg,1.778
2025-08-10,35,BRpos,1.302
2025-08-10,35,BRneg,1.534
2025-08-10,36,BRpos,11.103
2025-08-10,36,BRneg,1.503
2025-08-10,37,BRpos,4.539
2025-08-10,37,BRneg,1.53
2025-08-10,38,BRpos,3.314
2025-08-10,38,BRneg,0.958
2025-08-10,39,BRpos,3.451
2025-08-10,39,BRneg,1.337
2025-08-10,40,BRpos,1.423
2025-08-10,40,BRneg,0.663
2025-08-10,41,BRpos,3.54
2025-08-10,41,BRneg,1.023
2025-08-10,42,BRpos,1.898
2025-08-10,42,BRneg,0.55
2025-08-10,43,BRpos,1.097
2025-08-10,43,BRneg,1.024
2025-08-10,44,BRpos,1.378
2025-08-10,44,BRneg,0.713
2025-08-10,45,BRpos,1.777
2025-08-10,45,BRneg,0.818
2025-08-10,46,BRpos,2.083
2025-08-10,46,BRneg,0.888
2025-08-10,47,BRpos,2.321
2025-08-10,47,BRneg,1.671
2025-08-10,48,BRpos,1.39
2025-08-10,48,BRneg,0.788
2025-08-11,1,BRpos,1.745
2025-08-11,1,BRneg,0.605
2025-08-11,2,BRpos,2.252
2025-08-11,2,BRneg,1.214
2025-08-11,3,BRpos,5.044
2025-08-11,3,BRneg,1.013
2025-08-11,4,BRpos,1.953
2025-08-11,4,BRneg,0.771
2025-08-11,5,BRpos,2.947
2025-08-11,5,BRneg,1.409
2025-08-11,6,BRpos,1.726
2025-08-11,6,BRneg,0.542
2025-08-11,7,BRpos,1.146
2025-08-11,7,BRneg,1.109
2025-08-11,8,BRpos,1.113
2025-08-11,8,BRneg,1.31
2025-08-11,9,BRpos,4.019
2025-08-11,9,BRneg,0.97
2025-08-11,10,BRpos,1.523
2025-08-11,10,BRneg,0.75
2025-08-11,11,BRpos,1.676
2025-08-11,11,BRneg,1.086
2025-08-11,12,BRpos,1.66
2025-08-11,12,BRneg,0.863
2025-08-11,13,BRpos,2.623
2025-08-11,13,BRneg,1.147
2025-08-11,14,BRpos,2.865
2025-08-11,14,BRneg,0.594
2025-08-11,15,BRpos,2.231
2025-08-11,15,BRneg,1.071
2025-08-11,16,BRpos,1.994
2025-08-11,16,BRneg,0.722
2025-08-11,17,BRpos,1.966
2025-08-11,17,BRneg,0.294
2025-08-11,18,BRpos,1.211
2025-08-11,18,BRneg,1.305
2025-08-11,19,BRpos,3.248
2025-08-11,19,BRneg,0.97
2025-08-11,20,BRpos,3.884
2025-08-11,20,BRneg,0.588
2025-08-11,21,BRpos,1.394
2025-08-11,21,BRneg,2.551
2025-08-11,22,BRpos,4.538
2025-08-11,22,BRneg,1.388
2025-08-11,23,BRpos,3.987
2025-08-11,23,BRneg,0.512
2025-08-11,24,BRpos,5.071
2025-08-11,24,BRneg,1.22
2025-08-11,25,BRpos,1.24
2025-08-11,25,BRneg,0.697
2025-08-11,26,BRpos,1.645
2025-08-11,26,BRneg,2.516
2025-08-11,27,BRpos,2.206
2025-08-11,27,BRneg,0.588
2025-08-11,28,BRpos,4.189
2025-08-11,28,BRneg,0.683
2025-08-11,29,BRpos,1.656
2025-08-11,29,BRneg,0.965
2025-08-11,30,BRpos,1.896
2025-08-11,30,BRneg,1.031
2025-08-11,31,BRpos,3.736
2025-08-11,31,BRneg,0.714
2025-08-11,32,BRpos,2.301
2025-08-11,32,BRneg,1.462
2025-08-11,33,BRpos,2.237
2025-08-11,33,BRneg,0.998
2025-08-11,34,BRpos,2.496
2025-08-11,34,BRneg,1.721
2025-08-11,35,BRpos,3.656
2025-08-11,35,BRneg,1.035
2025-08-11,36,BRpos,2.775
2025-08-11,36,BRneg,2.263
2025-08-11,37,BRpos,8.831
2025-08-11,37,BRneg,2.637
2025-08-11,38,BRpos,6.341
2025-08-11,38,BRneg,1.347
2025-08-11,39,BRpos,3.049
2025-08-11,39,BRneg,3.473
2025-08-11,40,BRpos,1.684
2025-08-11,40,BRneg,0.748
2025-08-11,41,BRpos,3.0
2025-08-11,41,BRneg,0.549
2025-08-11,42,BRpos,0.816
2025-08-11,42,BRneg,0.518
2025-08-11,43,BRpos,1.862
2025-08-11,43,BRneg,1.224
2025-08-11,44,BRpos,3.264
2025-08-11,44,BRneg,0.697
2025-08-11,45,BRpos,3.292
2025-08-11,45,BRneg,0.566
2025-08-11,46,BRpos,1.166
2025-08-11,46,BRneg,0.691
2025-08-11,47,BRpos,3.207
2025-08-11,47,BRneg,1.404
2025-08-11,48,BRpos,1.767
2025-08-11,48,BRneg,0.839
2025-08-12,1,BRpos,2.141
2025-08-12,1,BRneg,1.833
2025-08-12,2,BRpos,3.096
2025-08-12,2,BRneg,0.962
2025-08-12,3,BRpos,2.298
2025-08-12,3,BRneg,0.942
2025-08-12,4,BRpos,1.254
2025-08-12,4,BRneg,0.839
2025-08-12,5,BRpos,1.708
2025-08-12,5,BRneg,1.592
2025-08-12,6,BRpos,2.323
2025-08-12,6,BRneg,1.503
2025-08-12,7,BRpos,1.619
2025-08-12,7,BRneg,2.124
2025-08-12,8,BRpos,1.764
2025-08-12,8,BRneg,0.893
2025-08-12,9,BRpos,2.273
2025-08-12,9,BRneg,0.773
2025-08-12,10,BRpos,3.945
2025-08-12,10,BRneg,1.162
2025-08-12,11,BRpos,2.318
2025-08-12,11,BRneg,1.189
2025-08-12,12,BRpos,2.879
2025-08-12,12,BRneg,1.225
2025-08-12,13,BRpos,2.098
2025-08-12,13,BRneg,1.014
2025-08-12,14,BRpos,2.914
2025-08-12,14,BRneg,0.715
2025-08-12,15,BRpos,2.59
2025-08-12,15,BRneg,2.291
2025-08-12,16,BRpos,1.686
2025-08-12,16,BRneg,0.925
2025-08-12,17,BRpos,0.901
2025-08-12,17,BRneg,0.737
2025-08-12,18,BRpos,1.704
2025-08-12,18,BRneg,1.605
2025-08-12,19,BRpos,3.38
2025-08-12,19,BRneg,1.882
2025-08-12,20,BRpos,3.197
2025-08-12,20,BRneg,1.165
2025-08-12,21,BRpos,3.635
2025-08-12,21,BRneg,1.055
2025-08-12,22,BRpos,1.885
2025-08-12,22,BRneg,1.293
2025-08-12,23,BRpos,1.225
2025-08-12,23,BRneg,1.294
2025-08-12,24,BRpos,2.224
2025-08-12,24,BRneg,1.041
2025-08-12,25,BRpos,3.304
2025-08-12,25,BRneg,3.149
2025-08-12,26,BRpos,1.496
2025-08-12,26,BRneg,0.788
2025-08-12,27,BRpos,2.401
2025-08-12,27,BRneg,1.611
2025-08-12,28,BRpos,3.992
2025-08-12,28,BRneg,1.027
2025-08-12,29,BRpos,1.701
2025-08-12,29,BRneg,0.701
2025-08-12,30,BRpos,2.752
2025-08-12,30,BRneg,1.149
2025-08-12,31,BRpos,1.664
2025-08-12,31,BRneg,1.417
2025-08-12,32,BRpos,1.539
2025-08-12,32,BRneg,0.359
2025-08-12,33,BRpos,3.684
2025-08-12,33,BRneg,1.555
2025-08-12,34,BRpos,1.488
2025-08-12,34,BRneg,1.989
2025-08-12,35,BRpos,8.988
2025-08-12,35,BRneg,1.735
2025-08-12,36,BRpos,4.194
2025-08-12,36,BRneg,0.889
2025-08-12,37,BRpos,2.331
2025-08-12,37,BRneg,1.053
2025-08-12,38,BRpos,2.032
2025-08-12,38,BRneg,2.063
2025-08-12,39,BRpos,4.741
2025-08-12,39,BRneg,0.503
2025-08-12,40,BRpos,2.739
2025-08-12,40,BRneg,0.996
2025-08-12,41,BRpos,5.201
2025-08-12,41,BRneg,1.382
2025-08-12,42,BRpos,3.059
2025-08-12,42,BRneg,1.471
2025-08-12,43,BRpos,3.22
2025-08-12,43,BRneg,2.348
2025-08-12,44,BRpos,2.445
2025-08-12,44,BRneg,1.165
2025-08-12,45,BRpos,1.971
2025-08-12,45,BRneg,0.586
2025-08-12,46,BRpos,0.669
2025-08-12,46,BRneg,1.121
2025-08-12,47,BRpos,1.369
2025-08-12,47,BRneg,0.564
2025-08-12,48,BRpos,1.12
2025-08-12,48,BRneg,2.09
2025-08-13,1,BRpos,3.731
2025-08-13,1,BRneg,0.928
2025-08-13,2,BRpos,2.486
2025-08-13,2,BRneg,5.822
2025-08-13,3,BRpos,4.758
2025-08-13,3,BRneg,1.297
2025-08-13,4,BRpos,2.519
2025-08-13,4,BRneg,0.282
2025-08-13,5,BRpos,1.758
2025-08-13,5,BRneg,0.995
2025-08-13,6,BRpos,3.914
2025-08-13,6,BRneg,2.079
2025-08-13,7,BRpos,0.706
2025-08-13,7,BRneg,1.432
2025-08-13,8,BRpos,2.682
2025-08-13,8,BRneg,0.459
2025-08-13,9,BRpos,1.319
2025-08-13,9,BRneg,1.99
2025-08-13,10,BRpos,1.058
2025-08-13,10,BRneg,2.529
2025-08-13,11,BRpos,1.538
2025-08-13,11,BRneg,0.846
2025-08-13,12,BRpos,2.821
2025-08-13,12,BRneg,1.593
2025-08-13,13,BRpos,2.783
2025-08-13,13,BRneg,0.752
2025-08-13,14,BRpos,1.739
2025-08-13,14,BRneg,1.225
2025-08-13,15,BRpos,4.221
2025-08-13,15,BRneg,0.56
2025-08-13,16,BRpos,4.227
2025-08-13,16,BRneg,1.934
2025-08-13,17,BRpos,2.449
2025-08-13,17,BRneg,1.673
2025-08-13,18,BRpos,2.273
2025-08-13,18,BRneg,1.673
2025-08-13,19,BRpos,3.174
2025-08-13,19,BRneg,1.004
2025-08-13,20,BRpos,2.725
2025-08-13,20,BRneg,1.032
2025-08-13,21,BRpos,1.997
2025-08-13,21,BRneg,0.564
2025-08-13,22,BRpos,3.471
2025-08-13,22,BRneg,1.362
2025-08-13,23,BRpos,1.94
2025-08-13,23,BRneg,1.76
2025-08-13,24,BRpos,1.431
2025-08-13,24,BRneg,1.381
2025-08-13,25,BRpos,3.427
2025-08-13,25,BRneg,2.768
2025-08-13,26,BRpos,2.317
2025-08-13,26,BRneg,1.354
2025-08-13,27,BRpos,2.992
2025-08-13,27,BRneg,1.917
2025-08-13,28,BRpos,2.087
2025-08-13,28,BRneg,0.972
2025-08-13,29,BRpos,1.719
2025-08-13,29,BRneg,0.988
2025-08-13,30,BRpos,3.866
2025-08-13,30,BRneg,1.05
2025-08-13,31,BRpos,2.985
2025-08-13,31,BRneg,0.922
2025-08-13,32,BRpos,3.714
2025-08-13,32,BRneg,1.139
2025-08-13,33,BRpos,2.404
2025-08-13,33,BRneg,1.051
2025-08-13,34,BRpos,3.406
2025-08-13,34,BRneg,1.218
2025-08-13,35,BRpos,4.248
2025-08-13,35,BRneg,1.258
2025-08-13,36,BRpos,7.057
2025-08-13,36,BRneg,1.636
2025-08-13,37,BRpos,6.041
2025-08-13,37,BRneg,2.144
2025-08-13,38,BRpos,1.766
2025-08-13,38,BRneg,1.592
2025-08-13,39,BRpos,2.203
2025-08-13,39,BRneg,1.389
2025-08-13,40,BRpos,2.087
2025-08-13,40,BRneg,1.247
2025-08-13,41,BRpos,2.997
2025-08-13,41,BRneg,0.687
2025-08-13,42,BRpos,1.718
2025-08-13,42,BRneg,0.445
2025-08-13,43,BRpos,4.573
2025-08-13,43,BRneg,0.978
2025-08-13,44,BRpos,4.704
2025-08-13,44,BRneg,0.936
2025-08-13,45,BRpos,1.282
2025-08-13,45,BRneg,2.282
2025-08-13,46,BRpos,1.178
2025-08-13,46,BRneg,0.784
2025-08-13,47,BRpos,2.072
2025-08-13,47,BRneg,0.901
2025-08-13,48,BRpos,2.711
2025-08-13,48,BRneg,0.914
2025-08-14,1,BRpos,2.048
2025-08-14,1,BRneg,1.626
2025-08-14,2,BRpos,2.736
2025-08-14,2,BRneg,0.729
2025-08-14,3,BRpos,1.906
2025-08-14,3,BRneg,0.801
2025-08-14,4,BRpos,3.955
2025-08-14,4,BRneg,0.394
2025-08-14,5,BRpos,0.946
2025-08-14,5,BRneg,0.529
2025-08-14,6,BRpos,7.255
2025-08-14,6,BRneg,0.47
2025-08-14,7,BRpos,3.265
2025-08-14,7,BRneg,0.381
2025-08-14,8,BRpos,1.784
2025-08-14,8,BRneg,0.542
2025-08-14,9,BRpos,1.3
2025-08-14,9,BRneg,0.923
2025-08-14,10,BRpos,1.066
2025-08-14,10,BRneg,0.775
2025-08-14,11,BRpos,1.331
2025-08-14,11,BRneg,1.544
2025-08-14,12,BRpos,1.851
2025-08-14,12,BRneg,0.924
2025-08-14,13,BRpos,3.855
2025-08-14,13,BRneg,1.052
2025-08-14,14,BRpos,4.178
2025-08-14,14,BRneg,0.363
2025-08-14,15,BRpos,3.706
2025-08-14,15,BRneg,0.827
2025-08-14,16,BRpos,3.838
2025-08-14,16,BRneg,1.189
2025-08-14,17,BRpos,3.615
2025-08-14,17,BRneg,1.773
2025-08-14,18,BRpos,2.437
2025-08-14,18,BRneg,0.778
2025-08-14,19,BRpos,3.633
2025-08-14,19,BRneg,1.132
2025-08-14,20,BRpos,3.743
2025-08-14,20,BRneg,1.424
2025-08-14,21,BRpos,1.071
2025-08-14,21,BRneg,0.767
2025-08-14,22,BRpos,1.548
2025-08-14,22,BRneg,0.397
2025-08-14,23,BRpos,1.887
2025-08-14,23,BRneg,0.688
2025-08-14,24,BRpos,2.761
2025-08-14,24,BRneg,1.185
2025-08-14,25,BRpos,2.921
2025-08-14,25,BRneg,1.738
2025-08-14,26,BRpos,1.573
2025-08-14,26,BRneg,0.73
2025-08-14,27,BRpos,4.17
2025-08-14,27,BRneg,0.405
2025-08-14,28,BRpos,3.309
2025-08-14,28,BRneg,1.307
2025-08-14,29,BRpos,5.506
2025-08-14,29,BRneg,1.335
2025-08-14,30,BRpos,2.454
2025-08-14,30,BRneg,1.255
2025-08-14,31,BRpos,2.734
2025-08-14,31,BRneg,0.782
2025-08-14,32,BRpos,2.171
2025-08-14,32,BRneg,0.485
2025-08-14,33,BRpos,3.297
2025-08-14,33,BRneg,1.056
2025-08-14,34,BRpos,6.334
2025-08-14,34,BRneg,1.134
2025-08-14,35,BRpos,3.254
2025-08-14,35,BRneg,1.532
2025-08-14,36,BRpos,3.025
2025-08-14,36,BRneg,1.476
2025-08-14,37,BRpos,2.956
2025-08-14,37,BRneg,1.093
2025-08-14,38,BRpos,1.49
2025-08-14,38,BRneg,3.12
2025-08-14,39,BRpos,4.879
2025-08-14,39,BRneg,1.299
2025-08-14,40,BRpos,3.302
2025-08-14,40,BRneg,1.116
2025-08-14,41,BRpos,1.097
2025-08-14,41,BRneg,0.778
2025-08-14,42,BRpos,1.544
2025-08-14,42,BRneg,0.704
2025-08-14,43,BRpos,1.844
2025-08-14,43,BRneg,1.606
2025-08-14,44,BRpos,1.932
2025-08-14,44,BRneg,1.115
2025-08-14,45,BRpos,7.111
2025-08-14,45,BRneg,1.954
2025-08-14,46,BRpos,3.711
2025-08-14,46,BRneg,0.553
2025-08-14,47,BRpos,2.031
2025-08-14,47,BRneg,0.328
2025-08-14,48,BRpos,1.64
2025-08-14,48,BRneg,2.037
2025-08-15,1,BRpos,3.862
2025-08-15,1,BRneg,1.295
2025-08-15,2,BRpos,3.037
2025-08-15,2,BRneg,0.435
2025-08-15,3,BRpos,1.426
2025-08-15,3,BRneg,1.702
2025-08-15,4,BRpos,3.977
2025-08-15,4,BRneg,1.596
2025-08-15,5,BRpos,2.316
2025-08-15,5,BRneg,1.02
2025-08-15,6,BRpos,3.069
2025-08-15,6,BRneg,0.58
2025-08-15,7,BRpos,1.498
2025-08-15,7,BRneg,0.892
2025-08-15,8,BRpos,3.012
2025-08-15,8,BRneg,1.729
2025-08-15,9,BRpos,5.047
2025-08-15,9,BRneg,0.955
2025-08-15,10,BRpos,2.499
2025-08-15,10,BRneg,0.624
2025-08-15,11,BRpos,2.855
2025-08-15,11,BRneg,0.462
2025-08-15,12,BRpos,2.055
2025-08-15,12,BRneg,0.615
2025-08-15,13,BRpos,1.902
2025-08-15,13,BRneg,1.462
2025-08-15,14,BRpos,4.645
2025-08-15,14,BRneg,0.889
2025-08-15,15,BRpos,3.787
2025-08-15,15,BRneg,0.763
2025-08-15,16,BRpos,2.505
2025-08-15,16,BRneg,1.175
2025-08-15,17,BRpos,3.436
2025-08-15,17,BRneg,1.898
2025-08-15,18,BRpos,2.146
2025-08-15,18,BRneg,0.57
2025-08-15,19,BRpos,3.523
2025-08-15,19,BRneg,0.638
2025-08-15,20,BRpos,1.765
2025-08-15,20,BRneg,1.645
2025-08-15,21,BRpos,1.833
2025-08-15,21,BRneg,0.587
2025-08-15,22,BRpos,2.928
2025-08-15,22,BRneg,0.861
2025-08-15,23,BRpos,2.318
2025-08-15,23,BRneg,1.224
2025-08-15,24,BRpos,2.492
2025-08-15,24,BRneg,1.701
2025-08-15,25,BRpos,2.461
2025-08-15,25,BRneg,1.579
2025-08-15,26,BRpos,1.928
2025-08-15,26,BRneg,0.519
2025-08-15,27,BRpos,2.367
2025-08-15,27,BRneg,0.813
2025-08-15,28,BRpos,1.798
2025-08-15,28,BRneg,0.893
2025-08-15,29,BRpos,1.737
2025-08-15,29,BRneg,1.111
2025-08-15,30,BRpos,2.718
2025-08-15,30,BRneg,1.826
2025-08-15,31,BRpos,3.481
2025-08-15,31,BRneg,1.593
2025-08-15,32,BRpos,3.21
2025-08-15,32,BRneg,0.996
2025-08-15,33,BRpos,1.93
2025-08-15,33,BRneg,0.798
2025-08-15,34,BRpos,2.102
2025-08-15,34,BRneg,0.768
2025-08-15,35,BRpos,2.891
2025-08-15,35,BRneg,0.861
2025-08-15,36,BRpos,2.742
2025-08-15,36,BRneg,1.406
2025-08-15,37,BRpos,1.621
2025-08-15,37,BRneg,0.667
2025-08-15,38,BRpos,3.048
2025-08-15,38,BRneg,2.004
2025-08-15,39,BRpos,3.052
2025-08-15,39,BRneg,2.183
2025-08-15,40,BRpos,2.149
2025-08-15,40,BRneg,1.566
2025-08-15,41,BRpos,1.053
2025-08-15,41,BRneg,1.681
2025-08-15,42,BRpos,2.105
2025-08-15,42,BRneg,1.604
2025-08-15,43,BRpos,1.583
2025-08-15,43,BRneg,0.638
2025-08-15,44,BRpos,2.965
2025-08-15,44,BRneg,0.569
2025-08-15,45,BRpos,3.833
2025-08-15,45,BRneg,0.741
2025-08-15,46,BRpos,0.996
2025-08-15,46,BRneg,1.295
2025-08-15,47,BRpos,2.073
2025-08-15,47,BRneg,0.867
2025-08-15,48,BRpos,2.108
2025-08-15,48,BRneg,0.942
2025-08-16,1,BRpos,2.875
2025-08-16,1,BRneg,1.729
2025-08-16,2,BRpos,1.733
2025-08-16,2,BRneg,0.918
2025-08-16,3,BRpos,4.232
2025-08-16,3,BRneg,0.933
2025-08-16,4,BRpos,1.226
2025-08-16,4,BRneg,1.585
2025-08-16,5,BRpos,1.443
2025-08-16,5,BRneg,0.819
2025-08-16,6,BRpos,1.14
2025-08-16,6,BRneg,0.573
2025-08-16,7,BRpos,1.535
2025-08-16,7,BRneg,0.536
2025-08-16,8,BRpos,1.841
2025-08-16,8,BRneg,1.331
2025-08-16,9,BRpos,4.321
2025-08-16,9,BRneg,1.021
2025-08-16,10,BRpos,2.022
2025-08-16,10,BRneg,0.9
2025-08-16,11,BRpos,3.312
2025-08-16,11,BRneg,0.613
2025-08-16,12,BRpos,4.173
2025-08-16,12,BRneg,1.089
2025-08-16,13,BRpos,1.535
2025-08-16,13,BRneg,1.355
2025-08-16,14,BRpos,2.58
2025-08-16,14,BRneg,0.584
2025-08-16,15,BRpos,2.042
2025-08-16,15,BRneg,0.666
2025-08-16,16,BRpos,6.263
2025-08-16,16,BRneg,0.866
2025-08-16,17,BRpos,2.161
2025-08-16,17,BRneg,0.695
2025-08-16,18,BRpos,1.606
2025-08-16,18,BRneg,1.467
2025-08-16,19,BRpos,1.817
2025-08-16,19,BRneg,1.361
2025-08-16,20,BRpos,1.745
2025-08-16,20,BRneg,1.934
2025-08-16,21,BRpos,2.421
2025-08-16,21,BRneg,0.961
2025-08-16,22,BRpos,3.074
2025-08-16,22,BRneg,0.597
2025-08-16,23,BRpos,0.771
2025-08-16,23,BRneg,1.363
2025-08-16,24,BRpos,1.779
2025-08-16,24,BRneg,0.868
2025-08-16,25,BRpos,2.49
2025-08-16,25,BRneg,0.929
2025-08-16,26,BRpos,2.345
2025-08-16,26,BRneg,1.802
2025-08-16,27,BRpos,2.17
2025-08-16,27,BRneg,1.265
2025-08-16,28,BRpos,2.33
2025-08-16,28,BRneg,3.45
2025-08-16,29,BRpos,2.815
2025-08-16,29,BRneg,2.86
2025-08-16,30,BRpos,4.586
2025-08-16,30,BRneg,0.949
2025-08-16,31,BRpos,1.514
2025-08-16,31,BRneg,1.632
2025-08-16,32,BRpos,2.035
2025-08-16,32,BRneg,2.255
2025-08-16,33,BRpos,0.651
2025-08-16,33,BRneg,1.688
2025-08-16,34,BRpos,3.286
2025-08-16,34,BRneg,2.973
2025-08-16,35,BRpos,2.849
2025-08-16,35,BRneg,2.117
2025-08-16,36,BRpos,3.866
2025-08-16,36,BRneg,1.907
2025-08-16,37,BRpos,3.23
2025-08-16,37,BRneg,2.557
2025-08-16,38,BRpos,4.858
2025-08-16,38,BRneg,1.798
2025-08-16,39,BRpos,3.891
2025-08-16,39,BRneg,1.253
2025-08-16,40,BRpos,1.335
2025-08-16,40,BRneg,1.653
2025-08-16,41,BRpos,1.747
2025-08-16,41,BRneg,1.433
2025-08-16,42,BRpos,1.789
2025-08-16,42,BRneg,0.632
2025-08-16,43,BRpos,1.407
2025-08-16,43,BRneg,2.302
2025-08-16,44,BRpos,3.75
2025-08-16,44,BRneg,1.158
2025-08-16,45,BRpos,1.445
2025-08-16,45,BRneg,0.895
2025-08-16,46,BRpos,2.823
2025-08-16,46,BRneg,1.312
2025-08-16,47,BRpos,2.304
2025-08-16,47,BRneg,1.169
2025-08-16,48,BRpos,0.794
2025-08-16,48,BRneg,2.607
2025-08-17,1,BRpos,2.844
2025-08-17,1,BRneg,1.503
2025-08-17,2,BRpos,3.574
2025-08-17,2,BRneg,1.709
2025-08-17,3,BRpos,1.197
2025-08-17,3,BRneg,0.365
2025-08-17,4,BRpos,2.392
2025-08-17,4,BRneg,1.471
2025-08-17,5,BRpos,2.707
2025-08-17,5,BRneg,0.834
2025-08-17,6,BRpos,1.678
2025-08-17,6,BRneg,0.784
2025-08-17,7,BRpos,2.828
2025-08-17,7,BRneg,1.169
2025-08-17,8,BRpos,1.401
2025-08-17,8,BRneg,1.751
2025-08-17,9,BRpos,3.0
2025-08-17,9,BRneg,1.064
2025-08-17,10,BRpos,1.995
2025-08-17,10,BRneg,0.641
2025-08-17,11,BRpos,1.342
2025-08-17,11,BRneg,1.111
2025-08-17,12,BRpos,3.894
2025-08-17,12,BRneg,1.313
2025-08-17,13,BRpos,2.529
2025-08-17,13,BRneg,1.551
2025-08-17,14,BRpos,2.274
2025-08-17,14,BRneg,1.041
2025-08-17,15,BRpos,4.206
2025-08-17,15,BRneg,1.887
2025-08-17,16,BRpos,1.835
2025-08-17,16,BRneg,1.055
2025-08-17,17,BRpos,1.804
2025-08-17,17,BRneg,0.809
2025-08-17,18,BRpos,0.57
2025-08-17,18,BRneg,1.245
2025-08-17,19,BRpos,2.874
2025-08-17,19,BRneg,0.445
2025-08-17,20,BRpos,1.575
2025-08-17,20,BRneg,1.179
2025-08-17,21,BRpos,2.558
2025-08-17,21,BRneg,1.296
2025-08-17,22,BRpos,13.483
2025-08-17,22,BRneg,0.523
2025-08-17,23,BRpos,1.292
2025-08-17,23,BRneg,1.206
2025-08-17,24,BRpos,2.493
2025-08-17,24,BRneg,2.205
2025-08-17,25,BRpos,1.22
2025-08-17,25,BRneg,1.196
2025-08-17,26,BRpos,3.405
2025-08-17,26,BRneg,1.042
2025-08-17,27,BRpos,2.556
2025-08-17,27,BRneg,0.744
2025-08-17,28,BRpos,1.67
2025-08-17,28,BRneg,0.574
2025-08-17,29,BRpos,2.191
2025-08-17,29,BRneg,0.61
2025-08-17,30,BRpos,1.688
2025-08-17,30,BRneg,0.817
2025-08-17,31,BRpos,1.201
2025-08-17,31,BRneg,1.505
2025-08-17,32,BRpos,1.209
2025-08-17,32,BRneg,1.104
2025-08-17,33,BRpos,2.732
2025-08-17,33,BRneg,1.738
2025-08-17,34,BRpos,3.512
2025-08-17,34,BRneg,1.06
2025-08-17,35,BRpos,3.141
2025-08-17,35,BRneg,1.641
2025-08-17,36,BRpos,4.774
2025-08-17,36,BRneg,3.521
2025-08-17,37,BRpos,3.167
2025-08-17,37,BRneg,1.183
2025-08-17,38,BRpos,8.262
2025-08-17,38,BRneg,2.655
2025-08-17,39,BRpos,4.199
2025-08-17,39,BRneg,1.085
2025-08-17,40,BRpos,1.656
2025-08-17,40,BRneg,0.916
2025-08-17,41,BRpos,1.576
2025-08-17,41,BRneg,1.14
2025-08-17,42,BRpos,0.953
2025-08-17,42,BRneg,0.731
2025-08-17,43,BRpos,1.795
2025-08-17,43,BRneg,0.598
2025-08-17,44,BRpos,5.095
2025-08-17,44,BRneg,0.758
2025-08-17,45,BRpos,1.585
2025-08-17,45,BRneg,0.502
2025-08-17,46,BRpos,1.017
2025-08-17,46,BRneg,1.431
2025-08-17,47,BRpos,3.242
2025-08-17,47,BRneg,0.712
2025-08-17,48,BRpos,1.532
2025-08-17,48,BRneg,0.775
2025-08-18,1,BRpos,1.57
2025-08-18,1,BRneg,2.261
2025-08-18,2,BRpos,3.533
2025-08-18,2,BRneg,1.314
2025-08-18,3,BRpos,2.033
2025-08-18,3,BRneg,0.935
2025-08-18,4,BRpos,2.451
2025-08-18,4,BRneg,0.912
2025-08-18,5,BRpos,1.333
2025-08-18,5,BRneg,0.819
2025-08-18,6,BRpos,3.137
2025-08-18,6,BRneg,0.561
2025-08-18,7,BRpos,0.984
2025-08-18,7,BRneg,0.62
2025-08-18,8,BRpos,2.08
2025-08-18,8,BRneg,2.175
2025-08-18,9,BRpos,1.061
2025-08-18,9,BRneg,0.689
2025-08-18,10,BRpos,2.029
2025-08-18,10,BRneg,0.962
2025-08-18,11,BRpos,0.763
2025-08-18,11,BRneg,1.961
2025-08-18,12,BRpos,2.453
2025-08-18,12,BRneg,1.726
2025-08-18,13,BRpos,2.784
2025-08-18,13,BRneg,1.854
2025-08-18,14,BRpos,2.443
2025-08-18,14,BRneg,0.527
2025-08-18,15,BRpos,3.21
2025-08-18,15,BRneg,1.291
2025-08-18,16,BRpos,2.005
2025-08-18,16,BRneg,1.825
2025-08-18,17,BRpos,1.441
2025-08-18,17,BRneg,0.619
2025-08-18,18,BRpos,2.404
2025-08-18,18,BRneg,0.875
2025-08-18,19,BRpos,0.771
2025-08-18,19,BRneg,1.098
2025-08-18,20,BRpos,2.443
2025-08-18,20,BRneg,1.054
2025-08-18,21,BRpos,1.624
2025-08-18,21,BRneg,0.655
2025-08-18,22,BRpos,7.432
2025-08-18,22,BRneg,0.954
2025-08-18,23,BRpos,1.355
2025-08-18,23,BRneg,0.473
2025-08-18,24,BRpos,3.503
2025-08-18,24,BRneg,0.885
2025-08-18,25,BRpos,2.023
2025-08-18,25,BRneg,1.513
2025-08-18,26,BRpos,1.363
2025-08-18,26,BRneg,0.917
2025-08-18,27,BRpos,1.849
2025-08-18,27,BRneg,0.499
2025-08-18,28,BRpos,1.822
2025-08-18,28,BRneg,0.913
2025-08-18,29,BRpos,1.298
2025-08-18,29,BRneg,1.914
2025-08-18,30,BRpos,2.263
2025-08-18,30,BRneg,1.146
2025-08-18,31,BRpos,4.428
2025-08-18,31,BRneg,0.633
2025-08-18,32,BRpos,1.76
2025-08-18,32,BRneg,0.957
2025-08-18,33,BRpos,3.821
2025-08-18,33,BRneg,0.524
2025-08-18,34,BRpos,2.867
2025-08-18,34,BRneg,1.258
2025-08-18,35,BRpos,3.201
2025-08-18,35,BRneg,3.127
2025-08-18,36,BRpos,9.994
2025-08-18,36,BRneg,1.397
2025-08-18,37,BRpos,2.373
2025-08-18,37,BRneg,1.416
2025-08-18,38,BRpos,1.684
2025-08-18,38,BRneg,0.9
2025-08-18,39,BRpos,3.772
2025-08-18,39,BRneg,1.736
2025-08-18,40,BRpos,2.38
2025-08-18,40,BRneg,1.952
2025-08-18,41,BRpos,1.897
2025-08-18,41,BRneg,0.772
2025-08-18,42,BRpos,1.807
2025-08-18,42,BRneg,0.636
2025-08-18,43,BRpos,1.554
2025-08-18,43,BRneg,1.124
2025-08-18,44,BRpos,1.771
2025-08-18,44,BRneg,0.602
2025-08-18,45,BRpos,2.904
2025-08-18,45,BRneg,0.942
2025-08-18,46,BRpos,3.429
2025-08-18,46,BRneg,1.324
2025-08-18,47,BRpos,2.538
2025-08-18,47,BRneg,1.82
2025-08-18,48,BRpos,2.826
2025-08-18,48,BRneg,1.056
2025-08-19,1,BRpos,6.959
2025-08-19,1,BRneg,1.921
2025-08-19,2,BRpos,1.259
2025-08-19,2,BRneg,1.117
2025-08-19,3,BRpos,2.301
2025-08-19,3,BRneg,0.475
2025-08-19,4,BRpos,3.356
2025-08-19,4,BRneg,0.722
2025-08-19,5,BRpos,1.918
2025-08-19,5,BRneg,0.619
2025-08-19,6,BRpos,7.51
2025-08-19,6,BRneg,0.809
2025-08-19,7,BRpos,4.288
2025-08-19,7,BRneg,0.933
2025-08-19,8,BRpos,3.823
2025-08-19,8,BRneg,0.661
2025-08-19,9,BRpos,1.876
2025-08-19,9,BRneg,1.179
2025-08-19,10,BRpos,2.989
2025-08-19,10,BRneg,0.921
2025-08-19,11,BRpos,2.392
2025-08-19,11,BRneg,2.285
2025-08-19,12,BRpos,1.263
2025-08-19,12,BRneg,0.951
2025-08-19,13,BRpos,1.254
2025-08-19,13,BRneg,0.293
2025-08-19,14,BRpos,1.423
2025-08-19,14,BRneg,1.146
2025-08-19,15,BRpos,1.395
2025-08-19,15,BRneg,1.228
2025-08-19,16,BRpos,2.623
2025-08-19,16,BRneg,0.854
2025-08-19,17,BRpos,1.369
2025-08-19,17,BRneg,1.559
2025-08-19,18,BRpos,1.623
2025-08-19,18,BRneg,0.886
2025-08-19,19,BRpos,1.736
2025-08-19,19,BRneg,1.262
2025-08-19,20,BRpos,2.431
2025-08-19,20,BRneg,0.833
2025-08-19,21,BRpos,2.562
2025-08-19,21,BRneg,0.573
2025-08-19,22,BRpos,1.043
2025-08-19,22,BRneg,1.442
2025-08-19,23,BRpos,1.812
2025-08-19,23,BRneg,1.43
2025-08-19,24,BRpos,1.456
2025-08-19,24,BRneg,1.472
2025-08-19,25,BRpos,3.48
2025-08-19,25,BRneg,1.138
2025-08-19,26,BRpos,1.433
2025-08-19,26,BRneg,0.685
2025-08-19,27,BRpos,4.833
2025-08-19,27,BRneg,0.673
2025-08-19,28,BRpos,2.293
2025-08-19,28,BRneg,0.975
2025-08-19,29,BRpos,3.53
2025-08-19,29,BRneg,0.921
2025-08-19,30,BRpos,3.003
2025-08-19,30,BRneg,1.158
2025-08-19,31,BRpos,2.379
2025-08-19,31,BRneg,1.85
2025-08-19,32,BRpos,3.37
2025-08-19,32,BRneg,1.471
2025-08-19,33,BRpos,1.904
2025-08-19,33,BRneg,1.464
2025-08-19,34,BRpos,2.394
2025-08-19,34,BRneg,1.215
2025-08-19,35,BRpos,2.76
2025-08-19,35,BRneg,1.46
2025-08-19,36,BRpos,2.888
2025-08-19,36,BRneg,1.578
2025-08-19,37,BRpos,3.943
2025-08-19,37,BRneg,2.312
2025-08-19,38,BRpos,6.186
2025-08-19,38,BRneg,0.753
2025-08-19,39,BRpos,2.919
2025-08-19,39,BRneg,1.144
2025-08-19,40,BRpos,1.246
2025-08-19,40,BRneg,2.039
2025-08-19,41,BRpos,1.352
2025-08-19,41,BRneg,0.861
2025-08-19,42,BRpos,2.208
2025-08-19,42,BRneg,0.998
2025-08-19,43,BRpos,1.833
2025-08-19,43,BRneg,0.954
2025-08-19,44,BRpos,1.535
2025-08-19,44,BRneg,0.811
2025-08-19,45,BRpos,2.325
2025-08-19,45,BRneg,1.125
2025-08-19,46,BRpos,1.869
2025-08-19,46,BRneg,0.798
2025-08-19,47,BRpos,0.754
2025-08-19,47,BRneg,0.311
2025-08-19,48,BRpos,2.047
2025-08-19,48,BRneg,0.379
2025-08-20,1,BRpos,2.235
2025-08-20,1,BRneg,1.029
2025-08-20,2,BRpos,2.621
2025-08-20,2,BRneg,0.797
2025-08-20,3,BRpos,0.869
2025-08-20,3,BRneg,1.175
2025-08-20,4,BRpos,1.027
2025-08-20,4,BRneg,1.217
2025-08-20,5,BRpos,2.652
2025-08-20,5,BRneg,1.557
2025-08-20,6,BRpos,3.179
2025-08-20,6,BRneg,1.533
2025-08-20,7,BRpos,3.0
2025-08-20,7,BRneg,1.681
2025-08-20,8,BRpos,1.702
2025-08-20,8,BRneg,0.702
2025-08-20,9,BRpos,2.729
2025-08-20,9,BRneg,1.01
2025-08-20,10,BRpos,4.111
2025-08-20,10,BRneg,0.629
2025-08-20,11,BRpos,1.463
2025-08-20,11,BRneg,0.715
2025-08-20,12,BRpos,0.874
2025-08-20,12,BRneg,0.847
2025-08-20,13,BRpos,2.721
2025-08-20,13,BRneg,1.39
2025-08-20,14,BRpos,1.34
2025-08-20,14,BRneg,0.629
2025-08-20,15,BRpos,2.357
2025-08-20,15,BRneg,1.501
2025-08-20,16,BRpos,1.569
2025-08-20,16,BRneg,0.82
2025-08-20,17,BRpos,1.01
2025-08-20,17,BRneg,1.542
2025-08-20,18,BRpos,3.376
2025-08-20,18,BRneg,0.346
2025-08-20,19,BRpos,3.567
2025-08-20,19,BRneg,2.324
2025-08-20,20,BRpos,3.546
2025-08-20,20,BRneg,2.834
2025-08-20,21,BRpos,3.292
2025-08-20,21,BRneg,0.771
2025-08-20,22,BRpos,1.401
2025-08-20,22,BRneg,1.695
2025-08-20,23,BRpos,2.25
2025-08-20,23,BRneg,0.814
2025-08-20,24,BRpos,2.869
2025-08-20,24,BRneg,2.432
2025-08-20,25,BRpos,1.735
2025-08-20,25,BRneg,1.101
2025-08-20,26,BRpos,3.078
2025-08-20,26,BRneg,1.439
2025-08-20,27,BRpos,1.364
2025-08-20,27,BRneg,1.159
2025-08-20,28,BRpos,0.718
2025-08-20,28,BRneg,1.274
2025-08-20,29,BRpos,1.385
2025-08-20,29,BRneg,1.434
2025-08-20,30,BRpos,3.187
2025-08-20,30,BRneg,0.804
2025-08-20,31,BRpos,2.111
2025-08-20,31,BRneg,0.84
2025-08-20,32,BRpos,4.649
2025-08-20,32,BRneg,0.47
2025-08-20,33,BRpos,2.795
2025-08-20,33,BRneg,0.672
2025-08-20,34,BRpos,1.527
2025-08-20,34,BRneg,0.667
2025-08-20,35,BRpos,3.738
2025-08-20,35,BRneg,1.392
2025-08-20,36,BRpos,3.353
2025-08-20,36,BRneg,1.216
2025-08-20,37,BRpos,2.874
2025-08-20,37,BRneg,2.041
2025-08-20,38,BRpos,1.837
2025-08-20,38,BRneg,1.489
2025-08-20,39,BRpos,2.746
2025-08-20,39,BRneg,1.246
2025-08-20,40,BRpos,3.328
2025-08-20,40,BRneg,2.945
2025-08-20,41,BRpos,1.606
2025-08-20,41,BRneg,0.779
2025-08-20,42,BRpos,1.422
2025-08-20,42,BRneg,0.626
2025-08-20,43,BRpos,2.139
2025-08-20,43,BRneg,0.558
2025-08-20,44,BRpos,1.805
2025-08-20,44,BRneg,0.724
2025-08-20,45,BRpos,3.346
2025-08-20,45,BRneg,1.112
2025-08-20,46,BRpos,2.166
2025-08-20,46,BRneg,0.942
2025-08-20,47,BRpos,1.33
2025-08-20,47,BRneg,0.564
2025-08-20,48,BRpos,3.332
2025-08-20,48,BRneg,1.823
2025-08-21,1,BRpos,5.357
2025-08-21,1,BRneg,0.743
2025-08-21,2,BRpos,2.017
2025-08-21,2,BRneg,0.908
2025-08-21,3,BRpos,3.114
2025-08-21,3,BRneg,1.739
2025-08-21,4,BRpos,1.068
2025-08-21,4,BRneg,0.817
2025-08-21,5,BRpos,2.12
2025-08-21,5,BRneg,1.304
2025-08-21,6,BRpos,2.418
2025-08-21,6,BRneg,0.897
2025-08-21,7,BRpos,1.01
2025-08-21,7,BRneg,1.009
2025-08-21,8,BRpos,1.452
2025-08-21,8,BRneg,0.938
2025-08-21,9,BRpos,1.764
2025-08-21,9,BRneg,2.063
2025-08-21,10,BRpos,2.123
2025-08-21,10,BRneg,2.35
2025-08-21,11,BRpos,1.168
2025-08-21,11,BRneg,0.574
2025-08-21,12,BRpos,2.201
2025-08-21,12,BRneg,1.528
2025-08-21,13,BRpos,2.65
2025-08-21,13,BRneg,0.909
2025-08-21,14,BRpos,1.915
2025-08-21,14,BRneg,2.414
2025-08-21,15,BRpos,2.135
2025-08-21,15,BRneg,1.187
2025-08-21,16,BRpos,2.563
2025-08-21,16,BRneg,0.771
2025-08-21,17,BRpos,1.544
2025-08-21,17,BRneg,1.403
2025-08-21,18,BRpos,1.198
2025-08-21,18,BRneg,0.897
2025-08-21,19,BRpos,1.141
2025-08-21,19,BRneg,2.093
2025-08-21,20,BRpos,3.935
2025-08-21,20,BRneg,0.872
2025-08-21,21,BRpos,2.55
2025-08-21,21,BRneg,0.78
2025-08-21,22,BRpos,3.332
2025-08-21,22,BRneg,1.056
2025-08-21,23,BRpos,2.134
2025-08-21,23,BRneg,1.38
2025-08-21,24,BRpos,3.067
2025-08-21,24,BRneg,1.004
2025-08-21,25,BRpos,3.152
2025-08-21,25,BRneg,0.77
2025-08-21,26,BRpos,2.629
2025-08-21,26,BRneg,1.504
2025-08-21,27,BRpos,1.665
2025-08-21,27,BRneg,0.721
2025-08-21,28,BRpos,5.623
2025-08-21,28,BRneg,0.688
2025-08-21,29,BRpos,1.336
2025-08-21,29,BRneg,1.476
2025-08-21,30,BRpos,3.625
2025-08-21,30,BRneg,0.919
2025-08-21,31,BRpos,2.135
2025-08-21,31,BRneg,0.571
2025-08-21,32,BRpos,3.211
2025-08-21,32,BRneg,1.089
2025-08-21,33,BRpos,4.129
2025-08-21,33,BRneg,0.688
2025-08-21,34,BRpos,5.169
2025-08-21,34,BRneg,3.83
2025-08-21,35,BRpos,8.255
2025-08-21,35,BRneg,0.73
2025-08-21,36,BRpos,7.017
2025-08-21,36,BRneg,1.042
2025-08-21,37,BRpos,4.651
2025-08-21,37,BRneg,1.522
2025-08-21,38,BRpos,2.094
2025-08-21,38,BRneg,1.338
2025-08-21,39,BRpos,5.996
2025-08-21,39,BRneg,1.291
2025-08-21,40,BRpos,1.198
2025-08-21,40,BRneg,1.037
2025-08-21,41,BRpos,1.032
2025-08-21,41,BRneg,1.516
2025-08-21,42,BRpos,1.35
2025-08-21,42,BRneg,1.257
2025-08-21,43,BRpos,4.698
2025-08-21,43,BRneg,0.85
2025-08-21,44,BRpos,2.3
2025-08-21,44,BRneg,1.572
2025-08-21,45,BRpos,1.546
2025-08-21,45,BRneg,0.838
2025-08-21,46,BRpos,3.336
2025-08-21,46,BRneg,1.691
2025-08-21,47,BRpos,1.93
2025-08-21,47,BRneg,1.51
2025-08-21,48,BRpos,3.392
2025-08-21,48,BRneg,1.612
2025-08-22,1,BRpos,3.277
2025-08-22,1,BRneg,1.668
2025-08-22,2,BRpos,1.823
2025-08-22,2,BRneg,1.836
2025-08-22,3,BRpos,3.19
2025-08-22,3,BRneg,0.891
2025-08-22,4,BRpos,1.678
2025-08-22,4,BRneg,0.509
2025-08-22,5,BRpos,2.224
2025-08-22,5,BRneg,0.93
2025-08-22,6,BRpos,4.535
2025-08-22,6,BRneg,1.055
2025-08-22,7,BRpos,3.948
2025-08-22,7,BRneg,1.93
2025-08-22,8,BRpos,3.491
2025-08-22,8,BRneg,0.869
2025-08-22,9,BRpos,2.851
2025-08-22,9,BRneg,1.595
2025-08-22,10,BRpos,3.663
2025-08-22,10,BRneg,1.223
2025-08-22,11,BRpos,1.663
2025-08-22,11,BRneg,1.461
2025-08-22,12,BRpos,1.829
2025-08-22,12,BRneg,1.294
2025-08-22,13,BRpos,3.733
2025-08-22,13,BRneg,1.297
2025-08-22,14,BRpos,1.021
2025-08-22,14,BRneg,0.735
2025-08-22,15,BRpos,6.539
2025-08-22,15,BRneg,0.829
2025-08-22,16,BRpos,2.653
2025-08-22,16,BRneg,1.917
2025-08-22,17,BRpos,1.718
2025-08-22,17,BRneg,1.782
2025-08-22,18,BRpos,2.088
2025-08-22,18,BRneg,1.932
2025-08-22,19,BRpos,1.309
2025-08-22,19,BRneg,0.765
2025-08-22,20,BRpos,2.418
2025-08-22,20,BRneg,0.869
2025-08-22,21,BRpos,3.272
2025-08-22,21,BRneg,1.302
2025-08-22,22,BRpos,1.037
2025-08-22,22,BRneg,1.113
2025-08-22,23,BRpos,0.905
2025-08-22,23,BRneg,1.51
2025-08-22,24,BRpos,2.977
2025-08-22,24,BRneg,1.344
2025-08-22,25,BRpos,1.071
2025-08-22,25,BRneg,0.703
2025-08-22,26,BRpos,2.031
2025-08-22,26,BRneg,0.777
2025-08-22,27,BRpos,2.523
2025-08-22,27,BRneg,0.547
2025-08-22,28,BRpos,1.755
2025-08-22,28,BRneg,1.199
2025-08-22,29,BRpos,2.689
2025-08-22,29,BRneg,2.041
2025-08-22,30,BRpos,1.808
2025-08-22,30,BRneg,1.515
2025-08-22,31,BRpos,1.526
2025-08-22,31,BRneg,2.311
2025-08-22,32,BRpos,1.627
2025-08-22,32,BRneg,1.672
2025-08-22,33,BRpos,3.203
2025-08-22,33,BRneg,0.682
2025-08-22,34,BRpos,6.662
2025-08-22,34,BRneg,2.428
2025-08-22,35,BRpos,3.474
2025-08-22,35,BRneg,0.935
2025-08-22,36,BRpos,1.32
2025-08-22,36,BRneg,1.833
2025-08-22,37,BRpos,3.632
2025-08-22,37,BRneg,1.499
2025-08-22,38,BRpos,2.519
2025-08-22,38,BRneg,2.203
2025-08-22,39,BRpos,3.617
2025-08-22,39,BRneg,0.836
2025-08-22,40,BRpos,2.394
2025-08-22,40,BRneg,1.207
2025-08-22,41,BRpos,1.8
2025-08-22,41,BRneg,1.126
2025-08-22,42,BRpos,6.021
2025-08-22,42,BRneg,0.723
2025-08-22,43,BRpos,3.294
2025-08-22,43,BRneg,1.34
2025-08-22,44,BRpos,1.95
2025-08-22,44,BRneg,1.636
2025-08-22,45,BRpos,2.269
2025-08-22,45,BRneg,0.724
2025-08-22,46,BRpos,4.341
2025-08-22,46,BRneg,1.209
2025-08-22,47,BRpos,3.383
2025-08-22,47,BRneg,1.801
2025-08-22,48,BRpos,1.691
2025-08-22,48,BRneg,1.129
2025-08-23,1,BRpos,1.288
2025-08-23,1,BRneg,0.603
2025-08-23,2,BRpos,4.67
2025-08-23,2,BRneg,1.124
2025-08-23,3,BRpos,1.732
2025-08-23,3,BRneg,0.768
2025-08-23,4,BRpos,1.927
2025-08-23,4,BRneg,0.908
2025-08-23,5,BRpos,1.582
2025-08-23,5,BRneg,0.895
2025-08-23,6,BRpos,5.264
2025-08-23,6,BRneg,0.579
2025-08-23,7,BRpos,1.947
2025-08-23,7,BRneg,0.52
2025-08-23,8,BRpos,3.344
2025-08-23,8,BRneg,0.871
2025-08-23,9,BRpos,2.292
2025-08-23,9,BRneg,0.882
2025-08-23,10,BRpos,0.885
2025-08-23,10,BRneg,0.459
2025-08-23,11,BRpos,1.99
2025-08-23,11,BRneg,1.454
2025-08-23,12,BRpos,3.792
2025-08-23,12,BRneg,1.79
2025-08-23,13,BRpos,3.295
2025-08-23,13,BRneg,1.533
2025-08-23,14,BRpos,3.038
2025-08-23,14,BRneg,0.549
2025-08-23,15,BRpos,3.657
2025-08-23,15,BRneg,2.121
2025-08-23,16,BRpos,2.06
2025-08-23,16,BRneg,2.489
2025-08-23,17,BRpos,3.876
2025-08-23,17,BRneg,1.079
2025-08-23,18,BRpos,1.808
2025-08-23,18,BRneg,1.29
2025-08-23,19,BRpos,2.017
2025-08-23,19,BRneg,1.896
2025-08-23,20,BRpos,2.507
2025-08-23,20,BRneg,0.864
2025-08-23,21,BRpos,2.526
2025-08-23,21,BRneg,1.214
2025-08-23,22,BRpos,1.847
2025-08-23,22,BRneg,1.98
2025-08-23,23,BRpos,4.447
2025-08-23,23,BRneg,0.976
2025-08-23,24,BRpos,2.542
2025-08-23,24,BRneg,1.985
2025-08-23,25,BRpos,2.677
2025-08-23,25,BRneg,0.864
2025-08-23,26,BRpos,1.969
2025-08-23,26,BRneg,0.753
2025-08-23,27,BRpos,1.729
2025-08-23,27,BRneg,1.316
2025-08-23,28,BRpos,2.081
2025-08-23,28,BRneg,0.586
2025-08-23,29,BRpos,6.38
2025-08-23,29,BRneg,0.796
2025-08-23,30,BRpos,2.191
2025-08-23,30,BRneg,1.493
2025-08-23,31,BRpos,2.665
2025-08-23,31,BRneg,0.606
2025-08-23,32,BRpos,1.917
2025-08-23,32,BRneg,0.859
2025-08-23,33,BRpos,1.607
2025-08-23,33,BRneg,0.756
2025-08-23,34,BRpos,4.992
2025-08-23,34,BRneg,1.338
2025-08-23,35,BRpos,2.257
2025-08-23,35,BRneg,0.697
2025-08-23,36,BRpos,6.783
2025-08-23,36,BRneg,2.149
2025-08-23,37,BRpos,3.876
2025-08-23,37,BRneg,0.556
2025-08-23,38,BRpos,3.259
2025-08-23,38,BRneg,3.212
2025-08-23,39,BRpos,2.467
2025-08-23,39,BRneg,2.654
2025-08-23,40,BRpos,1.508
2025-08-23,40,BRneg,0.784
2025-08-23,41,BRpos,2.711
2025-08-23,41,BRneg,0.499
2025-08-23,42,BRpos,1.875
2025-08-23,42,BRneg,0.993
2025-08-23,43,BRpos,4.343
2025-08-23,43,BRneg,1.135
2025-08-23,44,BRpos,2.435
2025-08-23,44,BRneg,1.284
2025-08-23,45,BRpos,4.315
2025-08-23,45,BRneg,0.548
2025-08-23,46,BRpos,2.479
2025-08-23,46,BRneg,1.206
2025-08-23,47,BRpos,1.529
2025-08-23,47,BRneg,1.184
2025-08-23,48,BRpos,1.997
2025-08-23,48,BRneg,0.521
2025-08-24,1,BRpos,4.304
2025-08-24,1,BRneg,0.703
2025-08-24,2,BRpos,2.961
2025-08-24,2,BRneg,1.586
2025-08-24,3,BRpos,5.09
2025-08-24,3,BRneg,2.536
2025-08-24,4,BRpos,1.735
2025-08-24,4,BRneg,1.11
2025-08-24,5,BRpos,2.68
2025-08-24,5,BRneg,1.357
2025-08-24,6,BRpos,4.058
2025-08-24,6,BRneg,1.014
2025-08-24,7,BRpos,4.665
2025-08-24,7,BRneg,0.821
2025-08-24,8,BRpos,1.14
2025-08-24,8,BRneg,1.256
2025-08-24,9,BRpos,6.379
2025-08-24,9,BRneg,0.699
2025-08-24,10,BRpos,2.335
2025-08-24,10,BRneg,1.79
2025-08-24,11,BRpos,4.41
2025-08-24,11,BRneg,0.991
2025-08-24,12,BRpos,3.005
2025-08-24,12,BRneg,1.162
2025-08-24,13,BRpos,2.55
2025-08-24,13,BRneg,0.673
2025-08-24,14,BRpos,3.071
2025-08-24,14,BRneg,0.77
2025-08-24,15,BRpos,2.196
2025-08-24,15,BRneg,0.74
2025-08-24,16,BRpos,1.814
2025-08-24,16,BRneg,0.621
2025-08-24,17,BRpos,2.323
2025-08-24,17,BRneg,1.343
2025-08-24,18,BRpos,1.903
2025-08-24,18,BRneg,0.692
2025-08-24,19,BRpos,1.976
2025-08-24,19,BRneg,1.435
2025-08-24,20,BRpos,3.319
2025-08-24,20,BRneg,1.264
2025-08-24,21,BRpos,1.804
2025-08-24,21,BRneg,0.931
2025-08-24,22,BRpos,2.066
2025-08-24,22,BRneg,0.593
2025-08-24,23,BRpos,1.378
2025-08-24,23,BRneg,0.892
2025-08-24,24,BRpos,2.975
2025-08-24,24,BRneg,0.969
2025-08-24,25,BRpos,2.003
2025-08-24,25,BRneg,1.395
2025-08-24,26,BRpos,2.169
2025-08-24,26,BRneg,1.651
2025-08-24,27,BRpos,1.655
2025-08-24,27,BRneg,1.298
2025-08-24,28,BRpos,3.13
2025-08-24,28,BRneg,0.792
2025-08-24,29,BRpos,3.426
2025-08-24,29,BRneg,0.801
2025-08-24,30,BRpos,1.832
2025-08-24,30,BRneg,0.996
2025-08-24,31,BRpos,2.489
2025-08-24,31,BRneg,0.493
2025-08-24,32,BRpos,2.802
2025-08-24,32,BRneg,0.527
2025-08-24,33,BRpos,2.729
2025-08-24,33,BRneg,1.589
2025-08-24,34,BRpos,3.743
2025-08-24,34,BRneg,0.965
2025-08-24,35,BRpos,3.028
2025-08-24,35,BRneg,0.357
2025-08-24,36,BRpos,4.57
2025-08-24,36,BRneg,1.203
2025-08-24,37,BRpos,3.606
2025-08-24,37,BRneg,0.775
2025-08-24,38,BRpos,4.969
2025-08-24,38,BRneg,1.347
2025-08-24,39,BRpos,4.412
2025-08-24,39,BRneg,1.991
2025-08-24,40,BRpos,2.158
2025-08-24,40,BRneg,1.186
2025-08-24,41,BRpos,1.219
2025-08-24,41,BRneg,0.792
2025-08-24,42,BRpos,2.594
2025-08-24,42,BRneg,1.355
2025-08-24,43,BRpos,1.95
2025-08-24,43,BRneg,1.042
2025-08-24,44,BRpos,1.353
2025-08-24,44,BRneg,0.937
2025-08-24,45,BRpos,2.268
2025-08-24,45,BRneg,0.714
2025-08-24,46,BRpos,3.026
2025-08-24,46,BRneg,1.637
2025-08-24,47,BRpos,1.501
2025-08-24,47,BRneg,1.765
2025-08-24,48,BRpos,2.424
2025-08-24,48,BRneg,2.158
2025-08-25,1,BRpos,1.715
2025-08-25,1,BRneg,2.09
2025-08-25,2,BRpos,3.923
2025-08-25,2,BRneg,1.258
2025-08-25,3,BRpos,1.933
2025-08-25,3,BRneg,0.927
2025-08-25,4,BRpos,1.693
2025-08-25,4,BRneg,0.784
2025-08-25,5,BRpos,2.518
2025-08-25,5,BRneg,0.802
2025-08-25,6,BRpos,1.626
2025-08-25,6,BRneg,0.332
2025-08-25,7,BRpos,2.547
2025-08-25,7,BRneg,1.132
2025-08-25,8,BRpos,2.242
2025-08-25,8,BRneg,0.957
2025-08-25,9,BRpos,2.914
2025-08-25,9,BRneg,0.882
2025-08-25,10,BRpos,2.684
2025-08-25,10,BRneg,0.836
2025-08-25,11,BRpos,1.175
2025-08-25,11,BRneg,0.562
2025-08-25,12,BRpos,2.159
2025-08-25,12,BRneg,1.325
2025-08-25,13,BRpos,1.969
2025-08-25,13,BRneg,1.512
2025-08-25,14,BRpos,2.688
2025-08-25,14,BRneg,0.933
2025-08-25,15,BRpos,3.829
2025-08-25,15,BRneg,1.501
2025-08-25,16,BRpos,1.573
2025-08-25,16,BRneg,1.564
2025-08-25,17,BRpos,0.8
2025-08-25,17,BRneg,0.55
2025-08-25,18,BRpos,1.192
2025-08-25,18,BRneg,0.426
2025-08-25,19,BRpos,1.631
2025-08-25,19,BRneg,0.601
2025-08-25,20,BRpos,2.523
2025-08-25,20,BRneg,0.468
2025-08-25,21,BRpos,2.583
2025-08-25,21,BRneg,0.559
2025-08-25,22,BRpos,3.458
2025-08-25,22,BRneg,1.002
2025-08-25,23,BRpos,0.804
2025-08-25,23,BRneg,1.332
2025-08-25,24,BRpos,2.694
2025-08-25,24,BRneg,0.936
2025-08-25,25,BRpos,1.751
2025-08-25,25,BRneg,1.724
2025-08-25,26,BRpos,1.739
2025-08-25,26,BRneg,1.691
2025-08-25,27,BRpos,3.989
2025-08-25,27,BRneg,0.899
2025-08-25,28,BRpos,1.702
2025-08-25,28,BRneg,1.485
2025-08-25,29,BRpos,2.709
2025-08-25,29,BRneg,1.092
2025-08-25,30,BRpos,1.769
2025-08-25,30,BRneg,0.847
2025-08-25,31,BRpos,2.777
2025-08-25,31,BRneg,1.27
2025-08-25,32,BRpos,1.514
2025-08-25,32,BRneg,0.775
2025-08-25,33,BRpos,3.6
2025-08-25,33,BRneg,1.045
2025-08-25,34,BRpos,1.945
2025-08-25,34,BRneg,1.533
2025-08-25,35,BRpos,3.584
2025-08-25,35,BRneg,1.529
2025-08-25,36,BRpos,4.889
2025-08-25,36,BRneg,1.4
2025-08-25,37,BRpos,7.807
2025-08-25,37,BRneg,2.32
2025-08-25,38,BRpos,2.699
2025-08-25,38,BRneg,2.098
2025-08-25,39,BRpos,3.48
2025-08-25,39,BRneg,2.965
2025-08-25,40,BRpos,1.405
2025-08-25,40,BRneg,0.987
2025-08-25,41,BRpos,2.245
2025-08-25,41,BRneg,1.335
2025-08-25,42,BRpos,1.948
2025-08-25,42,BRneg,0.876
2025-08-25,43,BRpos,1.234
2025-08-25,43,BRneg,0.969
2025-08-25,44,BRpos,3.605
2025-08-25,44,BRneg,1.587
2025-08-25,45,BRpos,7.27
2025-08-25,45,BRneg,0.949
2025-08-25,46,BRpos,1.165
2025-08-25,46,BRneg,1.275
2025-08-25,47,BRpos,3.195
2025-08-25,47,BRneg,0.801
2025-08-25,48,BRpos,1.824
2025-08-25,48,BRneg,0.813
2025-08-26,1,BRpos,1.666
2025-08-26,1,BRneg,1.152
2025-08-26,2,BRpos,3.906
2025-08-26,2,BRneg,2.214
2025-08-26,3,BRpos,2.041
2025-08-26,3,BRneg,1.21
2025-08-26,4,BRpos,2.847
2025-08-26,4,BRneg,0.854
2025-08-26,5,BRpos,3.607
2025-08-26,5,BRneg,1.582
2025-08-26,6,BRpos,3.727
2025-08-26,6,BRneg,1.474
2025-08-26,7,BRpos,1.151
2025-08-26,7,BRneg,0.736
2025-08-26,8,BRpos,4.651
2025-08-26,8,BRneg,1.341
2025-08-26,9,BRpos,1.649
2025-08-26,9,BRneg,0.99
2025-08-26,10,BRpos,1.668
2025-08-26,10,BRneg,0.787
2025-08-26,11,BRpos,2.352
2025-08-26,11,BRneg,1.283
2025-08-26,12,BRpos,2.058
2025-08-26,12,BRneg,0.898
2025-08-26,13,BRpos,2.028
2025-08-26,13,BRneg,0.812
2025-08-26,14,BRpos,1.577
2025-08-26,14,BRneg,0.665
2025-08-26,15,BRpos,2.126
2025-08-26,15,BRneg,1.529
2025-08-26,16,BRpos,2.444
2025-08-26,16,BRneg,0.784
2025-08-26,17,BRpos,1.425
2025-08-26,17,BRneg,1.127
2025-08-26,18,BRpos,2.165
2025-08-26,18,BRneg,1.395
2025-08-26,19,BRpos,2.728
2025-08-26,19,BRneg,0.979
2025-08-26,20,BRpos,2.57
2025-08-26,20,BRneg,0.648
2025-08-26,21,BRpos,1.819
2025-08-26,21,BRneg,0.858
2025-08-26,22,BRpos,1.877
2025-08-26,22,BRneg,1.621
2025-08-26,23,BRpos,3.677
2025-08-26,23,BRneg,2.874
2025-08-26,24,BRpos,3.573
2025-08-26,24,BRneg,0.864
2025-08-26,25,BRpos,3.483
2025-08-26,25,BRneg,2.08
2025-08-26,26,BRpos,2.963
2025-08-26,26,BRneg,0.851
2025-08-26,27,BRpos,3.27
2025-08-26,27,BRneg,0.93
2025-08-26,28,BRpos,1.398
2025-08-26,28,BRneg,0.929
2025-08-26,29,BRpos,2.841
2025-08-26,29,BRneg,1.022
2025-08-26,30,BRpos,1.358
2025-08-26,30,BRneg,0.597
2025-08-26,31,BRpos,2.918
2025-08-26,31,BRneg,1.46
2025-08-26,32,BRpos,1.886
2025-08-26,32,BRneg,1.316
2025-08-26,33,BRpos,1.439
2025-08-26,33,BRneg,1.458
2025-08-26,34,BRpos,2.425
2025-08-26,34,BRneg,2.118
2025-08-26,35,BRpos,2.745
2025-08-26,35,BRneg,0.848
2025-08-26,36,BRpos,1.888
2025-08-26,36,BRneg,2.773
2025-08-26,37,BRpos,2.695
2025-08-26,37,BRneg,1.648
2025-08-26,38,BRpos,1.612
2025-08-26,38,BRneg,0.61
2025-08-26,39,BRpos,1.683
2025-08-26,39,BRneg,1.532
2025-08-26,40,BRpos,2.496
2025-08-26,40,BRneg,2.263
2025-08-26,41,BRpos,4.125
2025-08-26,41,BRneg,1.41
2025-08-26,42,BRpos,4.866
2025-08-26,42,BRneg,0.756
2025-08-26,43,BRpos,1.963
2025-08-26,43,BRneg,1.808
2025-08-26,44,BRpos,0.715
2025-08-26,44,BRneg,0.904
2025-08-26,45,BRpos,1.996
2025-08-26,45,BRneg,1.533
2025-08-26,46,BRpos,1.725
2025-08-26,46,BRneg,1.033
2025-08-26,47,BRpos,1.569
2025-08-26,47,BRneg,1.586
2025-08-26,48,BRpos,3.508
2025-08-26,48,BRneg,1.095
2025-08-27,1,BRpos,3.384
2025-08-27,1,BRneg,1.34
2025-08-27,2,BRpos,2.648
2025-08-27,2,BRneg,1.36
2025-08-27,3,BRpos,2.24
2025-08-27,3,BRneg,0.824
2025-08-27,4,BRpos,1.491
2025-08-27,4,BRneg,2.915
2025-08-27,5,BRpos,1.321
2025-08-27,5,BRneg,0.774
2025-08-27,6,BRpos,2.442
2025-08-27,6,BRneg,0.811
2025-08-27,7,BRpos,2.226
2025-08-27,7,BRneg,0.488
2025-08-27,8,BRpos,0.822
2025-08-27,8,BRneg,1.441
2025-08-27,9,BRpos,2.081
2025-08-27,9,BRneg,0.715
2025-08-27,10,BRpos,0.761
2025-08-27,10,BRneg,1.76
2025-08-27,11,BRpos,2.108
2025-08-27,11,BRneg,0.726
2025-08-27,12,BRpos,2.86
2025-08-27,12,BRneg,1.034
2025-08-27,13,BRpos,3.756
2025-08-27,13,BRneg,2.049
2025-08-27,14,BRpos,1.442
2025-08-27,14,BRneg,1.287
2025-08-27,15,BRpos,4.698
2025-08-27,15,BRneg,1.013
2025-08-27,16,BRpos,2.263
2025-08-27,16,BRneg,2.105
2025-08-27,17,BRpos,2.371
2025-08-27,17,BRneg,1.211
2025-08-27,18,BRpos,3.738
2025-08-27,18,BRneg,0.786
2025-08-27,19,BRpos,1.667
2025-08-27,19,BRneg,0.981
2025-08-27,20,BRpos,2.492
2025-08-27,20,BRneg,2.178
2025-08-27,21,BRpos,3.65
2025-08-27,21,BRneg,1.157
2025-08-27,22,BRpos,3.238
2025-08-27,22,BRneg,1.194
2025-08-27,23,BRpos,1.368
2025-08-27,23,BRneg,1.336
2025-08-27,24,BRpos,3.635
2025-08-27,24,BRneg,1.817
2025-08-27,25,BRpos,2.336
2025-08-27,25,BRneg,0.975
2025-08-27,26,BRpos,1.938
2025-08-27,26,BRneg,3.132
2025-08-27,27,BRpos,1.534
2025-08-27,27,BRneg,0.969
2025-08-27,28,BRpos,1.512
2025-08-27,28,BRneg,0.792
2025-08-27,29,BRpos,1.905
2025-08-27,29,BRneg,0.59
2025-08-27,30,BRpos,3.429
2025-08-27,30,BRneg,0.858
2025-08-27,31,BRpos,3.382
2025-08-27,31,BRneg,2.103
2025-08-27,32,BRpos,1.141
2025-08-27,32,BRneg,1.383
2025-08-27,33,BRpos,1.874
2025-08-27,33,BRneg,0.806
2025-08-27,34,BRpos,2.293
2025-08-27,34,BRneg,2.087
2025-08-27,35,BRpos,6.873
2025-08-27,35,BRneg,3.02
2025-08-27,36,BRpos,2.618
2025-08-27,36,BRneg,2.842
2025-08-27,37,BRpos,2.353
2025-08-27,37,BRneg,1.2
2025-08-27,38,BRpos,2.791
2025-08-27,38,BRneg,0.947
2025-08-27,39,BRpos,1.915
2025-08-27,39,BRneg,2.086
2025-08-27,40,BRpos,2.392
2025-08-27,40,BRneg,1.015
2025-08-27,41,BRpos,1.172
2025-08-27,41,BRneg,1.102
2025-08-27,42,BRpos,5.738
2025-08-27,42,BRneg,1.983
2025-08-27,43,BRpos,2.729
2025-08-27,43,BRneg,2.041
2025-08-27,44,BRpos,4.239
2025-08-27,44,BRneg,1.522
2025-08-27,45,BRpos,2.387
2025-08-27,45,BRneg,1.325
2025-08-27,46,BRpos,1.631
2025-08-27,46,BRneg,1.463
2025-08-27,47,BRpos,2.592
2025-08-27,47,BRneg,0.432
2025-08-27,48,BRpos,2.463
2025-08-27,48,BRneg,1.549
2025-08-28,1,BRpos,1.001
2025-08-28,1,BRneg,0.713
2025-08-28,2,BRpos,3.253
2025-08-28,2,BRneg,0.733
2025-08-28,3,BRpos,1.681
2025-08-28,3,BRneg,0.828
2025-08-28,4,BRpos,3.877
2025-08-28,4,BRneg,0.996
2025-08-28,5,BRpos,3.242
2025-08-28,5,BRneg,0.662
2025-08-28,6,BRpos,2.399
2025-08-28,6,BRneg,0.594
2025-08-28,7,BRpos,2.201
2025-08-28,7,BRneg,1.138
2025-08-28,8,BRpos,4.605
2025-08-28,8,BRneg,0.556
2025-08-28,9,BRpos,1.868
2025-08-28,9,BRneg,1.651
2025-08-28,10,BRpos,1.461
2025-08-28,10,BRneg,1.078
2025-08-28,11,BRpos,2.778
2025-08-28,11,BRneg,1.331
2025-08-28,12,BRpos,2.375
2025-08-28,12,BRneg,1.037
2025-08-28,13,BRpos,3.474
2025-08-28,13,BRneg,1.179
2025-08-28,14,BRpos,2.371
2025-08-28,14,BRneg,0.505
2025-08-28,15,BRpos,2.629
2025-08-28,15,BRneg,0.402
2025-08-28,16,BRpos,2.805
2025-08-28,16,BRneg,1.26
2025-08-28,17,BRpos,3.889
2025-08-28,17,BRneg,1.147
2025-08-28,18,BRpos,3.132
2025-08-28,18,BRneg,2.434
2025-08-28,19,BRpos,2.236
2025-08-28,19,BRneg,1.272
2025-08-28,20,BRpos,2.042
2025-08-28,20,BRneg,1.015
2025-08-28,21,BRpos,1.238
2025-08-28,21,BRneg,0.496
2025-08-28,22,BRpos,1.549
2025-08-28,22,BRneg,1.203
2025-08-28,23,BRpos,0.841
2025-08-28,23,BRneg,1.049
2025-08-28,24,BRpos,2.627
2025-08-28,24,BRneg,1.192
2025-08-28,25,BRpos,2.001
2025-08-28,25,BRneg,0.913
2025-08-28,26,BRpos,4.029
2025-08-28,26,BRneg,0.68
2025-08-28,27,BRpos,1.446
2025-08-28,27,BRneg,1.229
2025-08-28,28,BRpos,0.741
2025-08-28,28,BRneg,1.408
2025-08-28,29,BRpos,2.523
2025-08-28,29,BRneg,0.612
2025-08-28,30,BRpos,1.837
2025-08-28,30,BRneg,1.641
2025-08-28,31,BRpos,2.092
2025-08-28,31,BRneg,0.896
2025-08-28,32,BRpos,4.782
2025-08-28,32,BRneg,1.761
2025-08-28,33,BRpos,1.892
2025-08-28,33,BRneg,0.978
2025-08-28,34,BRpos,4.511
2025-08-28,34,BRneg,1.451
2025-08-28,35,BRpos,3.642
2025-08-28,35,BRneg,1.003
2025-08-28,36,BRpos,2.534
2025-08-28,36,BRneg,1.917
2025-08-28,37,BRpos,2.312
2025-08-28,37,BRneg,5.929
2025-08-28,38,BRpos,2.804
2025-08-28,38,BRneg,1.109
2025-08-28,39,BRpos,3.806
2025-08-28,39,BRneg,1.26
2025-08-28,40,BRpos,3.7
2025-08-28,40,BRneg,1.21
2025-08-28,41,BRpos,2.262
2025-08-28,41,BRneg,0.893
2025-08-28,42,BRpos,1.762
2025-08-28,42,BRneg,1.137
2025-08-28,43,BRpos,3.003
2025-08-28,43,BRneg,1.719
2025-08-28,44,BRpos,1.938
2025-08-28,44,BRneg,0.707
2025-08-28,45,BRpos,3.736
2025-08-28,45,BRneg,0.651
2025-08-28,46,BRpos,5.538
2025-08-28,46,BRneg,0.699
2025-08-28,47,BRpos,2.403
2025-08-28,47,BRneg,1.428
2025-08-28,48,BRpos,1.907
2025-08-28,48,BRneg,0.806
2025-08-29,1,BRpos,1.637
2025-08-29,1,BRneg,1.413
2025-08-29,2,BRpos,2.768
2025-08-29,2,BRneg,1.213
2025-08-29,3,BRpos,2.284
2025-08-29,3,BRneg,1.314
2025-08-29,4,BRpos,3.116
2025-08-29,4,BRneg,0.36
2025-08-29,5,BRpos,2.686
2025-08-29,5,BRneg,0.766
2025-08-29,6,BRpos,2.581
2025-08-29,6,BRneg,0.847
2025-08-29,7,BRpos,1.885
2025-08-29,7,BRneg,0.328
2025-08-29,8,BRpos,3.776
2025-08-29,8,BRneg,3.219
2025-08-29,9,BRpos,1.966
2025-08-29,9,BRneg,0.928
2025-08-29,10,BRpos,5.3
2025-08-29,10,BRneg,0.929
2025-08-29,11,BRpos,1.411
2025-08-29,11,BRneg,0.9
2025-08-29,12,BRpos,2.891
2025-08-29,12,BRneg,0.966
2025-08-29,13,BRpos,3.295
2025-08-29,13,BRneg,0.587
2025-08-29,14,BRpos,3.315
2025-08-29,14,BRneg,1.168
2025-08-29,15,BRpos,1.984
2025-08-29,15,BRneg,1.182
2025-08-29,16,BRpos,1.565
2025-08-29,16,BRneg,1.001
2025-08-29,17,BRpos,1.4
2025-08-29,17,BRneg,1.086
2025-08-29,18,BRpos,1.923
2025-08-29,18,BRneg,1.276
2025-08-29,19,BRpos,2.402
2025-08-29,19,BRneg,1.164
2025-08-29,20,BRpos,4.027
2025-08-29,20,BRneg,1.932
2025-08-29,21,BRpos,2.503
2025-08-29,21,BRneg,1.527
2025-08-29,22,BRpos,3.522
2025-08-29,22,BRneg,1.269
2025-08-29,23,BRpos,2.545
2025-08-29,23,BRneg,1.29
2025-08-29,24,BRpos,2.596
2025-08-29,24,BRneg,0.875
2025-08-29,25,BRpos,1.421
2025-08-29,25,BRneg,0.873
2025-08-29,26,BRpos,2.832
2025-08-29,26,BRneg,1.227
2025-08-29,27,BRpos,5.62
2025-08-29,27,BRneg,1.266
2025-08-29,28,BRpos,9.627
2025-08-29,28,BRneg,0.581
2025-08-29,29,BRpos,1.318
2025-08-29,29,BRneg,2.17
2025-08-29,30,BRpos,0.988
2025-08-29,30,BRneg,1.409
2025-08-29,31,BRpos,3.124
2025-08-29,31,BRneg,1.078
2025-08-29,32,BRpos,2.72
2025-08-29,32,BRneg,1.339
2025-08-29,33,BRpos,3.638
2025-08-29,33,BRneg,0.902
2025-08-29,34,BRpos,2.624
2025-08-29,34,BRneg,1.443
2025-08-29,35,BRpos,4.285
2025-08-29,35,BRneg,1.056
2025-08-29,36,BRpos,2.616
2025-08-29,36,BRneg,2.798
2025-08-29,37,BRpos,5.022
2025-08-29,37,BRneg,2.359
2025-08-29,38,BRpos,3.071
2025-08-29,38,BRneg,1.227
2025-08-29,39,BRpos,2.809
2025-08-29,39,BRneg,3.866
2025-08-29,40,BRpos,4.231
2025-08-29,40,BRneg,2.168
2025-08-29,41,BRpos,0.986
2025-08-29,41,BRneg,0.585
2025-08-29,42,BRpos,1.979
2025-08-29,42,BRneg,1.259
2025-08-29,43,BRpos,1.773
2025-08-29,43,BRneg,1.01
2025-08-29,44,BRpos,2.114
2025-08-29,44,BRneg,1.616
2025-08-29,45,BRpos,2.129
2025-08-29,45,BRneg,0.869
2025-08-29,46,BRpos,1.136
2025-08-29,46,BRneg,2.938
2025-08-29,47,BRpos,2.612
2025-08-29,47,BRneg,0.625
2025-08-29,48,BRpos,2.044
2025-08-29,48,BRneg,1.274
2025-08-30,1,BRpos,1.129
2025-08-30,1,BRneg,0.854
2025-08-30,2,BRpos,1.741
2025-08-30,2,BRneg,0.98
2025-08-30,3,BRpos,6.24
2025-08-30,3,BRneg,2.18
2025-08-30,4,BRpos,1.554
2025-08-30,4,BRneg,1.819
2025-08-30,5,BRpos,2.296
2025-08-30,5,BRneg,1.241
2025-08-30,6,BRpos,2.665
2025-08-30,6,BRneg,1.027
2025-08-30,7,BRpos,1.023
2025-08-30,7,BRneg,1.351
2025-08-30,8,BRpos,4.319
2025-08-30,8,BRneg,1.032
2025-08-30,9,BRpos,2.935
2025-08-30,9,BRneg,2.153
2025-08-30,10,BRpos,2.815
2025-08-30,10,BRneg,0.95
2025-08-30,11,BRpos,2.927
2025-08-30,11,BRneg,1.016
2025-08-30,12,BRpos,1.794
2025-08-30,12,BRneg,0.524
2025-08-30,13,BRpos,1.609
2025-08-30,13,BRneg,0.907
2025-08-30,14,BRpos,1.345
2025-08-30,14,BRneg,0.655
2025-08-30,15,BRpos,2.705
2025-08-30,15,BRneg,2.052
2025-08-30,16,BRpos,2.151
2025-08-30,16,BRneg,2.124
2025-08-30,17,BRpos,4.316
2025-08-30,17,BRneg,0.907
2025-08-30,18,BRpos,3.109
2025-08-30,18,BRneg,0.734
2025-08-30,19,BRpos,1.559
2025-08-30,19,BRneg,0.736
2025-08-30,20,BRpos,3.391
2025-08-30,20,BRneg,0.845
2025-08-30,21,BRpos,1.583
2025-08-30,21,BRneg,1.505
2025-08-30,22,BRpos,2.346
2025-08-30,22,BRneg,1.558
2025-08-30,23,BRpos,1.975
2025-08-30,23,BRneg,1.092
2025-08-30,24,BRpos,5.441
2025-08-30,24,BRneg,0.333
2025-08-30,25,BRpos,2.413
2025-08-30,25,BRneg,1.225
2025-08-30,26,BRpos,1.976
2025-08-30,26,BRneg,0.938
2025-08-30,27,BRpos,1.454
2025-08-30,27,BRneg,1.054
2025-08-30,28,BRpos,1.89
2025-08-30,28,BRneg,0.657
2025-08-30,29,BRpos,3.575
2025-08-30,29,BRneg,0.946
2025-08-30,30,BRpos,1.582
2025-08-30,30,BRneg,0.749
2025-08-30,31,BRpos,2.94
2025-08-30,31,BRneg,1.082
2025-08-30,32,BRpos,3.184
2025-08-30,32,BRneg,1.412
2025-08-30,33,BRpos,3.896
2025-08-30,33,BRneg,0.695
2025-08-30,34,BRpos,3.096
2025-08-30,34,BRneg,3.334
2025-08-30,35,BRpos,1.724
2025-08-30,35,BRneg,2.293
2025-08-30,36,BRpos,6.934
2025-08-30,36,BRneg,1.038
2025-08-30,37,BRpos,2.649
2025-08-30,37,BRneg,2.664
2025-08-30,38,BRpos,2.78
2025-08-30,38,BRneg,2.761
2025-08-30,39,BRpos,4.664
2025-08-30,39,BRneg,1.218
2025-08-30,40,BRpos,1.168
2025-08-30,40,BRneg,1.353
2025-08-30,41,BRpos,2.583
2025-08-30,41,BRneg,1.687
2025-08-30,42,BRpos,1.827
2025-08-30,42,BRneg,0.955
2025-08-30,43,BRpos,2.662
2025-08-30,43,BRneg,1.607
2025-08-30,44,BRpos,1.803
2025-08-30,44,BRneg,1.362
2025-08-30,45,BRpos,0.88
2025-08-30,45,BRneg,0.943
2025-08-30,46,BRpos,2.221
2025-08-30,46,BRneg,3.006
2025-08-30,47,BRpos,2.512
2025-08-30,47,BRneg,1.289
2025-08-30,48,BRpos,2.315
2025-08-30,48,BRneg,0.83
2025-08-31,1,BRpos,3.819
2025-08-31,1,BRneg,1.347
2025-08-31,2,BRpos,2.57
2025-08-31,2,BRneg,0.355
2025-08-31,3,BRpos,1.728
2025-08-31,3,BRneg,0.473
2025-08-31,4,BRpos,3.783
2025-08-31,4,BRneg,3.499
2025-08-31,5,BRpos,1.336
2025-08-31,5,BRneg,1.701
2025-08-31,6,BRpos,1.816
2025-08-31,6,BRneg,2.229
2025-08-31,7,BRpos,0.915
2025-08-31,7,BRneg,0.849
2025-08-31,8,BRpos,2.818
2025-08-31,8,BRneg,0.783
2025-08-31,9,BRpos,1.216
2025-08-31,9,BRneg,0.827
2025-08-31,10,BRpos,2.736
2025-08-31,10,BRneg,2.13
2025-08-31,11,BRpos,3.444
2025-08-31,11,BRneg,1.741
2025-08-31,12,BRpos,4.453
2025-08-31,12,BRneg,0.714
2025-08-31,13,BRpos,2.885
2025-08-31,13,BRneg,0.476
2025-08-31,14,BRpos,2.354
2025-08-31,14,BRneg,1.031
2025-08-31,15,BRpos,2.207
2025-08-31,15,BRneg,1.834
2025-08-31,16,BRpos,0.687
2025-08-31,16,BRneg,0.844
2025-08-31,17,BRpos,1.396
2025-08-31,17,BRneg,1.215
2025-08-31,18,BRpos,7.063
2025-08-31,18,BRneg,0.503
2025-08-31,19,BRpos,3.16
2025-08-31,19,BRneg,1.116
2025-08-31,20,BRpos,3.764
2025-08-31,20,BRneg,0.967
2025-08-31,21,BRpos,1.347
2025-08-31,21,BRneg,1.678
2025-08-31,22,BRpos,2.651
2025-08-31,22,BRneg,1.659
2025-08-31,23,BRpos,2.037
2025-08-31,23,BRneg,0.669
2025-08-31,24,BRpos,1.991
2025-08-31,24,BRneg,0.961
2025-08-31,25,BRpos,0.96
2025-08-31,25,BRneg,0.994
2025-08-31,26,BRpos,1.212
2025-08-31,26,BRneg,1.034
2025-08-31,27,BRpos,1.174
2025-08-31,27,BRneg,0.578
2025-08-31,28,BRpos,2.515
2025-08-31,28,BRneg,0.93
2025-08-31,29,BRpos,2.049
2025-08-31,29,BRneg,1.053
2025-08-31,30,BRpos,2.561
2025-08-31,30,BRneg,1.299
2025-08-31,31,BRpos,1.162
2025-08-31,31,BRneg,1.55
2025-08-31,32,BRpos,1.193
2025-08-31,32,BRneg,0.931
2025-08-31,33,BRpos,1.394
2025-08-31,33,BRneg,0.881
2025-08-31,34,BRpos,1.847
2025-08-31,34,BRneg,1.054
2025-08-31,35,BRpos,3.301
2025-08-31,35,BRneg,0.993
2025-08-31,36,BRpos,5.12
2025-08-31,36,BRneg,3.338
2025-08-31,37,BRpos,2.657
2025-08-31,37,BRneg,1.887
2025-08-31,38,BRpos,2.762
2025-08-31,38,BRneg,1.614
2025-08-31,39,BRpos,2.702
2025-08-31,39,BRneg,1.445
2025-08-31,40,BRpos,3.092
2025-08-31,40,BRneg,1.221
2025-08-31,41,BRpos,2.248
2025-08-31,41,BRneg,1.745
2025-08-31,42,BRpos,4.461
2025-08-31,42,BRneg,0.635
2025-08-31,43,BRpos,1.053
2025-08-31,43,BRneg,0.637
2025-08-31,44,BRpos,1.578
2025-08-31,44,BRneg,0.598
2025-08-31,45,BRpos,2.641
2025-08-31,45,BRneg,1.641
2025-08-31,46,BRpos,1.427
2025-08-31,46,BRneg,0.836
2025-08-31,47,BRpos,2.155
2025-08-31,47,BRneg,0.776
2025-08-31,48,BRpos,4.002
2025-08-31,48,BRneg,0.898
2025-09-01,1,BRpos,2.754
2025-09-01,1,BRneg,0.8
2025-09-01,2,BRpos,1.25
2025-09-01,2,BRneg,0.678
2025-09-01,3,BRpos,2.041
2025-09-01,3,BRneg,2.05
2025-09-01,4,BRpos,4.027
2025-09-01,4,BRneg,0.789
2025-09-01,5,BRpos,3.115
2025-09-01,5,BRneg,1.744
2025-09-01,6,BRpos,2.81
2025-09-01,6,BRneg,1.259
2025-09-01,7,BRpos,1.568
2025-09-01,7,BRneg,0.673
2025-09-01,8,BRpos,3.567
2025-09-01,8,BRneg,1.312
2025-09-01,9,BRpos,2.613
2025-09-01,9,BRneg,1.87
2025-09-01,10,BRpos,2.66
2025-09-01,10,BRneg,1.516
2025-09-01,11,BRpos,2.486
2025-09-01,11,BRneg,0.509
2025-09-01,12,BRpos,1.748
2025-09-01,12,BRneg,1.009
2025-09-01,13,BRpos,4.746
2025-09-01,13,BRneg,0.879
2025-09-01,14,BRpos,3.05
2025-09-01,14,BRneg,1.33
2025-09-01,15,BRpos,2.054
2025-09-01,15,BRneg,2.268
2025-09-01,16,BRpos,2.706
2025-09-01,16,BRneg,1.259
2025-09-01,17,BRpos,2.246
2025-09-01,17,BRneg,0.52
2025-09-01,18,BRpos,2.605
2025-09-01,18,BRneg,0.731
2025-09-01,19,BRpos,1.936
2025-09-01,19,BRneg,0.922
2025-09-01,20,BRpos,3.086
2025-09-01,20,BRneg,1.215
2025-09-01,21,BRpos,1.576
2025-09-01,21,BRneg,0.768
2025-09-01,22,BRpos,2.66
2025-09-01,22,BRneg,0.919
2025-09-01,23,BRpos,0.909
2025-09-01,23,BRneg,2.188
2025-09-01,24,BRpos,2.858
2025-09-01,24,BRneg,0.601
2025-09-01,25,BRpos,1.632
2025-09-01,25,BRneg,1.144
2025-09-01,26,BRpos,2.064
2025-09-01,26,BRneg,1.128
2025-09-01,27,BRpos,2.161
2025-09-01,27,BRneg,0.611
2025-09-01,28,BRpos,4.602
2025-09-01,28,BRneg,1.178
2025-09-01,29,BRpos,4.005
2025-09-01,29,BRneg,0.187
2025-09-01,30,BRpos,0.736
2025-09-01,30,BRneg,3.249
2025-09-01,31,BRpos,1.545
2025-09-01,31,BRneg,1.0
2025-09-01,32,BRpos,1.609
2025-09-01,32,BRneg,0.935
2025-09-01,33,BRpos,3.718
2025-09-01,33,BRneg,0.818
2025-09-01,34,BRpos,4.917
2025-09-01,34,BRneg,1.678
2025-09-01,35,BRpos,7.453
2025-09-01,35,BRneg,1.442
2025-09-01,36,BRpos,3.422
2025-09-01,36,BRneg,1.649
2025-09-01,37,BRpos,3.626
2025-09-01,37,BRneg,3.751
2025-09-01,38,BRpos,1.5
2025-09-01,38,BRneg,2.262
2025-09-01,39,BRpos,4.548
2025-09-01,39,BRneg,2.547
2025-09-01,40,BRpos,4.878
2025-09-01,40,BRneg,0.945
2025-09-01,41,BRpos,2.472
2025-09-01,41,BRneg,1.061
2025-09-01,42,BRpos,1.805
2025-09-01,42,BRneg,2.058
2025-09-01,43,BRpos,3.461
2025-09-01,43,BRneg,0.631
2025-09-01,44,BRpos,3.107
2025-09-01,44,BRneg,1.045
2025-09-01,45,BRpos,0.847
2025-09-01,45,BRneg,1.144
2025-09-01,46,BRpos,2.772
2025-09-01,46,BRneg,0.853
2025-09-01,47,BRpos,1.621
2025-09-01,47,BRneg,1.296
2025-09-01,48,BRpos,1.87
2025-09-01,48,BRneg,1.294
2025-09-02,1,BRpos,2.604
2025-09-02,1,BRneg,1.191
2025-09-02,2,BRpos,1.584
2025-09-02,2,BRneg,1.466
2025-09-02,3,BRpos,6.869
2025-09-02,3,BRneg,0.641
2025-09-02,4,BRpos,1.959
2025-09-02,4,BRneg,0.808
2025-09-02,5,BRpos,1.977
2025-09-02,5,BRneg,1.299
2025-09-02,6,BRpos,1.785
2025-09-02,6,BRneg,1.5
2025-09-02,7,BRpos,3.192
2025-09-02,7,BRneg,1.026
2025-09-02,8,BRpos,2.678
2025-09-02,8,BRneg,1.2
2025-09-02,9,BRpos,1.066
2025-09-02,9,BRneg,0.574
2025-09-02,10,BRpos,1.747
2025-09-02,10,BRneg,2.425
2025-09-02,11,BRpos,1.571
2025-09-02,11,BRneg,0.703
2025-09-02,12,BRpos,1.708
2025-09-02,12,BRneg,1.301
2025-09-02,13,BRpos,2.43
2025-09-02,13,BRneg,1.142
2025-09-02,14,BRpos,3.609
2025-09-02,14,BRneg,0.862
2025-09-02,15,BRpos,3.128
2025-09-02,15,BRneg,1.409
2025-09-02,16,BRpos,1.12
2025-09-02,16,BRneg,0.93
2025-09-02,17,BRpos,1.997
2025-09-02,17,BRneg,0.863
2025-09-02,18,BRpos,2.839
2025-09-02,18,BRneg,1.223
2025-09-02,19,BRpos,1.821
2025-09-02,19,BRneg,1.187
2025-09-02,20,BRpos,1.701
2025-09-02,20,BRneg,1.094
2025-09-02,21,BRpos,2.332
2025-09-02,21,BRneg,0.639
2025-09-02,22,BRpos,2.283
2025-09-02,22,BRneg,2.134
2025-09-02,23,BRpos,1.13
2025-09-02,23,BRneg,0.384
2025-09-02,24,BRpos,2.12
2025-09-02,24,BRneg,1.011
2025-09-02,25,BRpos,1.636
2025-09-02,25,BRneg,1.175
2025-09-02,26,BRpos,2.113
2025-09-02,26,BRneg,0.86
2025-09-02,27,BRpos,1.291
2025-09-02,27,BRneg,1.837
2025-09-02,28,BRpos,1.734
2025-09-02,28,BRneg,1.569
2025-09-02,29,BRpos,1.895
2025-09-02,29,BRneg,0.996
2025-09-02,30,BRpos,1.225
2025-09-02,30,BRneg,3.218
2025-09-02,31,BRpos,9.518
2025-09-02,31,BRneg,1.436
2025-09-02,32,BRpos,1.566
2025-09-02,32,BRneg,0.866
2025-09-02,33,BRpos,2.702
2025-09-02,33,BRneg,1.182
2025-09-02,34,BRpos,4.192
2025-09-02,34,BRneg,1.716
2025-09-02,35,BRpos,1.922
2025-09-02,35,BRneg,3.273
2025-09-02,36,BRpos,2.205
2025-09-02,36,BRneg,1.377
2025-09-02,37,BRpos,2.627
2025-09-02,37,BRneg,3.763
2025-09-02,38,BRpos,4.257
2025-09-02,38,BRneg,1.561
2025-09-02,39,BRpos,5.509
2025-09-02,39,BRneg,1.77
2025-09-02,40,BRpos,2.292
2025-09-02,40,BRneg,1.122
2025-09-02,41,BRpos,1.487
2025-09-02,41,BRneg,0.7
2025-09-02,42,BRpos,3.159
2025-09-02,42,BRneg,0.544
2025-09-02,43,BRpos,3.181
2025-09-02,43,BRneg,1.359
2025-09-02,44,BRpos,4.501
2025-09-02,44,BRneg,0.632
2025-09-02,45,BRpos,1.895
2025-09-02,45,BRneg,0.556
2025-09-02,46,BRpos,3.351
2025-09-02,46,BRneg,0.45
2025-09-02,47,BRpos,2.189
2025-09-02,47,BRneg,1.544
2025-09-02,48,BRpos,2.589
2025-09-02,48,BRneg,0.963
2025-09-03,1,BRpos,3.591
2025-09-03,1,BRneg,1.424
2025-09-03,2,BRpos,3.143
2025-09-03,2,BRneg,0.977
2025-09-03,3,BRpos,3.069
2025-09-03,3,BRneg,1.376
2025-09-03,4,BRpos,1.49
2025-09-03,4,BRneg,1.165
2025-09-03,5,BRpos,1.327
2025-09-03,5,BRneg,0.511
2025-09-03,6,BRpos,2.535
2025-09-03,6,BRneg,0.588
2025-09-03,7,BRpos,3.271
2025-09-03,7,BRneg,0.929
2025-09-03,8,BRpos,2.157
2025-09-03,8,BRneg,1.688
2025-09-03,9,BRpos,1.121
2025-09-03,9,BRneg,0.745
2025-09-03,10,BRpos,3.97
2025-09-03,10,BRneg,1.347
2025-09-03,11,BRpos,3.517
2025-09-03,11,BRneg,1.239
2025-09-03,12,BRpos,1.462
2025-09-03,12,BRneg,0.945
2025-09-03,13,BRpos,2.561
2025-09-03,13,BRneg,1.533
2025-09-03,14,BRpos,0.708
2025-09-03,14,BRneg,1.047
2025-09-03,15,BRpos,2.339
2025-09-03,15,BRneg,0.661
2025-09-03,16,BRpos,2.291
2025-09-03,16,BRneg,0.959
2025-09-03,17,BRpos,1.168
2025-09-03,17,BRneg,0.826
2025-09-03,18,BRpos,2.14
2025-09-03,18,BRneg,2.236
2025-09-03,19,BRpos,3.259
2025-09-03,19,BRneg,0.988
2025-09-03,20,BRpos,1.816
2025-09-03,20,BRneg,0.535
2025-09-03,21,BRpos,2.213
2025-09-03,21,BRneg,0.45
2025-09-03,22,BRpos,1.443
2025-09-03,22,BRneg,1.663
2025-09-03,23,BRpos,3.613
2025-09-03,23,BRneg,0.832
2025-09-03,24,BRpos,3.4
2025-09-03,24,BRneg,1.318
2025-09-03,25,BRpos,1.811
2025-09-03,25,BRneg,1.039
2025-09-03,26,BRpos,3.309
2025-09-03,26,BRneg,0.741
2025-09-03,27,BRpos,1.74
2025-09-03,27,BRneg,0.708
2025-09-03,28,BRpos,1.815
2025-09-03,28,BRneg,0.701
2025-09-03,29,BRpos,1.499
2025-09-03,29,BRneg,1.364
2025-09-03,30,BRpos,2.125
2025-09-03,30,BRneg,1.44
2025-09-03,31,BRpos,2.143
2025-09-03,31,BRneg,1.064
2025-09-03,32,BRpos,3.244
2025-09-03,32,BRneg,0.844
2025-09-03,33,BRpos,2.59
2025-09-03,33,BRneg,1.084
2025-09-03,34,BRpos,2.762
2025-09-03,34,BRneg,1.993
2025-09-03,35,BRpos,4.925
2025-09-03,35,BRneg,1.814
2025-09-03,36,BRpos,3.264
2025-09-03,36,BRneg,1.902
2025-09-03,37,BRpos,1.929
2025-09-03,37,BRneg,2.797
2025-09-03,38,BRpos,4.526
2025-09-03,38,BRneg,1.579
2025-09-03,39,BRpos,2.604
2025-09-03,39,BRneg,1.074
2025-09-03,40,BRpos,4.042
2025-09-03,40,BRneg,1.036
2025-09-03,41,BRpos,1.93
2025-09-03,41,BRneg,0.798
2025-09-03,42,BRpos,1.506
2025-09-03,42,BRneg,1.597
2025-09-03,43,BRpos,2.294
2025-09-03,43,BRneg,1.611
2025-09-03,44,BRpos,4.469
2025-09-03,44,BRneg,0.621
2025-09-03,45,BRpos,1.845
2025-09-03,45,BRneg,0.614
2025-09-03,46,BRpos,1.941
2025-09-03,46,BRneg,1.272
2025-09-03,47,BRpos,3.115
2025-09-03,47,BRneg,4.359
2025-09-03,48,BRpos,3.178
2025-09-03,48,BRneg,1.242
2025-09-04,1,BRpos,2.419
2025-09-04,1,BRneg,0.862
2025-09-04,2,BRpos,2.34
2025-09-04,2,BRneg,2.633
2025-09-04,3,BRpos,2.665
2025-09-04,3,BRneg,1.327
2025-09-04,4,BRpos,6.542
2025-09-04,4,BRneg,1.142
2025-09-04,5,BRpos,2.217
2025-09-04,5,BRneg,1.192
2025-09-04,6,BRpos,2.964
2025-09-04,6,BRneg,1.09
2025-09-04,7,BRpos,5.358
2025-09-04,7,BRneg,0.716
2025-09-04,8,BRpos,1.625
2025-09-04,8,BRneg,0.472
2025-09-04,9,BRpos,1.233
2025-09-04,9,BRneg,1.571
2025-09-04,10,BRpos,1.161
2025-09-04,10,BRneg,1.296
2025-09-04,11,BRpos,2.18
2025-09-04,11,BRneg,0.414
2025-09-04,12,BRpos,3.071
2025-09-04,12,BRneg,0.616
2025-09-04,13,BRpos,2.718
2025-09-04,13,BRneg,2.022
2025-09-04,14,BRpos,3.82
2025-09-04,14,BRneg,1.015
2025-09-04,15,BRpos,6.214
2025-09-04,15,BRneg,1.059
2025-09-04,16,BRpos,1.879
2025-09-04,16,BRneg,0.73
2025-09-04,17,BRpos,3.693
2025-09-04,17,BRneg,2.218
2025-09-04,18,BRpos,1.595
2025-09-04,18,BRneg,1.803
2025-09-04,19,BRpos,2.325
2025-09-04,19,BRneg,0.734
2025-09-04,20,BRpos,1.354
2025-09-04,20,BRneg,1.376
2025-09-04,21,BRpos,2.882
2025-09-04,21,BRneg,0.749
2025-09-04,22,BRpos,1.306
2025-09-04,22,BRneg,0.923
2025-09-04,23,BRpos,1.062
2025-09-04,23,BRneg,0.677
2025-09-04,24,BRpos,1.501
2025-09-04,24,BRneg,0.611
2025-09-04,25,BRpos,1.095
2025-09-04,25,BRneg,1.47
2025-09-04,26,BRpos,2.642
2025-09-04,26,BRneg,1.097
2025-09-04,27,BRpos,3.179
2025-09-04,27,BRneg,0.846
2025-09-04,28,BRpos,2.128
2025-09-04,28,BRneg,0.962
2025-09-04,29,BRpos,3.098
2025-09-04,29,BRneg,1.232
2025-09-04,30,BRpos,2.289
2025-09-04,30,BRneg,0.697
2025-09-04,31,BRpos,3.312
2025-09-04,31,BRneg,0.812
2025-09-04,32,BRpos,3.221
2025-09-04,32,BRneg,0.649
2025-09-04,33,BRpos,2.011
2025-09-04,33,BRneg,1.369
2025-09-04,34,BRpos,5.354
2025-09-04,34,BRneg,6.611
2025-09-04,35,BRpos,3.524
2025-09-04,35,BRneg,4.283
2025-09-04,36,BRpos,3.52
2025-09-04,36,BRneg,3.024
2025-09-04,37,BRpos,2.762
2025-09-04,37,BRneg,2.924
2025-09-04,38,BRpos,4.178
2025-09-04,38,BRneg,2.398
2025-09-04,39,BRpos,2.303
2025-09-04,39,BRneg,1.123
2025-09-04,40,BRpos,2.844
2025-09-04,40,BRneg,0.942
2025-09-04,41,BRpos,3.992
2025-09-04,41,BRneg,1.377
2025-09-04,42,BRpos,2.025
2025-09-04,42,BRneg,0.534
2025-09-04,43,BRpos,4.296
2025-09-04,43,BRneg,1.491
2025-09-04,44,BRpos,2.919
2025-09-04,44,BRneg,0.353
2025-09-04,45,BRpos,6.719
2025-09-04,45,BRneg,2.658
2025-09-04,46,BRpos,2.473
2025-09-04,46,BRneg,0.88
2025-09-04,47,BRpos,1.906
2025-09-04,47,BRneg,1.859
2025-09-04,48,BRpos,1.679
2025-09-04,48,BRneg,1.324
2025-09-05,1,BRpos,2.554
2025-09-05,1,BRneg,1.954
2025-09-05,2,BRpos,2.18
2025-09-05,2,BRneg,2.041
2025-09-05,3,BRpos,3.165
2025-09-05,3,BRneg,1.77
2025-09-05,4,BRpos,4.299
2025-09-05,4,BRneg,1.063
2025-09-05,5,BRpos,3.05
2025-09-05,5,BRneg,0.728
2025-09-05,6,BRpos,1.615
2025-09-05,6,BRneg,2.037
2025-09-05,7,BRpos,2.387
2025-09-05,7,BRneg,0.843
2025-09-05,8,BRpos,2.035
2025-09-05,8,BRneg,1.885
2025-09-05,9,BRpos,6.311
2025-09-05,9,BRneg,1.045
2025-09-05,10,BRpos,4.015
2025-09-05,10,BRneg,1.081
2025-09-05,11,BRpos,2.12
2025-09-05,11,BRneg,1.735
2025-09-05,12,BRpos,1.928
2025-09-05,12,BRneg,0.936
2025-09-05,13,BRpos,2.422
2025-09-05,13,BRneg,0.929
2025-09-05,14,BRpos,2.281
2025-09-05,14,BRneg,1.683
2025-09-05,15,BRpos,3.54
2025-09-05,15,BRneg,0.866
2025-09-05,16,BRpos,2.797
2025-09-05,16,BRneg,0.62
2025-09-05,17,BRpos,2.67
2025-09-05,17,BRneg,1.081
2025-09-05,18,BRpos,3.676
2025-09-05,18,BRneg,0.874
2025-09-05,19,BRpos,4.977
2025-09-05,19,BRneg,0.353
2025-09-05,20,BRpos,2.018
2025-09-05,20,BRneg,0.872
2025-09-05,21,BRpos,1.722
2025-09-05,21,BRneg,1.416
2025-09-05,22,BRpos,2.022
2025-09-05,22,BRneg,1.018
2025-09-05,23,BRpos,1.814
2025-09-05,23,BRneg,1.24
2025-09-05,24,BRpos,1.199
2025-09-05,24,BRneg,1.359
2025-09-05,25,BRpos,2.536
2025-09-05,25,BRneg,1.778
2025-09-05,26,BRpos,2.299
2025-09-05,26,BRneg,0.848
2025-09-05,27,BRpos,2.105
2025-09-05,27,BRneg,1.496
2025-09-05,28,BRpos,1.53
2025-09-05,28,BRneg,0.85
2025-09-05,29,BRpos,4.285
2025-09-05,29,BRneg,0.929
2025-09-05,30,BRpos,4.029
2025-09-05,30,BRneg,1.177
2025-09-05,31,BRpos,1.699
2025-09-05,31,BRneg,1.473
2025-09-05,32,BRpos,4.899
2025-09-05,32,BRneg,0.396
2025-09-05,33,BRpos,1.912
2025-09-05,33,BRneg,1.035
2025-09-05,34,BRpos,3.43
2025-09-05,34,BRneg,1.123
2025-09-05,35,BRpos,1.816
2025-09-05,35,BRneg,0.973
2025-09-05,36,BRpos,3.564
2025-09-05,36,BRneg,2.272
2025-09-05,37,BRpos,1.801
2025-09-05,37,BRneg,2.194
2025-09-05,38,BRpos,2.082
2025-09-05,38,BRneg,2.514
2025-09-05,39,BRpos,2.797
2025-09-05,39,BRneg,2.02
2025-09-05,40,BRpos,1.363
2025-09-05,40,BRneg,1.249
2025-09-05,41,BRpos,1.937
2025-09-05,41,BRneg,1.454
2025-09-05,42,BRpos,3.299
2025-09-05,42,BRneg,0.443
2025-09-05,43,BRpos,1.677
2025-09-05,43,BRneg,0.741
2025-09-05,44,BRpos,3.714
2025-09-05,44,BRneg,0.904
2025-09-05,45,BRpos,2.233
2025-09-05,45,BRneg,1.91
2025-09-05,46,BRpos,2.139
2025-09-05,46,BRneg,0.764
2025-09-05,47,BRpos,4.206
2025-09-05,47,BRneg,0.511
2025-09-05,48,BRpos,2.957
2025-09-05,48,BRneg,0.609
2025-09-06,1,BRpos,1.28
2025-09-06,1,BRneg,1.343
2025-09-06,2,BRpos,3.254
2025-09-06,2,BRneg,1.152
2025-09-06,3,BRpos,1.576
2025-09-06,3,BRneg,0.694
2025-09-06,4,BRpos,2.843
2025-09-06,4,BRneg,1.633
2025-09-06,5,BRpos,3.567
2025-09-06,5,BRneg,0.978
2025-09-06,6,BRpos,2.042
2025-09-06,6,BRneg,0.618
2025-09-06,7,BRpos,1.139
2025-09-06,7,BRneg,2.434
2025-09-06,8,BRpos,1.848
2025-09-06,8,BRneg,0.397
2025-09-06,9,BRpos,1.165
2025-09-06,9,BRneg,0.554
2025-09-06,10,BRpos,2.949
2025-09-06,10,BRneg,1.214
2025-09-06,11,BRpos,3.546
2025-09-06,11,BRneg,1.126
2025-09-06,12,BRpos,1.934
2025-09-06,12,BRneg,2.089
2025-09-06,13,BRpos,2.616
2025-09-06,13,BRneg,0.824
2025-09-06,14,BRpos,1.888
2025-09-06,14,BRneg,0.872
2025-09-06,15,BRpos,1.89
2025-09-06,15,BRneg,1.126
2025-09-06,16,BRpos,7.475
2025-09-06,16,BRneg,1.515
2025-09-06,17,BRpos,2.686
2025-09-06,17,BRneg,5.308
2025-09-06,18,BRpos,1.967
2025-09-06,18,BRneg,0.772
2025-09-06,19,BRpos,1.561
2025-09-06,19,BRneg,0.818
2025-09-06,20,BRpos,2.524
2025-09-06,20,BRneg,0.622
2025-09-06,21,BRpos,3.971
2025-09-06,21,BRneg,0.979
2025-09-06,22,BRpos,2.096
2025-09-06,22,BRneg,3.257
2025-09-06,23,BRpos,1.002
2025-09-06,23,BRneg,1.385
2025-09-06,24,BRpos,2.351
2025-09-06,24,BRneg,2.607
2025-09-06,25,BRpos,2.859
2025-09-06,25,BRneg,1.309
2025-09-06,26,BRpos,1.282
2025-09-06,26,BRneg,2.248
2025-09-06,27,BRpos,5.344
2025-09-06,27,BRneg,1.281
2025-09-06,28,BRpos,3.992
2025-09-06,28,BRneg,2.021
2025-09-06,29,BRpos,2.295
2025-09-06,29,BRneg,0.779
2025-09-06,30,BRpos,1.835
2025-09-06,30,BRneg,1.133
2025-09-06,31,BRpos,3.376
2025-09-06,31,BRneg,1.86
2025-09-06,32,BRpos,2.097
2025-09-06,32,BRneg,0.788
2025-09-06,33,BRpos,1.306
2025-09-06,33,BRneg,0.975
2025-09-06,34,BRpos,3.616
2025-09-06,34,BRneg,2.849
2025-09-06,35,BRpos,2.045
2025-09-06,35,BRneg,2.104
2025-09-06,36,BRpos,1.899
2025-09-06,36,BRneg,1.593
2025-09-06,37,BRpos,5.297
2025-09-06,37,BRneg,1.758
2025-09-06,38,BRpos,2.682
2025-09-06,38,BRneg,1.237
2025-09-06,39,BRpos,3.367
2025-09-06,39,BRneg,1.556
2025-09-06,40,BRpos,2.153
2025-09-06,40,BRneg,0.447
2025-09-06,41,BRpos,3.905
2025-09-06,41,BRneg,1.325
2025-09-06,42,BRpos,3.518
2025-09-06,42,BRneg,0.661
2025-09-06,43,BRpos,3.08
2025-09-06,43,BRneg,2.373
2025-09-06,44,BRpos,1.738
2025-09-06,44,BRneg,4.334
2025-09-06,45,BRpos,3.565
2025-09-06,45,BRneg,1.157
2025-09-06,46,BRpos,2.101
2025-09-06,46,BRneg,1.059
2025-09-06,47,BRpos,1.421
2025-09-06,47,BRneg,0.882
2025-09-06,48,BRpos,1.819
2025-09-06,48,BRneg,0.603
2025-09-07,1,BRpos,3.473
2025-09-07,1,BRneg,0.545
2025-09-07,2,BRpos,1.305
2025-09-07,2,BRneg,1.91
2025-09-07,3,BRpos,2.331
2025-09-07,3,BRneg,1.515
2025-09-07,4,BRpos,3.42
2025-09-07,4,BRneg,0.92
2025-09-07,5,BRpos,4.704
2025-09-07,5,BRneg,0.871
2025-09-07,6,BRpos,1.455
2025-09-07,6,BRneg,1.93
2025-09-07,7,BRpos,2.363
2025-09-07,7,BRneg,1.818
2025-09-07,8,BRpos,3.038
2025-09-07,8,BRneg,2.078
2025-09-07,9,BRpos,4.8
2025-09-07,9,BRneg,0.953
2025-09-07,10,BRpos,2.369
2025-09-07,10,BRneg,1.787
2025-09-07,11,BRpos,2.942
2025-09-07,11,BRneg,1.675
2025-09-07,12,BRpos,1.302
2025-09-07,12,BRneg,0.368
2025-09-07,13,BRpos,2.269
2025-09-07,13,BRneg,1.48
2025-09-07,14,BRpos,1.955
2025-09-07,14,BRneg,1.39
2025-09-07,15,BRpos,2.339
2025-09-07,15,BRneg,1.344
2025-09-07,16,BRpos,1.2
2025-09-07,16,BRneg,0.881
2025-09-07,17,BRpos,1.701
2025-09-07,17,BRneg,3.765
2025-09-07,18,BRpos,8.216
2025-09-07,18,BRneg,1.403
2025-09-07,19,BRpos,2.968
2025-09-07,19,BRneg,1.178
2025-09-07,20,BRpos,2.979
2025-09-07,20,BRneg,0.505
2025-09-07,21,BRpos,1.551
2025-09-07,21,BRneg,1.365
2025-09-07,22,BRpos,0.683
2025-09-07,22,BRneg,0.588
2025-09-07,23,BRpos,2.532
2025-09-07,23,BRneg,1.12
2025-09-07,24,BRpos,4.39
2025-09-07,24,BRneg,1.289
2025-09-07,25,BRpos,1.5
2025-09-07,25,BRneg,1.241
2025-09-07,26,BRpos,1.054
2025-09-07,26,BRneg,0.369
2025-09-07,27,BRpos,1.688
2025-09-07,27,BRneg,0.653
2025-09-07,28,BRpos,2.467
2025-09-07,28,BRneg,1.531
2025-09-07,29,BRpos,1.669
2025-09-07,29,BRneg,0.461
2025-09-07,30,BRpos,1.839
2025-09-07,30,BRneg,1.563
2025-09-07,31,BRpos,4.134
2025-09-07,31,BRneg,1.021
2025-09-07,32,BRpos,3.579
2025-09-07,32,BRneg,1.783
2025-09-07,33,BRpos,2.657
2025-09-07,33,BRneg,1.036
2025-09-07,34,BRpos,5.135
2025-09-07,34,BRneg,3.019
2025-09-07,35,BRpos,4.145
2025-09-07,35,BRneg,2.084
2025-09-07,36,BRpos,5.579
2025-09-07,36,BRneg,1.09
2025-09-07,37,BRpos,6.76
2025-09-07,37,BRneg,1.361
2025-09-07,38,BRpos,2.364
2025-09-07,38,BRneg,2.711
2025-09-07,39,BRpos,2.716
2025-09-07,39,BRneg,1.421
2025-09-07,40,BRpos,1.392
2025-09-07,40,BRneg,1.231
2025-09-07,41,BRpos,2.447
2025-09-07,41,BRneg,3.114
2025-09-07,42,BRpos,3.021
2025-09-07,42,BRneg,1.2
2025-09-07,43,BRpos,3.393
2025-09-07,43,BRneg,0.321
2025-09-07,44,BRpos,1.707
2025-09-07,44,BRneg,1.038
2025-09-07,45,BRpos,8.737
2025-09-07,45,BRneg,0.726
2025-09-07,46,BRpos,2.584
2025-09-07,46,BRneg,0.888
2025-09-07,47,BRpos,3.388
2025-09-07,47,BRneg,1.524
2025-09-07,48,BRpos,2.567
2025-09-07,48,BRneg,1.023
2025-09-08,1,BRpos,1.591
2025-09-08,1,BRneg,0.656
2025-09-08,2,BRpos,2.705
2025-09-08,2,BRneg,2.586
2025-09-08,3,BRpos,4.83
2025-09-08,3,BRneg,1.308
2025-09-08,4,BRpos,2.31
2025-09-08,4,BRneg,0.814
2025-09-08,5,BRpos,3.266
2025-09-08,5,BRneg,1.334
2025-09-08,6,BRpos,4.601
2025-09-08,6,BRneg,1.167
2025-09-08,7,BRpos,2.645
2025-09-08,7,BRneg,0.748
2025-09-08,8,BRpos,2.839
2025-09-08,8,BRneg,2.252
2025-09-08,9,BRpos,3.693
2025-09-08,9,BRneg,1.244
2025-09-08,10,BRpos,2.438
2025-09-08,10,BRneg,1.026
2025-09-08,11,BRpos,4.452
2025-09-08,11,BRneg,0.589
2025-09-08,12,BRpos,2.095
2025-09-08,12,BRneg,0.799
2025-09-08,13,BRpos,2.623
2025-09-08,13,BRneg,0.818
2025-09-08,14,BRpos,2.158
2025-09-08,14,BRneg,1.409
2025-09-08,15,BRpos,1.921
2025-09-08,15,BRneg,1.169
2025-09-08,16,BRpos,2.862
2025-09-08,16,BRneg,2.323
2025-09-08,17,BRpos,1.377
2025-09-08,17,BRneg,1.184
2025-09-08,18,BRpos,1.825
2025-09-08,18,BRneg,0.768
2025-09-08,19,BRpos,1.165
2025-09-08,19,BRneg,1.372
2025-09-08,20,BRpos,2.563
2025-09-08,20,BRneg,1.397
2025-09-08,21,BRpos,5.08
2025-09-08,21,BRneg,1.278
2025-09-08,22,BRpos,1.012
2025-09-08,22,BRneg,1.036
2025-09-08,23,BRpos,1.909
2025-09-08,23,BRneg,1.302
2025-09-08,24,BRpos,1.908
2025-09-08,24,BRneg,1.19
2025-09-08,25,BRpos,0.806
2025-09-08,25,BRneg,0.908
2025-09-08,26,BRpos,2.601
2025-09-08,26,BRneg,0.794
2025-09-08,27,BRpos,2.668
2025-09-08,27,BRneg,0.737
2025-09-08,28,BRpos,2.706
2025-09-08,28,BRneg,1.308
2025-09-08,29,BRpos,1.75
2025-09-08,29,BRneg,0.747
2025-09-08,30,BRpos,1.618
2025-09-08,30,BRneg,0.961
2025-09-08,31,BRpos,3.129
2025-09-08,31,BRneg,1.453
2025-09-08,32,BRpos,2.314
2025-09-08,32,BRneg,1.186
2025-09-08,33,BRpos,3.65
2025-09-08,33,BRneg,1.001
2025-09-08,34,BRpos,3.768
2025-09-08,34,BRneg,1.285
2025-09-08,35,BRpos,3.571
2025-09-08,35,BRneg,1.93
2025-09-08,36,BRpos,2.491
2025-09-08,36,BRneg,2.02
2025-09-08,37,BRpos,2.65
2025-09-08,37,BRneg,1.44
2025-09-08,38,BRpos,1.55
2025-09-08,38,BRneg,0.68
2025-09-08,39,BRpos,2.343
2025-09-08,39,BRneg,2.845
2025-09-08,40,BRpos,3.59
2025-09-08,40,BRneg,0.493
2025-09-08,41,BRpos,1.135
2025-09-08,41,BRneg,0.566
2025-09-08,42,BRpos,3.456
2025-09-08,42,BRneg,1.058
2025-09-08,43,BRpos,2.162
2025-09-08,43,BRneg,1.176
2025-09-08,44,BRpos,5.753
2025-09-08,44,BRneg,1.607
2025-09-08,45,BRpos,2.369
2025-09-08,45,BRneg,1.664
2025-09-08,46,BRpos,1.089
2025-09-08,46,BRneg,0.907
2025-09-08,47,BRpos,4.457
2025-09-08,47,BRneg,1.196
2025-09-08,48,BRpos,0.856
2025-09-08,48,BRneg,0.894
2025-09-09,1,BRpos,1.724
2025-09-09,1,BRneg,1.625
2025-09-09,2,BRpos,2.633
2025-09-09,2,BRneg,0.826
2025-09-09,3,BRpos,2.34
2025-09-09,3,BRneg,1.088
2025-09-09,4,BRpos,3.934
2025-09-09,4,BRneg,1.072
2025-09-09,5,BRpos,2.275
2025-09-09,5,BRneg,0.875
2025-09-09,6,BRpos,4.941
2025-09-09,6,BRneg,0.991
2025-09-09,7,BRpos,3.704
2025-09-09,7,BRneg,2.092
2025-09-09,8,BRpos,2.984
2025-09-09,8,BRneg,1.099
2025-09-09,9,BRpos,4.255
2025-09-09,9,BRneg,2.056
2025-09-09,10,BRpos,1.04
2025-09-09,10,BRneg,1.437
2025-09-09,11,BRpos,2.457
2025-09-09,11,BRneg,0.864
2025-09-09,12,BRpos,5.532
2025-09-09,12,BRneg,0.741
2025-09-09,13,BRpos,2.623
2025-09-09,13,BRneg,0.825
2025-09-09,14,BRpos,2.706
2025-09-09,14,BRneg,1.044
2025-09-09,15,BRpos,1.439
2025-09-09,15,BRneg,2.006
2025-09-09,16,BRpos,1.206
2025-09-09,16,BRneg,0.954
2025-09-09,17,BRpos,1.503
2025-09-09,17,BRneg,1.578
2025-09-09,18,BRpos,1.723
2025-09-09,18,BRneg,1.155
2025-09-09,19,BRpos,2.773
2025-09-09,19,BRneg,2.014
2025-09-09,20,BRpos,1.815
2025-09-09,20,BRneg,1.549
2025-09-09,21,BRpos,3.798
2025-09-09,21,BRneg,1.126
2025-09-09,22,BRpos,1.812
2025-09-09,22,BRneg,0.503
2025-09-09,23,BRpos,3.181
2025-09-09,23,BRneg,0.688
2025-09-09,24,BRpos,1.524
2025-09-09,24,BRneg,1.637
2025-09-09,25,BRpos,1.073
2025-09-09,25,BRneg,0.692
2025-09-09,26,BRpos,1.979
2025-09-09,26,BRneg,2.87
2025-09-09,27,BRpos,2.209
2025-09-09,27,BRneg,1.088
2025-09-09,28,BRpos,1.908
2025-09-09,28,BRneg,1.126
2025-09-09,29,BRpos,2.848
2025-09-09,29,BRneg,1.438
2025-09-09,30,BRpos,1.3
2025-09-09,30,BRneg,1.024
2025-09-09,31,BRpos,2.594
2025-09-09,31,BRneg,0.896
2025-09-09,32,BRpos,1.956
2025-09-09,32,BRneg,0.935
2025-09-09,33,BRpos,3.664
2025-09-09,33,BRneg,1.066
2025-09-09,34,BRpos,6.094
2025-09-09,34,BRneg,1.087
2025-09-09,35,BRpos,5.623
2025-09-09,35,BRneg,3.158
2025-09-09,36,BRpos,10.36
2025-09-09,36,BRneg,2.179
2025-09-09,37,BRpos,2.415
2025-09-09,37,BRneg,1.95
2025-09-09,38,BRpos,4.329
2025-09-09,38,BRneg,0.822
2025-09-09,39,BRpos,5.252
2025-09-09,39,BRneg,1.855
2025-09-09,40,BRpos,1.767
2025-09-09,40,BRneg,0.713
2025-09-09,41,BRpos,4.247
2025-09-09,41,BRneg,0.388
2025-09-09,42,BRpos,3.571
2025-09-09,42,BRneg,0.989
2025-09-09,43,BRpos,1.822
2025-09-09,43,BRneg,0.623
2025-09-09,44,BRpos,4.677
2025-09-09,44,BRneg,1.395
2025-09-09,45,BRpos,0.622
2025-09-09,45,BRneg,0.929
2025-09-09,46,BRpos,1.883
2025-09-09,46,BRneg,0.363
2025-09-09,47,BRpos,1.723
2025-09-09,47,BRneg,0.282
2025-09-09,48,BRpos,2.871
2025-09-09,48,BRneg,0.913
2025-09-10,1,BRpos,4.81
2025-09-10,1,BRneg,0.799
2025-09-10,2,BRpos,2.255
2025-09-10,2,BRneg,1.011
2025-09-10,3,BRpos,1.41
2025-09-10,3,BRneg,0.596
2025-09-10,4,BRpos,2.105
2025-09-10,4,BRneg,1.057
2025-09-10,5,BRpos,4.859
2025-09-10,5,BRneg,1.045
2025-09-10,6,BRpos,2.11
2025-09-10,6,BRneg,1.027
2025-09-10,7,BRpos,1.977
2025-09-10,7,BRneg,1.216
2025-09-10,8,BRpos,1.519
2025-09-10,8,BRneg,1.257
2025-09-10,9,BRpos,4.74
2025-09-10,9,BRneg,1.915
2025-09-10,10,BRpos,2.273
2025-09-10,10,BRneg,0.681
2025-09-10,11,BRpos,1.99
2025-09-10,11,BRneg,2.284
2025-09-10,12,BRpos,3.346
2025-09-10,12,BRneg,0.854
2025-09-10,13,BRpos,1.922
2025-09-10,13,BRneg,0.774
2025-09-10,14,BRpos,1.606
2025-09-10,14,BRneg,1.351
2025-09-10,15,BRpos,2.604
2025-09-10,15,BRneg,1.756
2025-09-10,16,BRpos,3.592
2025-09-10,16,BRneg,0.822
2025-09-10,17,BRpos,2.074
2025-09-10,17,BRneg,1.157
2025-09-10,18,BRpos,1.277
2025-09-10,18,BRneg,0.893
2025-09-10,19,BRpos,2.961
2025-09-10,19,BRneg,0.951
2025-09-10,20,BRpos,1.404
2025-09-10,20,BRneg,1.627
2025-09-10,21,BRpos,2.383
2025-09-10,21,BRneg,0.489
2025-09-10,22,BRpos,2.099
2025-09-10,22,BRneg,0.989
2025-09-10,23,BRpos,4.575
2025-09-10,23,BRneg,3.165
2025-09-10,24,BRpos,1.579
2025-09-10,24,BRneg,0.79
2025-09-10,25,BRpos,1.492
2025-09-10,25,BRneg,1.292
2025-09-10,26,BRpos,1.999
2025-09-10,26,BRneg,0.781
2025-09-10,27,BRpos,2.314
2025-09-10,27,BRneg,1.793
2025-09-10,28,BRpos,1.995
2025-09-10,28,BRneg,1.042
2025-09-10,29,BRpos,2.121
2025-09-10,29,BRneg,0.94
2025-09-10,30,BRpos,5.43
2025-09-10,30,BRneg,0.701
2025-09-10,31,BRpos,1.117
2025-09-10,31,BRneg,3.162
2025-09-10,32,BRpos,3.515
2025-09-10,32,BRneg,3.225
2025-09-10,33,BRpos,2.339
2025-09-10,33,BRneg,1.731
2025-09-10,34,BRpos,4.343
2025-09-10,34,BRneg,3.187
2025-09-10,35,BRpos,4.5
2025-09-10,35,BRneg,1.559
2025-09-10,36,BRpos,6.058
2025-09-10,36,BRneg,1.598
2025-09-10,37,BRpos,5.3
2025-09-10,37,BRneg,1.953
2025-09-10,38,BRpos,2.175
2025-09-10,38,BRneg,1.378
2025-09-10,39,BRpos,3.454
2025-09-10,39,BRneg,0.839
2025-09-10,40,BRpos,2.333
2025-09-10,40,BRneg,1.368
2025-09-10,41,BRpos,3.61
2025-09-10,41,BRneg,1.148
2025-09-10,42,BRpos,1.925
2025-09-10,42,BRneg,1.655
2025-09-10,43,BRpos,3.062
2025-09-10,43,BRneg,0.739
2025-09-10,44,BRpos,2.628
2025-09-10,44,BRneg,1.359
2025-09-10,45,BRpos,4.936
2025-09-10,45,BRneg,1.923
2025-09-10,46,BRpos,3.878
2025-09-10,46,BRneg,2.604
2025-09-10,47,BRpos,3.745
2025-09-10,47,BRneg,1.956
2025-09-10,48,BRpos,1.412
2025-09-10,48,BRneg,0.898
2025-09-11,1,BRpos,0.962
2025-09-11,1,BRneg,1.975
2025-09-11,2,BRpos,2.942
2025-09-11,2,BRneg,2.984
2025-09-11,3,BRpos,1.632
2025-09-11,3,BRneg,1.427
2025-09-11,4,BRpos,1.001
2025-09-11,4,BRneg,1.186
2025-09-11,5,BRpos,1.613
2025-09-11,5,BRneg,0.874
2025-09-11,6,BRpos,1.912
2025-09-11,6,BRneg,1.161
2025-09-11,7,BRpos,1.353
2025-09-11,7,BRneg,0.757
2025-09-11,8,BRpos,1.629
2025-09-11,8,BRneg,0.797
2025-09-11,9,BRpos,1.463
2025-09-11,9,BRneg,1.337
2025-09-11,10,BRpos,1.811
2025-09-11,10,BRneg,0.894
2025-09-11,11,BRpos,2.963
2025-09-11,11,BRneg,1.141
2025-09-11,12,BRpos,2.613
2025-09-11,12,BRneg,2.318
2025-09-11,13,BRpos,2.769
2025-09-11,13,BRneg,1.888
2025-09-11,14,BRpos,3.153
2025-09-11,14,BRneg,1.729
2025-09-11,15,BRpos,4.457
2025-09-11,15,BRneg,0.886
2025-09-11,16,BRpos,2.406
2025-09-11,16,BRneg,1.209
2025-09-11,17,BRpos,5.091
2025-09-11,17,BRneg,1.214
2025-09-11,18,BRpos,2.559
2025-09-11,18,BRneg,2.149
2025-09-11,19,BRpos,1.795
2025-09-11,19,BRneg,0.979
2025-09-11,20,BRpos,1.623
2025-09-11,20,BRneg,0.796
2025-09-11,21,BRpos,1.553
2025-09-11,21,BRneg,1.291
2025-09-11,22,BRpos,2.72
2025-09-11,22,BRneg,0.603
2025-09-11,23,BRpos,3.895
2025-09-11,23,BRneg,2.513
2025-09-11,24,BRpos,3.058
2025-09-11,24,BRneg,0.631
2025-09-11,25,BRpos,2.32
2025-09-11,25,BRneg,0.45
2025-09-11,26,BRpos,1.997
2025-09-11,26,BRneg,0.584
2025-09-11,27,BRpos,2.439
2025-09-11,27,BRneg,0.812
2025-09-11,28,BRpos,1.764
2025-09-11,28,BRneg,0.544
2025-09-11,29,BRpos,3.802
2025-09-11,29,BRneg,1.098
2025-09-11,30,BRpos,3.117
2025-09-11,30,BRneg,2.548
2025-09-11,31,BRpos,1.812
2025-09-11,31,BRneg,0.959
2025-09-11,32,BRpos,1.53
2025-09-11,32,BRneg,1.136
2025-09-11,33,BRpos,1.213
2025-09-11,33,BRneg,0.578
2025-09-11,34,BRpos,3.489
2025-09-11,34,BRneg,1.466
2025-09-11,35,BRpos,2.742
2025-09-11,35,BRneg,2.862
2025-09-11,36,BRpos,2.999
2025-09-11,36,BRneg,2.505
2025-09-11,37,BRpos,4.386
2025-09-11,37,BRneg,2.464
2025-09-11,38,BRpos,7.522
2025-09-11,38,BRneg,1.563
2025-09-11,39,BRpos,5.591
2025-09-11,39,BRneg,2.241
2025-09-11,40,BRpos,1.896
2025-09-11,40,BRneg,1.204
2025-09-11,41,BRpos,2.141
2025-09-11,41,BRneg,0.768
2025-09-11,42,BRpos,1.409
2025-09-11,42,BRneg,1.295
2025-09-11,43,BRpos,1.586
2025-09-11,43,BRneg,1.011
2025-09-11,44,BRpos,1.056
2025-09-11,44,BRneg,1.069
2025-09-11,45,BRpos,2.061
2025-09-11,45,BRneg,1.535
2025-09-11,46,BRpos,3.964
2025-09-11,46,BRneg,0.951
2025-09-11,47,BRpos,1.092
2025-09-11,47,BRneg,0.919
2025-09-11,48,BRpos,2.647
2025-09-11,48,BRneg,0.517
2025-09-12,1,BRpos,1.909
2025-09-12,1,BRneg,1.734
2025-09-12,2,BRpos,2.995
2025-09-12,2,BRneg,3.068
2025-09-12,3,BRpos,2.169
2025-09-12,3,BRneg,0.634
2025-09-12,4,BRpos,2.103
2025-09-12,4,BRneg,0.548
2025-09-12,5,BRpos,1.041
2025-09-12,5,BRneg,0.611
2025-09-12,6,BRpos,2.24
2025-09-12,6,BRneg,2.145
2025-09-12,7,BRpos,3.066
2025-09-12,7,BRneg,0.785
2025-09-12,8,BRpos,2.47
2025-09-12,8,BRneg,1.232
2025-09-12,9,BRpos,2.636
2025-09-12,9,BRneg,0.678
2025-09-12,10,BRpos,6.881
2025-09-12,10,BRneg,1.478
2025-09-12,11,BRpos,3.971
2025-09-12,11,BRneg,0.906
2025-09-12,12,BRpos,1.021
2025-09-12,12,BRneg,2.244
2025-09-12,13,BRpos,5.852
2025-09-12,13,BRneg,1.112
2025-09-12,14,BRpos,2.084
2025-09-12,14,BRneg,0.984
2025-09-12,15,BRpos,2.583
2025-09-12,15,BRneg,1.037
2025-09-12,16,BRpos,3.824
2025-09-12,16,BRneg,0.641
2025-09-12,17,BRpos,1.903
2025-09-12,17,BRneg,0.421
2025-09-12,18,BRpos,2.736
2025-09-12,18,BRneg,4.471
2025-09-12,19,BRpos,1.698
2025-09-12,19,BRneg,1.213
2025-09-12,20,BRpos,1.604
2025-09-12,20,BRneg,1.388
2025-09-12,21,BRpos,4.372
2025-09-12,21,BRneg,2.232
2025-09-12,22,BRpos,1.155
2025-09-12,22,BRneg,0.731
2025-09-12,23,BRpos,2.414
2025-09-12,23,BRneg,0.637
2025-09-12,24,BRpos,2.682
2025-09-12,24,BRneg,1.182
2025-09-12,25,BRpos,4.017
2025-09-12,25,BRneg,1.869
2025-09-12,26,BRpos,2.797
2025-09-12,26,BRneg,1.762
2025-09-12,27,BRpos,1.611
2025-09-12,27,BRneg,0.91
2025-09-12,28,BRpos,2.44
2025-09-12,28,BRneg,0.538
2025-09-12,29,BRpos,1.617
2025-09-12,29,BRneg,1.847
2025-09-12,30,BRpos,5.832
2025-09-12,30,BRneg,1.371
2025-09-12,31,BRpos,1.783
2025-09-12,31,BRneg,0.769
2025-09-12,32,BRpos,1.221
2025-09-12,32,BRneg,1.682
2025-09-12,33,BRpos,1.658
2025-09-12,33,BRneg,1.334
2025-09-12,34,BRpos,3.056
2025-09-12,34,BRneg,2.008
2025-09-12,35,BRpos,3.824
2025-09-12,35,BRneg,1.742
2025-09-12,36,BRpos,6.325
2025-09-12,36,BRneg,1.179
2025-09-12,37,BRpos,3.342
2025-09-12,37,BRneg,1.167
2025-09-12,38,BRpos,3.739
2025-09-12,38,BRneg,1.194
2025-09-12,39,BRpos,3.168
2025-09-12,39,BRneg,2.249
2025-09-12,40,BRpos,3.921
2025-09-12,40,BRneg,0.754
2025-09-12,41,BRpos,1.794
2025-09-12,41,BRneg,1.431
2025-09-12,42,BRpos,3.233
2025-09-12,42,BRneg,0.911
2025-09-12,43,BRpos,1.543
2025-09-12,43,BRneg,0.897
2025-09-12,44,BRpos,3.627
2025-09-12,44,BRneg,0.788
2025-09-12,45,BRpos,2.795
2025-09-12,45,BRneg,1.715
2025-09-12,46,BRpos,2.223
2025-09-12,46,BRneg,0.595
2025-09-12,47,BRpos,2.458
2025-09-12,47,BRneg,0.732
2025-09-12,48,BRpos,1.816
2025-09-12,48,BRneg,2.127
2025-09-13,1,BRpos,4.317
2025-09-13,1,BRneg,1.451
2025-09-13,2,BRpos,2.842
2025-09-13,2,BRneg,1.541
2025-09-13,3,BRpos,3.267
2025-09-13,3,BRneg,1.091
2025-09-13,4,BRpos,3.155
2025-09-13,4,BRneg,1.76
2025-09-13,5,BRpos,3.029
2025-09-13,5,BRneg,1.412
2025-09-13,6,BRpos,2.964
2025-09-13,6,BRneg,1.329
2025-09-13,7,BRpos,6.189
2025-09-13,7,BRneg,1.197
2025-09-13,8,BRpos,2.829
2025-09-13,8,BRneg,0.771
2025-09-13,9,BRpos,1.303
2025-09-13,9,BRneg,1.2
2025-09-13,10,BRpos,6.454
2025-09-13,10,BRneg,1.913
2025-09-13,11,BRpos,2.156
2025-09-13,11,BRneg,1.374
2025-09-13,12,BRpos,1.769
2025-09-13,12,BRneg,1.512
2025-09-13,13,BRpos,2.179
2025-09-13,13,BRneg,1.643
2025-09-13,14,BRpos,1.474
2025-09-13,14,BRneg,0.588
2025-09-13,15,BRpos,1.273
2025-09-13,15,BRneg,1.118
2025-09-13,16,BRpos,2.438
2025-09-13,16,BRneg,1.354
2025-09-13,17,BRpos,2.859
2025-09-13,17,BRneg,1.07
2025-09-13,18,BRpos,1.626
2025-09-13,18,BRneg,1.641
2025-09-13,19,BRpos,1.988
2025-09-13,19,BRneg,0.589
2025-09-13,20,BRpos,2.305
2025-09-13,20,BRneg,1.1
2025-09-13,21,BRpos,2.365
2025-09-13,21,BRneg,0.783
2025-09-13,22,BRpos,4.551
2025-09-13,22,BRneg,0.797
2025-09-13,23,BRpos,2.168
2025-09-13,23,BRneg,0.834
2025-09-13,24,BRpos,1.683
2025-09-13,24,BRneg,0.695
2025-09-13,25,BRpos,4.729
2025-09-13,25,BRneg,0.932
2025-09-13,26,BRpos,1.934
2025-09-13,26,BRneg,0.902
2025-09-13,27,BRpos,1.437
2025-09-13,27,BRneg,0.811
2025-09-13,28,BRpos,2.583
2025-09-13,28,BRneg,0.979
2025-09-13,29,BRpos,1.254
2025-09-13,29,BRneg,1.212
2025-09-13,30,BRpos,3.466
2025-09-13,30,BRneg,1.577
2025-09-13,31,BRpos,1.327
2025-09-13,31,BRneg,1.598
2025-09-13,32,BRpos,1.539
2025-09-13,32,BRneg,1.893
2025-09-13,33,BRpos,2.539
2025-09-13,33,BRneg,1.799
2025-09-13,34,BRpos,5.997
2025-09-13,34,BRneg,1.6
2025-09-13,35,BRpos,2.467
2025-09-13,35,BRneg,1.325
2025-09-13,36,BRpos,4.093
2025-09-13,36,BRneg,2.891
2025-09-13,37,BRpos,3.4
2025-09-13,37,BRneg,3.349
2025-09-13,38,BRpos,6.33
2025-09-13,38,BRneg,1.851
2025-09-13,39,BRpos,4.679
2025-09-13,39,BRneg,1.78
2025-09-13,40,BRpos,2.275
2025-09-13,40,BRneg,1.336
2025-09-13,41,BRpos,3.064
2025-09-13,41,BRneg,1.457
2025-09-13,42,BRpos,1.999
2025-09-13,42,BRneg,1.443
2025-09-13,43,BRpos,4.168
2025-09-13,43,BRneg,3.724
2025-09-13,44,BRpos,3.299
2025-09-13,44,BRneg,0.725
2025-09-13,45,BRpos,3.267
2025-09-13,45,BRneg,1.0
2025-09-13,46,BRpos,2.476
2025-09-13,46,BRneg,2.726
2025-09-13,47,BRpos,2.192
2025-09-13,47,BRneg,1.09
2025-09-13,48,BRpos,3.251
2025-09-13,48,BRneg,2.013
2025-09-14,1,BRpos,2.521
2025-09-14,1,BRneg,1.954
2025-09-14,2,BRpos,3.765
2025-09-14,2,BRneg,1.756
2025-09-14,3,BRpos,1.799
2025-09-14,3,BRneg,1.058
2025-09-14,4,BRpos,2.441
2025-09-14,4,BRneg,1.151
2025-09-14,5,BRpos,2.28
2025-09-14,5,BRneg,1.431
2025-09-14,6,BRpos,5.658
2025-09-14,6,BRneg,1.454
2025-09-14,7,BRpos,2.311
2025-09-14,7,BRneg,0.861
2025-09-14,8,BRpos,1.754
2025-09-14,8,BRneg,0.796
2025-09-14,9,BRpos,4.56
2025-09-14,9,BRneg,1.588
2025-09-14,10,BRpos,2.939
2025-09-14,10,BRneg,0.935
2025-09-14,11,BRpos,1.35
2025-09-14,11,BRneg,1.39
2025-09-14,12,BRpos,3.308
2025-09-14,12,BRneg,1.271
2025-09-14,13,BRpos,1.757
2025-09-14,13,BRneg,0.746
2025-09-14,14,BRpos,5.745
2025-09-14,14,BRneg,2.61
2025-09-14,15,BRpos,1.289
2025-09-14,15,BRneg,1.229
2025-09-14,16,BRpos,2.959
2025-09-14,16,BRneg,1.552
2025-09-14,17,BRpos,3.749
2025-09-14,17,BRneg,0.874
2025-09-14,18,BRpos,2.475
2025-09-14,18,BRneg,1.059
2025-09-14,19,BRpos,8.336
2025-09-14,19,BRneg,1.501
2025-09-14,20,BRpos,1.143
2025-09-14,20,BRneg,1.013
2025-09-14,21,BRpos,2.47
2025-09-14,21,BRneg,0.929
2025-09-14,22,BRpos,1.61
2025-09-14,22,BRneg,0.926
2025-09-14,23,BRpos,2.28
2025-09-14,23,BRneg,0.429
2025-09-14,24,BRpos,2.317
2025-09-14,24,BRneg,0.513
2025-09-14,25,BRpos,6.95
2025-09-14,25,BRneg,2.501
2025-09-14,26,BRpos,2.471
2025-09-14,26,BRneg,2.008
2025-09-14,27,BRpos,2.768
2025-09-14,27,BRneg,0.79
2025-09-14,28,BRpos,3.766
2025-09-14,28,BRneg,1.85
2025-09-14,29,BRpos,4.282
2025-09-14,29,BRneg,0.594
2025-09-14,30,BRpos,1.595
2025-09-14,30,BRneg,0.815
2025-09-14,31,BRpos,2.311
2025-09-14,31,BRneg,3.045
2025-09-14,32,BRpos,5.005
2025-09-14,32,BRneg,1.043
2025-09-14,33,BRpos,1.983
2025-09-14,33,BRneg,1.718
2025-09-14,34,BRpos,2.062
2025-09-14,34,BRneg,3.875
2025-09-14,35,BRpos,4.376
2025-09-14,35,BRneg,2.647
2025-09-14,36,BRpos,4.638
2025-09-14,36,BRneg,0.969
2025-09-14,37,BRpos,2.105
2025-09-14,37,BRneg,0.744
2025-09-14,38,BRpos,3.912
2025-09-14,38,BRneg,2.187
2025-09-14,39,BRpos,2.679
2025-09-14,39,BRneg,1.14
2025-09-14,40,BRpos,2.074
2025-09-14,40,BRneg,0.704
2025-09-14,41,BRpos,4.068
2025-09-14,41,BRneg,1.504
2025-09-14,42,BRpos,3.161
2025-09-14,42,BRneg,0.713
2025-09-14,43,BRpos,3.538
2025-09-14,43,BRneg,1.893
2025-09-14,44,BRpos,3.217
2025-09-14,44,BRneg,1.456
2025-09-14,45,BRpos,5.741
2025-09-14,45,BRneg,2.383
2025-09-14,46,BRpos,4.747
2025-09-14,46,BRneg,2.937
2025-09-14,47,BRpos,3.294
2025-09-14,47,BRneg,0.746
2025-09-14,48,BRpos,1.83
2025-09-14,48,BRneg,1.088
2025-09-15,1,BRpos,1.485
2025-09-15,1,BRneg,2.926
2025-09-15,2,BRpos,1.198
2025-09-15,2,BRneg,0.381
2025-09-15,3,BRpos,1.961
2025-09-15,3,BRneg,0.91
2025-09-15,4,BRpos,2.201
2025-09-15,4,BRneg,0.427
2025-09-15,5,BRpos,3.985
2025-09-15,5,BRneg,0.902
2025-09-15,6,BRpos,1.706
2025-09-15,6,BRneg,1.554
2025-09-15,7,BRpos,2.89
2025-09-15,7,BRneg,1.091
2025-09-15,8,BRpos,1.274
2025-09-15,8,BRneg,1.06
2025-09-15,9,BRpos,2.447
2025-09-15,9,BRneg,0.56
2025-09-15,10,BRpos,1.721
2025-09-15,10,BRneg,1.472
2025-09-15,11,BRpos,2.776
2025-09-15,11,BRneg,0.926
2025-09-15,12,BRpos,1.941
2025-09-15,12,BRneg,0.469
2025-09-15,13,BRpos,7.392
2025-09-15,13,BRneg,1.897
2025-09-15,14,BRpos,3.923
2025-09-15,14,BRneg,2.095
2025-09-15,15,BRpos,2.637
2025-09-15,15,BRneg,1.107
2025-09-15,16,BRpos,1.573
2025-09-15,16,BRneg,1.768
2025-09-15,17,BRpos,2.81
2025-09-15,17,BRneg,0.815
2025-09-15,18,BRpos,2.777
2025-09-15,18,BRneg,1.247
2025-09-15,19,BRpos,0.904
2025-09-15,19,BRneg,0.925
2025-09-15,20,BRpos,1.485
2025-09-15,20,BRneg,1.11
2025-09-15,21,BRpos,1.527
2025-09-15,21,BRneg,1.025
2025-09-15,22,BRpos,2.088
2025-09-15,22,BRneg,1.331
2025-09-15,23,BRpos,3.901
2025-09-15,23,BRneg,1.707
2025-09-15,24,BRpos,1.407
2025-09-15,24,BRneg,0.59
2025-09-15,25,BRpos,2.094
2025-09-15,25,BRneg,0.69
2025-09-15,26,BRpos,2.658
2025-09-15,26,BRneg,1.541
2025-09-15,27,BRpos,1.855
2025-09-15,27,BRneg,1.628
2025-09-15,28,BRpos,2.525
2025-09-15,28,BRneg,1.034
2025-09-15,29,BRpos,2.359
2025-09-15,29,BRneg,1.53
2025-09-15,30,BRpos,2.517
2025-09-15,30,BRneg,0.822
2025-09-15,31,BRpos,3.768
2025-09-15,31,BRneg,1.066
2025-09-15,32,BRpos,1.468
2025-09-15,32,BRneg,1.011
2025-09-15,33,BRpos,2.621
2025-09-15,33,BRneg,1.365
2025-09-15,34,BRpos,5.027
2025-09-15,34,BRneg,1.206
2025-09-15,35,BRpos,6.128
2025-09-15,35,BRneg,0.813
2025-09-15,36,BRpos,5.678
2025-09-15,36,BRneg,2.652
2025-09-15,37,BRpos,5.953
2025-09-15,37,BRneg,1.711
2025-09-15,38,BRpos,4.207
2025-09-15,38,BRneg,2.836
2025-09-15,39,BRpos,2.456
2025-09-15,39,BRneg,2.054
2025-09-15,40,BRpos,1.923
2025-09-15,40,BRneg,1.43
2025-09-15,41,BRpos,4.175
2025-09-15,41,BRneg,1.6
2025-09-15,42,BRpos,3.339
2025-09-15,42,BRneg,0.853
2025-09-15,43,BRpos,1.635
2025-09-15,43,BRneg,0.749
2025-09-15,44,BRpos,2.569
2025-09-15,44,BRneg,1.578
2025-09-15,45,BRpos,3.681
2025-09-15,45,BRneg,1.052
2025-09-15,46,BRpos,4.207
2025-09-15,46,BRneg,0.875
2025-09-15,47,BRpos,2.591
2025-09-15,47,BRneg,1.196
2025-09-15,48,BRpos,5.899
2025-09-15,48,BRneg,0.668
2025-09-16,1,BRpos,6.84
2025-09-16,1,BRneg,0.664
2025-09-16,2,BRpos,1.895
2025-09-16,2,BRneg,0.971
2025-09-16,3,BRpos,1.517
2025-09-16,3,BRneg,1.022
2025-09-16,4,BRpos,1.819
2025-09-16,4,BRneg,0.589
2025-09-16,5,BRpos,1.115
2025-09-16,5,BRneg,1.055
2025-09-16,6,BRpos,3.093
2025-09-16,6,BRneg,1.108
2025-09-16,7,BRpos,13.166
2025-09-16,7,BRneg,1.716
2025-09-16,8,BRpos,3.674
2025-09-16,8,BRneg,2.306
2025-09-16,9,BRpos,1.835
2025-09-16,9,BRneg,0.629
2025-09-16,10,BRpos,2.35
2025-09-16,10,BRneg,1.317
2025-09-16,11,BRpos,1.224
2025-09-16,11,BRneg,1.974
2025-09-16,12,BRpos,4.795
2025-09-16,12,BRneg,1.189
2025-09-16,13,BRpos,1.312
2025-09-16,13,BRneg,2.058
2025-09-16,14,BRpos,3.342
2025-09-16,14,BRneg,0.745
2025-09-16,15,BRpos,5.173
2025-09-16,15,BRneg,1.912
2025-09-16,16,BRpos,1.768
2025-09-16,16,BRneg,1.019
2025-09-16,17,BRpos,1.39
2025-09-16,17,BRneg,0.736
2025-09-16,18,BRpos,1.292
2025-09-16,18,BRneg,0.823
2025-09-16,19,BRpos,2.139
2025-09-16,19,BRneg,1.294
2025-09-16,20,BRpos,2.925
2025-09-16,20,BRneg,1.759
2025-09-16,21,BRpos,1.682
2025-09-16,21,BRneg,0.965
2025-09-16,22,BRpos,2.363
2025-09-16,22,BRneg,1.638
2025-09-16,23,BRpos,1.822
2025-09-16,23,BRneg,1.01
2025-09-16,24,BRpos,1.524
2025-09-16,24,BRneg,1.236
2025-09-16,25,BRpos,2.629
2025-09-16,25,BRneg,0.865
2025-09-16,26,BRpos,3.03
2025-09-16,26,BRneg,0.761
2025-09-16,27,BRpos,2.577
2025-09-16,27,BRneg,0.612
2025-09-16,28,BRpos,2.328
2025-09-16,28,BRneg,0.96
2025-09-16,29,BRpos,3.676
2025-09-16,29,BRneg,0.796
2025-09-16,30,BRpos,1.519
2025-09-16,30,BRneg,1.623
2025-09-16,31,BRpos,3.104
2025-09-16,31,BRneg,1.62
2025-09-16,32,BRpos,1.52
2025-09-16,32,BRneg,1.398
2025-09-16,33,BRpos,2.327
2025-09-16,33,BRneg,0.437
2025-09-16,34,BRpos,3.384
2025-09-16,34,BRneg,0.872
2025-09-16,35,BRpos,6.168
2025-09-16,35,BRneg,1.859
2025-09-16,36,BRpos,4.763
2025-09-16,36,BRneg,2.763
2025-09-16,37,BRpos,6.347
2025-09-16,37,BRneg,2.22
2025-09-16,38,BRpos,1.242
2025-09-16,38,BRneg,2.754
2025-09-16,39,BRpos,6.572
2025-09-16,39,BRneg,1.203
2025-09-16,40,BRpos,1.018
2025-09-16,40,BRneg,0.872
2025-09-16,41,BRpos,3.104
2025-09-16,41,BRneg,0.86
2025-09-16,42,BRpos,1.179
2025-09-16,42,BRneg,1.254
2025-09-16,43,BRpos,1.469
2025-09-16,43,BRneg,0.757
2025-09-16,44,BRpos,2.562
2025-09-16,44,BRneg,0.373
2025-09-16,45,BRpos,5.437
2025-09-16,45,BRneg,0.722
2025-09-16,46,BRpos,5.02
2025-09-16,46,BRneg,0.392
2025-09-16,47,BRpos,3.397
2025-09-16,47,BRneg,1.496
2025-09-16,48,BRpos,5.723
2025-09-16,48,BRneg,1.51
2025-09-17,1,BRpos,1.543
2025-09-17,1,BRneg,0.84
2025-09-17,2,BRpos,2.662
2025-09-17,2,BRneg,0.855
2025-09-17,3,BRpos,1.937
2025-09-17,3,BRneg,1.983
2025-09-17,4,BRpos,3.477
2025-09-17,4,BRneg,1.151
2025-09-17,5,BRpos,1.667
2025-09-17,5,BRneg,1.624
2025-09-17,6,BRpos,1.507
2025-09-17,6,BRneg,2.753
2025-09-17,7,BRpos,3.182
2025-09-17,7,BRneg,0.871
2025-09-17,8,BRpos,3.116
2025-09-17,8,BRneg,1.074
2025-09-17,9,BRpos,3.765
2025-09-17,9,BRneg,3.242
2025-09-17,10,BRpos,2.588
2025-09-17,10,BRneg,1.573
2025-09-17,11,BRpos,7.348
2025-09-17,11,BRneg,0.674
2025-09-17,12,BRpos,1.313
2025-09-17,12,BRneg,1.293
2025-09-17,13,BRpos,2.394
2025-09-17,13,BRneg,1.221
2025-09-17,14,BRpos,2.906
2025-09-17,14,BRneg,1.738
2025-09-17,15,BRpos,1.281
2025-09-17,15,BRneg,0.553
2025-09-17,16,BRpos,4.624
2025-09-17,16,BRneg,2.009
2025-09-17,17,BRpos,2.051
2025-09-17,17,BRneg,0.969
2025-09-17,18,BRpos,3.05
2025-09-17,18,BRneg,0.868
2025-09-17,19,BRpos,1.489
2025-09-17,19,BRneg,3.24
2025-09-17,20,BRpos,1.81
2025-09-17,20,BRneg,2.201
2025-09-17,21,BRpos,1.504
2025-09-17,21,BRneg,1.151
2025-09-17,22,BRpos,2.568
2025-09-17,22,BRneg,0.92
2025-09-17,23,BRpos,1.624
2025-09-17,23,BRneg,1.758
2025-09-17,24,BRpos,2.082
2025-09-17,24,BRneg,1.124
2025-09-17,25,BRpos,2.461
2025-09-17,25,BRneg,1.187
2025-09-17,26,BRpos,2.753
2025-09-17,26,BRneg,1.002
2025-09-17,27,BRpos,1.941
2025-09-17,27,BRneg,1.866
2025-09-17,28,BRpos,1.54
2025-09-17,28,BRneg,1.022
2025-09-17,29,BRpos,1.134
2025-09-17,29,BRneg,0.964
2025-09-17,30,BRpos,2.281
2025-09-17,30,BRneg,1.619
2025-09-17,31,BRpos,2.746
2025-09-17,31,BRneg,1.075
2025-09-17,32,BRpos,3.898
2025-09-17,32,BRneg,1.417
2025-09-17,33,BRpos,3.326
2025-09-17,33,BRneg,1.322
2025-09-17,34,BRpos,4.066
2025-09-17,34,BRneg,1.358
2025-09-17,35,BRpos,8.118
2025-09-17,35,BRneg,1.962
2025-09-17,36,BRpos,4.996
2025-09-17,36,BRneg,1.939
2025-09-17,37,BRpos,8.889
2025-09-17,37,BRneg,1.123
2025-09-17,38,BRpos,1.645
2025-09-17,38,BRneg,2.835
2025-09-17,39,BRpos,5.393
2025-09-17,39,BRneg,1.581
2025-09-17,40,BRpos,1.885
2025-09-17,40,BRneg,1.683
2025-09-17,41,BRpos,2.776
2025-09-17,41,BRneg,1.908
2025-09-17,42,BRpos,1.781
2025-09-17,42,BRneg,0.949
2025-09-17,43,BRpos,3.444
2025-09-17,43,BRneg,0.651
2025-09-17,44,BRpos,3.357
2025-09-17,44,BRneg,1.111
2025-09-17,45,BRpos,2.045
2025-09-17,45,BRneg,1.884
2025-09-17,46,BRpos,1.53
2025-09-17,46,BRneg,0.881
2025-09-17,47,BRpos,2.707
2025-09-17,47,BRneg,2.36
2025-09-17,48,BRpos,3.392
2025-09-17,48,BRneg,0.632
2025-09-18,1,BRpos,1.707
2025-09-18,1,BRneg,1.133
2025-09-18,2,BRpos,1.794
2025-09-18,2,BRneg,0.549
2025-09-18,3,BRpos,2.991
2025-09-18,3,BRneg,3.223
2025-09-18,4,BRpos,2.999
2025-09-18,4,BRneg,1.638
2025-09-18,5,BRpos,2.725
2025-09-18,5,BRneg,2.442
2025-09-18,6,BRpos,4.217
2025-09-18,6,BRneg,0.532
2025-09-18,7,BRpos,3.676
2025-09-18,7,BRneg,1.154
2025-09-18,8,BRpos,3.012
2025-09-18,8,BRneg,1.07
2025-09-18,9,BRpos,3.459
2025-09-18,9,BRneg,0.715
2025-09-18,10,BRpos,1.974
2025-09-18,10,BRneg,2.302
2025-09-18,11,BRpos,1.138
2025-09-18,11,BRneg,0.773
2025-09-18,12,BRpos,2.925
2025-09-18,12,BRneg,1.654
2025-09-18,13,BRpos,3.579
2025-09-18,13,BRneg,1.055
2025-09-18,14,BRpos,1.448
2025-09-18,14,BRneg,0.838
2025-09-18,15,BRpos,6.895
2025-09-18,15,BRneg,2.031
2025-09-18,16,BRpos,3.167
2025-09-18,16,BRneg,0.693
2025-09-18,17,BRpos,2.233
2025-09-18,17,BRneg,1.691
2025-09-18,18,BRpos,3.819
2025-09-18,18,BRneg,0.796
2025-09-18,19,BRpos,3.218
2025-09-18,19,BRneg,1.599
2025-09-18,20,BRpos,4.408
2025-09-18,20,BRneg,0.418
2025-09-18,21,BRpos,2.788
2025-09-18,21,BRneg,1.322
2025-09-18,22,BRpos,2.879
2025-09-18,22,BRneg,1.297
2025-09-18,23,BRpos,3.552
2025-09-18,23,BRneg,0.831
2025-09-18,24,BRpos,2.585
2025-09-18,24,BRneg,1.217
2025-09-18,25,BRpos,3.1
2025-09-18,25,BRneg,0.945
2025-09-18,26,BRpos,2.908
2025-09-18,26,BRneg,1.419
2025-09-18,27,BRpos,1.205
2025-09-18,27,BRneg,1.019
2025-09-18,28,BRpos,2.871
2025-09-18,28,BRneg,0.79
2025-09-18,29,BRpos,0.873
2025-09-18,29,BRneg,0.847
2025-09-18,30,BRpos,4.034
2025-09-18,30,BRneg,0.692
2025-09-18,31,BRpos,2.66
2025-09-18,31,BRneg,0.898
2025-09-18,32,BRpos,1.217
2025-09-18,32,BRneg,2.906
2025-09-18,33,BRpos,1.977
2025-09-18,33,BRneg,2.159
2025-09-18,34,BRpos,2.815
2025-09-18,34,BRneg,1.203
2025-09-18,35,BRpos,2.28
2025-09-18,35,BRneg,1.292
2025-09-18,36,BRpos,2.635
2025-09-18,36,BRneg,5.521
2025-09-18,37,BRpos,1.696
2025-09-18,37,BRneg,0.816
2025-09-18,38,BRpos,3.882
2025-09-18,38,BRneg,1.563
2025-09-18,39,BRpos,1.418
2025-09-18,39,BRneg,1.555
2025-09-18,40,BRpos,0.841
2025-09-18,40,BRneg,1.637
2025-09-18,41,BRpos,1.345
2025-09-18,41,BRneg,1.52
2025-09-18,42,BRpos,4.449
2025-09-18,42,BRneg,0.843
2025-09-18,43,BRpos,3.868
2025-09-18,43,BRneg,1.032
2025-09-18,44,BRpos,1.372
2025-09-18,44,BRneg,1.01
2025-09-18,45,BRpos,1.562
2025-09-18,45,BRneg,0.6
2025-09-18,46,BRpos,1.456
2025-09-18,46,BRneg,2.372
2025-09-18,47,BRpos,0.703
2025-09-18,47,BRneg,0.931
2025-09-18,48,BRpos,2.754
2025-09-18,48,BRneg,1.214
2025-09-19,1,BRpos,1.631
2025-09-19,1,BRneg,1.425
2025-09-19,2,BRpos,1.122
2025-09-19,2,BRneg,1.389
2025-09-19,3,BRpos,0.992
2025-09-19,3,BRneg,0.93
2025-09-19,4,BRpos,2.354
2025-09-19,4,BRneg,2.041
2025-09-19,5,BRpos,1.142
2025-09-19,5,BRneg,1.503
2025-09-19,6,BRpos,2.04
2025-09-19,6,BRneg,0.611
2025-09-19,7,BRpos,3.585
2025-09-19,7,BRneg,1.116
2025-09-19,8,BRpos,2.686
2025-09-19,8,BRneg,1.167
2025-09-19,9,BRpos,3.86
2025-09-19,9,BRneg,2.547
2025-09-19,10,BRpos,4.1
2025-09-19,10,BRneg,0.733
2025-09-19,11,BRpos,2.332
2025-09-19,11,BRneg,0.978
2025-09-19,12,BRpos,4.504
2025-09-19,12,BRneg,2.788
2025-09-19,13,BRpos,1.579
2025-09-19,13,BRneg,1.244
2025-09-19,14,BRpos,3.558
2025-09-19,14,BRneg,0.723
2025-09-19,15,BRpos,3.082
2025-09-19,15,BRneg,1.195
2025-09-19,16,BRpos,1.898
2025-09-19,16,BRneg,1.339
2025-09-19,17,BRpos,2.649
2025-09-19,17,BRneg,1.946
2025-09-19,18,BRpos,1.992
2025-09-19,18,BRneg,1.108
2025-09-19,19,BRpos,2.103
2025-09-19,19,BRneg,1.43
2025-09-19,20,BRpos,2.906
2025-09-19,20,BRneg,0.546
2025-09-19,21,BRpos,2.973
2025-09-19,21,BRneg,0.781
2025-09-19,22,BRpos,3.077
2025-09-19,22,BRneg,2.515
2025-09-19,23,BRpos,3.297
2025-09-19,23,BRneg,0.969
2025-09-19,24,BRpos,1.388
2025-09-19,24,BRneg,1.048
2025-09-19,25,BRpos,1.808
2025-09-19,25,BRneg,1.41
2025-09-19,26,BRpos,4.92
2025-09-19,26,BRneg,0.795
2025-09-19,27,BRpos,2.469
2025-09-19,27,BRneg,0.829
2025-09-19,28,BRpos,1.541
2025-09-19,28,BRneg,1.367
2025-09-19,29,BRpos,1.284
2025-09-19,29,BRneg,1.833
2025-09-19,30,BRpos,4.64
2025-09-19,30,BRneg,2.558
2025-09-19,31,BRpos,1.804
2025-09-19,31,BRneg,1.569
2025-09-19,32,BRpos,2.361
2025-09-19,32,BRneg,0.641
2025-09-19,33,BRpos,2.384
2025-09-19,33,BRneg,1.173
2025-09-19,34,BRpos,3.96
2025-09-19,34,BRneg,3.736
2025-09-19,35,BRpos,3.264
2025-09-19,35,BRneg,2.517
2025-09-19,36,BRpos,3.943
2025-09-19,36,BRneg,2.033
2025-09-19,37,BRpos,9.515
2025-09-19,37,BRneg,1.373
2025-09-19,38,BRpos,3.615
2025-09-19,38,BRneg,1.963
2025-09-19,39,BRpos,1.494
2025-09-19,39,BRneg,2.558
2025-09-19,40,BRpos,2.302
2025-09-19,40,BRneg,1.113
2025-09-19,41,BRpos,2.771
2025-09-19,41,BRneg,1.493
2025-09-19,42,BRpos,12.56
2025-09-19,42,BRneg,1.238
2025-09-19,43,BRpos,3.464
2025-09-19,43,BRneg,1.031
2025-09-19,44,BRpos,4.98
2025-09-19,44,BRneg,1.141
2025-09-19,45,BRpos,1.49
2025-09-19,45,BRneg,1.206
2025-09-19,46,BRpos,3.258
2025-09-19,46,BRneg,0.742
2025-09-19,47,BRpos,1.401
2025-09-19,47,BRneg,1.107
2025-09-19,48,BRpos,2.045
2025-09-19,48,BRneg,1.398
2025-09-20,1,BRpos,3.364
2025-09-20,1,BRneg,3.104
2025-09-20,2,BRpos,2.516
2025-09-20,2,BRneg,1.69
2025-09-20,3,BRpos,3.818
2025-09-20,3,BRneg,2.621
2025-09-20,4,BRpos,2.961
2025-09-20,4,BRneg,1.174
2025-09-20,5,BRpos,2.051
2025-09-20,5,BRneg,0.653
2025-09-20,6,BRpos,3.958
2025-09-20,6,BRneg,1.098
2025-09-20,7,BRpos,1.908
2025-09-20,7,BRneg,0.805
2025-09-20,8,BRpos,3.651
2025-09-20,8,BRneg,1.279
2025-09-20,9,BRpos,6.067
2025-09-20,9,BRneg,1.089
2025-09-20,10,BRpos,1.973
2025-09-20,10,BRneg,1.75
2025-09-20,11,BRpos,4.174
2025-09-20,11,BRneg,1.228
2025-09-20,12,BRpos,1.567
2025-09-20,12,BRneg,0.72
2025-09-20,13,BRpos,1.873
2025-09-20,13,BRneg,0.526
2025-09-20,14,BRpos,2.497
2025-09-20,14,BRneg,1.92
2025-09-20,15,BRpos,1.81
2025-09-20,15,BRneg,1.265
2025-09-20,16,BRpos,2.742
2025-09-20,16,BRneg,1.091
2025-09-20,17,BRpos,1.553
2025-09-20,17,BRneg,1.623
2025-09-20,18,BRpos,2.138
2025-09-20,18,BRneg,1.314
2025-09-20,19,BRpos,4.107
2025-09-20,19,BRneg,1.288
2025-09-20,20,BRpos,3.118
2025-09-20,20,BRneg,0.696
2025-09-20,21,BRpos,1.369
2025-09-20,21,BRneg,1.715
2025-09-20,22,BRpos,1.713
2025-09-20,22,BRneg,1.155
2025-09-20,23,BRpos,1.655
2025-09-20,23,BRneg,0.496
2025-09-20,24,BRpos,3.233
2025-09-20,24,BRneg,1.15
2025-09-20,25,BRpos,2.168
2025-09-20,25,BRneg,3.418
2025-09-20,26,BRpos,3.462
2025-09-20,26,BRneg,1.421
2025-09-20,27,BRpos,2.6
2025-09-20,27,BRneg,0.789
2025-09-20,28,BRpos,2.291
2025-09-20,28,BRneg,0.926
2025-09-20,29,BRpos,4.198
2025-09-20,29,BRneg,0.732
2025-09-20,30,BRpos,2.438
2025-09-20,30,BRneg,1.711
2025-09-20,31,BRpos,2.44
2025-09-20,31,BRneg,2.441
2025-09-20,32,BRpos,1.596
2025-09-20,32,BRneg,1.163
2025-09-20,33,BRpos,1.246
2025-09-20,33,BRneg,1.668
2025-09-20,34,BRpos,5.599
2025-09-20,34,BRneg,1.578
2025-09-20,35,BRpos,5.619
2025-09-20,35,BRneg,2.16
2025-09-20,36,BRpos,4.631
2025-09-20,36,BRneg,1.615
2025-09-20,37,BRpos,5.904
2025-09-20,37,BRneg,1.522
2025-09-20,38,BRpos,2.849
2025-09-20,38,BRneg,2.16
2025-09-20,39,BRpos,5.436
2025-09-20,39,BRneg,0.695
2025-09-20,40,BRpos,3.807
2025-09-20,40,BRneg,1.443
2025-09-20,41,BRpos,1.377
2025-09-20,41,BRneg,4.014
2025-09-20,42,BRpos,1.228
2025-09-20,42,BRneg,1.008
2025-09-20,43,BRpos,0.983
2025-09-20,43,BRneg,0.983
2025-09-20,44,BRpos,2.056
2025-09-20,44,BRneg,0.933
2025-09-20,45,BRpos,2.748
2025-09-20,45,BRneg,0.69
2025-09-20,46,BRpos,1.441
2025-09-20,46,BRneg,0.769
2025-09-20,47,BRpos,2.111
2025-09-20,47,BRneg,0.544
2025-09-20,48,BRpos,4.051
2025-09-20,48,BRneg,0.639
2025-09-21,1,BRpos,2.288
2025-09-21,1,BRneg,1.016
2025-09-21,2,BRpos,3.206
2025-09-21,2,BRneg,0.706
2025-09-21,3,BRpos,4.717
2025-09-21,3,BRneg,1.022
2025-09-21,4,BRpos,3.118
2025-09-21,4,BRneg,1.157
2025-09-21,5,BRpos,7.541
2025-09-21,5,BRneg,1.095
2025-09-21,6,BRpos,1.816
2025-09-21,6,BRneg,0.808
2025-09-21,7,BRpos,2.878
2025-09-21,7,BRneg,0.657
2025-09-21,8,BRpos,2.952
2025-09-21,8,BRneg,0.92
2025-09-21,9,BRpos,3.618
2025-09-21,9,BRneg,0.789
2025-09-21,10,BRpos,1.79
2025-09-21,10,BRneg,0.802
2025-09-21,11,BRpos,3.416
2025-09-21,11,BRneg,1.494
2025-09-21,12,BRpos,6.176
2025-09-21,12,BRneg,2.319
2025-09-21,13,BRpos,2.497
2025-09-21,13,BRneg,0.685
2025-09-21,14,BRpos,6.491
2025-09-21,14,BRneg,0.716
2025-09-21,15,BRpos,1.398
2025-09-21,15,BRneg,0.621
2025-09-21,16,BRpos,3.549
2025-09-21,16,BRneg,0.827
2025-09-21,17,BRpos,1.691
2025-09-21,17,BRneg,1.431
2025-09-21,18,BRpos,1.735
2025-09-21,18,BRneg,0.747
2025-09-21,19,BRpos,2.061
2025-09-21,19,BRneg,2.546
2025-09-21,20,BRpos,4.986
2025-09-21,20,BRneg,1.163
2025-09-21,21,BRpos,2.015
2025-09-21,21,BRneg,1.291
2025-09-21,22,BRpos,3.043
2025-09-21,22,BRneg,1.414
2025-09-21,23,BRpos,1.602
2025-09-21,23,BRneg,0.849
2025-09-21,24,BRpos,5.532
2025-09-21,24,BRneg,1.178
2025-09-21,25,BRpos,2.382
2025-09-21,25,BRneg,1.093
2025-09-21,26,BRpos,3.549
2025-09-21,26,BRneg,1.381
2025-09-21,27,BRpos,1.203
2025-09-21,27,BRneg,0.963
2025-09-21,28,BRpos,1.247
2025-09-21,28,BRneg,1.032
2025-09-21,29,BRpos,4.37
2025-09-21,29,BRneg,1.306
2025-09-21,30,BRpos,2.448
2025-09-21,30,BRneg,1.126
2025-09-21,31,BRpos,1.632
2025-09-21,31,BRneg,1.485
2025-09-21,32,BRpos,3.652
2025-09-21,32,BRneg,0.862
2025-09-21,33,BRpos,2.948
2025-09-21,33,BRneg,1.119
2025-09-21,34,BRpos,2.941
2025-09-21,34,BRneg,0.904
2025-09-21,35,BRpos,2.917
2025-09-21,35,BRneg,0.856
2025-09-21,36,BRpos,3.079
2025-09-21,36,BRneg,1.824
2025-09-21,37,BRpos,8.018
2025-09-21,37,BRneg,1.393
2025-09-21,38,BRpos,5.799
2025-09-21,38,BRneg,2.026
2025-09-21,39,BRpos,7.609
2025-09-21,39,BRneg,2.023
2025-09-21,40,BRpos,2.277
2025-09-21,40,BRneg,0.843
2025-09-21,41,BRpos,4.693
2025-09-21,41,BRneg,0.537
2025-09-21,42,BRpos,0.679
2025-09-21,42,BRneg,0.519
2025-09-21,43,BRpos,3.017
2025-09-21,43,BRneg,0.963
2025-09-21,44,BRpos,3.365
2025-09-21,44,BRneg,1.722
2025-09-21,45,BRpos,4.761
2025-09-21,45,BRneg,1.131
2025-09-21,46,BRpos,2.987
2025-09-21,46,BRneg,1.826
2025-09-21,47,BRpos,2.126
2025-09-21,47,BRneg,1.901
2025-09-21,48,BRpos,1.063
2025-09-21,48,BRneg,1.531
2025-09-22,1,BRpos,4.321
2025-09-22,1,BRneg,0.575
2025-09-22,2,BRpos,6.487
2025-09-22,2,BRneg,0.773
2025-09-22,3,BRpos,2.68
2025-09-22,3,BRneg,0.961
2025-09-22,4,BRpos,1.649
2025-09-22,4,BRneg,1.11
2025-09-22,5,BRpos,7.017
2025-09-22,5,BRneg,0.862
2025-09-22,6,BRpos,4.59
2025-09-22,6,BRneg,1.092
2025-09-22,7,BRpos,1.099
2025-09-22,7,BRneg,1.765
2025-09-22,8,BRpos,2.594
2025-09-22,8,BRneg,0.891
2025-09-22,9,BRpos,3.976
2025-09-22,9,BRneg,0.829
2025-09-22,10,BRpos,2.441
2025-09-22,10,BRneg,2.311
2025-09-22,11,BRpos,1.464
2025-09-22,11,BRneg,1.277
2025-09-22,12,BRpos,1.669
2025-09-22,12,BRneg,1.475
2025-09-22,13,BRpos,1.605
2025-09-22,13,BRneg,1.191
2025-09-22,14,BRpos,4.093
2025-09-22,14,BRneg,1.129
2025-09-22,15,BRpos,5.612
2025-09-22,15,BRneg,0.856
2025-09-22,16,BRpos,3.827
2025-09-22,16,BRneg,1.631
2025-09-22,17,BRpos,2.031
2025-09-22,17,BRneg,1.446
2025-09-22,18,BRpos,2.268
2025-09-22,18,BRneg,0.924
2025-09-22,19,BRpos,2.624
2025-09-22,19,BRneg,1.052
2025-09-22,20,BRpos,1.215
2025-09-22,20,BRneg,0.825
2025-09-22,21,BRpos,2.584
2025-09-22,21,BRneg,1.044
2025-09-22,22,BRpos,4.622
2025-09-22,22,BRneg,0.799
2025-09-22,23,BRpos,3.715
2025-09-22,23,BRneg,1.335
2025-09-22,24,BRpos,1.372
2025-09-22,24,BRneg,1.119
2025-09-22,25,BRpos,2.083
2025-09-22,25,BRneg,1.057
2025-09-22,26,BRpos,1.835
2025-09-22,26,BRneg,0.599
2025-09-22,27,BRpos,3.499
2025-09-22,27,BRneg,1.152
2025-09-22,28,BRpos,2.967
2025-09-22,28,BRneg,1.104
2025-09-22,29,BRpos,3.96
2025-09-22,29,BRneg,3.266
2025-09-22,30,BRpos,2.504
2025-09-22,30,BRneg,1.281
2025-09-22,31,BRpos,1.561
2025-09-22,31,BRneg,0.926
2025-09-22,32,BRpos,1.536
2025-09-22,32,BRneg,1.021
2025-09-22,33,BRpos,6.034
2025-09-22,33,BRneg,0.915
2025-09-22,34,BRpos,5.355
2025-09-22,34,BRneg,1.665
2025-09-22,35,BRpos,3.269
2025-09-22,35,BRneg,1.749
2025-09-22,36,BRpos,2.952
2025-09-22,36,BRneg,1.25
2025-09-22,37,BRpos,1.884
2025-09-22,37,BRneg,1.053
2025-09-22,38,BRpos,3.465
2025-09-22,38,BRneg,4.591
2025-09-22,39,BRpos,2.424
2025-09-22,39,BRneg,2.434
2025-09-22,40,BRpos,2.567
2025-09-22,40,BRneg,2.331
2025-09-22,41,BRpos,2.166
2025-09-22,41,BRneg,0.531
2025-09-22,42,BRpos,2.811
2025-09-22,42,BRneg,1.196
2025-09-22,43,BRpos,1.895
2025-09-22,43,BRneg,0.737
2025-09-22,44,BRpos,2.359
2025-09-22,44,BRneg,0.785
2025-09-22,45,BRpos,1.612
2025-09-22,45,BRneg,1.174
2025-09-22,46,BRpos,1.909
2025-09-22,46,BRneg,0.865
2025-09-22,47,BRpos,1.577
2025-09-22,47,BRneg,0.515
2025-09-22,48,BRpos,6.78
2025-09-22,48,BRneg,0.634
2025-09-23,1,BRpos,1.496
2025-09-23,1,BRneg,0.586
2025-09-23,2,BRpos,1.428
2025-09-23,2,BRneg,0.509
2025-09-23,3,BRpos,1.469
2025-09-23,3,BRneg,0.525
2025-09-23,4,BRpos,5.216
2025-09-23,4,BRneg,1.205
2025-09-23,5,BRpos,1.85
2025-09-23,5,BRneg,0.898
2025-09-23,6,BRpos,2.187
2025-09-23,6,BRneg,1.234
2025-09-23,7,BRpos,0.527
2025-09-23,7,BRneg,0.85
2025-09-23,8,BRpos,2.331
2025-09-23,8,BRneg,0.492
2025-09-23,9,BRpos,4.47
2025-09-23,9,BRneg,1.208
2025-09-23,10,BRpos,0.815
2025-09-23,10,BRneg,0.732
2025-09-23,11,BRpos,1.834
2025-09-23,11,BRneg,1.417
2025-09-23,12,BRpos,1.957
2025-09-23,12,BRneg,1.336
2025-09-23,13,BRpos,0.897
2025-09-23,13,BRneg,2.866
2025-09-23,14,BRpos,1.74
2025-09-23,14,BRneg,1.971
2025-09-23,15,BRpos,2.479
2025-09-23,15,BRneg,1.814
2025-09-23,16,BRpos,2.145
2025-09-23,16,BRneg,0.85
2025-09-23,17,BRpos,2.707
2025-09-23,17,BRneg,0.815
2025-09-23,18,BRpos,2.527
2025-09-23,18,BRneg,1.093
2025-09-23,19,BRpos,0.998
2025-09-23,19,BRneg,1.16
2025-09-23,20,BRpos,2.288
2025-09-23,20,BRneg,1.122
2025-09-23,21,BRpos,2.544
2025-09-23,21,BRneg,2.133
2025-09-23,22,BRpos,1.628
2025-09-23,22,BRneg,1.349
2025-09-23,23,BRpos,1.521
2025-09-23,23,BRneg,1.432
2025-09-23,24,BRpos,2.769
2025-09-23,24,BRneg,0.821
2025-09-23,25,BRpos,6.865
2025-09-23,25,BRneg,0.934
2025-09-23,26,BRpos,2.549
2025-09-23,26,BRneg,1.475
2025-09-23,27,BRpos,3.498
2025-09-23,27,BRneg,1.399
2025-09-23,28,BRpos,2.212
2025-09-23,28,BRneg,1.495
2025-09-23,29,BRpos,2.918
2025-09-23,29,BRneg,1.222
2025-09-23,30,BRpos,3.216
2025-09-23,30,BRneg,2.71
2025-09-23,31,BRpos,0.96
2025-09-23,31,BRneg,3.266
2025-09-23,32,BRpos,5.413
2025-09-23,32,BRneg,1.244
2025-09-23,33,BRpos,2.269
2025-09-23,33,BRneg,0.515
2025-09-23,34,BRpos,2.887
2025-09-23,34,BRneg,2.653
2025-09-23,35,BRpos,4.504
2025-09-23,35,BRneg,3.02
2025-09-23,36,BRpos,6.023
2025-09-23,36,BRneg,3.612
2025-09-23,37,BRpos,2.63
2025-09-23,37,BRneg,2.471
2025-09-23,38,BRpos,6.512
2025-09-23,38,BRneg,2.413
2025-09-23,39,BRpos,5.153
2025-09-23,39,BRneg,1.558
2025-09-23,40,BRpos,1.811
2025-09-23,40,BRneg,0.637
2025-09-23,41,BRpos,2.047
2025-09-23,41,BRneg,1.4
2025-09-23,42,BRpos,1.928
2025-09-23,42,BRneg,1.344
2025-09-23,43,BRpos,1.955
2025-09-23,43,BRneg,1.067
2025-09-23,44,BRpos,3.175
2025-09-23,44,BRneg,0.937
2025-09-23,45,BRpos,4.553
2025-09-23,45,BRneg,0.834
2025-09-23,46,BRpos,1.21
2025-09-23,46,BRneg,0.888
2025-09-23,47,BRpos,1.708
2025-09-23,47,BRneg,1.225
2025-09-23,48,BRpos,2.043
2025-09-23,48,BRneg,0.604
2025-09-24,1,BRpos,2.991
2025-09-24,1,BRneg,1.043
2025-09-24,2,BRpos,2.109
2025-09-24,2,BRneg,1.173
2025-09-24,3,BRpos,4.198
2025-09-24,3,BRneg,1.714
2025-09-24,4,BRpos,0.746
2025-09-24,4,BRneg,0.931
2025-09-24,5,BRpos,1.713
2025-09-24,5,BRneg,1.125
2025-09-24,6,BRpos,8.518
2025-09-24,6,BRneg,0.974
2025-09-24,7,BRpos,2.11
2025-09-24,7,BRneg,2.347
2025-09-24,8,BRpos,3.349
2025-09-24,8,BRneg,1.198
2025-09-24,9,BRpos,3.597
2025-09-24,9,BRneg,1.783
2025-09-24,10,BRpos,2.848
2025-09-24,10,BRneg,1.942
2025-09-24,11,BRpos,6.536
2025-09-24,11,BRneg,0.791
2025-09-24,12,BRpos,0.652
2025-09-24,12,BRneg,0.363
2025-09-24,13,BRpos,1.913
2025-09-24,13,BRneg,1.955
2025-09-24,14,BRpos,2.459
2025-09-24,14,BRneg,0.59
2025-09-24,15,BRpos,3.354
2025-09-24,15,BRneg,1.154
2025-09-24,16,BRpos,4.505
2025-09-24,16,BRneg,2.198
2025-09-24,17,BRpos,1.893
2025-09-24,17,BRneg,1.05
2025-09-24,18,BRpos,3.349
2025-09-24,18,BRneg,2.26
2025-09-24,19,BRpos,1.704
2025-09-24,19,BRneg,1.297
2025-09-24,20,BRpos,2.042
2025-09-24,20,BRneg,0.68
2025-09-24,21,BRpos,3.311
2025-09-24,21,BRneg,2.341
2025-09-24,22,BRpos,1.923
2025-09-24,22,BRneg,0.591
2025-09-24,23,BRpos,5.223
2025-09-24,23,BRneg,1.553
2025-09-24,24,BRpos,2.92
2025-09-24,24,BRneg,3.047
2025-09-24,25,BRpos,3.719
2025-09-24,25,BRneg,1.642
2025-09-24,26,BRpos,3.094
2025-09-24,26,BRneg,0.605
2025-09-24,27,BRpos,4.461
2025-09-24,27,BRneg,1.183
2025-09-24,28,BRpos,4.279
2025-09-24,28,BRneg,1.768
2025-09-24,29,BRpos,3.682
2025-09-24,29,BRneg,0.729
2025-09-24,30,BRpos,4.13
2025-09-24,30,BRneg,1.73
2025-09-24,31,BRpos,4.269
2025-09-24,31,BRneg,1.336
2025-09-24,32,BRpos,3.058
2025-09-24,32,BRneg,1.999
2025-09-24,33,BRpos,1.024
2025-09-24,33,BRneg,1.415
2025-09-24,34,BRpos,2.876
2025-09-24,34,BRneg,1.308
2025-09-24,35,BRpos,5.544
2025-09-24,35,BRneg,1.356
2025-09-24,36,BRpos,3.265
2025-09-24,36,BRneg,2.242
2025-09-24,37,BRpos,6.557
2025-09-24,37,BRneg,0.692
2025-09-24,38,BRpos,5.334
2025-09-24,38,BRneg,2.109
2025-09-24,39,BRpos,3.431
2025-09-24,39,BRneg,1.29
2025-09-24,40,BRpos,2.902
2025-09-24,40,BRneg,1.144
2025-09-24,41,BRpos,1.647
2025-09-24,41,BRneg,2.188
2025-09-24,42,BRpos,9.702
2025-09-24,42,BRneg,1.108
2025-09-24,43,BRpos,1.395
2025-09-24,43,BRneg,0.864
2025-09-24,44,BRpos,4.034
2025-09-24,44,BRneg,1.638
2025-09-24,45,BRpos,1.316
2025-09-24,45,BRneg,0.862
2025-09-24,46,BRpos,2.388
2025-09-24,46,BRneg,1.206
2025-09-24,47,BRpos,3.415
2025-09-24,47,BRneg,4.481
2025-09-24,48,BRpos,2.617
2025-09-24,48,BRneg,2.909
2025-09-25,1,BRpos,1.901
2025-09-25,1,BRneg,1.882
2025-09-25,2,BRpos,2.326
2025-09-25,2,BRneg,2.124
2025-09-25,3,BRpos,1.74
2025-09-25,3,BRneg,1.597
2025-09-25,4,BRpos,2.553
2025-09-25,4,BRneg,1.093
2025-09-25,5,BRpos,1.742
2025-09-25,5,BRneg,0.596
2025-09-25,6,BRpos,2.45
2025-09-25,6,BRneg,1.747
2025-09-25,7,BRpos,1.35
2025-09-25,7,BRneg,1.506
2025-09-25,8,BRpos,2.382
2025-09-25,8,BRneg,2.507
2025-09-25,9,BRpos,1.677
2025-09-25,9,BRneg,1.483
2025-09-25,10,BRpos,1.363
2025-09-25,10,BRneg,1.383
2025-09-25,11,BRpos,2.269
2025-09-25,11,BRneg,0.706
2025-09-25,12,BRpos,4.31
2025-09-25,12,BRneg,1.006
2025-09-25,13,BRpos,0.98
2025-09-25,13,BRneg,1.47
2025-09-25,14,BRpos,0.997
2025-09-25,14,BRneg,2.283
2025-09-25,15,BRpos,3.45
2025-09-25,15,BRneg,1.231
2025-09-25,16,BRpos,5.115
2025-09-25,16,BRneg,0.983
2025-09-25,17,BRpos,2.46
2025-09-25,17,BRneg,0.648
2025-09-25,18,BRpos,3.931
2025-09-25,18,BRneg,1.331
2025-09-25,19,BRpos,2.804
2025-09-25,19,BRneg,0.889
2025-09-25,20,BRpos,4.059
2025-09-25,20,BRneg,0.876
2025-09-25,21,BRpos,4.321
2025-09-25,21,BRneg,2.809
2025-09-25,22,BRpos,2.387
2025-09-25,22,BRneg,1.298
2025-09-25,23,BRpos,4.939
2025-09-25,23,BRneg,1.273
2025-09-25,24,BRpos,5.992
2025-09-25,24,BRneg,1.112
2025-09-25,25,BRpos,5.128
2025-09-25,25,BRneg,0.941
2025-09-25,26,BRpos,2.362
2025-09-25,26,BRneg,0.999
2025-09-25,27,BRpos,2.863
2025-09-25,27,BRneg,1.23
2025-09-25,28,BRpos,2.948
2025-09-25,28,BRneg,0.803
2025-09-25,29,BRpos,1.157
2025-09-25,29,BRneg,1.168
2025-09-25,30,BRpos,3.563
2025-09-25,30,BRneg,0.464
2025-09-25,31,BRpos,3.064
2025-09-25,31,BRneg,1.053
2025-09-25,32,BRpos,2.054
2025-09-25,32,BRneg,0.869
2025-09-25,33,BRpos,2.641
2025-09-25,33,BRneg,2.354
2025-09-25,34,BRpos,2.394
2025-09-25,34,BRneg,4.189
2025-09-25,35,BRpos,2.471
2025-09-25,35,BRneg,1.128
2025-09-25,36,BRpos,5.166
2025-09-25,36,BRneg,2.35
2025-09-25,37,BRpos,2.826
2025-09-25,37,BRneg,2.575
2025-09-25,38,BRpos,4.529
2025-09-25,38,BRneg,1.718
2025-09-25,39,BRpos,4.482
2025-09-25,39,BRneg,5.376
2025-09-25,40,BRpos,2.119
2025-09-25,40,BRneg,1.972
2025-09-25,41,BRpos,2.203
2025-09-25,41,BRneg,0.906
2025-09-25,42,BRpos,2.536
2025-09-25,42,BRneg,0.584
2025-09-25,43,BRpos,1.756
2025-09-25,43,BRneg,1.804
2025-09-25,44,BRpos,3.378
2025-09-25,44,BRneg,0.674
2025-09-25,45,BRpos,5.469
2025-09-25,45,BRneg,1.907
2025-09-25,46,BRpos,3.677
2025-09-25,46,BRneg,0.572
2025-09-25,47,BRpos,2.712
2025-09-25,47,BRneg,0.751
2025-09-25,48,BRpos,1.816
2025-09-25,48,BRneg,1.005
2025-09-26,1,BRpos,1.581
2025-09-26,1,BRneg,1.488
2025-09-26,2,BRpos,2.612
2025-09-26,2,BRneg,0.949
2025-09-26,3,BRpos,1.099
2025-09-26,3,BRneg,1.35
2025-09-26,4,BRpos,2.162
2025-09-26,4,BRneg,0.549
2025-09-26,5,BRpos,4.019
2025-09-26,5,BRneg,1.906
2025-09-26,6,BRpos,1.923
2025-09-26,6,BRneg,1.048
2025-09-26,7,BRpos,4.974
2025-09-26,7,BRneg,2.647
2025-09-26,8,BRpos,2.085
2025-09-26,8,BRneg,1.207
2025-09-26,9,BRpos,3.084
2025-09-26,9,BRneg,0.878
2025-09-26,10,BRpos,2.758
2025-09-26,10,BRneg,2.147
2025-09-26,11,BRpos,1.694
2025-09-26,11,BRneg,1.769
2025-09-26,12,BRpos,2.66
2025-09-26,12,BRneg,0.941
2025-09-26,13,BRpos,3.892
2025-09-26,13,BRneg,0.659
2025-09-26,14,BRpos,2.199
2025-09-26,14,BRneg,1.019
2025-09-26,15,BRpos,4.64
2025-09-26,15,BRneg,1.531
2025-09-26,16,BRpos,1.898
2025-09-26,16,BRneg,1.412
2025-09-26,17,BRpos,3.939
2025-09-26,17,BRneg,1.099
2025-09-26,18,BRpos,1.486
2025-09-26,18,BRneg,1.382
2025-09-26,19,BRpos,3.097
2025-09-26,19,BRneg,1.391
2025-09-26,20,BRpos,2.488
2025-09-26,20,BRneg,1.597
2025-09-26,21,BRpos,2.735
2025-09-26,21,BRneg,1.26
2025-09-26,22,BRpos,1.707
2025-09-26,22,BRneg,2.355
2025-09-26,23,BRpos,0.964
2025-09-26,23,BRneg,0.556
2025-09-26,24,BRpos,2.851
2025-09-26,24,BRneg,1.135
2025-09-26,25,BRpos,6.207
2025-09-26,25,BRneg,0.945
2025-09-26,26,BRpos,2.248
2025-09-26,26,BRneg,0.77
2025-09-26,27,BRpos,2.373
2025-09-26,27,BRneg,1.523
2025-09-26,28,BRpos,4.37
2025-09-26,28,BRneg,0.713
2025-09-26,29,BRpos,2.105
2025-09-26,29,BRneg,1.31
2025-09-26,30,BRpos,2.483
2025-09-26,30,BRneg,1.317
2025-09-26,31,BRpos,1.707
2025-09-26,31,BRneg,1.962
2025-09-26,32,BRpos,1.988
2025-09-26,32,BRneg,1.748
2025-09-26,33,BRpos,1.744
2025-09-26,33,BRneg,1.123
2025-09-26,34,BRpos,4.866
2025-09-26,34,BRneg,1.93
2025-09-26,35,BRpos,4.275
2025-09-26,35,BRneg,2.417
2025-09-26,36,BRpos,10.001
2025-09-26,36,BRneg,0.794
2025-09-26,37,BRpos,2.123
2025-09-26,37,BRneg,2.854
2025-09-26,38,BRpos,6.413
2025-09-26,38,BRneg,3.255
2025-09-26,39,BRpos,7.363
2025-09-26,39,BRneg,0.888
2025-09-26,40,BRpos,3.333
2025-09-26,40,BRneg,1.124
2025-09-26,41,BRpos,1.269
2025-09-26,41,BRneg,1.647
2025-09-26,42,BRpos,3.777
2025-09-26,42,BRneg,1.714
2025-09-26,43,BRpos,3.389
2025-09-26,43,BRneg,1.678
2025-09-26,44,BRpos,2.681
2025-09-26,44,BRneg,0.706
2025-09-26,45,BRpos,2.6
2025-09-26,45,BRneg,0.996
2025-09-26,46,BRpos,2.501
2025-09-26,46,BRneg,1.354
2025-09-26,47,BRpos,3.146
2025-09-26,47,BRneg,0.995
2025-09-26,48,BRpos,6.464
2025-09-26,48,BRneg,1.112
2025-09-27,1,BRpos,1.926
2025-09-27,1,BRneg,1.278
2025-09-27,2,BRpos,2.296
2025-09-27,2,BRneg,1.12
2025-09-27,3,BRpos,3.471
2025-09-27,3,BRneg,0.464
2025-09-27,4,BRpos,2.004
2025-09-27,4,BRneg,2.309
2025-09-27,5,BRpos,2.738
2025-09-27,5,BRneg,1.464
2025-09-27,6,BRpos,1.954
2025-09-27,6,BRneg,0.98
2025-09-27,7,BRpos,2.553
2025-09-27,7,BRneg,1.769
2025-09-27,8,BRpos,6.199
2025-09-27,8,BRneg,1.004
2025-09-27,9,BRpos,2.836
2025-09-27,9,BRneg,1.942
2025-09-27,10,BRpos,2.512
2025-09-27,10,BRneg,1.067
2025-09-27,11,BRpos,3.222
2025-09-27,11,BRneg,4.058
2025-09-27,12,BRpos,2.597
2025-09-27,12,BRneg,0.719
2025-09-27,13,BRpos,1.892
2025-09-27,13,BRneg,2.215
2025-09-27,14,BRpos,4.359
2025-09-27,14,BRneg,1.526
2025-09-27,15,BRpos,3.672
2025-09-27,15,BRneg,1.106
2025-09-27,16,BRpos,9.0
2025-09-27,16,BRneg,0.577
2025-09-27,17,BRpos,2.228
2025-09-27,17,BRneg,0.772
2025-09-27,18,BRpos,2.127
2025-09-27,18,BRneg,0.958
2025-09-27,19,BRpos,1.411
2025-09-27,19,BRneg,1.368
2025-09-27,20,BRpos,4.246
2025-09-27,20,BRneg,0.986
2025-09-27,21,BRpos,2.88
2025-09-27,21,BRneg,2.246
2025-09-27,22,BRpos,1.425
2025-09-27,22,BRneg,1.786
2025-09-27,23,BRpos,2.487
2025-09-27,23,BRneg,1.984
2025-09-27,24,BRpos,5.84
2025-09-27,24,BRneg,1.241
2025-09-27,25,BRpos,1.996
2025-09-27,25,BRneg,1.217
2025-09-27,26,BRpos,2.826
2025-09-27,26,BRneg,1.278
2025-09-27,27,BRpos,1.699
2025-09-27,27,BRneg,2.356
2025-09-27,28,BRpos,1.188
2025-09-27,28,BRneg,0.845
2025-09-27,29,BRpos,2.865
2025-09-27,29,BRneg,0.733
2025-09-27,30,BRpos,2.406
2025-09-27,30,BRneg,1.768
2025-09-27,31,BRpos,1.349
2025-09-27,31,BRneg,1.009
2025-09-27,32,BRpos,3.986
2025-09-27,32,BRneg,0.772
2025-09-27,33,BRpos,3.103
2025-09-27,33,BRneg,1.279
2025-09-27,34,BRpos,2.553
2025-09-27,34,BRneg,2.124
2025-09-27,35,BRpos,4.932
2025-09-27,35,BRneg,2.577
2025-09-27,36,BRpos,2.535
2025-09-27,36,BRneg,1.296
2025-09-27,37,BRpos,6.739
2025-09-27,37,BRneg,1.399
2025-09-27,38,BRpos,2.226
2025-09-27,38,BRneg,3.797
2025-09-27,39,BRpos,3.538
2025-09-27,39,BRneg,4.111
2025-09-27,40,BRpos,6.455
2025-09-27,40,BRneg,1.175
2025-09-27,41,BRpos,1.58
2025-09-27,41,BRneg,1.187
2025-09-27,42,BRpos,1.528
2025-09-27,42,BRneg,0.926
2025-09-27,43,BRpos,2.479
2025-09-27,43,BRneg,1.701
2025-09-27,44,BRpos,2.798
2025-09-27,44,BRneg,1.532
2025-09-27,45,BRpos,3.645
2025-09-27,45,BRneg,1.385
2025-09-27,46,BRpos,0.905
2025-09-27,46,BRneg,2.258
2025-09-27,47,BRpos,2.731
2025-09-27,47,BRneg,1.548
2025-09-27,48,BRpos,4.771
2025-09-27,48,BRneg,0.54
2025-09-28,1,BRpos,1.142
2025-09-28,1,BRneg,0.677
2025-09-28,2,BRpos,2.261
2025-09-28,2,BRneg,2.025
2025-09-28,3,BRpos,2.658
2025-09-28,3,BRneg,1.072
2025-09-28,4,BRpos,4.633
2025-09-28,4,BRneg,1.856
2025-09-28,5,BRpos,3.13
2025-09-28,5,BRneg,1.271
2025-09-28,6,BRpos,2.492
2025-09-28,6,BRneg,0.827
2025-09-28,7,BRpos,1.792
2025-09-28,7,BRneg,1.093
2025-09-28,8,BRpos,2.207
2025-09-28,8,BRneg,1.72
2025-09-28,9,BRpos,2.964
2025-09-28,9,BRneg,1.506
2025-09-28,10,BRpos,5.446
2025-09-28,10,BRneg,0.602
2025-09-28,11,BRpos,1.494
2025-09-28,11,BRneg,1.081
2025-09-28,12,BRpos,4.598
2025-09-28,12,BRneg,1.276
2025-09-28,13,BRpos,2.838
2025-09-28,13,BRneg,1.485
2025-09-28,14,BRpos,3.139
2025-09-28,14,BRneg,1.205
2025-09-28,15,BRpos,1.747
2025-09-28,15,BRneg,1.773
2025-09-28,16,BRpos,1.967
2025-09-28,16,BRneg,0.852
2025-09-28,17,BRpos,2.465
2025-09-28,17,BRneg,1.314
2025-09-28,18,BRpos,3.492
2025-09-28,18,BRneg,1.024
2025-09-28,19,BRpos,3.484
2025-09-28,19,BRneg,2.181
2025-09-28,20,BRpos,6.472
2025-09-28,20,BRneg,1.34
2025-09-28,21,BRpos,2.978
2025-09-28,21,BRneg,1.115
2025-09-28,22,BRpos,1.546
2025-09-28,22,BRneg,0.574
2025-09-28,23,BRpos,4.855
2025-09-28,23,BRneg,1.553
2025-09-28,24,BRpos,4.294
2025-09-28,24,BRneg,0.992
2025-09-28,25,BRpos,4.05
2025-09-28,25,BRneg,2.818
2025-09-28,26,BRpos,2.636
2025-09-28,26,BRneg,1.225
2025-09-28,27,BRpos,2.623
2025-09-28,27,BRneg,0.689
2025-09-28,28,BRpos,5.55
2025-09-28,28,BRneg,2.356
2025-09-28,29,BRpos,5.351
2025-09-28,29,BRneg,1.492
2025-09-28,30,BRpos,5.076
2025-09-28,30,BRneg,1.329
2025-09-28,31,BRpos,5.644
2025-09-28,31,BRneg,1.285
2025-09-28,32,BRpos,3.282
2025-09-28,32,BRneg,1.851
2025-09-28,33,BRpos,2.642
2025-09-28,33,BRneg,1.714
2025-09-28,34,BRpos,5.801
2025-09-28,34,BRneg,1.012
2025-09-28,35,BRpos,2.867
2025-09-28,35,BRneg,2.296
2025-09-28,36,BRpos,1.817
2025-09-28,36,BRneg,1.687
2025-09-28,37,BRpos,3.222
2025-09-28,37,BRneg,2.882
2025-09-28,38,BRpos,7.611
2025-09-28,38,BRneg,2.831
2025-09-28,39,BRpos,10.625
2025-09-28,39,BRneg,2.224
2025-09-28,40,BRpos,3.151
2025-09-28,40,BRneg,0.865
2025-09-28,41,BRpos,4.595
2025-09-28,41,BRneg,1.178
2025-09-28,42,BRpos,1.473
2025-09-28,42,BRneg,1.701
2025-09-28,43,BRpos,1.453
2025-09-28,43,BRneg,0.791
2025-09-28,44,BRpos,1.534
2025-09-28,44,BRneg,1.044
2025-09-28,45,BRpos,2.297
2025-09-28,45,BRneg,2.321
2025-09-28,46,BRpos,6.661
2025-09-28,46,BRneg,1.131
2025-09-28,47,BRpos,1.345
2025-09-28,47,BRneg,1.936
2025-09-28,48,BRpos,3.088
2025-09-28,48,BRneg,1.616
2025-09-29,1,BRpos,1.504
2025-09-29,1,BRneg,1.185
2025-09-29,2,BRpos,4.873
2025-09-29,2,BRneg,1.24
2025-09-29,3,BRpos,3.285
2025-09-29,3,BRneg,1.2
2025-09-29,4,BRpos,3.039
2025-09-29,4,BRneg,0.854
2025-09-29,5,BRpos,2.616
2025-09-29,5,BRneg,0.56
2025-09-29,6,BRpos,3.518
2025-09-29,6,BRneg,1.192
2025-09-29,7,BRpos,3.145
2025-09-29,7,BRneg,1.397
2025-09-29,8,BRpos,3.945
2025-09-29,8,BRneg,0.727
2025-09-29,9,BRpos,2.388
2025-09-29,9,BRneg,1.374
2025-09-29,10,BRpos,1.179
2025-09-29,10,BRneg,1.287
2025-09-29,11,BRpos,2.541
2025-09-29,11,BRneg,3.147
2025-09-29,12,BRpos,2.49
2025-09-29,12,BRneg,0.989
2025-09-29,13,BRpos,3.46
2025-09-29,13,BRneg,1.2
2025-09-29,14,BRpos,2.681
2025-09-29,14,BRneg,0.663
2025-09-29,15,BRpos,1.995
2025-09-29,15,BRneg,0.248
2025-09-29,16,BRpos,3.598
2025-09-29,16,BRneg,0.905
2025-09-29,17,BRpos,2.259
2025-09-29,17,BRneg,0.78
2025-09-29,18,BRpos,3.812
2025-09-29,18,BRneg,1.547
2025-09-29,19,BRpos,3.404
2025-09-29,19,BRneg,1.066
2025-09-29,20,BRpos,1.932
2025-09-29,20,BRneg,0.383
2025-09-29,21,BRpos,1.383
2025-09-29,21,BRneg,1.754
2025-09-29,22,BRpos,2.921
2025-09-29,22,BRneg,1.14
2025-09-29,23,BRpos,1.201
2025-09-29,23,BRneg,2.31
2025-09-29,24,BRpos,3.317
2025-09-29,24,BRneg,0.709
2025-09-29,25,BRpos,1.92
2025-09-29,25,BRneg,0.585
2025-09-29,26,BRpos,1.269
2025-09-29,26,BRneg,0.872
2025-09-29,27,BRpos,8.443
2025-09-29,27,BRneg,1.452
2025-09-29,28,BRpos,1.535
2025-09-29,28,BRneg,1.277
2025-09-29,29,BRpos,2.796
2025-09-29,29,BRneg,0.878
2025-09-29,30,BRpos,1.974
2025-09-29,30,BRneg,1.328
2025-09-29,31,BRpos,3.049
2025-09-29,31,BRneg,0.475
2025-09-29,32,BRpos,1.943
2025-09-29,32,BRneg,1.171
2025-09-29,33,BRpos,5.157
2025-09-29,33,BRneg,1.023
2025-09-29,34,BRpos,4.936
2025-09-29,34,BRneg,1.596
2025-09-29,35,BRpos,4.915
2025-09-29,35,BRneg,1.141
2025-09-29,36,BRpos,4.82
2025-09-29,36,BRneg,2.683
2025-09-29,37,BRpos,3.489
2025-09-29,37,BRneg,1.873
2025-09-29,38,BRpos,7.25
2025-09-29,38,BRneg,5.265
2025-09-29,39,BRpos,3.737
2025-09-29,39,BRneg,1.245
2025-09-29,40,BRpos,3.666
2025-09-29,40,BRneg,3.082
2025-09-29,41,BRpos,2.542
2025-09-29,41,BRneg,0.778
2025-09-29,42,BRpos,3.24
2025-09-29,42,BRneg,0.828
2025-09-29,43,BRpos,1.749
2025-09-29,43,BRneg,1.288
2025-09-29,44,BRpos,3.388
2025-09-29,44,BRneg,1.966
2025-09-29,45,BRpos,7.854
2025-09-29,45,BRneg,1.471
2025-09-29,46,BRpos,1.207
2025-09-29,46,BRneg,0.814
2025-09-29,47,BRpos,2.463
2025-09-29,47,BRneg,1.361
2025-09-29,48,BRpos,1.3
2025-09-29,48,BRneg,0.869
2025-09-30,1,BRpos,2.097
2025-09-30,1,BRneg,0.508
2025-09-30,2,BRpos,1.268
2025-09-30,2,BRneg,1.765
2025-09-30,3,BRpos,3.314
2025-09-30,3,BRneg,1.276
2025-09-30,4,BRpos,6.252
2025-09-30,4,BRneg,0.699
2025-09-30,5,BRpos,4.059
2025-09-30,5,BRneg,0.497
2025-09-30,6,BRpos,4.408
2025-09-30,6,BRneg,0.812
2025-09-30,7,BRpos,1.477
2025-09-30,7,BRneg,1.135
2025-09-30,8,BRpos,6.239
2025-09-30,8,BRneg,1.453
2025-09-30,9,BRpos,1.838
2025-09-30,9,BRneg,1.698
2025-09-30,10,BRpos,2.314
2025-09-30,10,BRneg,1.053
2025-09-30,11,BRpos,3.175
2025-09-30,11,BRneg,0.977
2025-09-30,12,BRpos,2.197
2025-09-30,12,BRneg,0.784
2025-09-30,13,BRpos,1.858
2025-09-30,13,BRneg,0.707
2025-09-30,14,BRpos,2.919
2025-09-30,14,BRneg,1.002
2025-09-30,15,BRpos,1.759
2025-09-30,15,BRneg,0.472
2025-09-30,16,BRpos,0.89
2025-09-30,16,BRneg,1.381
2025-09-30,17,BRpos,4.504
2025-09-30,17,BRneg,1.088
2025-09-30,18,BRpos,4.496
2025-09-30,18,BRneg,1.156
2025-09-30,19,BRpos,2.231
2025-09-30,19,BRneg,1.128
2025-09-30,20,BRpos,5.491
2025-09-30,20,BRneg,1.087
2025-09-30,21,BRpos,2.908
2025-09-30,21,BRneg,1.178
2025-09-30,22,BRpos,2.788
2025-09-30,22,BRneg,1.402
2025-09-30,23,BRpos,1.612
2025-09-30,23,BRneg,3.805
2025-09-30,24,BRpos,3.439
2025-09-30,24,BRneg,1.149
2025-09-30,25,BRpos,1.697
2025-09-30,25,BRneg,0.611
2025-09-30,26,BRpos,2.732
2025-09-30,26,BRneg,1.249
2025-09-30,27,BRpos,1.973
2025-09-30,27,BRneg,2.23
2025-09-30,28,BRpos,2.628
2025-09-30,28,BRneg,1.351
2025-09-30,29,BRpos,1.861
2025-09-30,29,BRneg,1.379
2025-09-30,30,BRpos,3.583
2025-09-30,30,BRneg,1.444
2025-09-30,31,BRpos,4.584
2025-09-30,31,BRneg,1.071
2025-09-30,32,BRpos,2.01
2025-09-30,32,BRneg,2.058
2025-09-30,33,BRpos,5.012
2025-09-30,33,BRneg,1.18
2025-09-30,34,BRpos,1.752
2025-09-30,34,BRneg,0.874
2025-09-30,35,BRpos,5.053
2025-09-30,35,BRneg,4.468
2025-09-30,36,BRpos,2.691
2025-09-30,36,BRneg,2.922
2025-09-30,37,BRpos,3.951
2025-09-30,37,BRneg,2.266
2025-09-30,38,BRpos,4.446
2025-09-30,38,BRneg,2.508
2025-09-30,39,BRpos,10.559
2025-09-30,39,BRneg,3.182
2025-09-30,40,BRpos,3.464
2025-09-30,40,BRneg,0.579
2025-09-30,41,BRpos,3.655
2025-09-30,41,BRneg,0.454
2025-09-30,42,BRpos,5.392
2025-09-30,42,BRneg,1.679
2025-09-30,43,BRpos,2.7
2025-09-30,43,BRneg,0.974
2025-09-30,44,BRpos,3.34
2025-09-30,44,BRneg,1.459
2025-09-30,45,BRpos,2.945
2025-09-30,45,BRneg,1.466
2025-09-30,46,BRpos,2.928
2025-09-30,46,BRneg,1.422
2025-09-30,47,BRpos,3.734
2025-09-30,47,BRneg,0.783
2025-09-30,48,BRpos,2.479
2025-09-30,48,BRneg,0.911
2025-10-01,1,BRpos,1.63
2025-10-01,1,BRneg,3.151
2025-10-01,2,BRpos,1.677
2025-10-01,2,BRneg,2.464
2025-10-01,3,BRpos,3.719
2025-10-01,3,BRneg,1.057
2025-10-01,4,BRpos,2.198
2025-10-01,4,BRneg,0.764
2025-10-01,5,BRpos,4.42
2025-10-01,5,BRneg,1.023
2025-10-01,6,BRpos,1.48
2025-10-01,6,BRneg,1.48
2025-10-01,7,BRpos,2.948
2025-10-01,7,BRneg,0.688
2025-10-01,8,BRpos,2.643
2025-10-01,8,BRneg,0.599
2025-10-01,9,BRpos,1.458
2025-10-01,9,BRneg,1.734
2025-10-01,10,BRpos,2.16
2025-10-01,10,BRneg,1.189
2025-10-01,11,BRpos,1.746
2025-10-01,11,BRneg,0.865
2025-10-01,12,BRpos,2.996
2025-10-01,12,BRneg,1.441
2025-10-01,13,BRpos,3.196
2025-10-01,13,BRneg,0.82
2025-10-01,14,BRpos,2.488
2025-10-01,14,BRneg,1.621
2025-10-01,15,BRpos,4.829
2025-10-01,15,BRneg,1.858
2025-10-01,16,BRpos,1.972
2025-10-01,16,BRneg,0.844
2025-10-01,17,BRpos,4.656
2025-10-01,17,BRneg,0.375
2025-10-01,18,BRpos,2.843
2025-10-01,18,BRneg,1.211
2025-10-01,19,BRpos,4.09
2025-10-01,19,BRneg,0.672
2025-10-01,20,BRpos,1.604
2025-10-01,20,BRneg,1.703
2025-10-01,21,BRpos,1.711
2025-10-01,21,BRneg,1.688
2025-10-01,22,BRpos,2.802
2025-10-01,22,BRneg,0.531
2025-10-01,23,BRpos,2.252
2025-10-01,23,BRneg,1.028
2025-10-01,24,BRpos,3.06
2025-10-01,24,BRneg,0.499
2025-10-01,25,BRpos,1.899
2025-10-01,25,BRneg,2.595
2025-10-01,26,BRpos,3.215
2025-10-01,26,BRneg,1.365
2025-10-01,27,BRpos,2.018
2025-10-01,27,BRneg,0.793
2025-10-01,28,BRpos,3.593
2025-10-01,28,BRneg,1.06
2025-10-01,29,BRpos,3.465
2025-10-01,29,BRneg,0.673
2025-10-01,30,BRpos,2.218
2025-10-01,30,BRneg,1.93
2025-10-01,31,BRpos,1.48
2025-10-01,31,BRneg,1.182
2025-10-01,32,BRpos,2.507
2025-10-01,32,BRneg,1.198
2025-10-01,33,BRpos,2.603
2025-10-01,33,BRneg,2.507
2025-10-01,34,BRpos,4.079
2025-10-01,34,BRneg,1.41
2025-10-01,35,BRpos,2.556
2025-10-01,35,BRneg,1.394
2025-10-01,36,BRpos,3.564
2025-10-01,36,BRneg,1.217
2025-10-01,37,BRpos,7.075
2025-10-01,37,BRneg,3.019
2025-10-01,38,BRpos,6.508
2025-10-01,38,BRneg,2.926
2025-10-01,39,BRpos,4.069
2025-10-01,39,BRneg,1.354
2025-10-01,40,BRpos,1.73
2025-10-01,40,BRneg,2.5
2025-10-01,41,BRpos,4.794
2025-10-01,41,BRneg,1.283
2025-10-01,42,BRpos,3.429
2025-10-01,42,BRneg,1.624
2025-10-01,43,BRpos,3.142
2025-10-01,43,BRneg,1.596
2025-10-01,44,BRpos,5.462
2025-10-01,44,BRneg,1.301
2025-10-01,45,BRpos,1.974
2025-10-01,45,BRneg,1.869
2025-10-01,46,BRpos,1.951
2025-10-01,46,BRneg,0.836
2025-10-01,47,BRpos,2.952
2025-10-01,47,BRneg,1.254
2025-10-01,48,BRpos,1.391
2025-10-01,48,BRneg,1.25
2025-10-02,1,BRpos,2.169
2025-10-02,1,BRneg,1.023
2025-10-02,2,BRpos,3.835
2025-10-02,2,BRneg,1.524
2025-10-02,3,BRpos,6.803
2025-10-02,3,BRneg,1.826
2025-10-02,4,BRpos,0.973
2025-10-02,4,BRneg,0.565
2025-10-02,5,BRpos,1.099
2025-10-02,5,BRneg,0.445
2025-10-02,6,BRpos,2.292
2025-10-02,6,BRneg,1.508
2025-10-02,7,BRpos,3.201
2025-10-02,7,BRneg,1.065
2025-10-02,8,BRpos,2.006
2025-10-02,8,BRneg,0.664
2025-10-02,9,BRpos,2.368
2025-10-02,9,BRneg,1.218
2025-10-02,10,BRpos,2.338
2025-10-02,10,BRneg,1.378
2025-10-02,11,BRpos,2.583
2025-10-02,11,BRneg,1.144
2025-10-02,12,BRpos,1.127
2025-10-02,12,BRneg,1.479
2025-10-02,13,BRpos,3.26
2025-10-02,13,BRneg,0.553
2025-10-02,14,BRpos,2.312
2025-10-02,14,BRneg,1.832
2025-10-02,15,BRpos,1.879
2025-10-02,15,BRneg,1.545
2025-10-02,16,BRpos,3.573
2025-10-02,16,BRneg,1.701
2025-10-02,17,BRpos,3.808
2025-10-02,17,BRneg,2.804
2025-10-02,18,BRpos,1.455
2025-10-02,18,BRneg,1.18
2025-10-02,19,BRpos,1.723
2025-10-02,19,BRneg,2.149
2025-10-02,20,BRpos,2.347
2025-10-02,20,BRneg,0.554
2025-10-02,21,BRpos,3.608
2025-10-02,21,BRneg,1.599
2025-10-02,22,BRpos,2.178
2025-10-02,22,BRneg,1.179
2025-10-02,23,BRpos,4.752
2025-10-02,23,BRneg,0.57
2025-10-02,24,BRpos,4.123
2025-10-02,24,BRneg,0.976
2025-10-02,25,BRpos,7.011
2025-10-02,25,BRneg,0.854
2025-10-02,26,BRpos,5.234
2025-10-02,26,BRneg,1.15
2025-10-02,27,BRpos,1.841
2025-10-02,27,BRneg,1.331
2025-10-02,28,BRpos,1.827
2025-10-02,28,BRneg,2.893
2025-10-02,29,BRpos,1.579
2025-10-02,29,BRneg,1.305
2025-10-02,30,BRpos,3.147
2025-10-02,30,BRneg,1.176
2025-10-02,31,BRpos,2.27
2025-10-02,31,BRneg,0.522
2025-10-02,32,BRpos,5.461
2025-10-02,32,BRneg,0.364
2025-10-02,33,BRpos,2.84
2025-10-02,33,BRneg,0.663
2025-10-02,34,BRpos,4.148
2025-10-02,34,BRneg,1.315
2025-10-02,35,BRpos,9.347
2025-10-02,35,BRneg,3.148
2025-10-02,36,BRpos,4.644
2025-10-02,36,BRneg,2.401
2025-10-02,37,BRpos,5.271
2025-10-02,37,BRneg,2.436
2025-10-02,38,BRpos,3.712
2025-10-02,38,BRneg,1.879
2025-10-02,39,BRpos,2.783
2025-10-02,39,BRneg,4.578
2025-10-02,40,BRpos,2.663
2025-10-02,40,BRneg,1.183
2025-10-02,41,BRpos,3.507
2025-10-02,41,BRneg,3.733
2025-10-02,42,BRpos,3.678
2025-10-02,42,BRneg,1.556
2025-10-02,43,BRpos,2.805
2025-10-02,43,BRneg,1.888
2025-10-02,44,BRpos,3.408
2025-10-02,44,BRneg,0.672
2025-10-02,45,BRpos,2.165
2025-10-02,45,BRneg,1.855
2025-10-02,46,BRpos,1.737
2025-10-02,46,BRneg,1.354
2025-10-02,47,BRpos,2.261
2025-10-02,47,BRneg,1.124
2025-10-02,48,BRpos,1.713
2025-10-02,48,BRneg,1.019
2025-10-03,1,BRpos,1.782
2025-10-03,1,BRneg,1.08
2025-10-03,2,BRpos,1.248
2025-10-03,2,BRneg,0.607
2025-10-03,3,BRpos,2.881
2025-10-03,3,BRneg,1.458
2025-10-03,4,BRpos,1.046
2025-10-03,4,BRneg,1.013
2025-10-03,5,BRpos,6.378
2025-10-03,5,BRneg,1.428
2025-10-03,6,BRpos,2.565
2025-10-03,6,BRneg,0.894
2025-10-03,7,BRpos,3.058
2025-10-03,7,BRneg,1.41
2025-10-03,8,BRpos,3.065
2025-10-03,8,BRneg,2.13
2025-10-03,9,BRpos,1.605
2025-10-03,9,BRneg,1.244
2025-10-03,10,BRpos,2.699
2025-10-03,10,BRneg,2.684
2025-10-03,11,BRpos,3.068
2025-10-03,11,BRneg,1.0
2025-10-03,12,BRpos,4.648
2025-10-03,12,BRneg,0.658
2025-10-03,13,BRpos,1.857
2025-10-03,13,BRneg,1.669
2025-10-03,14,BRpos,1.408
2025-10-03,14,BRneg,0.429
2025-10-03,15,BRpos,4.329
2025-10-03,15,BRneg,1.326
2025-10-03,16,BRpos,3.099
2025-10-03,16,BRneg,2.992
2025-10-03,17,BRpos,2.508
2025-10-03,17,BRneg,0.788
2025-10-03,18,BRpos,2.622
2025-10-03,18,BRneg,1.414
2025-10-03,19,BRpos,4.291
2025-10-03,19,BRneg,1.301
2025-10-03,20,BRpos,2.356
2025-10-03,20,BRneg,2.988
2025-10-03,21,BRpos,4.049
2025-10-03,21,BRneg,0.868
2025-10-03,22,BRpos,2.635
2025-10-03,22,BRneg,1.867
2025-10-03,23,BRpos,3.971
2025-10-03,23,BRneg,1.091
2025-10-03,24,BRpos,2.527
2025-10-03,24,BRneg,1.696
2025-10-03,25,BRpos,1.037
2025-10-03,25,BRneg,0.689
2025-10-03,26,BRpos,1.134
2025-10-03,26,BRneg,2.942
2025-10-03,27,BRpos,3.32
2025-10-03,27,BRneg,1.068
2025-10-03,28,BRpos,5.36
2025-10-03,28,BRneg,1.53
2025-10-03,29,BRpos,5.69
2025-10-03,29,BRneg,1.093
2025-10-03,30,BRpos,1.86
2025-10-03,30,BRneg,1.454
2025-10-03,31,BRpos,2.431
2025-10-03,31,BRneg,3.654
2025-10-03,32,BRpos,2.366
2025-10-03,32,BRneg,0.897
2025-10-03,33,BRpos,2.336
2025-10-03,33,BRneg,1.616
2025-10-03,34,BRpos,3.223
2025-10-03,34,BRneg,2.347
2025-10-03,35,BRpos,3.119
2025-10-03,35,BRneg,3.022
2025-10-03,36,BRpos,2.197
2025-10-03,36,BRneg,1.319
2025-10-03,37,BRpos,1.086
2025-10-03,37,BRneg,2.198
2025-10-03,38,BRpos,5.853
2025-10-03,38,BRneg,3.173
2025-10-03,39,BRpos,1.846
2025-10-03,39,BRneg,1.611
2025-10-03,40,BRpos,1.679
2025-10-03,40,BRneg,0.921
2025-10-03,41,BRpos,2.603
2025-10-03,41,BRneg,1.464
2025-10-03,42,BRpos,4.505
2025-10-03,42,BRneg,1.491
2025-10-03,43,BRpos,5.674
2025-10-03,43,BRneg,0.618
2025-10-03,44,BRpos,1.729
2025-10-03,44,BRneg,0.99
2025-10-03,45,BRpos,1.426
2025-10-03,45,BRneg,1.383
2025-10-03,46,BRpos,2.796
2025-10-03,46,BRneg,1.89
2025-10-03,47,BRpos,2.101
2025-10-03,47,BRneg,2.685
2025-10-03,48,BRpos,5.325
2025-10-03,48,BRneg,0.938
2025-10-04,1,BRpos,1.749
2025-10-04,1,BRneg,1.913
2025-10-04,2,BRpos,2.947
2025-10-04,2,BRneg,1.377
2025-10-04,3,BRpos,1.87
2025-10-04,3,BRneg,0.829
2025-10-04,4,BRpos,1.884
2025-10-04,4,BRneg,1.495
2025-10-04,5,BRpos,1.786
2025-10-04,5,BRneg,1.235
2025-10-04,6,BRpos,2.983
2025-10-04,6,BRneg,1.774
2025-10-04,7,BRpos,1.382
2025-10-04,7,BRneg,1.518
2025-10-04,8,BRpos,2.668
2025-10-04,8,BRneg,1.773
2025-10-04,9,BRpos,2.698
2025-10-04,9,BRneg,1.743
2025-10-04,10,BRpos,5.129
2025-10-04,10,BRneg,2.388
2025-10-04,11,BRpos,4.036
2025-10-04,11,BRneg,1.465
2025-10-04,12,BRpos,2.113
2025-10-04,12,BRneg,0.845
2025-10-04,13,BRpos,2.818
2025-10-04,13,BRneg,1.491
2025-10-04,14,BRpos,1.497
2025-10-04,14,BRneg,1.037
2025-10-04,15,BRpos,4.969
2025-10-04,15,BRneg,2.929
2025-10-04,16,BRpos,2.002
2025-10-04,16,BRneg,1.122
2025-10-04,17,BRpos,1.782
2025-10-04,17,BRneg,0.766
2025-10-04,18,BRpos,4.522
2025-10-04,18,BRneg,1.998
2025-10-04,19,BRpos,2.314
2025-10-04,19,BRneg,0.606
2025-10-04,20,BRpos,1.001
2025-10-04,20,BRneg,1.591
2025-10-04,21,BRpos,4.01
2025-10-04,21,BRneg,0.548
2025-10-04,22,BRpos,2.056
2025-10-04,22,BRneg,0.897
2025-10-04,23,BRpos,4.871
2025-10-04,23,BRneg,0.887
2025-10-04,24,BRpos,2.571
2025-10-04,24,BRneg,1.588
2025-10-04,25,BRpos,3.175
2025-10-04,25,BRneg,1.008
2025-10-04,26,BRpos,2.347
2025-10-04,26,BRneg,1.251
2025-10-04,27,BRpos,4.951
2025-10-04,27,BRneg,2.159
2025-10-04,28,BRpos,1.175
2025-10-04,28,BRneg,0.745
2025-10-04,29,BRpos,4.18
2025-10-04,29,BRneg,0.932
2025-10-04,30,BRpos,6.098
2025-10-04,30,BRneg,1.718
2025-10-04,31,BRpos,5.083
2025-10-04,31,BRneg,0.567
2025-10-04,32,BRpos,3.131
2025-10-04,32,BRneg,2.347
2025-10-04,33,BRpos,1.252
2025-10-04,33,BRneg,1.824
2025-10-04,34,BRpos,5.039
2025-10-04,34,BRneg,1.918
2025-10-04,35,BRpos,4.03
2025-10-04,35,BRneg,1.078
2025-10-04,36,BRpos,5.216
2025-10-04,36,BRneg,2.18
2025-10-04,37,BRpos,4.185
2025-10-04,37,BRneg,0.977
2025-10-04,38,BRpos,10.826
2025-10-04,38,BRneg,1.964
2025-10-04,39,BRpos,4.873
2025-10-04,39,BRneg,1.528
2025-10-04,40,BRpos,2.07
2025-10-04,40,BRneg,1.897
2025-10-04,41,BRpos,4.874
2025-10-04,41,BRneg,0.525
2025-10-04,42,BRpos,2.828
2025-10-04,42,BRneg,0.984
2025-10-04,43,BRpos,2.828
2025-10-04,43,BRneg,0.46
2025-10-04,44,BRpos,3.284
2025-10-04,44,BRneg,1.611
2025-10-04,45,BRpos,7.11
2025-10-04,45,BRneg,1.237
2025-10-04,46,BRpos,2.504
2025-10-04,46,BRneg,2.033
2025-10-04,47,BRpos,3.104
2025-10-04,47,BRneg,1.259
2025-10-04,48,BRpos,2.934
2025-10-04,48,BRneg,0.414
2025-10-05,1,BRpos,4.581
2025-10-05,1,BRneg,1.67
2025-10-05,2,BRpos,3.121
2025-10-05,2,BRneg,1.443
2025-10-05,3,BRpos,3.347
2025-10-05,3,BRneg,1.627
2025-10-05,4,BRpos,2.911
2025-10-05,4,BRneg,2.999
2025-10-05,5,BRpos,1.374
2025-10-05,5,BRneg,0.717
2025-10-05,6,BRpos,3.422
2025-10-05,6,BRneg,1.304
2025-10-05,7,BRpos,1.768
2025-10-05,7,BRneg,0.819
2025-10-05,8,BRpos,2.634
2025-10-05,8,BRneg,1.023
2025-10-05,9,BRpos,2.133
2025-10-05,9,BRneg,0.919
2025-10-05,10,BRpos,4.332
2025-10-05,10,BRneg,1.498
2025-10-05,11,BRpos,3.569
2025-10-05,11,BRneg,0.798
2025-10-05,12,BRpos,4.237
2025-10-05,12,BRneg,1.874
2025-10-05,13,BRpos,1.993
2025-10-05,13,BRneg,1.432
2025-10-05,14,BRpos,2.618
2025-10-05,14,BRneg,2.638
2025-10-05,15,BRpos,1.652
2025-10-05,15,BRneg,0.945
2025-10-05,16,BRpos,4.617
2025-10-05,16,BRneg,2.327
2025-10-05,17,BRpos,2.498
2025-10-05,17,BRneg,1.23
2025-10-05,18,BRpos,2.608
2025-10-05,18,BRneg,0.857
2025-10-05,19,BRpos,3.111
2025-10-05,19,BRneg,1.243
2025-10-05,20,BRpos,3.544
2025-10-05,20,BRneg,2.042
2025-10-05,21,BRpos,5.165
2025-10-05,21,BRneg,1.444
2025-10-05,22,BRpos,2.767
2025-10-05,22,BRneg,1.164
2025-10-05,23,BRpos,2.998
2025-10-05,23,BRneg,1.07
2025-10-05,24,BRpos,2.534
2025-10-05,24,BRneg,0.724
2025-10-05,25,BRpos,1.183
2025-10-05,25,BRneg,1.109
2025-10-05,26,BRpos,2.052
2025-10-05,26,BRneg,0.687
2025-10-05,27,BRpos,1.984
2025-10-05,27,BRneg,1.835
2025-10-05,28,BRpos,3.412
2025-10-05,28,BRneg,1.53
2025-10-05,29,BRpos,0.662
2025-10-05,29,BRneg,1.696
2025-10-05,30,BRpos,2.509
2025-10-05,30,BRneg,1.194
2025-10-05,31,BRpos,1.415
2025-10-05,31,BRneg,0.85
2025-10-05,32,BRpos,3.04
2025-10-05,32,BRneg,0.868
2025-10-05,33,BRpos,3.997
2025-10-05,33,BRneg,1.276
2025-10-05,34,BRpos,7.454
2025-10-05,34,BRneg,1.802
2025-10-05,35,BRpos,3.781
2025-10-05,35,BRneg,1.447
2025-10-05,36,BRpos,4.707
2025-10-05,36,BRneg,2.577
2025-10-05,37,BRpos,5.116
2025-10-05,37,BRneg,1.426
2025-10-05,38,BRpos,3.323
2025-10-05,38,BRneg,1.336
2025-10-05,39,BRpos,3.116
2025-10-05,39,BRneg,1.276
2025-10-05,40,BRpos,3.07
2025-10-05,40,BRneg,1.128
2025-10-05,41,BRpos,4.999
2025-10-05,41,BRneg,0.556
2025-10-05,42,BRpos,6.94
2025-10-05,42,BRneg,1.239
2025-10-05,43,BRpos,4.575
2025-10-05,43,BRneg,1.499
2025-10-05,44,BRpos,2.279
2025-10-05,44,BRneg,1.989
2025-10-05,45,BRpos,2.137
2025-10-05,45,BRneg,1.559
2025-10-05,46,BRpos,0.877
2025-10-05,46,BRneg,2.775
2025-10-05,47,BRpos,3.881
2025-10-05,47,BRneg,2.158
2025-10-05,48,BRpos,1.242
2025-10-05,48,BRneg,1.536
2025-10-06,1,BRpos,3.172
2025-10-06,1,BRneg,0.939
2025-10-06,2,BRpos,1.724
2025-10-06,2,BRneg,0.689
2025-10-06,3,BRpos,3.916
2025-10-06,3,BRneg,1.56
2025-10-06,4,BRpos,3.119
2025-10-06,4,BRneg,1.216
2025-10-06,5,BRpos,4.49
2025-10-06,5,BRneg,2.029
2025-10-06,6,BRpos,1.566
2025-10-06,6,BRneg,2.021
2025-10-06,7,BRpos,2.22
2025-10-06,7,BRneg,0.805
2025-10-06,8,BRpos,1.887
2025-10-06,8,BRneg,0.671
2025-10-06,9,BRpos,4.133
2025-10-06,9,BRneg,2.154
2025-10-06,10,BRpos,3.173
2025-10-06,10,BRneg,1.107
2025-10-06,11,BRpos,3.471
2025-10-06,11,BRneg,1.595
2025-10-06,12,BRpos,1.478
2025-10-06,12,BRneg,0.913
2025-10-06,13,BRpos,2.696
2025-10-06,13,BRneg,1.333
2025-10-06,14,BRpos,0.974
2025-10-06,14,BRneg,0.964
2025-10-06,15,BRpos,1.986
2025-10-06,15,BRneg,0.854
2025-10-06,16,BRpos,3.304
2025-10-06,16,BRneg,1.586
2025-10-06,17,BRpos,2.893
2025-10-06,17,BRneg,0.752
2025-10-06,18,BRpos,1.679
2025-10-06,18,BRneg,1.897
2025-10-06,19,BRpos,1.765
2025-10-06,19,BRneg,1.459
2025-10-06,20,BRpos,1.657
2025-10-06,20,BRneg,1.572
2025-10-06,21,BRpos,2.975
2025-10-06,21,BRneg,1.077
2025-10-06,22,BRpos,2.022
2025-10-06,22,BRneg,1.092
2025-10-06,23,BRpos,5.25
2025-10-06,23,BRneg,2.642
2025-10-06,24,BRpos,4.464
2025-10-06,24,BRneg,0.91
2025-10-06,25,BRpos,1.061
2025-10-06,25,BRneg,0.701
2025-10-06,26,BRpos,6.038
2025-10-06,26,BRneg,1.954
2025-10-06,27,BRpos,4.295
2025-10-06,27,BRneg,1.919
2025-10-06,28,BRpos,5.883
2025-10-06,28,BRneg,0.898
2025-10-06,29,BRpos,3.813
2025-10-06,29,BRneg,1.118
2025-10-06,30,BRpos,1.088
2025-10-06,30,BRneg,1.287
2025-10-06,31,BRpos,4.217
2025-10-06,31,BRneg,0.551
2025-10-06,32,BRpos,2.63
2025-10-06,32,BRneg,2.167
2025-10-06,33,BRpos,2.815
2025-10-06,33,BRneg,1.044
2025-10-06,34,BRpos,3.016
2025-10-06,34,BRneg,1.412
2025-10-06,35,BRpos,4.642
2025-10-06,35,BRneg,3.505
2025-10-06,36,BRpos,6.736
2025-10-06,36,BRneg,3.712
2025-10-06,37,BRpos,7.379
2025-10-06,37,BRneg,3.466
2025-10-06,38,BRpos,6.668
2025-10-06,38,BRneg,2.759
2025-10-06,39,BRpos,7.981
2025-10-06,39,BRneg,2.226
2025-10-06,40,BRpos,2.682
2025-10-06,40,BRneg,1.164
2025-10-06,41,BRpos,3.17
2025-10-06,41,BRneg,1.139
2025-10-06,42,BRpos,2.907
2025-10-06,42,BRneg,0.6
2025-10-06,43,BRpos,2.649
2025-10-06,43,BRneg,1.034
2025-10-06,44,BRpos,3.967
2025-10-06,44,BRneg,2.508
2025-10-06,45,BRpos,2.377
2025-10-06,45,BRneg,1.896
2025-10-06,46,BRpos,2.267
2025-10-06,46,BRneg,1.128
2025-10-06,47,BRpos,3.825
2025-10-06,47,BRneg,0.952
2025-10-06,48,BRpos,2.44
2025-10-06,48,BRneg,1.956
2025-10-07,1,BRpos,2.894
2025-10-07,1,BRneg,1.06
2025-10-07,2,BRpos,3.575
2025-10-07,2,BRneg,0.999
2025-10-07,3,BRpos,5.887
2025-10-07,3,BRneg,1.788
2025-10-07,4,BRpos,3.92
2025-10-07,4,BRneg,0.991
2025-10-07,5,BRpos,1.575
2025-10-07,5,BRneg,1.61
2025-10-07,6,BRpos,4.073
2025-10-07,6,BRneg,0.723
2025-10-07,7,BRpos,3.425
2025-10-07,7,BRneg,1.617
2025-10-07,8,BRpos,2.529
2025-10-07,8,BRneg,0.553
2025-10-07,9,BRpos,4.435
2025-10-07,9,BRneg,0.808
2025-10-07,10,BRpos,4.945
2025-10-07,10,BRneg,1.526
2025-10-07,11,BRpos,2.339
2025-10-07,11,BRneg,1.25
2025-10-07,12,BRpos,2.344
2025-10-07,12,BRneg,1.978
2025-10-07,13,BRpos,2.613
2025-10-07,13,BRneg,1.628
2025-10-07,14,BRpos,2.752
2025-10-07,14,BRneg,1.164
2025-10-07,15,BRpos,2.728
2025-10-07,15,BRneg,1.448
2025-10-07,16,BRpos,4.094
2025-10-07,16,BRneg,0.674
2025-10-07,17,BRpos,2.222
2025-10-07,17,BRneg,1.189
2025-10-07,18,BRpos,1.233
2025-10-07,18,BRneg,0.558
2025-10-07,19,BRpos,1.696
2025-10-07,19,BRneg,1.626
2025-10-07,20,BRpos,1.903
2025-10-07,20,BRneg,0.474
2025-10-07,21,BRpos,1.847
2025-10-07,21,BRneg,0.618
2025-10-07,22,BRpos,2.903
2025-10-07,22,BRneg,1.885
2025-10-07,23,BRpos,2.563
2025-10-07,23,BRneg,1.756
2025-10-07,24,BRpos,1.796
2025-10-07,24,BRneg,1.681
2025-10-07,25,BRpos,0.946
2025-10-07,25,BRneg,0.951
2025-10-07,26,BRpos,2.229
2025-10-07,26,BRneg,2.029
2025-10-07,27,BRpos,2.274
2025-10-07,27,BRneg,0.836
2025-10-07,28,BRpos,6.238
2025-10-07,28,BRneg,1.517
2025-10-07,29,BRpos,2.092
2025-10-07,29,BRneg,1.121
2025-10-07,30,BRpos,1.35
2025-10-07,30,BRneg,0.574
2025-10-07,31,BRpos,3.071
2025-10-07,31,BRneg,0.966
2025-10-07,32,BRpos,7.222
2025-10-07,32,BRneg,1.106
2025-10-07,33,BRpos,2.215
2025-10-07,33,BRneg,1.507
2025-10-07,34,BRpos,6.805
2025-10-07,34,BRneg,5.053
2025-10-07,35,BRpos,3.583
2025-10-07,35,BRneg,1.459
2025-10-07,36,BRpos,7.286
2025-10-07,36,BRneg,2.361
2025-10-07,37,BRpos,3.026
2025-10-07,37,BRneg,2.205
2025-10-07,38,BRpos,6.592
2025-10-07,38,BRneg,1.27
2025-10-07,39,BRpos,6.885
2025-10-07,39,BRneg,1.993
2025-10-07,40,BRpos,3.651
2025-10-07,40,BRneg,1.462
2025-10-07,41,BRpos,2.583
2025-10-07,41,BRneg,2.589
2025-10-07,42,BRpos,4.174
2025-10-07,42,BRneg,0.837
2025-10-07,43,BRpos,0.989
2025-10-07,43,BRneg,0.348
2025-10-07,44,BRpos,3.153
2025-10-07,44,BRneg,2.883
2025-10-07,45,BRpos,1.819
2025-10-07,45,BRneg,0.999
2025-10-07,46,BRpos,3.863
2025-10-07,46,BRneg,1.383
2025-10-07,47,BRpos,2.415
2025-10-07,47,BRneg,0.676
2025-10-07,48,BRpos,2.436
2025-10-07,48,BRneg,1.183
2025-10-08,1,BRpos,2.175
2025-10-08,1,BRneg,1.197
2025-10-08,2,BRpos,1.4
2025-10-08,2,BRneg,0.761
2025-10-08,3,BRpos,2.079
2025-10-08,3,BRneg,0.805
2025-10-08,4,BRpos,2.275
2025-10-08,4,BRneg,0.619
2025-10-08,5,BRpos,1.465
2025-10-08,5,BRneg,0.789
2025-10-08,6,BRpos,2.95
2025-10-08,6,BRneg,1.957
2025-10-08,7,BRpos,2.919
2025-10-08,7,BRneg,1.079
2025-10-08,8,BRpos,1.758
2025-10-08,8,BRneg,0.904
2025-10-08,9,BRpos,6.779
2025-10-08,9,BRneg,1.04
2025-10-08,10,BRpos,2.222
2025-10-08,10,BRneg,1.124
2025-10-08,11,BRpos,1.522
2025-10-08,11,BRneg,0.631
2025-10-08,12,BRpos,2.07
2025-10-08,12,BRneg,1.868
2025-10-08,13,BRpos,4.277
2025-10-08,13,BRneg,2.047
2025-10-08,14,BRpos,2.468
2025-10-08,14,BRneg,2.07
2025-10-08,15,BRpos,2.433
2025-10-08,15,BRneg,1.267
2025-10-08,16,BRpos,3.251
2025-10-08,16,BRneg,1.944
2025-10-08,17,BRpos,4.673
2025-10-08,17,BRneg,1.503
2025-10-08,18,BRpos,1.429
2025-10-08,18,BRneg,0.993
2025-10-08,19,BRpos,1.589
2025-10-08,19,BRneg,0.733
2025-10-08,20,BRpos,2.057
2025-10-08,20,BRneg,1.561
2025-10-08,21,BRpos,5.121
2025-10-08,21,BRneg,1.894
2025-10-08,22,BRpos,4.508
2025-10-08,22,BRneg,1.577
2025-10-08,23,BRpos,1.465
2025-10-08,23,BRneg,1.796
2025-10-08,24,BRpos,2.824
2025-10-08,24,BRneg,2.679
2025-10-08,25,BRpos,3.371
2025-10-08,25,BRneg,2.107
2025-10-08,26,BRpos,3.862
2025-10-08,26,BRneg,1.116
2025-10-08,27,BRpos,2.424
2025-10-08,27,BRneg,0.927
2025-10-08,28,BRpos,2.022
2025-10-08,28,BRneg,1.228
2025-10-08,29,BRpos,1.884
2025-10-08,29,BRneg,2.477
2025-10-08,30,BRpos,3.944
2025-10-08,30,BRneg,0.628
2025-10-08,31,BRpos,7.167
2025-10-08,31,BRneg,2.839
2025-10-08,32,BRpos,2.054
2025-10-08,32,BRneg,1.792
2025-10-08,33,BRpos,3.168
2025-10-08,33,BRneg,0.724
2025-10-08,34,BRpos,4.476
2025-10-08,34,BRneg,4.519
2025-10-08,35,BRpos,1.141
2025-10-08,35,BRneg,2.726
2025-10-08,36,BRpos,4.26
2025-10-08,36,BRneg,1.443
2025-10-08,37,BRpos,2.989
2025-10-08,37,BRneg,0.947
2025-10-08,38,BRpos,4.675
2025-10-08,38,BRneg,0.437
2025-10-08,39,BRpos,10.0
2025-10-08,39,BRneg,1.799
2025-10-08,40,BRpos,2.716
2025-10-08,40,BRneg,2.272
2025-10-08,41,BRpos,2.529
2025-10-08,41,BRneg,4.733
2025-10-08,42,BRpos,4.348
2025-10-08,42,BRneg,0.734
2025-10-08,43,BRpos,1.17
2025-10-08,43,BRneg,2.004
2025-10-08,44,BRpos,2.062
2025-10-08,44,BRneg,1.468
2025-10-08,45,BRpos,2.148
2025-10-08,45,BRneg,0.686
2025-10-08,46,BRpos,5.43
2025-10-08,46,BRneg,0.916
2025-10-08,47,BRpos,3.683
2025-10-08,47,BRneg,1.11
2025-10-08,48,BRpos,1.846
2025-10-08,48,BRneg,1.217
2025-10-09,1,BRpos,2.565
2025-10-09,1,BRneg,1.804
2025-10-09,2,BRpos,9.374
2025-10-09,2,BRneg,0.757
2025-10-09,3,BRpos,5.686
2025-10-09,3,BRneg,1.213
2025-10-09,4,BRpos,2.232
2025-10-09,4,BRneg,0.704
2025-10-09,5,BRpos,2.542
2025-10-09,5,BRneg,1.058
2025-10-09,6,BRpos,9.847
2025-10-09,6,BRneg,1.231
2025-10-09,7,BRpos,1.674
2025-10-09,7,BRneg,0.709
2025-10-09,8,BRpos,2.276
2025-10-09,8,BRneg,0.895
2025-10-09,9,BRpos,2.623
2025-10-09,9,BRneg,2.038
2025-10-09,10,BRpos,3.452
2025-10-09,10,BRneg,1.882
2025-10-09,11,BRpos,7.388
2025-10-09,11,BRneg,2.538
2025-10-09,12,BRpos,2.65
2025-10-09,12,BRneg,0.85
2025-10-09,13,BRpos,1.42
2025-10-09,13,BRneg,3.585
2025-10-09,14,BRpos,4.046
2025-10-09,14,BRneg,1.045
2025-10-09,15,BRpos,2.268
2025-10-09,15,BRneg,1.197
2025-10-09,16,BRpos,1.917
2025-10-09,16,BRneg,1.546
2025-10-09,17,BRpos,1.814
2025-10-09,17,BRneg,1.097
2025-10-09,18,BRpos,1.787
2025-10-09,18,BRneg,0.452
2025-10-09,19,BRpos,3.162
2025-10-09,19,BRneg,0.667
2025-10-09,20,BRpos,2.375
2025-10-09,20,BRneg,1.353
2025-10-09,21,BRpos,1.979
2025-10-09,21,BRneg,1.338
2025-10-09,22,BRpos,1.92
2025-10-09,22,BRneg,0.957
2025-10-09,23,BRpos,1.989
2025-10-09,23,BRneg,1.282
2025-10-09,24,BRpos,1.749
2025-10-09,24,BRneg,1.028
2025-10-09,25,BRpos,3.572
2025-10-09,25,BRneg,0.96
2025-10-09,26,BRpos,3.463
2025-10-09,26,BRneg,1.849
2025-10-09,27,BRpos,1.73
2025-10-09,27,BRneg,1.714
2025-10-09,28,BRpos,2.539
2025-10-09,28,BRneg,2.147
2025-10-09,29,BRpos,3.491
2025-10-09,29,BRneg,0.995
2025-10-09,30,BRpos,1.718
2025-10-09,30,BRneg,2.049
2025-10-09,31,BRpos,3.537
2025-10-09,31,BRneg,4.476
2025-10-09,32,BRpos,2.483
2025-10-09,32,BRneg,0.426
2025-10-09,33,BRpos,2.699
2025-10-09,33,BRneg,2.327
2025-10-09,34,BRpos,5.844
2025-10-09,34,BRneg,2.046
2025-10-09,35,BRpos,5.281
2025-10-09,35,BRneg,10.552
2025-10-09,36,BRpos,1.919
2025-10-09,36,BRneg,2.174
2025-10-09,37,BRpos,7.244
2025-10-09,37,BRneg,2.525
2025-10-09,38,BRpos,9.09
2025-10-09,38,BRneg,2.9
2025-10-09,39,BRpos,5.529
2025-10-09,39,BRneg,2.806
2025-10-09,40,BRpos,1.647
2025-10-09,40,BRneg,1.19
2025-10-09,41,BRpos,5.267
2025-10-09,41,BRneg,2.619
2025-10-09,42,BRpos,2.497
2025-10-09,42,BRneg,1.065
2025-10-09,43,BRpos,2.336
2025-10-09,43,BRneg,2.308
2025-10-09,44,BRpos,2.454
2025-10-09,44,BRneg,1.094
2025-10-09,45,BRpos,3.172
2025-10-09,45,BRneg,1.659
2025-10-09,46,BRpos,2.063
2025-10-09,46,BRneg,1.535
2025-10-09,47,BRpos,2.328
2025-10-09,47,BRneg,1.325
2025-10-09,48,BRpos,1.177
2025-10-09,48,BRneg,1.57
2025-10-10,1,BRpos,5.398
2025-10-10,1,BRneg,1.287
2025-10-10,2,BRpos,2.905
2025-10-10,2,BRneg,1.538
2025-10-10,3,BRpos,3.316
2025-10-10,3,BRneg,0.774
2025-10-10,4,BRpos,5.372
2025-10-10,4,BRneg,1.23
2025-10-10,5,BRpos,2.52
2025-10-10,5,BRneg,1.15
2025-10-10,6,BRpos,1.303
2025-10-10,6,BRneg,0.781
2025-10-10,7,BRpos,2.569
2025-10-10,7,BRneg,1.506
2025-10-10,8,BRpos,3.656
2025-10-10,8,BRneg,0.78
2025-10-10,9,BRpos,8.163
2025-10-10,9,BRneg,1.583
2025-10-10,10,BRpos,5.033
2025-10-10,10,BRneg,0.962
2025-10-10,11,BRpos,1.967
2025-10-10,11,BRneg,1.13
2025-10-10,12,BRpos,5.106
2025-10-10,12,BRneg,0.955
2025-10-10,13,BRpos,1.591
2025-10-10,13,BRneg,1.222
2025-10-10,14,BRpos,6.161
2025-10-10,14,BRneg,2.012
2025-10-10,15,BRpos,1.396
2025-10-10,15,BRneg,1.54
2025-10-10,16,BRpos,2.415
2025-10-10,16,BRneg,1.087
2025-10-10,17,BRpos,2.192
2025-10-10,17,BRneg,1.176
2025-10-10,18,BRpos,4.4
2025-10-10,18,BRneg,1.72
2025-10-10,19,BRpos,3.259
2025-10-10,19,BRneg,1.1
2025-10-10,20,BRpos,1.557
2025-10-10,20,BRneg,1.976
2025-10-10,21,BRpos,0.996
2025-10-10,21,BRneg,1.009
2025-10-10,22,BRpos,1.612
2025-10-10,22,BRneg,0.751
2025-10-10,23,BRpos,2.214
2025-10-10,23,BRneg,0.963
2025-10-10,24,BRpos,1.315
2025-10-10,24,BRneg,1.105
2025-10-10,25,BRpos,4.678
2025-10-10,25,BRneg,1.521
2025-10-10,26,BRpos,2.233
2025-10-10,26,BRneg,1.223
2025-10-10,27,BRpos,1.907
2025-10-10,27,BRneg,1.465
2025-10-10,28,BRpos,2.809
2025-10-10,28,BRneg,1.521
2025-10-10,29,BRpos,1.739
2025-10-10,29,BRneg,0.887
2025-10-10,30,BRpos,1.92
2025-10-10,30,BRneg,1.773
2025-10-10,31,BRpos,2.598
2025-10-10,31,BRneg,0.635
2025-10-10,32,BRpos,2.09
2025-10-10,32,BRneg,1.867
2025-10-10,33,BRpos,3.027
2025-10-10,33,BRneg,1.048
2025-10-10,34,BRpos,3.057
2025-10-10,34,BRneg,2.075
2025-10-10,35,BRpos,4.472
2025-10-10,35,BRneg,2.695
2025-10-10,36,BRpos,4.751
2025-10-10,36,BRneg,2.248
2025-10-10,37,BRpos,8.689
2025-10-10,37,BRneg,1.679
2025-10-10,38,BRpos,3.896
2025-10-10,38,BRneg,2.547
2025-10-10,39,BRpos,4.68
2025-10-10,39,BRneg,2.786
2025-10-10,40,BRpos,1.67
2025-10-10,40,BRneg,0.82
2025-10-10,41,BRpos,2.196
2025-10-10,41,BRneg,0.991
2025-10-10,42,BRpos,3.717
2025-10-10,42,BRneg,0.935
2025-10-10,43,BRpos,1.91
2025-10-10,43,BRneg,1.181
2025-10-10,44,BRpos,3.074
2025-10-10,44,BRneg,1.402
2025-10-10,45,BRpos,2.351
2025-10-10,45,BRneg,1.518
2025-10-10,46,BRpos,4.088
2025-10-10,46,BRneg,0.994
2025-10-10,47,BRpos,2.575
2025-10-10,47,BRneg,1.946
2025-10-10,48,BRpos,2.332
2025-10-10,48,BRneg,1.924
2025-10-11,1,BRpos,1.198
2025-10-11,1,BRneg,1.07
2025-10-11,2,BRpos,2.033
2025-10-11,2,BRneg,1.205
2025-10-11,3,BRpos,2.79
2025-10-11,3,BRneg,1.309
2025-10-11,4,BRpos,3.76
2025-10-11,4,BRneg,1.816
2025-10-11,5,BRpos,4.748
2025-10-11,5,BRneg,1.107
2025-10-11,6,BRpos,1.994
2025-10-11,6,BRneg,0.782
2025-10-11,7,BRpos,5.294
2025-10-11,7,BRneg,2.942
2025-10-11,8,BRpos,2.552
2025-10-11,8,BRneg,0.952
2025-10-11,9,BRpos,6.378
2025-10-11,9,BRneg,0.865
2025-10-11,10,BRpos,7.116
2025-10-11,10,BRneg,1.457
2025-10-11,11,BRpos,1.834
2025-10-11,11,BRneg,1.267
2025-10-11,12,BRpos,3.562
2025-10-11,12,BRneg,0.949
2025-10-11,13,BRpos,1.206
2025-10-11,13,BRneg,1.379
2025-10-11,14,BRpos,2.07
2025-10-11,14,BRneg,1.68
2025-10-11,15,BRpos,3.391
2025-10-11,15,BRneg,3.006
2025-10-11,16,BRpos,2.355
2025-10-11,16,BRneg,1.337
2025-10-11,17,BRpos,3.053
2025-10-11,17,BRneg,1.293
2025-10-11,18,BRpos,7.63
2025-10-11,18,BRneg,0.871
2025-10-11,19,BRpos,2.639
2025-10-11,19,BRneg,0.956
2025-10-11,20,BRpos,3.303
2025-10-11,20,BRneg,0.932
2025-10-11,21,BRpos,1.723
2025-10-11,21,BRneg,0.564
2025-10-11,22,BRpos,4.082
2025-10-11,22,BRneg,0.906
2025-10-11,23,BRpos,8.759
2025-10-11,23,BRneg,0.897
2025-10-11,24,BRpos,1.691
2025-10-11,24,BRneg,0.585
2025-10-11,25,BRpos,1.107
2025-10-11,25,BRneg,1.591
2025-10-11,26,BRpos,2.197
2025-10-11,26,BRneg,1.173
2025-10-11,27,BRpos,2.275
2025-10-11,27,BRneg,1.219
2025-10-11,28,BRpos,5.651
2025-10-11,28,BRneg,0.875
2025-10-11,29,BRpos,2.749
2025-10-11,29,BRneg,3.132
2025-10-11,30,BRpos,1.805
2025-10-11,30,BRneg,2.249
2025-10-11,31,BRpos,1.137
2025-10-11,31,BRneg,1.013
2025-10-11,32,BRpos,1.848
2025-10-11,32,BRneg,1.192
2025-10-11,33,BRpos,2.174
2025-10-11,33,BRneg,1.638
2025-10-11,34,BRpos,2.766
2025-10-11,34,BRneg,2.312
2025-10-11,35,BRpos,3.793
2025-10-11,35,BRneg,1.812
2025-10-11,36,BRpos,5.825
2025-10-11,36,BRneg,2.83
2025-10-11,37,BRpos,3.378
2025-10-11,37,BRneg,0.938
2025-10-11,38,BRpos,7.376
2025-10-11,38,BRneg,1.281
2025-10-11,39,BRpos,2.011
2025-10-11,39,BRneg,1.938
2025-10-11,40,BRpos,4.118
2025-10-11,40,BRneg,1.432
2025-10-11,41,BRpos,2.93
2025-10-11,41,BRneg,2.251
2025-10-11,42,BRpos,2.383
2025-10-11,42,BRneg,0.73
2025-10-11,43,BRpos,4.835
2025-10-11,43,BRneg,3.057
2025-10-11,44,BRpos,2.076
2025-10-11,44,BRneg,2.446
2025-10-11,45,BRpos,1.406
2025-10-11,45,BRneg,2.471
2025-10-11,46,BRpos,6.169
2025-10-11,46,BRneg,0.889
2025-10-11,47,BRpos,3.637
2025-10-11,47,BRneg,1.085
2025-10-11,48,BRpos,1.67
2025-10-11,48,BRneg,0.996
2025-10-12,1,BRpos,2.77
2025-10-12,1,BRneg,1.977
2025-10-12,2,BRpos,3.691
2025-10-12,2,BRneg,2.83
2025-10-12,3,BRpos,2.45
2025-10-12,3,BRneg,0.834
2025-10-12,4,BRpos,1.891
2025-10-12,4,BRneg,2.113
2025-10-12,5,BRpos,3.858
2025-10-12,5,BRneg,1.443
2025-10-12,6,BRpos,5.956
2025-10-12,6,BRneg,1.384
2025-10-12,7,BRpos,3.2
2025-10-12,7,BRneg,0.734
2025-10-12,8,BRpos,5.825
2025-10-12,8,BRneg,1.42
2025-10-12,9,BRpos,4.227
2025-10-12,9,BRneg,1.925
2025-10-12,10,BRpos,3.246
2025-10-12,10,BRneg,2.135
2025-10-12,11,BRpos,3.341
2025-10-12,11,BRneg,1.107
2025-10-12,12,BRpos,3.38
2025-10-12,12,BRneg,0.816
2025-10-12,13,BRpos,4.544
2025-10-12,13,BRneg,1.472
2025-10-12,14,BRpos,2.398
2025-10-12,14,BRneg,1.204
2025-10-12,15,BRpos,3.482
2025-10-12,15,BRneg,1.635
2025-10-12,16,BRpos,4.997
2025-10-12,16,BRneg,2.312
2025-10-12,17,BRpos,5.225
2025-10-12,17,BRneg,1.371
2025-10-12,18,BRpos,2.866
2025-10-12,18,BRneg,1.113
2025-10-12,19,BRpos,2.278
2025-10-12,19,BRneg,0.984
2025-10-12,20,BRpos,4.394
2025-10-12,20,BRneg,1.672
2025-10-12,21,BRpos,3.379
2025-10-12,21,BRneg,2.241
2025-10-12,22,BRpos,2.955
2025-10-12,22,BRneg,1.593
2025-10-12,23,BRpos,4.103
2025-10-12,23,BRneg,1.737
2025-10-12,24,BRpos,1.053
2025-10-12,24,BRneg,1.238
2025-10-12,25,BRpos,4.129
2025-10-12,25,BRneg,1.41
2025-10-12,26,BRpos,0.89
2025-10-12,26,BRneg,0.999
2025-10-12,27,BRpos,1.545
2025-10-12,27,BRneg,1.722
2025-10-12,28,BRpos,0.938
2025-10-12,28,BRneg,1.169
2025-10-12,29,BRpos,3.168
2025-10-12,29,BRneg,1.449
2025-10-12,30,BRpos,3.824
2025-10-12,30,BRneg,1.496
2025-10-12,31,BRpos,1.769
2025-10-12,31,BRneg,1.586
2025-10-12,32,BRpos,6.892
2025-10-12,32,BRneg,0.931
2025-10-12,33,BRpos,3.16
2025-10-12,33,BRneg,1.261
2025-10-12,34,BRpos,3.115
2025-10-12,34,BRneg,1.393
2025-10-12,35,BRpos,2.871
2025-10-12,35,BRneg,1.76
2025-10-12,36,BRpos,5.444
2025-10-12,36,BRneg,1.873
2025-10-12,37,BRpos,3.938
2025-10-12,37,BRneg,2.386
2025-10-12,38,BRpos,2.304
2025-10-12,38,BRneg,1.758
2025-10-12,39,BRpos,10.512
2025-10-12,39,BRneg,3.88
2025-10-12,40,BRpos,5.254
2025-10-12,40,BRneg,1.225
2025-10-12,41,BRpos,5.511
2025-10-12,41,BRneg,2.503
2025-10-12,42,BRpos,3.485
2025-10-12,42,BRneg,0.829
2025-10-12,43,BRpos,6.342
2025-10-12,43,BRneg,1.097
2025-10-12,44,BRpos,3.821
2025-10-12,44,BRneg,3.011
2025-10-12,45,BRpos,2.252
2025-10-12,45,BRneg,0.953
2025-10-12,46,BRpos,1.08
2025-10-12,46,BRneg,4.952
2025-10-12,47,BRpos,2.044
2025-10-12,47,BRneg,1.641
2025-10-12,48,BRpos,3.35
2025-10-12,48,BRneg,0.863
2025-10-13,1,BRpos,2.38
2025-10-13,1,BRneg,1.54
2025-10-13,2,BRpos,1.785
2025-10-13,2,BRneg,1.703
2025-10-13,3,BRpos,2.807
2025-10-13,3,BRneg,0.596
2025-10-13,4,BRpos,1.966
2025-10-13,4,BRneg,1.884
2025-10-13,5,BRpos,3.198
2025-10-13,5,BRneg,0.999
2025-10-13,6,BRpos,3.765
2025-10-13,6,BRneg,1.272
2025-10-13,7,BRpos,2.542
2025-10-13,7,BRneg,0.868
2025-10-13,8,BRpos,6.406
2025-10-13,8,BRneg,1.942
2025-10-13,9,BRpos,3.902
2025-10-13,9,BRneg,1.944
2025-10-13,10,BRpos,1.978
2025-10-13,10,BRneg,2.091
2025-10-13,11,BRpos,1.647
2025-10-13,11,BRneg,0.492
2025-10-13,12,BRpos,2.078
2025-10-13,12,BRneg,1.281
2025-10-13,13,BRpos,2.053
2025-10-13,13,BRneg,1.227
2025-10-13,14,BRpos,2.468
2025-10-13,14,BRneg,1.807
2025-10-13,15,BRpos,2.79
2025-10-13,15,BRneg,1.77
2025-10-13,16,BRpos,4.349
2025-10-13,16,BRneg,1.717
2025-10-13,17,BRpos,1.357
2025-10-13,17,BRneg,1.398
2025-10-13,18,BRpos,4.317
2025-10-13,18,BRneg,1.104
2025-10-13,19,BRpos,2.651
2025-10-13,19,BRneg,1.202
2025-10-13,20,BRpos,3.599
2025-10-13,20,BRneg,1.068
2025-10-13,21,BRpos,2.835
2025-10-13,21,BRneg,0.904
2025-10-13,22,BRpos,4.248
2025-10-13,22,BRneg,2.138
2025-10-13,23,BRpos,1.737
2025-10-13,23,BRneg,1.348
2025-10-13,24,BRpos,3.12
2025-10-13,24,BRneg,1.653
2025-10-13,25,BRpos,2.348
2025-10-13,25,BRneg,0.71
2025-10-13,26,BRpos,2.427
2025-10-13,26,BRneg,0.557
2025-10-13,27,BRpos,2.443
2025-10-13,27,BRneg,1.528
2025-10-13,28,BRpos,4.592
2025-10-13,28,BRneg,0.845
2025-10-13,29,BRpos,5.122
2025-10-13,29,BRneg,0.906
2025-10-13,30,BRpos,3.494
2025-10-13,30,BRneg,0.875
2025-10-13,31,BRpos,2.036
2025-10-13,31,BRneg,1.555
2025-10-13,32,BRpos,1.746
2025-10-13,32,BRneg,1.392
2025-10-13,33,BRpos,3.824
2025-10-13,33,BRneg,0.728
2025-10-13,34,BRpos,8.784
2025-10-13,34,BRneg,0.91
2025-10-13,35,BRpos,6.224
2025-10-13,35,BRneg,1.488
2025-10-13,36,BRpos,3.669
2025-10-13,36,BRneg,2.73
2025-10-13,37,BRpos,6.62
2025-10-13,37,BRneg,6.141
2025-10-13,38,BRpos,4.531
2025-10-13,38,BRneg,3.35
2025-10-13,39,BRpos,4.223
2025-10-13,39,BRneg,1.853
2025-10-13,40,BRpos,1.844
2025-10-13,40,BRneg,1.304
2025-10-13,41,BRpos,3.422
2025-10-13,41,BRneg,2.033
2025-10-13,42,BRpos,2.78
2025-10-13,42,BRneg,0.845
2025-10-13,43,BRpos,2.614
2025-10-13,43,BRneg,1.293
2025-10-13,44,BRpos,1.721
2025-10-13,44,BRneg,1.176
2025-10-13,45,BRpos,2.973
2025-10-13,45,BRneg,0.916
2025-10-13,46,BRpos,3.744
2025-10-13,46,BRneg,1.006
2025-10-13,47,BRpos,2.836
2025-10-13,47,BRneg,2.571
2025-10-13,48,BRpos,1.856
2025-10-13,48,BRneg,1.515
2025-10-14,1,BRpos,6.514
2025-10-14,1,BRneg,0.836
2025-10-14,2,BRpos,4.1
2025-10-14,2,BRneg,0.796
2025-10-14,3,BRpos,3.796
2025-10-14,3,BRneg,1.294
2025-10-14,4,BRpos,2.48
2025-10-14,4,BRneg,1.246
2025-10-14,5,BRpos,4.852
2025-10-14,5,BRneg,0.991
2025-10-14,6,BRpos,3.231
2025-10-14,6,BRneg,2.097
2025-10-14,7,BRpos,6.107
2025-10-14,7,BRneg,1.497
2025-10-14,8,BRpos,2.612
2025-10-14,8,BRneg,2.145
2025-10-14,9,BRpos,1.189
2025-10-14,9,BRneg,1.217
2025-10-14,10,BRpos,3.448
2025-10-14,10,BRneg,1.118
2025-10-14,11,BRpos,3.488
2025-10-14,11,BRneg,1.835
2025-10-14,12,BRpos,3.062
2025-10-14,12,BRneg,0.731
2025-10-14,13,BRpos,1.41
2025-10-14,13,BRneg,1.415
2025-10-14,14,BRpos,3.572
2025-10-14,14,BRneg,1.199
2025-10-14,15,BRpos,1.017
2025-10-14,15,BRneg,3.067
2025-10-14,16,BRpos,2.397
2025-10-14,16,BRneg,1.632
2025-10-14,17,BRpos,3.283
2025-10-14,17,BRneg,1.666
2025-10-14,18,BRpos,2.458
2025-10-14,18,BRneg,1.301
2025-10-14,19,BRpos,5.794
2025-10-14,19,BRneg,1.385
2025-10-14,20,BRpos,1.383
2025-10-14,20,BRneg,0.874
2025-10-14,21,BRpos,2.34
2025-10-14,21,BRneg,1.254
2025-10-14,22,BRpos,7.151
2025-10-14,22,BRneg,1.359
2025-10-14,23,BRpos,1.691
2025-10-14,23,BRneg,1.934
2025-10-14,24,BRpos,6.278
2025-10-14,24,BRneg,1.408
2025-10-14,25,BRpos,2.959
2025-10-14,25,BRneg,1.457
2025-10-14,26,BRpos,1.386
2025-10-14,26,BRneg,2.566
2025-10-14,27,BRpos,1.918
2025-10-14,27,BRneg,1.031
2025-10-14,28,BRpos,3.27
2025-10-14,28,BRneg,2.108
2025-10-14,29,BRpos,2.123
2025-10-14,29,BRneg,1.824
2025-10-14,30,BRpos,2.498
2025-10-14,30,BRneg,1.058
2025-10-14,31,BRpos,4.7
2025-10-14,31,BRneg,0.757
2025-10-14,32,BRpos,2.191
2025-10-14,32,BRneg,1.567
2025-10-14,33,BRpos,3.564
2025-10-14,33,BRneg,1.147
2025-10-14,34,BRpos,6.288
2025-10-14,34,BRneg,3.594
2025-10-14,35,BRpos,9.21
2025-10-14,35,BRneg,2.456
2025-10-14,36,BRpos,2.049
2025-10-14,36,BRneg,1.866
2025-10-14,37,BRpos,4.505
2025-10-14,37,BRneg,4.234
2025-10-14,38,BRpos,5.865
2025-10-14,38,BRneg,2.167
2025-10-14,39,BRpos,6.467
2025-10-14,39,BRneg,1.4
2025-10-14,40,BRpos,2.877
2025-10-14,40,BRneg,0.723
2025-10-14,41,BRpos,2.821
2025-10-14,41,BRneg,0.838
2025-10-14,42,BRpos,3.996
2025-10-14,42,BRneg,2.369
2025-10-14,43,BRpos,1.979
2025-10-14,43,BRneg,1.397
2025-10-14,44,BRpos,2.539
2025-10-14,44,BRneg,1.676
2025-10-14,45,BRpos,3.659
2025-10-14,45,BRneg,1.288
2025-10-14,46,BRpos,3.314
2025-10-14,46,BRneg,2.387
2025-10-14,47,BRpos,1.861
2025-10-14,47,BRneg,1.504
2025-10-14,48,BRpos,5.309
2025-10-14,48,BRneg,1.016
2025-10-15,1,BRpos,5.236
2025-10-15,1,BRneg,1.805
2025-10-15,2,BRpos,3.993
2025-10-15,2,BRneg,2.864
2025-10-15,3,BRpos,2.179
2025-10-15,3,BRneg,0.99
2025-10-15,4,BRpos,3.919
2025-10-15,4,BRneg,1.241
2025-10-15,5,BRpos,3.645
2025-10-15,5,BRneg,1.319
2025-10-15,6,BRpos,5.228
2025-10-15,6,BRneg,2.144
2025-10-15,7,BRpos,1.569
2025-10-15,7,BRneg,1.044
2025-10-15,8,BRpos,3.599
2025-10-15,8,BRneg,1.336
2025-10-15,9,BRpos,3.405
2025-10-15,9,BRneg,1.356
2025-10-15,10,BRpos,2.109
2025-10-15,10,BRneg,1.103
2025-10-15,11,BRpos,11.404
2025-10-15,11,BRneg,0.838
2025-10-15,12,BRpos,3.406
2025-10-15,12,BRneg,1.915
2025-10-15,13,BRpos,2.374
2025-10-15,13,BRneg,2.703
2025-10-15,14,BRpos,2.132
2025-10-15,14,BRneg,3.786
2025-10-15,15,BRpos,1.949
2025-10-15,15,BRneg,1.598
2025-10-15,16,BRpos,4.964
2025-10-15,16,BRneg,2.11
2025-10-15,17,BRpos,2.525
2025-10-15,17,BRneg,0.898
2025-10-15,18,BRpos,3.259
2025-10-15,18,BRneg,1.562
2025-10-15,19,BRpos,5.093
2025-10-15,19,BRneg,0.622
2025-10-15,20,BRpos,2.033
2025-10-15,20,BRneg,1.232
2025-10-15,21,BRpos,2.918
2025-10-15,21,BRneg,0.813
2025-10-15,22,BRpos,3.176
2025-10-15,22,BRneg,1.101
2025-10-15,23,BRpos,3.571
2025-10-15,23,BRneg,1.916
2025-10-15,24,BRpos,5.355
2025-10-15,24,BRneg,1.621
2025-10-15,25,BRpos,0.974
2025-10-15,25,BRneg,1.754
2025-10-15,26,BRpos,3.165
2025-10-15,26,BRneg,1.119
2025-10-15,27,BRpos,4.178
2025-10-15,27,BRneg,1.672
2025-10-15,28,BRpos,2.119
2025-10-15,28,BRneg,1.396
2025-10-15,29,BRpos,1.721
2025-10-15,29,BRneg,2.69
2025-10-15,30,BRpos,1.951
2025-10-15,30,BRneg,1.09
2025-10-15,31,BRpos,2.098
2025-10-15,31,BRneg,1.064
2025-10-15,32,BRpos,2.964
2025-10-15,32,BRneg,1.125
2025-10-15,33,BRpos,3.225
2025-10-15,33,BRneg,1.374
2025-10-15,34,BRpos,2.759
2025-10-15,34,BRneg,1.189
2025-10-15,35,BRpos,6.421
2025-10-15,35,BRneg,1.251
2025-10-15,36,BRpos,2.544
2025-10-15,36,BRneg,3.957
2025-10-15,37,BRpos,9.003
2025-10-15,37,BRneg,2.649
2025-10-15,38,BRpos,1.872
2025-10-15,38,BRneg,1.138
2025-10-15,39,BRpos,8.636
2025-10-15,39,BRneg,2.48
2025-10-15,40,BRpos,1.933
2025-10-15,40,BRneg,0.997
2025-10-15,41,BRpos,3.703
2025-10-15,41,BRneg,2.287
2025-10-15,42,BRpos,1.496
2025-10-15,42,BRneg,1.721
2025-10-15,43,BRpos,2.127
2025-10-15,43,BRneg,2.703
2025-10-15,44,BRpos,3.236
2025-10-15,44,BRneg,0.639
2025-10-15,45,BRpos,2.127
2025-10-15,45,BRneg,1.146
2025-10-15,46,BRpos,1.402
2025-10-15,46,BRneg,2.026
2025-10-15,47,BRpos,2.305
2025-10-15,47,BRneg,2.059
2025-10-15,48,BRpos,3.279
2025-10-15,48,BRneg,0.851
2025-10-16,1,BRpos,4.304
2025-10-16,1,BRneg,0.78
2025-10-16,2,BRpos,6.931
2025-10-16,2,BRneg,1.193
2025-10-16,3,BRpos,5.894
2025-10-16,3,BRneg,1.915
2025-10-16,4,BRpos,2.538
2025-10-16,4,BRneg,2.547
2025-10-16,5,BRpos,1.317
2025-10-16,5,BRneg,0.646
2025-10-16,6,BRpos,5.786
2025-10-16,6,BRneg,1.16
2025-10-16,7,BRpos,2.137
2025-10-16,7,BRneg,1.704
2025-10-16,8,BRpos,3.413
2025-10-16,8,BRneg,1.57
2025-10-16,9,BRpos,2.707
2025-10-16,9,BRneg,2.683
2025-10-16,10,BRpos,3.898
2025-10-16,10,BRneg,1.037
2025-10-16,11,BRpos,2.943
2025-10-16,11,BRneg,1.343
2025-10-16,12,BRpos,6.259
2025-10-16,12,BRneg,0.606
2025-10-16,13,BRpos,2.753
2025-10-16,13,BRneg,0.916
2025-10-16,14,BRpos,1.445
2025-10-16,14,BRneg,1.533
2025-10-16,15,BRpos,4.148
2025-10-16,15,BRneg,0.714
2025-10-16,16,BRpos,2.887
2025-10-16,16,BRneg,0.644
2025-10-16,17,BRpos,6.575
2025-10-16,17,BRneg,1.701
2025-10-16,18,BRpos,1.378
2025-10-16,18,BRneg,2.363
2025-10-16,19,BRpos,4.649
2025-10-16,19,BRneg,2.105
2025-10-16,20,BRpos,1.778
2025-10-16,20,BRneg,0.523
2025-10-16,21,BRpos,2.679
2025-10-16,21,BRneg,1.311
2025-10-16,22,BRpos,5.577
2025-10-16,22,BRneg,0.91
2025-10-16,23,BRpos,2.109
2025-10-16,23,BRneg,1.099
2025-10-16,24,BRpos,1.813
2025-10-16,24,BRneg,1.029
2025-10-16,25,BRpos,2.345
2025-10-16,25,BRneg,1.165
2025-10-16,26,BRpos,5.974
2025-10-16,26,BRneg,1.812
2025-10-16,27,BRpos,2.595
2025-10-16,27,BRneg,2.048
2025-10-16,28,BRpos,1.918
2025-10-16,28,BRneg,1.071
2025-10-16,29,BRpos,3.024
2025-10-16,29,BRneg,0.692
2025-10-16,30,BRpos,2.51
2025-10-16,30,BRneg,0.868
2025-10-16,31,BRpos,3.319
2025-10-16,31,BRneg,0.938
2025-10-16,32,BRpos,1.385
2025-10-16,32,BRneg,0.694
2025-10-16,33,BRpos,4.702
2025-10-16,33,BRneg,1.544
2025-10-16,34,BRpos,4.147
2025-10-16,34,BRneg,4.607
2025-10-16,35,BRpos,5.154
2025-10-16,35,BRneg,1.608
2025-10-16,36,BRpos,5.466
2025-10-16,36,BRneg,1.551
2025-10-16,37,BRpos,3.925
2025-10-16,37,BRneg,0.804
2025-10-16,38,BRpos,7.902
2025-10-16,38,BRneg,1.424
2025-10-16,39,BRpos,2.525
2025-10-16,39,BRneg,1.571
2025-10-16,40,BRpos,2.346
2025-10-16,40,BRneg,0.953
2025-10-16,41,BRpos,3.659
2025-10-16,41,BRneg,1.854
2025-10-16,42,BRpos,1.611
2025-10-16,42,BRneg,1.783
2025-10-16,43,BRpos,3.229
2025-10-16,43,BRneg,1.055
2025-10-16,44,BRpos,1.16
2025-10-16,44,BRneg,2.067
2025-10-16,45,BRpos,2.655
2025-10-16,45,BRneg,1.335
2025-10-16,46,BRpos,2.068
2025-10-16,46,BRneg,1.277
2025-10-16,47,BRpos,1.857
2025-10-16,47,BRneg,1.421
2025-10-16,48,BRpos,4.418
2025-10-16,48,BRneg,3.631
2025-10-17,1,BRpos,3.215
2025-10-17,1,BRneg,1.668
2025-10-17,2,BRpos,3.561
2025-10-17,2,BRneg,0.808
2025-10-17,3,BRpos,3.564
2025-10-17,3,BRneg,2.354
2025-10-17,4,BRpos,3.718
2025-10-17,4,BRneg,1.523
2025-10-17,5,BRpos,2.347
2025-10-17,5,BRneg,1.376
2025-10-17,6,BRpos,4.433
2025-10-17,6,BRneg,1.111
2025-10-17,7,BRpos,4.888
2025-10-17,7,BRneg,1.487
2025-10-17,8,BRpos,2.268
2025-10-17,8,BRneg,1.489
2025-10-17,9,BRpos,2.602
2025-10-17,9,BRneg,1.96
2025-10-17,10,BRpos,3.3
2025-10-17,10,BRneg,2.348
2025-10-17,11,BRpos,1.979
2025-10-17,11,BRneg,1.33
2025-10-17,12,BRpos,3.591
2025-10-17,12,BRneg,0.883
2025-10-17,13,BRpos,4.37
2025-10-17,13,BRneg,0.802
2025-10-17,14,BRpos,1.447
2025-10-17,14,BRneg,0.945
2025-10-17,15,BRpos,1.832
2025-10-17,15,BRneg,0.75
2025-10-17,16,BRpos,2.977
2025-10-17,16,BRneg,1.148
2025-10-17,17,BRpos,6.296
2025-10-17,17,BRneg,2.761
2025-10-17,18,BRpos,2.666
2025-10-17,18,BRneg,1.027
2025-10-17,19,BRpos,2.366
2025-10-17,19,BRneg,1.632
2025-10-17,20,BRpos,2.049
2025-10-17,20,BRneg,0.91
2025-10-17,21,BRpos,3.344
2025-10-17,21,BRneg,4.66
2025-10-17,22,BRpos,2.672
2025-10-17,22,BRneg,0.894
2025-10-17,23,BRpos,3.156
2025-10-17,23,BRneg,1.366
2025-10-17,24,BRpos,2.605
2025-10-17,24,BRneg,0.875
2025-10-17,25,BRpos,1.959
2025-10-17,25,BRneg,1.023
2025-10-17,26,BRpos,2.604
2025-10-17,26,BRneg,0.739
2025-10-17,27,BRpos,3.66
2025-10-17,27,BRneg,1.031
2025-10-17,28,BRpos,3.34
2025-10-17,28,BRneg,1.629
2025-10-17,29,BRpos,4.142
2025-10-17,29,BRneg,0.583
2025-10-17,30,BRpos,5.112
2025-10-17,30,BRneg,1.103
2025-10-17,31,BRpos,3.697
2025-10-17,31,BRneg,1.603
2025-10-17,32,BRpos,2.398
2025-10-17,32,BRneg,0.658
2025-10-17,33,BRpos,3.722
2025-10-17,33,BRneg,1.971
2025-10-17,34,BRpos,10.853
2025-10-17,34,BRneg,2.273
2025-10-17,35,BRpos,4.966
2025-10-17,35,BRneg,1.652
2025-10-17,36,BRpos,4.341
2025-10-17,36,BRneg,1.591
2025-10-17,37,BRpos,8.211
2025-10-17,37,BRneg,2.39
2025-10-17,38,BRpos,8.116
2025-10-17,38,BRneg,1.147
2025-10-17,39,BRpos,4.499
2025-10-17,39,BRneg,1.586
2025-10-17,40,BRpos,3.331
2025-10-17,40,BRneg,2.498
2025-10-17,41,BRpos,1.978
2025-10-17,41,BRneg,1.308
2025-10-17,42,BRpos,3.457
2025-10-17,42,BRneg,2.469
2025-10-17,43,BRpos,1.519
2025-10-17,43,BRneg,1.522
2025-10-17,44,BRpos,2.759
2025-10-17,44,BRneg,1.206
2025-10-17,45,BRpos,4.955
2025-10-17,45,BRneg,1.567
2025-10-17,46,BRpos,3.389
2025-10-17,46,BRneg,0.838
2025-10-17,47,BRpos,1.982
2025-10-17,47,BRneg,2.617
2025-10-17,48,BRpos,4.502
2025-10-17,48,BRneg,1.326
2025-10-18,1,BRpos,2.81
2025-10-18,1,BRneg,2.156
2025-10-18,2,BRpos,2.906
2025-10-18,2,BRneg,0.863
2025-10-18,3,BRpos,3.19
2025-10-18,3,BRneg,1.279
2025-10-18,4,BRpos,1.52
2025-10-18,4,BRneg,0.982
2025-10-18,5,BRpos,4.382
2025-10-18,5,BRneg,0.547
2025-10-18,6,BRpos,2.961
2025-10-18,6,BRneg,1.741
2025-10-18,7,BRpos,2.029
2025-10-18,7,BRneg,0.393
2025-10-18,8,BRpos,1.863
2025-10-18,8,BRneg,0.847
2025-10-18,9,BRpos,3.622
2025-10-18,9,BRneg,0.36
2025-10-18,10,BRpos,1.418
2025-10-18,10,BRneg,2.16
2025-10-18,11,BRpos,1.979
2025-10-18,11,BRneg,2.319
2025-10-18,12,BRpos,2.6
2025-10-18,12,BRneg,2.574
2025-10-18,13,BRpos,3.056
2025-10-18,13,BRneg,1.011
2025-10-18,14,BRpos,2.775
2025-10-18,14,BRneg,1.427
2025-10-18,15,BRpos,3.661
2025-10-18,15,BRneg,1.954
2025-10-18,16,BRpos,3.861
2025-10-18,16,BRneg,0.989
2025-10-18,17,BRpos,3.268
2025-10-18,17,BRneg,1.196
2025-10-18,18,BRpos,2.035
2025-10-18,18,BRneg,2.419
2025-10-18,19,BRpos,1.875
2025-10-18,19,BRneg,1.22
2025-10-18,20,BRpos,4.642
2025-10-18,20,BRneg,1.052
2025-10-18,21,BRpos,3.118
2025-10-18,21,BRneg,0.783
2025-10-18,22,BRpos,2.302
2025-10-18,22,BRneg,1.109
2025-10-18,23,BRpos,1.57
2025-10-18,23,BRneg,1.352
2025-10-18,24,BRpos,2.614
2025-10-18,24,BRneg,2.487
2025-10-18,25,BRpos,2.756
2025-10-18,25,BRneg,1.342
2025-10-18,26,BRpos,2.246
2025-10-18,26,BRneg,1.116
2025-10-18,27,BRpos,2.865
2025-10-18,27,BRneg,1.109
2025-10-18,28,BRpos,4.264
2025-10-18,28,BRneg,0.988
2025-10-18,29,BRpos,7.452
2025-10-18,29,BRneg,1.66
2025-10-18,30,BRpos,3.023
2025-10-18,30,BRneg,1.287
2025-10-18,31,BRpos,1.973
2025-10-18,31,BRneg,2.017
2025-10-18,32,BRpos,3.898
2025-10-18,32,BRneg,0.46
2025-10-18,33,BRpos,5.994
2025-10-18,33,BRneg,1.095
2025-10-18,34,BRpos,9.409
2025-10-18,34,BRneg,1.464
2025-10-18,35,BRpos,2.539
2025-10-18,35,BRneg,1.296
2025-10-18,36,BRpos,3.97
2025-10-18,36,BRneg,1.597
2025-10-18,37,BRpos,8.653
2025-10-18,37,BRneg,2.151
2025-10-18,38,BRpos,6.39
2025-10-18,38,BRneg,1.252
2025-10-18,39,BRpos,3.162
2025-10-18,39,BRneg,2.75
2025-10-18,40,BRpos,4.324
2025-10-18,40,BRneg,1.418
2025-10-18,41,BRpos,1.914
2025-10-18,41,BRneg,1.219
2025-10-18,42,BRpos,2.427
2025-10-18,42,BRneg,1.147
2025-10-18,43,BRpos,2.818
2025-10-18,43,BRneg,1.547
2025-10-18,44,BRpos,3.941
2025-10-18,44,BRneg,0.923
2025-10-18,45,BRpos,7.644
2025-10-18,45,BRneg,0.393
2025-10-18,46,BRpos,2.101
2025-10-18,46,BRneg,1.553
2025-10-18,47,BRpos,1.328
2025-10-18,47,BRneg,1.305
2025-10-18,48,BRpos,3.19
2025-10-18,48,BRneg,0.847
2025-10-19,1,BRpos,1.135
2025-10-19,1,BRneg,0.466
2025-10-19,2,BRpos,1.569
2025-10-19,2,BRneg,1.658
2025-10-19,3,BRpos,2.144
2025-10-19,3,BRneg,1.17
2025-10-19,4,BRpos,2.516
2025-10-19,4,BRneg,1.376
2025-10-19,5,BRpos,1.437
2025-10-19,5,BRneg,3.351
2025-10-19,6,BRpos,3.315
2025-10-19,6,BRneg,2.524
2025-10-19,7,BRpos,4.423
2025-10-19,7,BRneg,1.285
2025-10-19,8,BRpos,1.52
2025-10-19,8,BRneg,1.088
2025-10-19,9,BRpos,3.528
2025-10-19,9,BRneg,1.737
2025-10-19,10,BRpos,5.796
2025-10-19,10,BRneg,1.962
2025-10-19,11,BRpos,3.615
2025-10-19,11,BRneg,1.565
2025-10-19,12,BRpos,3.779
2025-10-19,12,BRneg,1.326
2025-10-19,13,BRpos,3.296
2025-10-19,13,BRneg,1.202
2025-10-19,14,BRpos,3.875
2025-10-19,14,BRneg,1.417
2025-10-19,15,BRpos,2.388
2025-10-19,15,BRneg,1.354
2025-10-19,16,BRpos,3.452
2025-10-19,16,BRneg,2.037
2025-10-19,17,BRpos,1.956
2025-10-19,17,BRneg,2.946
2025-10-19,18,BRpos,2.352
2025-10-19,18,BRneg,1.689
2025-10-19,19,BRpos,4.947
2025-10-19,19,BRneg,1.004
2025-10-19,20,BRpos,7.072
2025-10-19,20,BRneg,1.582
2025-10-19,21,BRpos,3.079
2025-10-19,21,BRneg,1.09
2025-10-19,22,BRpos,4.237
2025-10-19,22,BRneg,1.075
2025-10-19,23,BRpos,6.431
2025-10-19,23,BRneg,1.824
2025-10-19,24,BRpos,5.372
2025-10-19,24,BRneg,1.541
2025-10-19,25,BRpos,3.162
2025-10-19,25,BRneg,1.247
2025-10-19,26,BRpos,2.235
2025-10-19,26,BRneg,1.214
2025-10-19,27,BRpos,1.809
2025-10-19,27,BRneg,1.199
2025-10-19,28,BRpos,1.12
2025-10-19,28,BRneg,1.95
2025-10-19,29,BRpos,1.73
2025-10-19,29,BRneg,0.65
2025-10-19,30,BRpos,2.891
2025-10-19,30,BRneg,1.384
2025-10-19,31,BRpos,2.061
2025-10-19,31,BRneg,1.03
2025-10-19,32,BRpos,3.671
2025-10-19,32,BRneg,1.501
2025-10-19,33,BRpos,0.917
2025-10-19,33,BRneg,0.956
2025-10-19,34,BRpos,3.952
2025-10-19,34,BRneg,1.717
2025-10-19,35,BRpos,8.214
2025-10-19,35,BRneg,1.45
2025-10-19,36,BRpos,5.153
2025-10-19,36,BRneg,2.123
2025-10-19,37,BRpos,8.34
2025-10-19,37,BRneg,2.558
2025-10-19,38,BRpos,4.589
2025-10-19,38,BRneg,1.798
2025-10-19,39,BRpos,2.464
2025-10-19,39,BRneg,3.389
2025-10-19,40,BRpos,4.02
2025-10-19,40,BRneg,0.577
2025-10-19,41,BRpos,3.254
2025-10-19,41,BRneg,0.749
2025-10-19,42,BRpos,2.433
2025-10-19,42,BRneg,1.397
2025-10-19,43,BRpos,2.033
2025-10-19,43,BRneg,1.354
2025-10-19,44,BRpos,1.134
2025-10-19,44,BRneg,0.83
2025-10-19,45,BRpos,1.441
2025-10-19,45,BRneg,1.11
2025-10-19,46,BRpos,3.851
2025-10-19,46,BRneg,0.589
2025-10-19,47,BRpos,2.85
2025-10-19,47,BRneg,1.535
2025-10-19,48,BRpos,2.445
2025-10-19,48,BRneg,1.571
2025-10-20,1,BRpos,1.845
2025-10-20,1,BRneg,1.615
2025-10-20,2,BRpos,1.746
2025-10-20,2,BRneg,0.813
2025-10-20,3,BRpos,3.527
2025-10-20,3,BRneg,2.127
2025-10-20,4,BRpos,2.202
2025-10-20,4,BRneg,1.423
2025-10-20,5,BRpos,1.933
2025-10-20,5,BRneg,1.715
2025-10-20,6,BRpos,4.212
2025-10-20,6,BRneg,0.672
2025-10-20,7,BRpos,5.756
2025-10-20,7,BRneg,2.417
2025-10-20,8,BRpos,4.224
2025-10-20,8,BRneg,1.724
2025-10-20,9,BRpos,0.938
2025-10-20,9,BRneg,1.06
2025-10-20,10,BRpos,4.872
2025-10-20,10,BRneg,0.908
2025-10-20,11,BRpos,3.316
2025-10-20,11,BRneg,0.919
2025-10-20,12,BRpos,1.65
2025-10-20,12,BRneg,1.872
2025-10-20,13,BRpos,2.783
2025-10-20,13,BRneg,1.706
2025-10-20,14,BRpos,7.154
2025-10-20,14,BRneg,0.804
2025-10-20,15,BRpos,2.271
2025-10-20,15,BRneg,1.937
2025-10-20,16,BRpos,3.653
2025-10-20,16,BRneg,1.281
2025-10-20,17,BRpos,3.948
2025-10-20,17,BRneg,1.112
2025-10-20,18,BRpos,1.481
2025-10-20,18,BRneg,0.73
2025-10-20,19,BRpos,2.091
2025-10-20,19,BRneg,0.916
2025-10-20,20,BRpos,1.952
2025-10-20,20,BRneg,0.556
2025-10-20,21,BRpos,3.922
2025-10-20,21,BRneg,1.36
2025-10-20,22,BRpos,1.695
2025-10-20,22,BRneg,1.191
2025-10-20,23,BRpos,2.981
2025-10-20,23,BRneg,0.93
2025-10-20,24,BRpos,1.632
2025-10-20,24,BRneg,1.219
2025-10-20,25,BRpos,2.087
2025-10-20,25,BRneg,0.747
2025-10-20,26,BRpos,4.666
2025-10-20,26,BRneg,1.034
2025-10-20,27,BRpos,4.648
2025-10-20,27,BRneg,1.969
2025-10-20,28,BRpos,3.202
2025-10-20,28,BRneg,1.393
2025-10-20,29,BRpos,4.167
2025-10-20,29,BRneg,1.902
2025-10-20,30,BRpos,6.065
2025-10-20,30,BRneg,1.225
2025-10-20,31,BRpos,2.263
2025-10-20,31,BRneg,1.829
2025-10-20,32,BRpos,3.727
2025-10-20,32,BRneg,1.002
2025-10-20,33,BRpos,1.435
2025-10-20,33,BRneg,1.466
2025-10-20,34,BRpos,12.514
2025-10-20,34,BRneg,1.286
2025-10-20,35,BRpos,2.871
2025-10-20,35,BRneg,2.051
2025-10-20,36,BRpos,4.772
2025-10-20,36,BRneg,2.407
2025-10-20,37,BRpos,2.901
2025-10-20,37,BRneg,3.779
2025-10-20,38,BRpos,5.175
2025-10-20,38,BRneg,2.738
2025-10-20,39,BRpos,5.506
2025-10-20,39,BRneg,1.578
2025-10-20,40,BRpos,3.221
2025-10-20,40,BRneg,1.386
2025-10-20,41,BRpos,1.739
2025-10-20,41,BRneg,0.995
2025-10-20,42,BRpos,3.002
2025-10-20,42,BRneg,0.743
2025-10-20,43,BRpos,2.295
2025-10-20,43,BRneg,3.015
2025-10-20,44,BRpos,3.022
2025-10-20,44,BRneg,1.055
2025-10-20,45,BRpos,6.919
2025-10-20,45,BRneg,0.966
2025-10-20,46,BRpos,2.369
2025-10-20,46,BRneg,0.816
2025-10-20,47,BRpos,2.059
2025-10-20,47,BRneg,0.615
2025-10-20,48,BRpos,4.237
2025-10-20,48,BRneg,0.957
2025-10-21,1,BRpos,4.908
2025-10-21,1,BRneg,1.213
2025-10-21,2,BRpos,2.223
2025-10-21,2,BRneg,2.943
2025-10-21,3,BRpos,2.642
2025-10-21,3,BRneg,1.198
2025-10-21,4,BRpos,4.154
2025-10-21,4,BRneg,0.688
2025-10-21,5,BRpos,4.573
2025-10-21,5,BRneg,0.863
2025-10-21,6,BRpos,3.76
2025-10-21,6,BRneg,1.312
2025-10-21,7,BRpos,2.358
2025-10-21,7,BRneg,2.124
2025-10-21,8,BRpos,6.085
2025-10-21,8,BRneg,0.894
2025-10-21,9,BRpos,2.841
2025-10-21,9,BRneg,1.664
2025-10-21,10,BRpos,2.563
2025-10-21,10,BRneg,1.608
2025-10-21,11,BRpos,2.995
2025-10-21,11,BRneg,1.833
2025-10-21,12,BRpos,1.789
2025-10-21,12,BRneg,1.06
2025-10-21,13,BRpos,3.543
2025-10-21,13,BRneg,2.192
2025-10-21,14,BRpos,3.672
2025-10-21,14,BRneg,0.851
2025-10-21,15,BRpos,2.521
2025-10-21,15,BRneg,1.572
2025-10-21,16,BRpos,3.064
2025-10-21,16,BRneg,0.814
2025-10-21,17,BRpos,2.541
2025-10-21,17,BRneg,1.83
2025-10-21,18,BRpos,3.72
2025-10-21,18,BRneg,1.806
2025-10-21,19,BRpos,3.414
2025-10-21,19,BRneg,1.839
2025-10-21,20,BRpos,5.09
2025-10-21,20,BRneg,1.857
2025-10-21,21,BRpos,2.243
2025-10-21,21,BRneg,1.451
2025-10-21,22,BRpos,4.215
2025-10-21,22,BRneg,1.089
2025-10-21,23,BRpos,1.264
2025-10-21,23,BRneg,0.728
2025-10-21,24,BRpos,3.336
2025-10-21,24,BRneg,1.021
2025-10-21,25,BRpos,1.662
2025-10-21,25,BRneg,1.726
2025-10-21,26,BRpos,3.307
2025-10-21,26,BRneg,0.825
2025-10-21,27,BRpos,2.542
2025-10-21,27,BRneg,1.246
2025-10-21,28,BRpos,2.46
2025-10-21,28,BRneg,0.746
2025-10-21,29,BRpos,6.863
2025-10-21,29,BRneg,1.305
2025-10-21,30,BRpos,9.748
2025-10-21,30,BRneg,0.962
2025-10-21,31,BRpos,2.665
2025-10-21,31,BRneg,0.587
2025-10-21,32,BRpos,2.601
2025-10-21,32,BRneg,0.687
2025-10-21,33,BRpos,6.241
2025-10-21,33,BRneg,1.159
2025-10-21,34,BRpos,7.876
2025-10-21,34,BRneg,1.0
2025-10-21,35,BRpos,2.165
2025-10-21,35,BRneg,3.232
2025-10-21,36,BRpos,5.967
2025-10-21,36,BRneg,2.528
2025-10-21,37,BRpos,4.47
2025-10-21,37,BRneg,1.856
2025-10-21,38,BRpos,4.516
2025-10-21,38,BRneg,2.316
2025-10-21,39,BRpos,7.028
2025-10-21,39,BRneg,2.051
2025-10-21,40,BRpos,2.693
2025-10-21,40,BRneg,2.596
2025-10-21,41,BRpos,1.732
2025-10-21,41,BRneg,0.581
2025-10-21,42,BRpos,2.406
2025-10-21,42,BRneg,1.222
2025-10-21,43,BRpos,3.123
2025-10-21,43,BRneg,1.461
2025-10-21,44,BRpos,4.78
2025-10-21,44,BRneg,0.997
2025-10-21,45,BRpos,2.013
2025-10-21,45,BRneg,1.912
2025-10-21,46,BRpos,2.69
2025-10-21,46,BRneg,1.499
2025-10-21,47,BRpos,1.636
2025-10-21,47,BRneg,0.957
2025-10-21,48,BRpos,4.247
2025-10-21,48,BRneg,2.297
2025-10-22,1,BRpos,4.628
2025-10-22,1,BRneg,1.266
2025-10-22,2,BRpos,2.261
2025-10-22,2,BRneg,2.318
2025-10-22,3,BRpos,2.714
2025-10-22,3,BRneg,1.415
2025-10-22,4,BRpos,2.315
2025-10-22,4,BRneg,1.596
2025-10-22,5,BRpos,4.102
2025-10-22,5,BRneg,3.571
2025-10-22,6,BRpos,2.917
2025-10-22,6,BRneg,0.764
2025-10-22,7,BRpos,2.488
2025-10-22,7,BRneg,1.08
2025-10-22,8,BRpos,2.266
2025-10-22,8,BRneg,1.216
2025-10-22,9,BRpos,2.158
2025-10-22,9,BRneg,1.588
2025-10-22,10,BRpos,7.042
2025-10-22,10,BRneg,0.484
2025-10-22,11,BRpos,4.644
2025-10-22,11,BRneg,1.565
2025-10-22,12,BRpos,1.577
2025-10-22,12,BRneg,0.834
2025-10-22,13,BRpos,1.65
2025-10-22,13,BRneg,0.904
2025-10-22,14,BRpos,2.376
2025-10-22,14,BRneg,1.202
2025-10-22,15,BRpos,2.157
2025-10-22,15,BRneg,1.648
2025-10-22,16,BRpos,2.707
2025-10-22,16,BRneg,2.374
2025-10-22,17,BRpos,1.851
2025-10-22,17,BRneg,1.354
2025-10-22,18,BRpos,2.461
2025-10-22,18,BRneg,0.875
2025-10-22,19,BRpos,5.94
2025-10-22,19,BRneg,1.614
2025-10-22,20,BRpos,1.601
2025-10-22,20,BRneg,2.459
2025-10-22,21,BRpos,3.933
2025-10-22,21,BRneg,1.674
2025-10-22,22,BRpos,2.419
2025-10-22,22,BRneg,1.121
2025-10-22,23,BRpos,1.857
2025-10-22,23,BRneg,0.907
2025-10-22,24,BRpos,4.68
2025-10-22,24,BRneg,5.743
2025-10-22,25,BRpos,2.959
2025-10-22,25,BRneg,1.419
2025-10-22,26,BRpos,2.864
2025-10-22,26,BRneg,1.168
2025-10-22,27,BRpos,2.115
2025-10-22,27,BRneg,1.805
2025-10-22,28,BRpos,4.65
2025-10-22,28,BRneg,2.032
2025-10-22,29,BRpos,4.589
2025-10-22,29,BRneg,1.129
2025-10-22,30,BRpos,2.377
2025-10-22,30,BRneg,1.142
2025-10-22,31,BRpos,8.981
2025-10-22,31,BRneg,2.531
2025-10-22,32,BRpos,3.248
2025-10-22,32,BRneg,0.559
2025-10-22,33,BRpos,1.453
2025-10-22,33,BRneg,2.317
2025-10-22,34,BRpos,3.775
2025-10-22,34,BRneg,2.318
2025-10-22,35,BRpos,6.064
2025-10-22,35,BRneg,1.069
2025-10-22,36,BRpos,2.959
2025-10-22,36,BRneg,4.774
2025-10-22,37,BRpos,6.404
2025-10-22,37,BRneg,2.637
2025-10-22,38,BRpos,9.823
2025-10-22,38,BRneg,1.57
2025-10-22,39,BRpos,3.857
2025-10-22,39,BRneg,1.566
2025-10-22,40,BRpos,1.464
2025-10-22,40,BRneg,1.512
2025-10-22,41,BRpos,3.123
2025-10-22,41,BRneg,0.346
2025-10-22,42,BRpos,2.889
2025-10-22,42,BRneg,0.847
2025-10-22,43,BRpos,1.744
2025-10-22,43,BRneg,0.768
2025-10-22,44,BRpos,2.414
2025-10-22,44,BRneg,0.83
2025-10-22,45,BRpos,2.48
2025-10-22,45,BRneg,1.408
2025-10-22,46,BRpos,1.822
2025-10-22,46,BRneg,0.545
2025-10-22,47,BRpos,1.998
2025-10-22,47,BRneg,1.245
2025-10-22,48,BRpos,4.453
2025-10-22,48,BRneg,1.786
2025-10-23,1,BRpos,2.028
2025-10-23,1,BRneg,1.169
2025-10-23,2,BRpos,1.626
2025-10-23,2,BRneg,2.096
2025-10-23,3,BRpos,2.034
2025-10-23,3,BRneg,1.898
2025-10-23,4,BRpos,2.076
2025-10-23,4,BRneg,0.959
2025-10-23,5,BRpos,2.241
2025-10-23,5,BRneg,0.834
2025-10-23,6,BRpos,4.097
2025-10-23,6,BRneg,0.967
2025-10-23,7,BRpos,3.287
2025-10-23,7,BRneg,2.784
2025-10-23,8,BRpos,2.621
2025-10-23,8,BRneg,0.839
2025-10-23,9,BRpos,1.894
2025-10-23,9,BRneg,0.94
2025-10-23,10,BRpos,2.006
2025-10-23,10,BRneg,0.896
2025-10-23,11,BRpos,3.744
2025-10-23,11,BRneg,1.735
2025-10-23,12,BRpos,6.68
2025-10-23,12,BRneg,1.693
2025-10-23,13,BRpos,3.866
2025-10-23,13,BRneg,1.49
2025-10-23,14,BRpos,6.117
2025-10-23,14,BRneg,1.562
2025-10-23,15,BRpos,4.453
2025-10-23,15,BRneg,1.535
2025-10-23,16,BRpos,7.498
2025-10-23,16,BRneg,1.556
2025-10-23,17,BRpos,1.698
2025-10-23,17,BRneg,1.091
2025-10-23,18,BRpos,2.989
2025-10-23,18,BRneg,0.535
2025-10-23,19,BRpos,1.261
2025-10-23,19,BRneg,2.163
2025-10-23,20,BRpos,2.95
2025-10-23,20,BRneg,1.484
2025-10-23,21,BRpos,9.695
2025-10-23,21,BRneg,1.008
2025-10-23,22,BRpos,2.417
2025-10-23,22,BRneg,2.11
2025-10-23,23,BRpos,2.063
2025-10-23,23,BRneg,2.374
2025-10-23,24,BRpos,1.856
2025-10-23,24,BRneg,0.86
2025-10-23,25,BRpos,2.947
2025-10-23,25,BRneg,1.913
2025-10-23,26,BRpos,3.388
2025-10-23,26,BRneg,1.767
2025-10-23,27,BRpos,2.002
2025-10-23,27,BRneg,0.762
2025-10-23,28,BRpos,5.214
2025-10-23,28,BRneg,1.927
2025-10-23,29,BRpos,6.41
2025-10-23,29,BRneg,1.684
2025-10-23,30,BRpos,1.415
2025-10-23,30,BRneg,1.113
2025-10-23,31,BRpos,2.048
2025-10-23,31,BRneg,1.7
2025-10-23,32,BRpos,1.968
2025-10-23,32,BRneg,1.276
2025-10-23,33,BRpos,1.791
2025-10-23,33,BRneg,1.091
2025-10-23,34,BRpos,6.097
2025-10-23,34,BRneg,1.36
2025-10-23,35,BRpos,3.071
2025-10-23,35,BRneg,1.545
2025-10-23,36,BRpos,2.403
2025-10-23,36,BRneg,1.326
2025-10-23,37,BRpos,11.52
2025-10-23,37,BRneg,3.252
2025-10-23,38,BRpos,4.306
2025-10-23,38,BRneg,2.407
2025-10-23,39,BRpos,7.106
2025-10-23,39,BRneg,2.91
2025-10-23,40,BRpos,2.061
2025-10-23,40,BRneg,1.863
2025-10-23,41,BRpos,1.538
2025-10-23,41,BRneg,3.541
2025-10-23,42,BRpos,3.913
2025-10-23,42,BRneg,2.029
2025-10-23,43,BRpos,1.863
2025-10-23,43,BRneg,2.088
2025-10-23,44,BRpos,7.57
2025-10-23,44,BRneg,1.506
2025-10-23,45,BRpos,3.585
2025-10-23,45,BRneg,0.688
2025-10-23,46,BRpos,2.56
2025-10-23,46,BRneg,1.261
2025-10-23,47,BRpos,1.728
2025-10-23,47,BRneg,1.382
2025-10-23,48,BRpos,2.778
2025-10-23,48,BRneg,1.566
2025-10-24,1,BRpos,4.088
2025-10-24,1,BRneg,1.391
2025-10-24,2,BRpos,2.556
2025-10-24,2,BRneg,1.318
2025-10-24,3,BRpos,2.949
2025-10-24,3,BRneg,2.179
2025-10-24,4,BRpos,2.599
2025-10-24,4,BRneg,2.97
2025-10-24,5,BRpos,5.021
2025-10-24,5,BRneg,0.821
2025-10-24,6,BRpos,2.091
2025-10-24,6,BRneg,1.441
2025-10-24,7,BRpos,5.439
2025-10-24,7,BRneg,0.77
2025-10-24,8,BRpos,3.687
2025-10-24,8,BRneg,1.081
2025-10-24,9,BRpos,5.035
2025-10-24,9,BRneg,1.701
2025-10-24,10,BRpos,2.189
2025-10-24,10,BRneg,0.689
2025-10-24,11,BRpos,5.203
2025-10-24,11,BRneg,0.882
2025-10-24,12,BRpos,1.846
2025-10-24,12,BRneg,1.051
2025-10-24,13,BRpos,3.055
2025-10-24,13,BRneg,0.769
2025-10-24,14,BRpos,2.012
2025-10-24,14,BRneg,1.662
2025-10-24,15,BRpos,1.32
2025-10-24,15,BRneg,2.799
2025-10-24,16,BRpos,3.567
2025-10-24,16,BRneg,1.765
2025-10-24,17,BRpos,2.942
2025-10-24,17,BRneg,2.529
2025-10-24,18,BRpos,1.329
2025-10-24,18,BRneg,2.92
2025-10-24,19,BRpos,2.381
2025-10-24,19,BRneg,0.896
2025-10-24,20,BRpos,3.493
2025-10-24,20,BRneg,2.39
2025-10-24,21,BRpos,6.252
2025-10-24,21,BRneg,1.691
2025-10-24,22,BRpos,6.764
2025-10-24,22,BRneg,1.309
2025-10-24,23,BRpos,1.45
2025-10-24,23,BRneg,3.305
2025-10-24,24,BRpos,2.542
2025-10-24,24,BRneg,1.103
2025-10-24,25,BRpos,4.854
2025-10-24,25,BRneg,1.334
2025-10-24,26,BRpos,3.828
2025-10-24,26,BRneg,1.211
2025-10-24,27,BRpos,1.545
2025-10-24,27,BRneg,2.181
2025-10-24,28,BRpos,6.511
2025-10-24,28,BRneg,1.968
2025-10-24,29,BRpos,3.857
2025-10-24,29,BRneg,0.772
2025-10-24,30,BRpos,1.295
2025-10-24,30,BRneg,1.951
2025-10-24,31,BRpos,4.929
2025-10-24,31,BRneg,0.972
2025-10-24,32,BRpos,3.09
2025-10-24,32,BRneg,1.121
2025-10-24,33,BRpos,2.249
2025-10-24,33,BRneg,1.218
2025-10-24,34,BRpos,5.603
2025-10-24,34,BRneg,2.085
2025-10-24,35,BRpos,3.074
2025-10-24,35,BRneg,1.902
2025-10-24,36,BRpos,5.041
2025-10-24,36,BRneg,2.337
2025-10-24,37,BRpos,3.203
2025-10-24,37,BRneg,1.439
2025-10-24,38,BRpos,2.119
2025-10-24,38,BRneg,3.481
2025-10-24,39,BRpos,6.204
2025-10-24,39,BRneg,1.616
2025-10-24,40,BRpos,2.583
2025-10-24,40,BRneg,2.102
2025-10-24,41,BRpos,8.015
2025-10-24,41,BRneg,0.492
2025-10-24,42,BRpos,2.805
2025-10-24,42,BRneg,1.169
2025-10-24,43,BRpos,3.092
2025-10-24,43,BRneg,2.743
2025-10-24,44,BRpos,2.71
2025-10-24,44,BRneg,1.913
2025-10-24,45,BRpos,1.605
2025-10-24,45,BRneg,1.2
2025-10-24,46,BRpos,3.933
2025-10-24,46,BRneg,2.14
2025-10-24,47,BRpos,3.944
2025-10-24,47,BRneg,0.811
2025-10-24,48,BRpos,2.719
2025-10-24,48,BRneg,1.317
2025-10-25,1,BRpos,1.128
2025-10-25,1,BRneg,0.739
2025-10-25,2,BRpos,5.704
2025-10-25,2,BRneg,1.36
2025-10-25,3,BRpos,3.458
2025-10-25,3,BRneg,1.223
2025-10-25,4,BRpos,2.075
2025-10-25,4,BRneg,1.452
2025-10-25,5,BRpos,5.16
2025-10-25,5,BRneg,1.063
2025-10-25,6,BRpos,4.394
2025-10-25,6,BRneg,1.509
2025-10-25,7,BRpos,2.113
2025-10-25,7,BRneg,1.986
2025-10-25,8,BRpos,2.868
2025-10-25,8,BRneg,1.517
2025-10-25,9,BRpos,2.819
2025-10-25,9,BRneg,2.31
2025-10-25,10,BRpos,1.53
2025-10-25,10,BRneg,4.118
2025-10-25,11,BRpos,3.149
2025-10-25,11,BRneg,1.509
2025-10-25,12,BRpos,1.32
2025-10-25,12,BRneg,0.959
2025-10-25,13,BRpos,3.525
2025-10-25,13,BRneg,2.62
2025-10-25,14,BRpos,4.898
2025-10-25,14,BRneg,1.109
2025-10-25,15,BRpos,1.721
2025-10-25,15,BRneg,0.785
2025-10-25,16,BRpos,1.907
2025-10-25,16,BRneg,0.994
2025-10-25,17,BRpos,2.568
2025-10-25,17,BRneg,1.188
2025-10-25,18,BRpos,6.693
2025-10-25,18,BRneg,2.262
2025-10-25,19,BRpos,2.915
2025-10-25,19,BRneg,1.277
2025-10-25,20,BRpos,2.592
2025-10-25,20,BRneg,0.544
2025-10-25,21,BRpos,2.256
2025-10-25,21,BRneg,1.513
2025-10-25,22,BRpos,3.414
2025-10-25,22,BRneg,0.92
2025-10-25,23,BRpos,1.926
2025-10-25,23,BRneg,1.942
2025-10-25,24,BRpos,2.548
2025-10-25,24,BRneg,0.74
2025-10-25,25,BRpos,2.395
2025-10-25,25,BRneg,1.161
2025-10-25,26,BRpos,2.622
2025-10-25,26,BRneg,2.307
2025-10-25,27,BRpos,1.647
2025-10-25,27,BRneg,2.319
2025-10-25,28,BRpos,6.763
2025-10-25,28,BRneg,0.946
2025-10-25,29,BRpos,2.974
2025-10-25,29,BRneg,2.043
2025-10-25,30,BRpos,6.195
2025-10-25,30,BRneg,0.694
2025-10-25,31,BRpos,3.684
2025-10-25,31,BRneg,1.327
2025-10-25,32,BRpos,4.193
2025-10-25,32,BRneg,1.031
2025-10-25,33,BRpos,2.577
2025-10-25,33,BRneg,0.679
2025-10-25,34,BRpos,10.883
2025-10-25,34,BRneg,1.841
2025-10-25,35,BRpos,4.704
2025-10-25,35,BRneg,4.109
2025-10-25,36,BRpos,6.369
2025-10-25,36,BRneg,3.6
2025-10-25,37,BRpos,4.998
2025-10-25,37,BRneg,1.768
2025-10-25,38,BRpos,5.992
2025-10-25,38,BRneg,2.548
2025-10-25,39,BRpos,2.635
2025-10-25,39,BRneg,1.374
2025-10-25,40,BRpos,3.457
2025-10-25,40,BRneg,0.729
2025-10-25,41,BRpos,2.354
2025-10-25,41,BRneg,2.23
2025-10-25,42,BRpos,3.905
2025-10-25,42,BRneg,0.763
2025-10-25,43,BRpos,2.03
2025-10-25,43,BRneg,1.701
2025-10-25,44,BRpos,1.29
2025-10-25,44,BRneg,1.412
2025-10-25,45,BRpos,1.642
2025-10-25,45,BRneg,1.737
2025-10-25,46,BRpos,7.793
2025-10-25,46,BRneg,0.783
2025-10-25,47,BRpos,3.518
2025-10-25,47,BRneg,0.999
2025-10-25,48,BRpos,6.541
2025-10-25,48,BRneg,3.25
2025-10-26,1,BRpos,3.594
2025-10-26,1,BRneg,1.011
2025-10-26,2,BRpos,2.789
2025-10-26,2,BRneg,0.892
2025-10-26,3,BRpos,1.572
2025-10-26,3,BRneg,0.934
2025-10-26,4,BRpos,1.638
2025-10-26,4,BRneg,0.813
2025-10-26,5,BRpos,3.255
2025-10-26,5,BRneg,1.817
2025-10-26,6,BRpos,5.567
2025-10-26,6,BRneg,2.821
2025-10-26,7,BRpos,1.12
2025-10-26,7,BRneg,1.085
2025-10-26,8,BRpos,1.559
2025-10-26,8,BRneg,1.195
2025-10-26,9,BRpos,2.126
2025-10-26,9,BRneg,1.899
2025-10-26,10,BRpos,5.106
2025-10-26,10,BRneg,1.235
2025-10-26,11,BRpos,2.179
2025-10-26,11,BRneg,1.577
2025-10-26,12,BRpos,3.684
2025-10-26,12,BRneg,1.537
2025-10-26,13,BRpos,3.021
2025-10-26,13,BRneg,2.815
2025-10-26,14,BRpos,6.218
2025-10-26,14,BRneg,1.587
2025-10-26,15,BRpos,2.073
2025-10-26,15,BRneg,1.87
2025-10-26,16,BRpos,5.022
2025-10-26,16,BRneg,0.963
2025-10-26,17,BRpos,2.554
2025-10-26,17,BRneg,0.851
2025-10-26,18,BRpos,3.229
2025-10-26,18,BRneg,0.79
2025-10-26,19,BRpos,6.287
2025-10-26,19,BRneg,1.245
2025-10-26,20,BRpos,3.005
2025-10-26,20,BRneg,1.947
2025-10-26,21,BRpos,5.255
2025-10-26,21,BRneg,1.432
2025-10-26,22,BRpos,3.268
2025-10-26,22,BRneg,0.854
2025-10-26,23,BRpos,3.128
2025-10-26,23,BRneg,1.112
2025-10-26,24,BRpos,1.977
2025-10-26,24,BRneg,2.275
2025-10-26,25,BRpos,1.842
2025-10-26,25,BRneg,1.235
2025-10-26,26,BRpos,1.787
2025-10-26,26,BRneg,1.341
2025-10-26,27,BRpos,2.051
2025-10-26,27,BRneg,1.188
2025-10-26,28,BRpos,2.637
2025-10-26,28,BRneg,1.274
2025-10-26,29,BRpos,1.266
2025-10-26,29,BRneg,1.152
2025-10-26,30,BRpos,2.845
2025-10-26,30,BRneg,1.032
2025-10-26,31,BRpos,2.645
2025-10-26,31,BRneg,1.238
2025-10-26,32,BRpos,2.336
2025-10-26,32,BRneg,1.73
2025-10-26,33,BRpos,3.474
2025-10-26,33,BRneg,0.783
2025-10-26,34,BRpos,3.184
2025-10-26,34,BRneg,3.58
2025-10-26,35,BRpos,5.849
2025-10-26,35,BRneg,2.154
2025-10-26,36,BRpos,4.208
2025-10-26,36,BRneg,1.304
2025-10-26,37,BRpos,7.006
2025-10-26,37,BRneg,1.372
2025-10-26,38,BRpos,6.271
2025-10-26,38,BRneg,1.738
2025-10-26,39,BRpos,3.161
2025-10-26,39,BRneg,1.778
2025-10-26,40,BRpos,3.579
2025-10-26,40,BRneg,1.451
2025-10-26,41,BRpos,2.662
2025-10-26,41,BRneg,0.434
2025-10-26,42,BRpos,2.765
2025-10-26,42,BRneg,0.943
2025-10-26,43,BRpos,2.051
2025-10-26,43,BRneg,1.504
2025-10-26,44,BRpos,3.759
2025-10-26,44,BRneg,1.442
2025-10-26,45,BRpos,1.814
2025-10-26,45,BRneg,2.366
2025-10-26,46,BRpos,2.874
2025-10-26,46,BRneg,1.633
2025-10-26,47,BRpos,3.177
2025-10-26,47,BRneg,0.63
2025-10-26,48,BRpos,1.691
2025-10-26,48,BRneg,2.908
2025-10-27,1,BRpos,3.248
2025-10-27,1,BRneg,0.779
2025-10-27,2,BRpos,1.03
2025-10-27,2,BRneg,1.246
2025-10-27,3,BRpos,3.438
2025-10-27,3,BRneg,0.624
2025-10-27,4,BRpos,3.223
2025-10-27,4,BRneg,1.079
2025-10-27,5,BRpos,3.799
2025-10-27,5,BRneg,1.872
2025-10-27,6,BRpos,4.079
2025-10-27,6,BRneg,4.238
2025-10-27,7,BRpos,1.47
2025-10-27,7,BRneg,0.969
2025-10-27,8,BRpos,1.843
2025-10-27,8,BRneg,1.692
2025-10-27,9,BRpos,3.858
2025-10-27,9,BRneg,2.117
2025-10-27,10,BRpos,3.09
2025-10-27,10,BRneg,1.629
2025-10-27,11,BRpos,3.399
2025-10-27,11,BRneg,1.671
2025-10-27,12,BRpos,3.706
2025-10-27,12,BRneg,1.005
2025-10-27,13,BRpos,3.821
2025-10-27,13,BRneg,0.914
2025-10-27,14,BRpos,4.239
2025-10-27,14,BRneg,3.276
2025-10-27,15,BRpos,5.929
2025-10-27,15,BRneg,1.289
2025-10-27,16,BRpos,2.794
2025-10-27,16,BRneg,2.063
2025-10-27,17,BRpos,1.522
2025-10-27,17,BRneg,0.826
2025-10-27,18,BRpos,1.88
2025-10-27,18,BRneg,0.95
2025-10-27,19,BRpos,7.09
2025-10-27,19,BRneg,1.948
2025-10-27,20,BRpos,2.304
2025-10-27,20,BRneg,2.029
2025-10-27,21,BRpos,3.49
2025-10-27,21,BRneg,1.671
2025-10-27,22,BRpos,3.806
2025-10-27,22,BRneg,3.553
2025-10-27,23,BRpos,3.286
2025-10-27,23,BRneg,3.551
2025-10-27,24,BRpos,9.55
2025-10-27,24,BRneg,0.897
2025-10-27,25,BRpos,1.632
2025-10-27,25,BRneg,2.548
2025-10-27,26,BRpos,3.394
2025-10-27,26,BRneg,0.956
2025-10-27,27,BRpos,2.7
2025-10-27,27,BRneg,1.99
2025-10-27,28,BRpos,2.859
2025-10-27,28,BRneg,1.244
2025-10-27,29,BRpos,2.645
2025-10-27,29,BRneg,0.793
2025-10-27,30,BRpos,3.482
2025-10-27,30,BRneg,1.831
2025-10-27,31,BRpos,3.061
2025-10-27,31,BRneg,1.377
2025-10-27,32,BRpos,2.613
2025-10-27,32,BRneg,1.091
2025-10-27,33,BRpos,4.841
2025-10-27,33,BRneg,1.06
2025-10-27,34,BRpos,2.552
2025-10-27,34,BRneg,1.797
2025-10-27,35,BRpos,10.435
2025-10-27,35,BRneg,5.705
2025-10-27,36,BRpos,3.793
2025-10-27,36,BRneg,1.599
2025-10-27,37,BRpos,2.063
2025-10-27,37,BRneg,2.551
2025-10-27,38,BRpos,3.334
2025-10-27,38,BRneg,2.566
2025-10-27,39,BRpos,8.072
2025-10-27,39,BRneg,1.314
2025-10-27,40,BRpos,1.389
2025-10-27,40,BRneg,1.063
2025-10-27,41,BRpos,2.155
2025-10-27,41,BRneg,0.622
2025-10-27,42,BRpos,4.39
2025-10-27,42,BRneg,1.134
2025-10-27,43,BRpos,3.246
2025-10-27,43,BRneg,2.048
2025-10-27,44,BRpos,3.063
2025-10-27,44,BRneg,1.322
2025-10-27,45,BRpos,3.421
2025-10-27,45,BRneg,1.48
2025-10-27,46,BRpos,5.111
2025-10-27,46,BRneg,1.368
2025-10-27,47,BRpos,1.245
2025-10-27,47,BRneg,1.157
2025-10-27,48,BRpos,1.96
2025-10-27,48,BRneg,1.339
2025-10-28,1,BRpos,3.942
2025-10-28,1,BRneg,0.891
2025-10-28,2,BRpos,1.461
2025-10-28,2,BRneg,1.293
2025-10-28,3,BRpos,2.422
2025-10-28,3,BRneg,2.71
2025-10-28,4,BRpos,4.84
2025-10-28,4,BRneg,0.43
2025-10-28,5,BRpos,2.398
2025-10-28,5,BRneg,2.216
2025-10-28,6,BRpos,4.428
2025-10-28,6,BRneg,1.463
2025-10-28,7,BRpos,3.411
2025-10-28,7,BRneg,0.671
2025-10-28,8,BRpos,2.439
2025-10-28,8,BRneg,0.651
2025-10-28,9,BRpos,3.433
2025-10-28,9,BRneg,2.287
2025-10-28,10,BRpos,1.134
2025-10-28,10,BRneg,1.333
2025-10-28,11,BRpos,2.579
2025-10-28,11,BRneg,1.164
2025-10-28,12,BRpos,2.943
2025-10-28,12,BRneg,1.147
2025-10-28,13,BRpos,3.558
2025-10-28,13,BRneg,1.785
2025-10-28,14,BRpos,2.717
2025-10-28,14,BRneg,2.786
2025-10-28,15,BRpos,6.384
2025-10-28,15,BRneg,1.58
2025-10-28,16,BRpos,2.216
2025-10-28,16,BRneg,2.658
2025-10-28,17,BRpos,2.862
2025-10-28,17,BRneg,3.327
2025-10-28,18,BRpos,5.016
2025-10-28,18,BRneg,1.471
2025-10-28,19,BRpos,3.185
2025-10-28,19,BRneg,3.064
2025-10-28,20,BRpos,1.465
2025-10-28,20,BRneg,1.903
2025-10-28,21,BRpos,1.773
2025-10-28,21,BRneg,2.16
2025-10-28,22,BRpos,3.093
2025-10-28,22,BRneg,1.297
2025-10-28,23,BRpos,4.002
2025-10-28,23,BRneg,0.814
2025-10-28,24,BRpos,2.501
2025-10-28,24,BRneg,0.581
2025-10-28,25,BRpos,2.855
2025-10-28,25,BRneg,1.472
2025-10-28,26,BRpos,5.27
2025-10-28,26,BRneg,0.987
2025-10-28,27,BRpos,5.428
2025-10-28,27,BRneg,1.193
2025-10-28,28,BRpos,2.932
2025-10-28,28,BRneg,0.96
2025-10-28,29,BRpos,1.995
2025-10-28,29,BRneg,0.651
2025-10-28,30,BRpos,7.866
2025-10-28,30,BRneg,0.813
2025-10-28,31,BRpos,1.847
2025-10-28,31,BRneg,1.256
2025-10-28,32,BRpos,2.919
2025-10-28,32,BRneg,1.271
2025-10-28,33,BRpos,2.938
2025-10-28,33,BRneg,1.668
2025-10-28,34,BRpos,6.446
2025-10-28,34,BRneg,1.828
2025-10-28,35,BRpos,3.624
2025-10-28,35,BRneg,1.922
2025-10-28,36,BRpos,3.61
2025-10-28,36,BRneg,2.136
2025-10-28,37,BRpos,10.223
2025-10-28,37,BRneg,2.458
2025-10-28,38,BRpos,4.455
2025-10-28,38,BRneg,4.365
2025-10-28,39,BRpos,10.127
2025-10-28,39,BRneg,2.479
2025-10-28,40,BRpos,3.655
2025-10-28,40,BRneg,0.933
2025-10-28,41,BRpos,3.992
2025-10-28,41,BRneg,0.971
2025-10-28,42,BRpos,1.191
2025-10-28,42,BRneg,1.312
2025-10-28,43,BRpos,2.352
2025-10-28,43,BRneg,1.554
2025-10-28,44,BRpos,2.861
2025-10-28,44,BRneg,1.504
2025-10-28,45,BRpos,4.491
2025-10-28,45,BRneg,1.207
2025-10-28,46,BRpos,4.736
2025-10-28,46,BRneg,2.788
2025-10-28,47,BRpos,5.34
2025-10-28,47,BRneg,2.217
2025-10-28,48,BRpos,8.876
2025-10-28,48,BRneg,0.675
2025-10-29,1,BRpos,4.79
2025-10-29,1,BRneg,1.141
2025-10-29,2,BRpos,1.546
2025-10-29,2,BRneg,1.076
2025-10-29,3,BRpos,2.344
2025-10-29,3,BRneg,1.171
2025-10-29,4,BRpos,2.706
2025-10-29,4,BRneg,0.914
2025-10-29,5,BRpos,2.78
2025-10-29,5,BRneg,1.04
2025-10-29,6,BRpos,2.956
2025-10-29,6,BRneg,1.864
2025-10-29,7,BRpos,2.459
2025-10-29,7,BRneg,1.36
2025-10-29,8,BRpos,5.701
2025-10-29,8,BRneg,3.083
2025-10-29,9,BRpos,2.686
2025-10-29,9,BRneg,0.53
2025-10-29,10,BRpos,4.676
2025-10-29,10,BRneg,2.198
2025-10-29,11,BRpos,1.842
2025-10-29,11,BRneg,1.477
2025-10-29,12,BRpos,6.114
2025-10-29,12,BRneg,1.727
2025-10-29,13,BRpos,2.909
2025-10-29,13,BRneg,1.468
2025-10-29,14,BRpos,7.337
2025-10-29,14,BRneg,2.616
2025-10-29,15,BRpos,2.325
2025-10-29,15,BRneg,1.029
2025-10-29,16,BRpos,2.455
2025-10-29,16,BRneg,1.354
2025-10-29,17,BRpos,2.195
2025-10-29,17,BRneg,1.029
2025-10-29,18,BRpos,12.027
2025-10-29,18,BRneg,0.745
2025-10-29,19,BRpos,2.479
2025-10-29,19,BRneg,0.299
2025-10-29,20,BRpos,3.408
2025-10-29,20,BRneg,2.985
2025-10-29,21,BRpos,1.957
2025-10-29,21,BRneg,1.994
2025-10-29,22,BRpos,5.446
2025-10-29,22,BRneg,1.307
2025-10-29,23,BRpos,4.699
2025-10-29,23,BRneg,0.862
2025-10-29,24,BRpos,2.648
2025-10-29,24,BRneg,1.026
2025-10-29,25,BRpos,2.032
2025-10-29,25,BRneg,0.644
2025-10-29,26,BRpos,3.289
2025-10-29,26,BRneg,1.115
2025-10-29,27,BRpos,3.445
2025-10-29,27,BRneg,0.689
2025-10-29,28,BRpos,3.693
2025-10-29,28,BRneg,3.383
2025-10-29,29,BRpos,4.541
2025-10-29,29,BRneg,0.984
2025-10-29,30,BRpos,2.052
2025-10-29,30,BRneg,1.876
2025-10-29,31,BRpos,4.736
2025-10-29,31,BRneg,1.674
2025-10-29,32,BRpos,3.229
2025-10-29,32,BRneg,2.187
2025-10-29,33,BRpos,1.629
2025-10-29,33,BRneg,1.212
2025-10-29,34,BRpos,5.768
2025-10-29,34,BRneg,3.949
2025-10-29,35,BRpos,7.446
2025-10-29,35,BRneg,1.463
2025-10-29,36,BRpos,6.673
2025-10-29,36,BRneg,2.437
2025-10-29,37,BRpos,3.396
2025-10-29,37,BRneg,3.769
2025-10-29,38,BRpos,4.774
2025-10-29,38,BRneg,2.478
2025-10-29,39,BRpos,4.948
2025-10-29,39,BRneg,4.811
2025-10-29,40,BRpos,4.435
2025-10-29,40,BRneg,3.233
2025-10-29,41,BRpos,3.941
2025-10-29,41,BRneg,1.071
2025-10-29,42,BRpos,2.554
2025-10-29,42,BRneg,1.298
2025-10-29,43,BRpos,1.86
2025-10-29,43,BRneg,1.235
2025-10-29,44,BRpos,3.805
2025-10-29,44,BRneg,1.348
2025-10-29,45,BRpos,1.504
2025-10-29,45,BRneg,1.256
2025-10-29,46,BRpos,1.533
2025-10-29,46,BRneg,0.931
2025-10-29,47,BRpos,3.039
2025-10-29,47,BRneg,2.348
2025-10-29,48,BRpos,0.916
2025-10-29,48,BRneg,1.503
2025-10-30,1,BRpos,2.26
2025-10-30,1,BRneg,1.361
2025-10-30,2,BRpos,5.797
2025-10-30,2,BRneg,0.606
2025-10-30,3,BRpos,1.737
2025-10-30,3,BRneg,0.861
2025-10-30,4,BRpos,4.791
2025-10-30,4,BRneg,1.96
2025-10-30,5,BRpos,2.639
2025-10-30,5,BRneg,4.348
2025-10-30,6,BRpos,3.541
2025-10-30,6,BRneg,3.036
2025-10-30,7,BRpos,4.641
2025-10-30,7,BRneg,1.446
2025-10-30,8,BRpos,1.547
2025-10-30,8,BRneg,1.173
2025-10-30,9,BRpos,2.888
2025-10-30,9,BRneg,0.95
2025-10-30,10,BRpos,3.727
2025-10-30,10,BRneg,1.219
2025-10-30,11,BRpos,3.987
2025-10-30,11,BRneg,0.869
2025-10-30,12,BRpos,3.67
2025-10-30,12,BRneg,1.445
2025-10-30,13,BRpos,3.168
2025-10-30,13,BRneg,0.598
2025-10-30,14,BRpos,1.871
2025-10-30,14,BRneg,1.228
2025-10-30,15,BRpos,1.145
2025-10-30,15,BRneg,0.811
2025-10-30,16,BRpos,2.745
2025-10-30,16,BRneg,1.337
2025-10-30,17,BRpos,2.145
2025-10-30,17,BRneg,1.567
2025-10-30,18,BRpos,3.785
2025-10-30,18,BRneg,0.528
2025-10-30,19,BRpos,4.371
2025-10-30,19,BRneg,0.524
2025-10-30,20,BRpos,2.403
2025-10-30,20,BRneg,1.036
2025-10-30,21,BRpos,3.886
2025-10-30,21,BRneg,0.974
2025-10-30,22,BRpos,4.55
2025-10-30,22,BRneg,1.024
2025-10-30,23,BRpos,3.252
2025-10-30,23,BRneg,1.172
2025-10-30,24,BRpos,2.648
2025-10-30,24,BRneg,1.666
2025-10-30,25,BRpos,3.822
2025-10-30,25,BRneg,0.902
2025-10-30,26,BRpos,3.383
2025-10-30,26,BRneg,1.95
2025-10-30,27,BRpos,2.195
2025-10-30,27,BRneg,1.403
2025-10-30,28,BRpos,1.366
2025-10-30,28,BRneg,0.811
2025-10-30,29,BRpos,7.696
2025-10-30,29,BRneg,0.988
2025-10-30,30,BRpos,5.383
2025-10-30,30,BRneg,2.116
2025-10-30,31,BRpos,2.192
2025-10-30,31,BRneg,0.829
2025-10-30,32,BRpos,1.716
2025-10-30,32,BRneg,1.083
2025-10-30,33,BRpos,3.076
2025-10-30,33,BRneg,1.128
2025-10-30,34,BRpos,4.239
2025-10-30,34,BRneg,4.103
2025-10-30,35,BRpos,3.791
2025-10-30,35,BRneg,4.032
2025-10-30,36,BRpos,3.47
2025-10-30,36,BRneg,3.019
2025-10-30,37,BRpos,2.919
2025-10-30,37,BRneg,3.052
2025-10-30,38,BRpos,4.126
2025-10-30,38,BRneg,1.172
2025-10-30,39,BRpos,5.036
2025-10-30,39,BRneg,1.53
2025-10-30,40,BRpos,2.295
2025-10-30,40,BRneg,2.297
2025-10-30,41,BRpos,1.703
2025-10-30,41,BRneg,0.913
2025-10-30,42,BRpos,2.768
2025-10-30,42,BRneg,1.38
2025-10-30,43,BRpos,2.036
2025-10-30,43,BRneg,1.908
2025-10-30,44,BRpos,2.523
2025-10-30,44,BRneg,1.626
2025-10-30,45,BRpos,2.163
2025-10-30,45,BRneg,2.014
2025-10-30,46,BRpos,2.963
2025-10-30,46,BRneg,1.428
2025-10-30,47,BRpos,2.856
2025-10-30,47,BRneg,1.183
2025-10-30,48,BRpos,2.021
2025-10-30,48,BRneg,2.093
2025-10-31,1,BRpos,3.506
2025-10-31,1,BRneg,1.13
2025-10-31,2,BRpos,3.028
2025-10-31,2,BRneg,1.458
2025-10-31,3,BRpos,4.869
2025-10-31,3,BRneg,1.004
2025-10-31,4,BRpos,3.308
2025-10-31,4,BRneg,1.987
2025-10-31,5,BRpos,2.989
2025-10-31,5,BRneg,0.943
2025-10-31,6,BRpos,2.222
2025-10-31,6,BRneg,1.382
2025-10-31,7,BRpos,2.307
2025-10-31,7,BRneg,0.977
2025-10-31,8,BRpos,2.627
2025-10-31,8,BRneg,1.472
2025-10-31,9,BRpos,3.591
2025-10-31,9,BRneg,2.433
2025-10-31,10,BRpos,3.083
2025-10-31,10,BRneg,2.049
2025-10-31,11,BRpos,3.107
2025-10-31,11,BRneg,0.881
2025-10-31,12,BRpos,1.648
2025-10-31,12,BRneg,0.867
2025-10-31,13,BRpos,2.912
2025-10-31,13,BRneg,4.813
2025-10-31,14,BRpos,5.05
2025-10-31,14,BRneg,2.21
2025-10-31,15,BRpos,1.455
2025-10-31,15,BRneg,1.841
2025-10-31,16,BRpos,2.259
2025-10-31,16,BRneg,1.499
2025-10-31,17,BRpos,3.076
2025-10-31,17,BRneg,1.171
2025-10-31,18,BRpos,3.385
2025-10-31,18,BRneg,1.683
2025-10-31,19,BRpos,1.792
2025-10-31,19,BRneg,1.304
2025-10-31,20,BRpos,3.764
2025-10-31,20,BRneg,2.047
2025-10-31,21,BRpos,1.412
2025-10-31,21,BRneg,1.619
2025-10-31,22,BRpos,3.392
2025-10-31,22,BRneg,1.368
2025-10-31,23,BRpos,2.457
2025-10-31,23,BRneg,1.393
2025-10-31,24,BRpos,3.747
2025-10-31,24,BRneg,1.482
2025-10-31,25,BRpos,4.655
2025-10-31,25,BRneg,2.124
2025-10-31,26,BRpos,2.5
2025-10-31,26,BRneg,2.213
2025-10-31,27,BRpos,2.849
2025-10-31,27,BRneg,2.208
2025-10-31,28,BRpos,5.758
2025-10-31,28,BRneg,1.722
2025-10-31,29,BRpos,1.536
2025-10-31,29,BRneg,1.014
2025-10-31,30,BRpos,4.007
2025-10-31,30,BRneg,0.808
2025-10-31,31,BRpos,2.2
2025-10-31,31,BRneg,1.089
2025-10-31,32,BRpos,2.863
2025-10-31,32,BRneg,2.148
2025-10-31,33,BRpos,5.659
2025-10-31,33,BRneg,1.51
2025-10-31,34,BRpos,4.335
2025-10-31,34,BRneg,5.242
2025-10-31,35,BRpos,3.082
2025-10-31,35,BRneg,1.971
2025-10-31,36,BRpos,3.276
2025-10-31,36,BRneg,3.985
2025-10-31,37,BRpos,7.351
2025-10-31,37,BRneg,1.846
2025-10-31,38,BRpos,4.931
2025-10-31,38,BRneg,4.137
2025-10-31,39,BRpos,2.004
2025-10-31,39,BRneg,1.068
2025-10-31,40,BRpos,2.154
2025-10-31,40,BRneg,1.545
2025-10-31,41,BRpos,4.66
2025-10-31,41,BRneg,0.875
2025-10-31,42,BRpos,4.145
2025-10-31,42,BRneg,1.262
2025-10-31,43,BRpos,6.067
2025-10-31,43,BRneg,1.562
2025-10-31,44,BRpos,2.605
2025-10-31,44,BRneg,0.557
2025-10-31,45,BRpos,4.229
2025-10-31,45,BRneg,1.869
2025-10-31,46,BRpos,1.984
2025-10-31,46,BRneg,2.021
2025-10-31,47,BRpos,5.791
2025-10-31,47,BRneg,2.083
2025-10-31,48,BRpos,7.369
2025-10-31,48,BRneg,0.962
2025-11-01,1,BRpos,2.031
2025-11-01,1,BRneg,2.323
2025-11-01,2,BRpos,5.686
2025-11-01,2,BRneg,1.399
2025-11-01,3,BRpos,5.284
2025-11-01,3,BRneg,1.756
2025-11-01,4,BRpos,2.403
2025-11-01,4,BRneg,0.851
2025-11-01,5,BRpos,4.29
2025-11-01,5,BRneg,2.79
2025-11-01,6,BRpos,2.549
2025-11-01,6,BRneg,1.14
2025-11-01,7,BRpos,5.75
2025-11-01,7,BRneg,0.735
2025-11-01,8,BRpos,2.829
2025-11-01,8,BRneg,1.742
2025-11-01,9,BRpos,2.747
2025-11-01,9,BRneg,1.511
2025-11-01,10,BRpos,3.656
2025-11-01,10,BRneg,2.174
2025-11-01,11,BRpos,2.968
2025-11-01,11,BRneg,1.512
2025-11-01,12,BRpos,3.426
2025-11-01,12,BRneg,1.453
2025-11-01,13,BRpos,1.492
2025-11-01,13,BRneg,2.754
2025-11-01,14,BRpos,5.359
2025-11-01,14,BRneg,3.978
2025-11-01,15,BRpos,5.938
2025-11-01,15,BRneg,0.983
2025-11-01,16,BRpos,4.627
2025-11-01,16,BRneg,2.103
2025-11-01,17,BRpos,2.463
2025-11-01,17,BRneg,1.575
2025-11-01,18,BRpos,2.32
2025-11-01,18,BRneg,0.781
2025-11-01,19,BRpos,3.811
2025-11-01,19,BRneg,1.272
2025-11-01,20,BRpos,2.604
2025-11-01,20,BRneg,0.851
2025-11-01,21,BRpos,3.165
2025-11-01,21,BRneg,2.464
2025-11-01,22,BRpos,1.851
2025-11-01,22,BRneg,0.765
2025-11-01,23,BRpos,1.233
2025-11-01,23,BRneg,2.842
2025-11-01,24,BRpos,2.08
2025-11-01,24,BRneg,0.603
2025-11-01,25,BRpos,3.324
2025-11-01,25,BRneg,1.769
2025-11-01,26,BRpos,3.204
2025-11-01,26,BRneg,3.876
2025-11-01,27,BRpos,1.898
2025-11-01,27,BRneg,2.471
2025-11-01,28,BRpos,1.304
2025-11-01,28,BRneg,1.429
2025-11-01,29,BRpos,1.801
2025-11-01,29,BRneg,0.909
2025-11-01,30,BRpos,3.221
2025-11-01,30,BRneg,0.701
2025-11-01,31,BRpos,2.341
2025-11-01,31,BRneg,1.542
2025-11-01,32,BRpos,1.304
2025-11-01,32,BRneg,0.875
2025-11-01,33,BRpos,4.788
2025-11-01,33,BRneg,1.58
2025-11-01,34,BRpos,3.423
2025-11-01,34,BRneg,3.452
2025-11-01,35,BRpos,4.592
2025-11-01,35,BRneg,2.18
2025-11-01,36,BRpos,5.962
2025-11-01,36,BRneg,2.375
2025-11-01,37,BRpos,3.204
2025-11-01,37,BRneg,1.595
2025-11-01,38,BRpos,3.744
2025-11-01,38,BRneg,3.759
2025-11-01,39,BRpos,3.928
2025-11-01,39,BRneg,3.635
2025-11-01,40,BRpos,1.253
2025-11-01,40,BRneg,1.648
2025-11-01,41,BRpos,2.298
2025-11-01,41,BRneg,0.693
2025-11-01,42,BRpos,2.694
2025-11-01,42,BRneg,1.076
2025-11-01,43,BRpos,1.507
2025-11-01,43,BRneg,1.976
2025-11-01,44,BRpos,2.394
2025-11-01,44,BRneg,2.49
2025-11-01,45,BRpos,1.409
2025-11-01,45,BRneg,0.828
2025-11-01,46,BRpos,1.453
2025-11-01,46,BRneg,1.877
2025-11-01,47,BRpos,2.641
2025-11-01,47,BRneg,1.017
2025-11-01,48,BRpos,1.331
2025-11-01,48,BRneg,2.833
2025-11-02,1,BRpos,2.863
2025-11-02,1,BRneg,1.255
2025-11-02,2,BRpos,2.464
2025-11-02,2,BRneg,2.284
2025-11-02,3,BRpos,4.24
2025-11-02,3,BRneg,1.413
2025-11-02,4,BRpos,2.344
2025-11-02,4,BRneg,1.585
2025-11-02,5,BRpos,2.594
2025-11-02,5,BRneg,1.07
2025-11-02,6,BRpos,3.165
2025-11-02,6,BRneg,1.778
2025-11-02,7,BRpos,6.175
2025-11-02,7,BRneg,1.191
2025-11-02,8,BRpos,4.984
2025-11-02,8,BRneg,1.274
2025-11-02,9,BRpos,6.059
2025-11-02,9,BRneg,1.283
2025-11-02,10,BRpos,7.68
2025-11-02,10,BRneg,1.802
2025-11-02,11,BRpos,1.13
2025-11-02,11,BRneg,0.787
2025-11-02,12,BRpos,2.335
2025-11-02,12,BRneg,1.266
2025-11-02,13,BRpos,2.075
2025-11-02,13,BRneg,1.146
2025-11-02,14,BRpos,3.322
2025-11-02,14,BRneg,1.678
2025-11-02,15,BRpos,3.056
2025-11-02,15,BRneg,0.764
2025-11-02,16,BRpos,5.102
2025-11-02,16,BRneg,2.697
2025-11-02,17,BRpos,1.513
2025-11-02,17,BRneg,1.882
2025-11-02,18,BRpos,1.952
2025-11-02,18,BRneg,1.096
2025-11-02,19,BRpos,2.916
2025-11-02,19,BRneg,1.258
2025-11-02,20,BRpos,3.899
2025-11-02,20,BRneg,4.194
2025-11-02,21,BRpos,2.282
2025-11-02,21,BRneg,3.568
2025-11-02,22,BRpos,1.147
2025-11-02,22,BRneg,1.059
2025-11-02,23,BRpos,4.899
2025-11-02,23,BRneg,1.555
2025-11-02,24,BRpos,1.496
2025-11-02,24,BRneg,2.067
2025-11-02,25,BRpos,1.874
2025-11-02,25,BRneg,1.731
2025-11-02,26,BRpos,1.517
2025-11-02,26,BRneg,2.266
2025-11-02,27,BRpos,4.768
2025-11-02,27,BRneg,1.678
2025-11-02,28,BRpos,0.969
2025-11-02,28,BRneg,1.905
2025-11-02,29,BRpos,1.039
2025-11-02,29,BRneg,1.602
2025-11-02,30,BRpos,3.363
2025-11-02,30,BRneg,1.402
2025-11-02,31,BRpos,2.427
2025-11-02,31,BRneg,1.136
2025-11-02,32,BRpos,2.301
2025-11-02,32,BRneg,1.124
2025-11-02,33,BRpos,1.973
2025-11-02,33,BRneg,0.787
2025-11-02,34,BRpos,5.437
2025-11-02,34,BRneg,1.191
2025-11-02,35,BRpos,3.962
2025-11-02,35,BRneg,1.661
2025-11-02,36,BRpos,3.153
2025-11-02,36,BRneg,2.44
2025-11-02,37,BRpos,3.869
2025-11-02,37,BRneg,1.43
2025-11-02,38,BRpos,3.896
2025-11-02,38,BRneg,9.294
2025-11-02,39,BRpos,1.918
2025-11-02,39,BRneg,2.11
2025-11-02,40,BRpos,2.931
2025-11-02,40,BRneg,2.725
2025-11-02,41,BRpos,3.057
2025-11-02,41,BRneg,1.378
2025-11-02,42,BRpos,4.449
2025-11-02,42,BRneg,1.781
2025-11-02,43,BRpos,2.615
2025-11-02,43,BRneg,0.874
2025-11-02,44,BRpos,1.579
2025-11-02,44,BRneg,1.994
2025-11-02,45,BRpos,2.979
2025-11-02,45,BRneg,1.51
2025-11-02,46,BRpos,2.195
2025-11-02,46,BRneg,1.24
2025-11-02,47,BRpos,2.123
2025-11-02,47,BRneg,1.606
2025-11-02,48,BRpos,7.206
2025-11-02,48,BRneg,0.749
2025-11-03,1,BRpos,2.262
2025-11-03,1,BRneg,1.659
2025-11-03,2,BRpos,2.097
2025-11-03,2,BRneg,1.39
2025-11-03,3,BRpos,4.559
2025-11-03,3,BRneg,2.11
2025-11-03,4,BRpos,4.215
2025-11-03,4,BRneg,1.831
2025-11-03,5,BRpos,2.486
2025-11-03,5,BRneg,1.553
2025-11-03,6,BRpos,2.323
2025-11-03,6,BRneg,2.305
2025-11-03,7,BRpos,5.064
2025-11-03,7,BRneg,0.979
2025-11-03,8,BRpos,5.4
2025-11-03,8,BRneg,1.126
2025-11-03,9,BRpos,2.574
2025-11-03,9,BRneg,1.407
2025-11-03,10,BRpos,9.02
2025-11-03,10,BRneg,1.405
2025-11-03,11,BRpos,8.951
2025-11-03,11,BRneg,1.313
2025-11-03,12,BRpos,2.148
2025-11-03,12,BRneg,0.676
2025-11-03,13,BRpos,2.049
2025-11-03,13,BRneg,1.056
2025-11-03,14,BRpos,3.508
2025-11-03,14,BRneg,0.455
2025-11-03,15,BRpos,2.174
2025-11-03,15,BRneg,1.331
2025-11-03,16,BRpos,8.31
2025-11-03,16,BRneg,1.946
2025-11-03,17,BRpos,5.532
2025-11-03,17,BRneg,1.408
2025-11-03,18,BRpos,2.672
2025-11-03,18,BRneg,1.51
2025-11-03,19,BRpos,3.214
2025-11-03,19,BRneg,2.44
2025-11-03,20,BRpos,2.368
2025-11-03,20,BRneg,2.769
2025-11-03,21,BRpos,2.772
2025-11-03,21,BRneg,2.378
2025-11-03,22,BRpos,4.16
2025-11-03,22,BRneg,0.913
2025-11-03,23,BRpos,1.061
2025-11-03,23,BRneg,1.046
2025-11-03,24,BRpos,3.83
2025-11-03,24,BRneg,1.092
2025-11-03,25,BRpos,6.136
2025-11-03,25,BRneg,1.356
2025-11-03,26,BRpos,1.811
2025-11-03,26,BRneg,2.299
2025-11-03,27,BRpos,1.698
2025-11-03,27,BRneg,0.72
2025-11-03,28,BRpos,4.147
2025-11-03,28,BRneg,0.524
2025-11-03,29,BRpos,4.89
2025-11-03,29,BRneg,1.414
2025-11-03,30,BRpos,1.313
2025-11-03,30,BRneg,2.048
2025-11-03,31,BRpos,1.725
2025-11-03,31,BRneg,1.491
2025-11-03,32,BRpos,4.078
2025-11-03,32,BRneg,1.997
2025-11-03,33,BRpos,6.465
2025-11-03,33,BRneg,0.788
2025-11-03,34,BRpos,4.607
2025-11-03,34,BRneg,1.837
2025-11-03,35,BRpos,8.758
2025-11-03,35,BRneg,3.373
2025-11-03,36,BRpos,5.85
2025-11-03,36,BRneg,1.402
2025-11-03,37,BRpos,8.032
2025-11-03,37,BRneg,3.968
2025-11-03,38,BRpos,2.183
2025-11-03,38,BRneg,1.541
2025-11-03,39,BRpos,3.759
2025-11-03,39,BRneg,1.746
2025-11-03,40,BRpos,1.328
2025-11-03,40,BRneg,2.902
2025-11-03,41,BRpos,3.809
2025-11-03,41,BRneg,0.813
2025-11-03,42,BRpos,3.852
2025-11-03,42,BRneg,1.605
2025-11-03,43,BRpos,2.836
2025-11-03,43,BRneg,2.248
2025-11-03,44,BRpos,4.831
2025-11-03,44,BRneg,0.656
2025-11-03,45,BRpos,1.515
2025-11-03,45,BRneg,1.446
2025-11-03,46,BRpos,4.07
2025-11-03,46,BRneg,1.186
2025-11-03,47,BRpos,1.433
2025-11-03,47,BRneg,0.946
2025-11-03,48,BRpos,3.269
2025-11-03,48,BRneg,0.888
2025-11-04,1,BRpos,2.505
2025-11-04,1,BRneg,1.297
2025-11-04,2,BRpos,2.347
2025-11-04,2,BRneg,1.65
2025-11-04,3,BRpos,2.03
2025-11-04,3,BRneg,1.432
2025-11-04,4,BRpos,1.053
2025-11-04,4,BRneg,0.674
2025-11-04,5,BRpos,3.126
2025-11-04,5,BRneg,1.38
2025-11-04,6,BRpos,2.426
2025-11-04,6,BRneg,0.722
2025-11-04,7,BRpos,2.641
2025-11-04,7,BRneg,2.165
2025-11-04,8,BRpos,3.177
2025-11-04,8,BRneg,1.758
2025-11-04,9,BRpos,6.081
2025-11-04,9,BRneg,1.969
2025-11-04,10,BRpos,4.287
2025-11-04,10,BRneg,0.481
2025-11-04,11,BRpos,3.479
2025-11-04,11,BRneg,1.105
2025-11-04,12,BRpos,1.982
2025-11-04,12,BRneg,0.808
2025-11-04,13,BRpos,2.658
2025-11-04,13,BRneg,1.442
2025-11-04,14,BRpos,4.569
2025-11-04,14,BRneg,0.973
2025-11-04,15,BRpos,4.062
2025-11-04,15,BRneg,2.981
2025-11-04,16,BRpos,1.976
2025-11-04,16,BRneg,1.167
2025-11-04,17,BRpos,1.575
2025-11-04,17,BRneg,0.905
2025-11-04,18,BRpos,3.411
2025-11-04,18,BRneg,2.101
2025-11-04,19,BRpos,1.741
2025-11-04,19,BRneg,0.917
2025-11-04,20,BRpos,4.339
2025-11-04,20,BRneg,2.456
2025-11-04,21,BRpos,4.8
2025-11-04,21,BRneg,0.634
2025-11-04,22,BRpos,3.653
2025-11-04,22,BRneg,1.062
2025-11-04,23,BRpos,6.006
2025-11-04,23,BRneg,1.661
2025-11-04,24,BRpos,3.28
2025-11-04,24,BRneg,1.763
2025-11-04,25,BRpos,3.224
2025-11-04,25,BRneg,0.982
2025-11-04,26,BRpos,3.172
2025-11-04,26,BRneg,1.809
2025-11-04,27,BRpos,3.307
2025-11-04,27,BRneg,1.201
2025-11-04,28,BRpos,3.947
2025-11-04,28,BRneg,0.889
2025-11-04,29,BRpos,2.384
2025-11-04,29,BRneg,1.684
2025-11-04,30,BRpos,4.962
2025-11-04,30,BRneg,0.777
2025-11-04,31,BRpos,4.274
2025-11-04,31,BRneg,1.084
2025-11-04,32,BRpos,2.942
2025-11-04,32,BRneg,1.504
2025-11-04,33,BRpos,2.212
2025-11-04,33,BRneg,1.562
2025-11-04,34,BRpos,4.811
2025-11-04,34,BRneg,0.821
2025-11-04,35,BRpos,4.635
2025-11-04,35,BRneg,2.439
2025-11-04,36,BRpos,13.299
2025-11-04,36,BRneg,4.909
2025-11-04,37,BRpos,2.736
2025-11-04,37,BRneg,8.063
2025-11-04,38,BRpos,5.968
2025-11-04,38,BRneg,1.36
2025-11-04,39,BRpos,7.282
2025-11-04,39,BRneg,1.518
2025-11-04,40,BRpos,3.522
2025-11-04,40,BRneg,1.065
2025-11-04,41,BRpos,3.991
2025-11-04,41,BRneg,0.919
2025-11-04,42,BRpos,2.103
2025-11-04,42,BRneg,1.124
2025-11-04,43,BRpos,2.475
2025-11-04,43,BRneg,1.329
2025-11-04,44,BRpos,2.921
2025-11-04,44,BRneg,0.896
2025-11-04,45,BRpos,3.386
2025-11-04,45,BRneg,1.677
2025-11-04,46,BRpos,4.09
2025-11-04,46,BRneg,0.812
2025-11-04,47,BRpos,5.554
2025-11-04,47,BRneg,1.129
2025-11-04,48,BRpos,2.76
2025-11-04,48,BRneg,1.814
2025-11-05,1,BRpos,3.07
2025-11-05,1,BRneg,0.551
2025-11-05,2,BRpos,3.173
2025-11-05,2,BRneg,0.552
2025-11-05,3,BRpos,2.44
2025-11-05,3,BRneg,1.484
2025-11-05,4,BRpos,7.762
2025-11-05,4,BRneg,1.558
2025-11-05,5,BRpos,4.321
2025-11-05,5,BRneg,1.698
2025-11-05,6,BRpos,5.37
2025-11-05,6,BRneg,2.386
2025-11-05,7,BRpos,3.889
2025-11-05,7,BRneg,0.916
2025-11-05,8,BRpos,3.24
2025-11-05,8,BRneg,0.527
2025-11-05,9,BRpos,2.456
2025-11-05,9,BRneg,2.46
2025-11-05,10,BRpos,2.192
2025-11-05,10,BRneg,0.51
2025-11-05,11,BRpos,1.7
2025-11-05,11,BRneg,1.424
2025-11-05,12,BRpos,2.534
2025-11-05,12,BRneg,1.914
2025-11-05,13,BRpos,2.282
2025-11-05,13,BRneg,1.2
2025-11-05,14,BRpos,4.812
2025-11-05,14,BRneg,0.967
2025-11-05,15,BRpos,2.713
2025-11-05,15,BRneg,2.343
2025-11-05,16,BRpos,2.272
2025-11-05,16,BRneg,4.96
2025-11-05,17,BRpos,4.821
2025-11-05,17,BRneg,2.724
2025-11-05,18,BRpos,3.037
2025-11-05,18,BRneg,0.73
2025-11-05,19,BRpos,2.775
2025-11-05,19,BRneg,3.534
2025-11-05,20,BRpos,3.082
2025-11-05,20,BRneg,1.994
2025-11-05,21,BRpos,1.734
2025-11-05,21,BRneg,1.583
2025-11-05,22,BRpos,4.602
2025-11-05,22,BRneg,1.737
2025-11-05,23,BRpos,1.797
2025-11-05,23,BRneg,3.175
2025-11-05,24,BRpos,6.265
2025-11-05,24,BRneg,1.712
2025-11-05,25,BRpos,4.436
2025-11-05,25,BRneg,1.671
2025-11-05,26,BRpos,2.753
2025-11-05,26,BRneg,0.607
2025-11-05,27,BRpos,3.101
2025-11-05,27,BRneg,1.671
2025-11-05,28,BRpos,3.132
2025-11-05,28,BRneg,1.262
2025-11-05,29,BRpos,3.213
2025-11-05,29,BRneg,1.753
2025-11-05,30,BRpos,2.312
2025-11-05,30,BRneg,1.319
2025-11-05,31,BRpos,2.182
2025-11-05,31,BRneg,1.493
2025-11-05,32,BRpos,2.474
2025-11-05,32,BRneg,1.834
2025-11-05,33,BRpos,2.975
2025-11-05,33,BRneg,1.02
2025-11-05,34,BRpos,1.851
2025-11-05,34,BRneg,1.428
2025-11-05,35,BRpos,2.952
2025-11-05,35,BRneg,1.966
2025-11-05,36,BRpos,3.568
2025-11-05,36,BRneg,4.111
2025-11-05,37,BRpos,2.975
2025-11-05,37,BRneg,1.669
2025-11-05,38,BRpos,6.269
2025-11-05,38,BRneg,3.057
2025-11-05,39,BRpos,2.95
2025-11-05,39,BRneg,1.634
2025-11-05,40,BRpos,3.735
2025-11-05,40,BRneg,2.076
2025-11-05,41,BRpos,3.146
2025-11-05,41,BRneg,0.65
2025-11-05,42,BRpos,1.2
2025-11-05,42,BRneg,2.02
2025-11-05,43,BRpos,2.902
2025-11-05,43,BRneg,1.502
2025-11-05,44,BRpos,5.676
2025-11-05,44,BRneg,1.465
2025-11-05,45,BRpos,2.182
2025-11-05,45,BRneg,0.797
2025-11-05,46,BRpos,8.156
2025-11-05,46,BRneg,1.213
2025-11-05,47,BRpos,3.7
2025-11-05,47,BRneg,0.745
2025-11-05,48,BRpos,2.724
2025-11-05,48,BRneg,0.87
2025-11-06,1,BRpos,4.804
2025-11-06,1,BRneg,1.521
2025-11-06,2,BRpos,4.589
2025-11-06,2,BRneg,2.295
2025-11-06,3,BRpos,3.392
2025-11-06,3,BRneg,1.149
2025-11-06,4,BRpos,3.2
2025-11-06,4,BRneg,1.805
2025-11-06,5,BRpos,4.501
2025-11-06,5,BRneg,1.154
2025-11-06,6,BRpos,2.17
2025-11-06,6,BRneg,2.393
2025-11-06,7,BRpos,6.542
2025-11-06,7,BRneg,1.409
2025-11-06,8,BRpos,2.472
2025-11-06,8,BRneg,1.7
2025-11-06,9,BRpos,3.707
2025-11-06,9,BRneg,1.414
2025-11-06,10,BRpos,2.733
2025-11-06,10,BRneg,1.178
2025-11-06,11,BRpos,2.364
2025-11-06,11,BRneg,2.341
2025-11-06,12,BRpos,4.191
2025-11-06,12,BRneg,0.911
2025-11-06,13,BRpos,2.76
2025-11-06,13,BRneg,1.684
2025-11-06,14,BRpos,2.244
2025-11-06,14,BRneg,1.253
2025-11-06,15,BRpos,4.555
2025-11-06,15,BRneg,2.154
2025-11-06,16,BRpos,4.691
2025-11-06,16,BRneg,1.0
2025-11-06,17,BRpos,1.677
2025-11-06,17,BRneg,1.032
2025-11-06,18,BRpos,1.205
2025-11-06,18,BRneg,1.685
2025-11-06,19,BRpos,3.168
2025-11-06,19,BRneg,1.896
2025-11-06,20,BRpos,4.376
2025-11-06,20,BRneg,1.667
2025-11-06,21,BRpos,3.303
2025-11-06,21,BRneg,2.268
2025-11-06,22,BRpos,3.347
2025-11-06,22,BRneg,2.572
2025-11-06,23,BRpos,6.561
2025-11-06,23,BRneg,1.226
2025-11-06,24,BRpos,3.789
2025-11-06,24,BRneg,1.069
2025-11-06,25,BRpos,3.33
2025-11-06,25,BRneg,1.467
2025-11-06,26,BRpos,3.695
2025-11-06,26,BRneg,1.471
2025-11-06,27,BRpos,3.406
2025-11-06,27,BRneg,1.756
2025-11-06,28,BRpos,4.106
2025-11-06,28,BRneg,1.137
2025-11-06,29,BRpos,4.056
2025-11-06,29,BRneg,2.244
2025-11-06,30,BRpos,5.78
2025-11-06,30,BRneg,2.534
2025-11-06,31,BRpos,2.666
2025-11-06,31,BRneg,1.694
2025-11-06,32,BRpos,10.043
2025-11-06,32,BRneg,1.856
2025-11-06,33,BRpos,3.386
2025-11-06,33,BRneg,1.686
2025-11-06,34,BRpos,3.495
2025-11-06,34,BRneg,1.962
2025-11-06,35,BRpos,4.827
2025-11-06,35,BRneg,1.194
2025-11-06,36,BRpos,5.604
2025-11-06,36,BRneg,1.431
2025-11-06,37,BRpos,7.051
2025-11-06,37,BRneg,1.52
2025-11-06,38,BRpos,2.698
2025-11-06,38,BRneg,3.542
2025-11-06,39,BRpos,2.822
2025-11-06,39,BRneg,5.767
2025-11-06,40,BRpos,2.182
2025-11-06,40,BRneg,1.522
2025-11-06,41,BRpos,5.166
2025-11-06,41,BRneg,4.547
2025-11-06,42,BRpos,1.772
2025-11-06,42,BRneg,1.151
2025-11-06,43,BRpos,3.948
2025-11-06,43,BRneg,1.495
2025-11-06,44,BRpos,1.832
2025-11-06,44,BRneg,1.644
2025-11-06,45,BRpos,3.837
2025-11-06,45,BRneg,2.579
2025-11-06,46,BRpos,2.635
2025-11-06,46,BRneg,0.662
2025-11-06,47,BRpos,3.671
2025-11-06,47,BRneg,3.376
2025-11-06,48,BRpos,6.387
2025-11-06,48,BRneg,1.929
2025-11-07,1,BRpos,2.253
2025-11-07,1,BRneg,5.748
2025-11-07,2,BRpos,2.741
2025-11-07,2,BRneg,2.466
2025-11-07,3,BRpos,5.089
2025-11-07,3,BRneg,1.406
2025-11-07,4,BRpos,3.938
2025-11-07,4,BRneg,1.105
2025-11-07,5,BRpos,2.015
2025-11-07,5,BRneg,0.793
2025-11-07,6,BRpos,2.158
2025-11-07,6,BRneg,3.229
2025-11-07,7,BRpos,1.993
2025-11-07,7,BRneg,2.166
2025-11-07,8,BRpos,3.379
2025-11-07,8,BRneg,1.551
2025-11-07,9,BRpos,5.223
2025-11-07,9,BRneg,1.955
2025-11-07,10,BRpos,4.547
2025-11-07,10,BRneg,1.174
2025-11-07,11,BRpos,2.271
2025-11-07,11,BRneg,3.3
2025-11-07,12,BRpos,1.412
2025-11-07,12,BRneg,1.359
2025-11-07,13,BRpos,5.503
2025-11-07,13,BRneg,1.143
2025-11-07,14,BRpos,3.718
2025-11-07,14,BRneg,0.931
2025-11-07,15,BRpos,3.655
2025-11-07,15,BRneg,1.784
2025-11-07,16,BRpos,2.611
2025-11-07,16,BRneg,2.348
2025-11-07,17,BRpos,5.077
2025-11-07,17,BRneg,1.99
2025-11-07,18,BRpos,4.165
2025-11-07,18,BRneg,4.082
2025-11-07,19,BRpos,2.193
2025-11-07,19,BRneg,1.397
2025-11-07,20,BRpos,3.786
2025-11-07,20,BRneg,1.178
2025-11-07,21,BRpos,3.685
2025-11-07,21,BRneg,0.848
2025-11-07,22,BRpos,1.95
2025-11-07,22,BRneg,1.036
2025-11-07,23,BRpos,2.649
2025-11-07,23,BRneg,2.214
2025-11-07,24,BRpos,1.236
2025-11-07,24,BRneg,1.673
2025-11-07,25,BRpos,3.695
2025-11-07,25,BRneg,1.031
2025-11-07,26,BRpos,1.416
2025-11-07,26,BRneg,1.096
2025-11-07,27,BRpos,2.863
2025-11-07,27,BRneg,2.156
2025-11-07,28,BRpos,4.915
2025-11-07,28,BRneg,1.344
2025-11-07,29,BRpos,4.538
2025-11-07,29,BRneg,1.018
2025-11-07,30,BRpos,4.692
2025-11-07,30,BRneg,1.352
2025-11-07,31,BRpos,1.595
2025-11-07,31,BRneg,1.176
2025-11-07,32,BRpos,5.017
2025-11-07,32,BRneg,2.173
2025-11-07,33,BRpos,9.469
2025-11-07,33,BRneg,1.106
2025-11-07,34,BRpos,2.501
2025-11-07,34,BRneg,2.686
2025-11-07,35,BRpos,2.534
2025-11-07,35,BRneg,4.015
2025-11-07,36,BRpos,2.575
2025-11-07,36,BRneg,1.885
2025-11-07,37,BRpos,3.563
2025-11-07,37,BRneg,4.133
2025-11-07,38,BRpos,10.327
2025-11-07,38,BRneg,4.921
2025-11-07,39,BRpos,3.66
2025-11-07,39,BRneg,2.554
2025-11-07,40,BRpos,2.952
2025-11-07,40,BRneg,1.338
2025-11-07,41,BRpos,1.896
2025-11-07,41,BRneg,2.07
2025-11-07,42,BRpos,1.709
2025-11-07,42,BRneg,0.563
2025-11-07,43,BRpos,2.801
2025-11-07,43,BRneg,1.046
2025-11-07,44,BRpos,4.273
2025-11-07,44,BRneg,1.975
2025-11-07,45,BRpos,1.735
2025-11-07,45,BRneg,2.246
2025-11-07,46,BRpos,4.466
2025-11-07,46,BRneg,1.255
2025-11-07,47,BRpos,1.683
2025-11-07,47,BRneg,1.151
2025-11-07,48,BRpos,2.36
2025-11-07,48,BRneg,2.056
2025-11-08,1,BRpos,2.319
2025-11-08,1,BRneg,1.639
2025-11-08,2,BRpos,3.726
2025-11-08,2,BRneg,1.518
2025-11-08,3,BRpos,1.574
2025-11-08,3,BRneg,1.449
2025-11-08,4,BRpos,3.794
2025-11-08,4,BRneg,1.929
2025-11-08,5,BRpos,2.776
2025-11-08,5,BRneg,1.55
2025-11-08,6,BRpos,1.753
2025-11-08,6,BRneg,1.351
2025-11-08,7,BRpos,5.6
2025-11-08,7,BRneg,0.659
2025-11-08,8,BRpos,3.003
2025-11-08,8,BRneg,1.953
2025-11-08,9,BRpos,1.507
2025-11-08,9,BRneg,0.946
2025-11-08,10,BRpos,3.661
2025-11-08,10,BRneg,2.007
2025-11-08,11,BRpos,2.802
2025-11-08,11,BRneg,1.396
2025-11-08,12,BRpos,2.36
2025-11-08,12,BRneg,2.517
2025-11-08,13,BRpos,2.436
2025-11-08,13,BRneg,1.241
2025-11-08,14,BRpos,2.152
2025-11-08,14,BRneg,1.914
2025-11-08,15,BRpos,2.564
2025-11-08,15,BRneg,0.924
2025-11-08,16,BRpos,2.749
2025-11-08,16,BRneg,0.572
2025-11-08,17,BRpos,3.27
2025-11-08,17,BRneg,2.338
2025-11-08,18,BRpos,6.357
2025-11-08,18,BRneg,1.691
2025-11-08,19,BRpos,2.69
2025-11-08,19,BRneg,0.989
2025-11-08,20,BRpos,6.442
2025-11-08,20,BRneg,0.672
2025-11-08,21,BRpos,3.39
2025-11-08,21,BRneg,0.996
2025-11-08,22,BRpos,3.867
2025-11-08,22,BRneg,3.105
2025-11-08,23,BRpos,2.777
2025-11-08,23,BRneg,0.731
2025-11-08,24,BRpos,4.873
2025-11-08,24,BRneg,0.946
2025-11-08,25,BRpos,1.025
2025-11-08,25,BRneg,2.091
2025-11-08,26,BRpos,1.407
2025-11-08,26,BRneg,1.668
2025-11-08,27,BRpos,2.47
2025-11-08,27,BRneg,2.124
2025-11-08,28,BRpos,2.034
2025-11-08,28,BRneg,1.539
2025-11-08,29,BRpos,2.075
2025-11-08,29,BRneg,1.393
2025-11-08,30,BRpos,1.474
2025-11-08,30,BRneg,1.038
2025-11-08,31,BRpos,3.494
2025-11-08,31,BRneg,2.555
2025-11-08,32,BRpos,2.046
2025-11-08,32,BRneg,1.285
2025-11-08,33,BRpos,3.597
2025-11-08,33,BRneg,0.666
2025-11-08,34,BRpos,5.33
2025-11-08,34,BRneg,4.834
2025-11-08,35,BRpos,4.747
2025-11-08,35,BRneg,2.275
2025-11-08,36,BRpos,6.63
2025-11-08,36,BRneg,2.015
2025-11-08,37,BRpos,7.937
2025-11-08,37,BRneg,2.447
2025-11-08,38,BRpos,4.318
2025-11-08,38,BRneg,2.036
2025-11-08,39,BRpos,9.097
2025-11-08,39,BRneg,2.223
2025-11-08,40,BRpos,1.609
2025-11-08,40,BRneg,1.084
2025-11-08,41,BRpos,3.404
2025-11-08,41,BRneg,1.094
2025-11-08,42,BRpos,3.363
2025-11-08,42,BRneg,1.526
2025-11-08,43,BRpos,6.303
2025-11-08,43,BRneg,2.698
2025-11-08,44,BRpos,2.244
2025-11-08,44,BRneg,1.072
2025-11-08,45,BRpos,1.76
2025-11-08,45,BRneg,2.589
2025-11-08,46,BRpos,1.885
2025-11-08,46,BRneg,0.804
2025-11-08,47,BRpos,5.157
2025-11-08,47,BRneg,2.011
2025-11-08,48,BRpos,2.754
2025-11-08,48,BRneg,1.044
2025-11-09,1,BRpos,3.587
2025-11-09,1,BRneg,1.393
2025-11-09,2,BRpos,1.455
2025-11-09,2,BRneg,1.701
2025-11-09,3,BRpos,1.89
2025-11-09,3,BRneg,2.338
2025-11-09,4,BRpos,2.989
2025-11-09,4,BRneg,1.284
2025-11-09,5,BRpos,2.674
2025-11-09,5,BRneg,1.407
2025-11-09,6,BRpos,5.498
2025-11-09,6,BRneg,4.46
2025-11-09,7,BRpos,1.209
2025-11-09,7,BRneg,1.335
2025-11-09,8,BRpos,4.899
2025-11-09,8,BRneg,0.679
2025-11-09,9,BRpos,2.894
2025-11-09,9,BRneg,2.388
2025-11-09,10,BRpos,4.422
2025-11-09,10,BRneg,2.522
2025-11-09,11,BRpos,1.765
2025-11-09,11,BRneg,1.239
2025-11-09,12,BRpos,1.702
2025-11-09,12,BRneg,1.977
2025-11-09,13,BRpos,1.493
2025-11-09,13,BRneg,1.854
2025-11-09,14,BRpos,1.943
2025-11-09,14,BRneg,3.703
2025-11-09,15,BRpos,2.585
2025-11-09,15,BRneg,1.067
2025-11-09,16,BRpos,2.535
2025-11-09,16,BRneg,1.356
2025-11-09,17,BRpos,4.97
2025-11-09,17,BRneg,2.027
2025-11-09,18,BRpos,1.854
2025-11-09,18,BRneg,0.761
2025-11-09,19,BRpos,3.532
2025-11-09,19,BRneg,0.916
2025-11-09,20,BRpos,3.072
2025-11-09,20,BRneg,1.878
2025-11-09,21,BRpos,6.191
2025-11-09,21,BRneg,1.82
2025-11-09,22,BRpos,3.313
2025-11-09,22,BRneg,0.832
2025-11-09,23,BRpos,6.595
2025-11-09,23,BRneg,2.171
2025-11-09,24,BRpos,3.272
2025-11-09,24,BRneg,0.76
2025-11-09,25,BRpos,3.635
2025-11-09,25,BRneg,2.217
2025-11-09,26,BRpos,3.638
2025-11-09,26,BRneg,1.532
2025-11-09,27,BRpos,2.281
2025-11-09,27,BRneg,0.587
2025-11-09,28,BRpos,3.236
2025-11-09,28,BRneg,0.517
2025-11-09,29,BRpos,12.759
2025-11-09,29,BRneg,1.02
2025-11-09,30,BRpos,4.381
2025-11-09,30,BRneg,1.029
2025-11-09,31,BRpos,2.64
2025-11-09,31,BRneg,2.83
2025-11-09,32,BRpos,2.445
2025-11-09,32,BRneg,1.306
2025-11-09,33,BRpos,3.979
2025-11-09,33,BRneg,0.669
2025-11-09,34,BRpos,6.213
2025-11-09,34,BRneg,6.653
2025-11-09,35,BRpos,3.781
2025-11-09,35,BRneg,2.672
2025-11-09,36,BRpos,3.03
2025-11-09,36,BRneg,2.698
2025-11-09,37,BRpos,3.539
2025-11-09,37,BRneg,3.348
2025-11-09,38,BRpos,7.868
2025-11-09,38,BRneg,1.951
2025-11-09,39,BRpos,2.948
2025-11-09,39,BRneg,2.27
2025-11-09,40,BRpos,4.899
2025-11-09,40,BRneg,4.243
2025-11-09,41,BRpos,3.527
2025-11-09,41,BRneg,2.684
2025-11-09,42,BRpos,1.166
2025-11-09,42,BRneg,0.867
2025-11-09,43,BRpos,4.271
2025-11-09,43,BRneg,0.938
2025-11-09,44,BRpos,2.495
2025-11-09,44,BRneg,1.193
2025-11-09,45,BRpos,4.766
2025-11-09,45,BRneg,2.144
2025-11-09,46,BRpos,4.411
2025-11-09,46,BRneg,1.619
2025-11-09,47,BRpos,3.041
2025-11-09,47,BRneg,1.569
2025-11-09,48,BRpos,5.984
2025-11-09,48,BRneg,2.288
2025-11-10,1,BRpos,3.438
2025-11-10,1,BRneg,0.887
2025-11-10,2,BRpos,5.406
2025-11-10,2,BRneg,3.143
2025-11-10,3,BRpos,1.929
2025-11-10,3,BRneg,0.938
2025-11-10,4,BRpos,1.941
2025-11-10,4,BRneg,1.876
2025-11-10,5,BRpos,2.406
2025-11-10,5,BRneg,0.74
2025-11-10,6,BRpos,4.809
2025-11-10,6,BRneg,1.424
2025-11-10,7,BRpos,2.693
2025-11-10,7,BRneg,1.013
2025-11-10,8,BRpos,3.265
2025-11-10,8,BRneg,1.569
2025-11-10,9,BRpos,1.955
2025-11-10,9,BRneg,0.356
2025-11-10,10,BRpos,5.302
2025-11-10,10,BRneg,1.485
2025-11-10,11,BRpos,1.034
2025-11-10,11,BRneg,1.45
2025-11-10,12,BRpos,4.785
2025-11-10,12,BRneg,2.702
2025-11-10,13,BRpos,0.646
2025-11-10,13,BRneg,1.644
2025-11-10,14,BRpos,4.465
2025-11-10,14,BRneg,1.53
2025-11-10,15,BRpos,2.843
2025-11-10,15,BRneg,1.018
2025-11-10,16,BRpos,3.673
2025-11-10,16,BRneg,0.961
2025-11-10,17,BRpos,5.306
2025-11-10,17,BRneg,1.283
2025-11-10,18,BRpos,2.311
2025-11-10,18,BRneg,0.892
2025-11-10,19,BRpos,3.603
2025-11-10,19,BRneg,1.299
2025-11-10,20,BRpos,2.668
2025-11-10,20,BRneg,1.257
2025-11-10,21,BRpos,1.356
2025-11-10,21,BRneg,1.581
2025-11-10,22,BRpos,3.059
2025-11-10,22,BRneg,3.171
2025-11-10,23,BRpos,1.669
2025-11-10,23,BRneg,0.62
2025-11-10,24,BRpos,6.678
2025-11-10,24,BRneg,1.03
2025-11-10,25,BRpos,1.946
2025-11-10,25,BRneg,1.281
2025-11-10,26,BRpos,4.997
2025-11-10,26,BRneg,0.798
2025-11-10,27,BRpos,8.984
2025-11-10,27,BRneg,1.986
2025-11-10,28,BRpos,4.023
2025-11-10,28,BRneg,2.024
2025-11-10,29,BRpos,2.604
2025-11-10,29,BRneg,1.972
2025-11-10,30,BRpos,2.958
2025-11-10,30,BRneg,1.809
2025-11-10,31,BRpos,3.149
2025-11-10,31,BRneg,1.216
2025-11-10,32,BRpos,1.76
2025-11-10,32,BRneg,1.474
2025-11-10,33,BRpos,2.677
2025-11-10,33,BRneg,0.771
2025-11-10,34,BRpos,3.344
2025-11-10,34,BRneg,1.747
2025-11-10,35,BRpos,3.174
2025-11-10,35,BRneg,1.64
2025-11-10,36,BRpos,5.548
2025-11-10,36,BRneg,3.474
2025-11-10,37,BRpos,5.581
2025-11-10,37,BRneg,3.016
2025-11-10,38,BRpos,2.351
2025-11-10,38,BRneg,3.853
2025-11-10,39,BRpos,5.723
2025-11-10,39,BRneg,3.318
2025-11-10,40,BRpos,2.261
2025-11-10,40,BRneg,1.78
2025-11-10,41,BRpos,5.701
2025-11-10,41,BRneg,2.271
2025-11-10,42,BRpos,2.78
2025-11-10,42,BRneg,3.121
2025-11-10,43,BRpos,3.789
2025-11-10,43,BRneg,1.682
2025-11-10,44,BRpos,2.439
2025-11-10,44,BRneg,2.189
2025-11-10,45,BRpos,5.916
2025-11-10,45,BRneg,1.203
2025-11-10,46,BRpos,5.651
2025-11-10,46,BRneg,0.848
2025-11-10,47,BRpos,2.662
2025-11-10,47,BRneg,1.331
2025-11-10,48,BRpos,1.438
2025-11-10,48,BRneg,1.812
2025-11-11,1,BRpos,2.587
2025-11-11,1,BRneg,1.056
2025-11-11,2,BRpos,3.091
2025-11-11,2,BRneg,1.402
2025-11-11,3,BRpos,4.437
2025-11-11,3,BRneg,1.673
2025-11-11,4,BRpos,3.179
2025-11-11,4,BRneg,2.361
2025-11-11,5,BRpos,2.765
2025-11-11,5,BRneg,2.051
2025-11-11,6,BRpos,3.153
2025-11-11,6,BRneg,0.785
2025-11-11,7,BRpos,5.271
2025-11-11,7,BRneg,1.331
2025-11-11,8,BRpos,2.484
2025-11-11,8,BRneg,1.23
2025-11-11,9,BRpos,1.584
2025-11-11,9,BRneg,3.64
2025-11-11,10,BRpos,3.175
2025-11-11,10,BRneg,1.102
2025-11-11,11,BRpos,3.384
2025-11-11,11,BRneg,2.244
2025-11-11,12,BRpos,1.021
2025-11-11,12,BRneg,1.55
2025-11-11,13,BRpos,5.504
2025-11-11,13,BRneg,2.569
2025-11-11,14,BRpos,4.303
2025-11-11,14,BRneg,1.79
2025-11-11,15,BRpos,4.313
2025-11-11,15,BRneg,1.009
2025-11-11,16,BRpos,3.334
2025-11-11,16,BRneg,1.31
2025-11-11,17,BRpos,3.566
2025-11-11,17,BRneg,2.31
2025-11-11,18,BRpos,3.084
2025-11-11,18,BRneg,1.126
2025-11-11,19,BRpos,2.293
2025-11-11,19,BRneg,1.215
2025-11-11,20,BRpos,3.465
2025-11-11,20,BRneg,3.47
2025-11-11,21,BRpos,5.494
2025-11-11,21,BRneg,1.488
2025-11-11,22,BRpos,2.73
2025-11-11,22,BRneg,2.21
2025-11-11,23,BRpos,2.128
2025-11-11,23,BRneg,2.737
2025-11-11,24,BRpos,2.308
2025-11-11,24,BRneg,0.782
2025-11-11,25,BRpos,4.153
2025-11-11,25,BRneg,1.965
2025-11-11,26,BRpos,5.773
2025-11-11,26,BRneg,1.237
2025-11-11,27,BRpos,2.937
2025-11-11,27,BRneg,0.837
2025-11-11,28,BRpos,2.331
2025-11-11,28,BRneg,3.384
2025-11-11,29,BRpos,3.12
2025-11-11,29,BRneg,0.509
2025-11-11,30,BRpos,2.277
2025-11-11,30,BRneg,0.82
2025-11-11,31,BRpos,10.129
2025-11-11,31,BRneg,1.581
2025-11-11,32,BRpos,7.569
2025-11-11,32,BRneg,2.329
2025-11-11,33,BRpos,2.511
2025-11-11,33,BRneg,0.849
2025-11-11,34,BRpos,5.856
2025-11-11,34,BRneg,2.092
2025-11-11,35,BRpos,8.696
2025-11-11,35,BRneg,1.439
2025-11-11,36,BRpos,6.868
2025-11-11,36,BRneg,1.703
2025-11-11,37,BRpos,9.47
2025-11-11,37,BRneg,3.462
2025-11-11,38,BRpos,3.048
2025-11-11,38,BRneg,4.364
2025-11-11,39,BRpos,5.621
2025-11-11,39,BRneg,2.854
2025-11-11,40,BRpos,3.25
2025-11-11,40,BRneg,3.018
2025-11-11,41,BRpos,2.338
2025-11-11,41,BRneg,1.092
2025-11-11,42,BRpos,3.608
2025-11-11,42,BRneg,1.294
2025-11-11,43,BRpos,5.948
2025-11-11,43,BRneg,0.686
2025-11-11,44,BRpos,3.914
2025-11-11,44,BRneg,1.413
2025-11-11,45,BRpos,4.111
2025-11-11,45,BRneg,1.762
2025-11-11,46,BRpos,3.76
2025-11-11,46,BRneg,2.828
2025-11-11,47,BRpos,1.59
2025-11-11,47,BRneg,2.439
2025-11-11,48,BRpos,4.633
2025-11-11,48,BRneg,1.806
2025-11-12,1,BRpos,3.619
2025-11-12,1,BRneg,1.956
2025-11-12,2,BRpos,1.835
2025-11-12,2,BRneg,0.701
2025-11-12,3,BRpos,3.098
2025-11-12,3,BRneg,2.112
2025-11-12,4,BRpos,6.082
2025-11-12,4,BRneg,1.808
2025-11-12,5,BRpos,3.492
2025-11-12,5,BRneg,2.748
2025-11-12,6,BRpos,3.254
2025-11-12,6,BRneg,1.541
2025-11-12,7,BRpos,3.036
2025-11-12,7,BRneg,3.107
2025-11-12,8,BRpos,3.156
2025-11-12,8,BRneg,1.462
2025-11-12,9,BRpos,2.982
2025-11-12,9,BRneg,1.827
2025-11-12,10,BRpos,2.857
2025-11-12,10,BRneg,0.892
2025-11-12,11,BRpos,4.057
2025-11-12,11,BRneg,2.396
2025-11-12,12,BRpos,2.777
2025-11-12,12,BRneg,1.381
2025-11-12,13,BRpos,3.166
2025-11-12,13,BRneg,0.734
2025-11-12,14,BRpos,6.222
2025-11-12,14,BRneg,0.991
2025-11-12,15,BRpos,2.051
2025-11-12,15,BRneg,0.893
2025-11-12,16,BRpos,4.485
2025-11-12,16,BRneg,1.101
2025-11-12,17,BRpos,5.322
2025-11-12,17,BRneg,0.668
2025-11-12,18,BRpos,6.91
2025-11-12,18,BRneg,2.419
2025-11-12,19,BRpos,5.581
2025-11-12,19,BRneg,1.35
2025-11-12,20,BRpos,3.996
2025-11-12,20,BRneg,1.016
2025-11-12,21,BRpos,3.389
2025-11-12,21,BRneg,3.432
2025-11-12,22,BRpos,6.382
2025-11-12,22,BRneg,1.108
2025-11-12,23,BRpos,4.77
2025-11-12,23,BRneg,3.016
2025-11-12,24,BRpos,5.034
2025-11-12,24,BRneg,2.927
2025-11-12,25,BRpos,4.965
2025-11-12,25,BRneg,0.979
2025-11-12,26,BRpos,2.613
2025-11-12,26,BRneg,2.077
2025-11-12,27,BRpos,4.139
2025-11-12,27,BRneg,2.727
2025-11-12,28,BRpos,2.738
2025-11-12,28,BRneg,2.641
2025-11-12,29,BRpos,2.703
2025-11-12,29,BRneg,2.195
2025-11-12,30,BRpos,2.908
2025-11-12,30,BRneg,2.892
2025-11-12,31,BRpos,4.499
2025-11-12,31,BRneg,0.794
2025-11-12,32,BRpos,1.466
2025-11-12,32,BRneg,0.659
2025-11-12,33,BRpos,3.354
2025-11-12,33,BRneg,1.271
2025-11-12,34,BRpos,7.299
2025-11-12,34,BRneg,5.642
2025-11-12,35,BRpos,5.939
2025-11-12,35,BRneg,3.105
2025-11-12,36,BRpos,9.88
2025-11-12,36,BRneg,5.481
2025-11-12,37,BRpos,5.76
2025-11-12,37,BRneg,0.662
2025-11-12,38,BRpos,14.325
2025-11-12,38,BRneg,2.803
2025-11-12,39,BRpos,6.106
2025-11-12,39,BRneg,1.503
2025-11-12,40,BRpos,2.548
2025-11-12,40,BRneg,1.381
2025-11-12,41,BRpos,4.169
2025-11-12,41,BRneg,0.961
2025-11-12,42,BRpos,4.695
2025-11-12,42,BRneg,0.629
2025-11-12,43,BRpos,2.544
2025-11-12,43,BRneg,1.392
2025-11-12,44,BRpos,3.934
2025-11-12,44,BRneg,2.484
2025-11-12,45,BRpos,2.78
2025-11-12,45,BRneg,0.663
2025-11-12,46,BRpos,1.315
2025-11-12,46,BRneg,0.856
2025-11-12,47,BRpos,3.756
2025-11-12,47,BRneg,0.536
2025-11-12,48,BRpos,2.652
2025-11-12,48,BRneg,1.312
2025-11-13,1,BRpos,2.547
2025-11-13,1,BRneg,2.627
2025-11-13,2,BRpos,2.371
2025-11-13,2,BRneg,1.134
2025-11-13,3,BRpos,3.051
2025-11-13,3,BRneg,1.121
2025-11-13,4,BRpos,2.034
2025-11-13,4,BRneg,1.46
2025-11-13,5,BRpos,1.55
2025-11-13,5,BRneg,1.775
2025-11-13,6,BRpos,1.509
2025-11-13,6,BRneg,1.629
2025-11-13,7,BRpos,3.861
2025-11-13,7,BRneg,1.286
2025-11-13,8,BRpos,3.629
2025-11-13,8,BRneg,1.223
2025-11-13,9,BRpos,3.084
2025-11-13,9,BRneg,1.162
2025-11-13,10,BRpos,3.26
2025-11-13,10,BRneg,1.3
2025-11-13,11,BRpos,4.112
2025-11-13,11,BRneg,1.401
2025-11-13,12,BRpos,4.723
2025-11-13,12,BRneg,0.976
2025-11-13,13,BRpos,3.16
2025-11-13,13,BRneg,1.175
2025-11-13,14,BRpos,1.626
2025-11-13,14,BRneg,1.014
2025-11-13,15,BRpos,3.227
2025-11-13,15,BRneg,1.602
2025-11-13,16,BRpos,0.979
2025-11-13,16,BRneg,1.481
2025-11-13,17,BRpos,3.557
2025-11-13,17,BRneg,0.947
2025-11-13,18,BRpos,10.803
2025-11-13,18,BRneg,1.206
2025-11-13,19,BRpos,2.197
2025-11-13,19,BRneg,1.576
2025-11-13,20,BRpos,4.229
2025-11-13,20,BRneg,1.006
2025-11-13,21,BRpos,1.425
2025-11-13,21,BRneg,3.09
2025-11-13,22,BRpos,4.121
2025-11-13,22,BRneg,1.42
2025-11-13,23,BRpos,1.175
2025-11-13,23,BRneg,1.557
2025-11-13,24,BRpos,2.729
2025-11-13,24,BRneg,2.371
2025-11-13,25,BRpos,2.19
2025-11-13,25,BRneg,1.434
2025-11-13,26,BRpos,4.322
2025-11-13,26,BRneg,1.347
2025-11-13,27,BRpos,2.641
2025-11-13,27,BRneg,1.12
2025-11-13,28,BRpos,2.827
2025-11-13,28,BRneg,0.397
2025-11-13,29,BRpos,2.514
2025-11-13,29,BRneg,0.783
2025-11-13,30,BRpos,2.768
2025-11-13,30,BRneg,0.941
2025-11-13,31,BRpos,5.955
2025-11-13,31,BRneg,1.57
2025-11-13,32,BRpos,5.43
2025-11-13,32,BRneg,2.286
2025-11-13,33,BRpos,3.448
2025-11-13,33,BRneg,1.427
2025-11-13,34,BRpos,3.681
2025-11-13,34,BRneg,3.412
2025-11-13,35,BRpos,8.919
2025-11-13,35,BRneg,2.013
2025-11-13,36,BRpos,5.598
2025-11-13,36,BRneg,4.144
2025-11-13,37,BRpos,3.996
2025-11-13,37,BRneg,3.076
2025-11-13,38,BRpos,11.392
2025-11-13,38,BRneg,1.335
2025-11-13,39,BRpos,4.444
2025-11-13,39,BRneg,3.338
2025-11-13,40,BRpos,1.94
2025-11-13,40,BRneg,1.345
2025-11-13,41,BRpos,3.737
2025-11-13,41,BRneg,0.525
2025-11-13,42,BRpos,3.283
2025-11-13,42,BRneg,1.955
2025-11-13,43,BRpos,5.654
2025-11-13,43,BRneg,1.018
2025-11-13,44,BRpos,3.972
2025-11-13,44,BRneg,1.462
2025-11-13,45,BRpos,4.189
2025-11-13,45,BRneg,2.745
2025-11-13,46,BRpos,1.619
2025-11-13,46,BRneg,1.779
2025-11-13,47,BRpos,2.171
2025-11-13,47,BRneg,1.544
2025-11-13,48,BRpos,2.422
2025-11-13,48,BRneg,1.026
2025-11-14,1,BRpos,4.999
2025-11-14,1,BRneg,1.628
2025-11-14,2,BRpos,6.887
2025-11-14,2,BRneg,1.616
2025-11-14,3,BRpos,3.806
2025-11-14,3,BRneg,1.192
2025-11-14,4,BRpos,4.678
2025-11-14,4,BRneg,2.345
2025-11-14,5,BRpos,2.183
2025-11-14,5,BRneg,1.38
2025-11-14,6,BRpos,4.754
2025-11-14,6,BRneg,0.994
2025-11-14,7,BRpos,1.518
2025-11-14,7,BRneg,1.673
2025-11-14,8,BRpos,1.644
2025-11-14,8,BRneg,2.442
2025-11-14,9,BRpos,3.373
2025-11-14,9,BRneg,0.816
2025-11-14,10,BRpos,1.536
2025-11-14,10,BRneg,3.01
2025-11-14,11,BRpos,2.863
2025-11-14,11,BRneg,1.053
2025-11-14,12,BRpos,2.29
2025-11-14,12,BRneg,1.618
2025-11-14,13,BRpos,2.638
2025-11-14,13,BRneg,1.526
2025-11-14,14,BRpos,3.234
2025-11-14,14,BRneg,1.077
2025-11-14,15,BRpos,4.478
2025-11-14,15,BRneg,0.77
2025-11-14,16,BRpos,5.423
2025-11-14,16,BRneg,1.129
2025-11-14,17,BRpos,6.719
2025-11-14,17,BRneg,0.739
2025-11-14,18,BRpos,3.317
2025-11-14,18,BRneg,2.118
2025-11-14,19,BRpos,1.496
2025-11-14,19,BRneg,1.206
2025-11-14,20,BRpos,2.005
2025-11-14,20,BRneg,1.551
2025-11-14,21,BRpos,2.347
2025-11-14,21,BRneg,2.738
2025-11-14,22,BRpos,2.039
2025-11-14,22,BRneg,1.111
2025-11-14,23,BRpos,5.709
2025-11-14,23,BRneg,1.627
2025-11-14,24,BRpos,6.097
2025-11-14,24,BRneg,0.705
2025-11-14,25,BRpos,4.333
2025-11-14,25,BRneg,1.393
2025-11-14,26,BRpos,2.238
2025-11-14,26,BRneg,0.788
2025-11-14,27,BRpos,3.393
2025-11-14,27,BRneg,1.934
2025-11-14,28,BRpos,3.025
2025-11-14,28,BRneg,1.743
2025-11-14,29,BRpos,6.604
2025-11-14,29,BRneg,2.274
2025-11-14,30,BRpos,7.055
2025-11-14,30,BRneg,1.008
2025-11-14,31,BRpos,2.468
2025-11-14,31,BRneg,2.393
2025-11-14,32,BRpos,3.028
2025-11-14,32,BRneg,1.654
2025-11-14,33,BRpos,3.574
2025-11-14,33,BRneg,2.77
2025-11-14,34,BRpos,6.604
2025-11-14,34,BRneg,1.803
2025-11-14,35,BRpos,3.372
2025-11-14,35,BRneg,2.783
2025-11-14,36,BRpos,3.77
2025-11-14,36,BRneg,1.89
2025-11-14,37,BRpos,8.041
2025-11-14,37,BRneg,4.714
2025-11-14,38,BRpos,7.174
2025-11-14,38,BRneg,3.453
2025-11-14,39,BRpos,3.887
2025-11-14,39,BRneg,2.089
2025-11-14,40,BRpos,3.818
2025-11-14,40,BRneg,0.922
2025-11-14,41,BRpos,2.999
2025-11-14,41,BRneg,2.59
2025-11-14,42,BRpos,2.01
2025-11-14,42,BRneg,0.859
2025-11-14,43,BRpos,3.392
2025-11-14,43,BRneg,1.388
2025-11-14,44,BRpos,2.696
2025-11-14,44,BRneg,1.589
2025-11-14,45,BRpos,2.002
2025-11-14,45,BRneg,2.231
2025-11-14,46,BRpos,3.151
2025-11-14,46,BRneg,2.172
2025-11-14,47,BRpos,4.512
2025-11-14,47,BRneg,1.023
2025-11-14,48,BRpos,1.835
2025-11-14,48,BRneg,2.006
2025-11-15,1,BRpos,6.665
2025-11-15,1,BRneg,1.716
2025-11-15,2,BRpos,3.112
2025-11-15,2,BRneg,1.66
2025-11-15,3,BRpos,4.428
2025-11-15,3,BRneg,1.772
2025-11-15,4,BRpos,2.575
2025-11-15,4,BRneg,2.911
2025-11-15,5,BRpos,5.778
2025-11-15,5,BRneg,3.326
2025-11-15,6,BRpos,4.556
2025-11-15,6,BRneg,0.73
2025-11-15,7,BRpos,2.567
2025-11-15,7,BRneg,0.876
2025-11-15,8,BRpos,5.322
2025-11-15,8,BRneg,1.085
2025-11-15,9,BRpos,4.284
2025-11-15,9,BRneg,1.846
2025-11-15,10,BRpos,1.925
2025-11-15,10,BRneg,2.261
2025-11-15,11,BRpos,2.35
2025-11-15,11,BRneg,1.964
2025-11-15,12,BRpos,4.534
2025-11-15,12,BRneg,0.875
2025-11-15,13,BRpos,2.369
2025-11-15,13,BRneg,1.555
2025-11-15,14,BRpos,6.003
2025-11-15,14,BRneg,2.803
2025-11-15,15,BRpos,3.321
2025-11-15,15,BRneg,2.697
2025-11-15,16,BRpos,2.881
2025-11-15,16,BRneg,0.554
2025-11-15,17,BRpos,4.634
2025-11-15,17,BRneg,1.198
2025-11-15,18,BRpos,1.892
2025-11-15,18,BRneg,1.918
2025-11-15,19,BRpos,6.014
2025-11-15,19,BRneg,1.678
2025-11-15,20,BRpos,3.665
2025-11-15,20,BRneg,1.201
2025-11-15,21,BRpos,5.171
2025-11-15,21,BRneg,1.984
2025-11-15,22,BRpos,4.769
2025-11-15,22,BRneg,0.793
2025-11-15,23,BRpos,5.502
2025-11-15,23,BRneg,1.3
2025-11-15,24,BRpos,2.844
2025-11-15,24,BRneg,1.346
2025-11-15,25,BRpos,5.681
2025-11-15,25,BRneg,0.793
2025-11-15,26,BRpos,3.249
2025-11-15,26,BRneg,3.138
2025-11-15,27,BRpos,3.641
2025-11-15,27,BRneg,1.372
2025-11-15,28,BRpos,2.163
2025-11-15,28,BRneg,1.313
2025-11-15,29,BRpos,3.995
2025-11-15,29,BRneg,2.966
2025-11-15,30,BRpos,2.262
2025-11-15,30,BRneg,0.83
2025-11-15,31,BRpos,3.522
2025-11-15,31,BRneg,1.069
2025-11-15,32,BRpos,4.178
2025-11-15,32,BRneg,0.782
2025-11-15,33,BRpos,3.542
2025-11-15,33,BRneg,1.43
2025-11-15,34,BRpos,3.662
2025-11-15,34,BRneg,4.567
2025-11-15,35,BRpos,4.536
2025-11-15,35,BRneg,2.461
2025-11-15,36,BRpos,3.237
2025-11-15,36,BRneg,1.501
2025-11-15,37,BRpos,7.31
2025-11-15,37,BRneg,2.476
2025-11-15,38,BRpos,5.077
2025-11-15,38,BRneg,3.564
2025-11-15,39,BRpos,3.163
2025-11-15,39,BRneg,1.294
2025-11-15,40,BRpos,3.09
2025-11-15,40,BRneg,1.231
2025-11-15,41,BRpos,2.234
2025-11-15,41,BRneg,1.201
2025-11-15,42,BRpos,3.592
2025-11-15,42,BRneg,0.344
2025-11-15,43,BRpos,2.036
2025-11-15,43,BRneg,2.358
2025-11-15,44,BRpos,6.523
2025-11-15,44,BRneg,1.019
2025-11-15,45,BRpos,1.883
2025-11-15,45,BRneg,1.513
2025-11-15,46,BRpos,6.665
2025-11-15,46,BRneg,1.143
2025-11-15,47,BRpos,9.664
2025-11-15,47,BRneg,0.971
2025-11-15,48,BRpos,3.025
2025-11-15,48,BRneg,4.527
2025-11-16,1,BRpos,2.419
2025-11-16,1,BRneg,1.412
2025-11-16,2,BRpos,3.397
2025-11-16,2,BRneg,0.913
2025-11-16,3,BRpos,4.166
2025-11-16,3,BRneg,1.698
2025-11-16,4,BRpos,4.366
2025-11-16,4,BRneg,1.912
2025-11-16,5,BRpos,3.726
2025-11-16,5,BRneg,0.804
2025-11-16,6,BRpos,5.584
2025-11-16,6,BRneg,1.659
2025-11-16,7,BRpos,1.359
2025-11-16,7,BRneg,2.266
2025-11-16,8,BRpos,2.662
2025-11-16,8,BRneg,2.581
2025-11-16,9,BRpos,3.002
2025-11-16,9,BRneg,1.335
2025-11-16,10,BRpos,3.606
2025-11-16,10,BRneg,1.338
2025-11-16,11,BRpos,5.48
2025-11-16,11,BRneg,1.212
2025-11-16,12,BRpos,4.046
2025-11-16,12,BRneg,1.396
2025-11-16,13,BRpos,2.692
2025-11-16,13,BRneg,1.249
2025-11-16,14,BRpos,1.795
2025-11-16,14,BRneg,1.67
2025-11-16,15,BRpos,2.797
2025-11-16,15,BRneg,1.241
2025-11-16,16,BRpos,3.638
2025-11-16,16,BRneg,1.289
2025-11-16,17,BRpos,3.551
2025-11-16,17,BRneg,1.55
2025-11-16,18,BRpos,2.168
2025-11-16,18,BRneg,1.967
2025-11-16,19,BRpos,4.5
2025-11-16,19,BRneg,1.925
2025-11-16,20,BRpos,3.297
2025-11-16,20,BRneg,2.422
2025-11-16,21,BRpos,1.982
2025-11-16,21,BRneg,2.079
2025-11-16,22,BRpos,5.96
2025-11-16,22,BRneg,1.005
2025-11-16,23,BRpos,5.419
2025-11-16,23,BRneg,1.584
2025-11-16,24,BRpos,2.146
2025-11-16,24,BRneg,1.558
2025-11-16,25,BRpos,2.144
2025-11-16,25,BRneg,2.811
2025-11-16,26,BRpos,2.998
2025-11-16,26,BRneg,1.473
2025-11-16,27,BRpos,2.684
2025-11-16,27,BRneg,1.01
2025-11-16,28,BRpos,4.502
2025-11-16,28,BRneg,2.069
2025-11-16,29,BRpos,1.149
2025-11-16,29,BRneg,1.559
2025-11-16,30,BRpos,2.052
2025-11-16,30,BRneg,2.359
2025-11-16,31,BRpos,1.594
2025-11-16,31,BRneg,1.301
2025-11-16,32,BRpos,3.521
2025-11-16,32,BRneg,1.689
2025-11-16,33,BRpos,9.136
2025-11-16,33,BRneg,1.413
2025-11-16,34,BRpos,3.74
2025-11-16,34,BRneg,1.885
2025-11-16,35,BRpos,9.496
2025-11-16,35,BRneg,2.23
2025-11-16,36,BRpos,4.538
2025-11-16,36,BRneg,1.86
2025-11-16,37,BRpos,4.974
2025-11-16,37,BRneg,4.664
2025-11-16,38,BRpos,4.667
2025-11-16,38,BRneg,4.055
2025-11-16,39,BRpos,10.349
2025-11-16,39,BRneg,3.277
2025-11-16,40,BRpos,2.356
2025-11-16,40,BRneg,0.902
2025-11-16,41,BRpos,2.847
2025-11-16,41,BRneg,0.977
2025-11-16,42,BRpos,1.663
2025-11-16,42,BRneg,1.199
2025-11-16,43,BRpos,2.656
2025-11-16,43,BRneg,2.612
2025-11-16,44,BRpos,2.817
2025-11-16,44,BRneg,1.348
2025-11-16,45,BRpos,1.932
2025-11-16,45,BRneg,2.01
2025-11-16,46,BRpos,3.796
2025-11-16,46,BRneg,1.691
2025-11-16,47,BRpos,2.338
2025-11-16,47,BRneg,4.602
2025-11-16,48,BRpos,2.248
2025-11-16,48,BRneg,1.009
2025-11-17,1,BRpos,2.538
2025-11-17,1,BRneg,1.542
2025-11-17,2,BRpos,1.916
2025-11-17,2,BRneg,2.068
2025-11-17,3,BRpos,3.984
2025-11-17,3,BRneg,1.915
2025-11-17,4,BRpos,3.887
2025-11-17,4,BRneg,1.974
2025-11-17,5,BRpos,4.14
2025-11-17,5,BRneg,4.483
2025-11-17,6,BRpos,4.392
2025-11-17,6,BRneg,1.681
2025-11-17,7,BRpos,3.723
2025-11-17,7,BRneg,1.407
2025-11-17,8,BRpos,1.124
2025-11-17,8,BRneg,1.986
2025-11-17,9,BRpos,8.995
2025-11-17,9,BRneg,2.268
2025-11-17,10,BRpos,6.527
2025-11-17,10,BRneg,3.125
2025-11-17,11,BRpos,3.605
2025-11-17,11,BRneg,1.811
2025-11-17,12,BRpos,4.189
2025-11-17,12,BRneg,1.186
2025-11-17,13,BRpos,1.935
2025-11-17,13,BRneg,1.369
2025-11-17,14,BRpos,2.109
2025-11-17,14,BRneg,1.44
2025-11-17,15,BRpos,1.412
2025-11-17,15,BRneg,1.568
2025-11-17,16,BRpos,3.821
2025-11-17,16,BRneg,1.592
2025-11-17,17,BRpos,4.213
2025-11-17,17,BRneg,2.483
2025-11-17,18,BRpos,2.872
2025-11-17,18,BRneg,1.188
2025-11-17,19,BRpos,2.528
2025-11-17,19,BRneg,1.012
2025-11-17,20,BRpos,6.233
2025-11-17,20,BRneg,1.373
2025-11-17,21,BRpos,9.293
2025-11-17,21,BRneg,3.302
2025-11-17,22,BRpos,1.889
2025-11-17,22,BRneg,1.087
2025-11-17,23,BRpos,4.161
2025-11-17,23,BRneg,2.455
2025-11-17,24,BRpos,2.029
2025-11-17,24,BRneg,1.665
2025-11-17,25,BRpos,2.943
2025-11-17,25,BRneg,1.541
2025-11-17,26,BRpos,3.376
2025-11-17,26,BRneg,2.086
2025-11-17,27,BRpos,2.027
2025-11-17,27,BRneg,1.325
2025-11-17,28,BRpos,1.743
2025-11-17,28,BRneg,2.584
2025-11-17,29,BRpos,2.823
2025-11-17,29,BRneg,1.237
2025-11-17,30,BRpos,1.533
2025-11-17,30,BRneg,1.366
2025-11-17,31,BRpos,2.076
2025-11-17,31,BRneg,5.106
2025-11-17,32,BRpos,8.332
2025-11-17,32,BRneg,0.675
2025-11-17,33,BRpos,2.068
2025-11-17,33,BRneg,2.044
2025-11-17,34,BRpos,8.18
2025-11-17,34,BRneg,1.916
2025-11-17,35,BRpos,3.068
2025-11-17,35,BRneg,2.811
2025-11-17,36,BRpos,2.128
2025-11-17,36,BRneg,2.643
2025-11-17,37,BRpos,1.504
2025-11-17,37,BRneg,3.604
2025-11-17,38,BRpos,6.416
2025-11-17,38,BRneg,2.876
2025-11-17,39,BRpos,7.049
2025-11-17,39,BRneg,1.149
2025-11-17,40,BRpos,3.422
2025-11-17,40,BRneg,1.191
2025-11-17,41,BRpos,2.641
2025-11-17,41,BRneg,2.087
2025-11-17,42,BRpos,2.184
2025-11-17,42,BRneg,1.118
2025-11-17,43,BRpos,3.192
2025-11-17,43,BRneg,1.151
2025-11-17,44,BRpos,1.766
2025-11-17,44,BRneg,2.939
2025-11-17,45,BRpos,1.654
2025-11-17,45,BRneg,1.243
2025-11-17,46,BRpos,1.33
2025-11-17,46,BRneg,1.523
2025-11-17,47,BRpos,3.5
2025-11-17,47,BRneg,0.901
2025-11-17,48,BRpos,2.846
2025-11-17,48,BRneg,1.002
2025-11-18,1,BRpos,3.109
2025-11-18,1,BRneg,0.713
2025-11-18,2,BRpos,3.594
2025-11-18,2,BRneg,1.679
2025-11-18,3,BRpos,3.396
2025-11-18,3,BRneg,1.844
2025-11-18,4,BRpos,3.024
2025-11-18,4,BRneg,1.648
2025-11-18,5,BRpos,2.323
2025-11-18,5,BRneg,0.662
2025-11-18,6,BRpos,3.481
2025-11-18,6,BRneg,1.726
2025-11-18,7,BRpos,6.744
2025-11-18,7,BRneg,2.138
2025-11-18,8,BRpos,3.016
2025-11-18,8,BRneg,1.4
2025-11-18,9,BRpos,4.085
2025-11-18,9,BRneg,1.586
2025-11-18,10,BRpos,1.455
2025-11-18,10,BRneg,3.46
2025-11-18,11,BRpos,2.768
2025-11-18,11,BRneg,2.464
2025-11-18,12,BRpos,2.743
2025-11-18,12,BRneg,2.716
2025-11-18,13,BRpos,5.881
2025-11-18,13,BRneg,1.918
2025-11-18,14,BRpos,2.025
2025-11-18,14,BRneg,1.581
2025-11-18,15,BRpos,3.534
2025-11-18,15,BRneg,1.157
2025-11-18,16,BRpos,3.578
2025-11-18,16,BRneg,1.229
2025-11-18,17,BRpos,4.937
2025-11-18,17,BRneg,1.187
2025-11-18,18,BRpos,2.797
2025-11-18,18,BRneg,1.494
2025-11-18,19,BRpos,2.639
2025-11-18,19,BRneg,3.432
2025-11-18,20,BRpos,3.001
2025-11-18,20,BRneg,1.016
2025-11-18,21,BRpos,2.536
2025-11-18,21,BRneg,2.034
2025-11-18,22,BRpos,4.204
2025-11-18,22,BRneg,2.28
2025-11-18,23,BRpos,5.978
2025-11-18,23,BRneg,0.681
2025-11-18,24,BRpos,1.865
2025-11-18,24,BRneg,1.7
2025-11-18,25,BRpos,2.224
2025-11-18,25,BRneg,1.484
2025-11-18,26,BRpos,3.281
2025-11-18,26,BRneg,1.893
2025-11-18,27,BRpos,3.417
2025-11-18,27,BRneg,1.326
2025-11-18,28,BRpos,3.319
2025-11-18,28,BRneg,1.778
2025-11-18,29,BRpos,1.605
2025-11-18,29,BRneg,2.007
2025-11-18,30,BRpos,1.917
2025-11-18,30,BRneg,1.89
2025-11-18,31,BRpos,2.919
2025-11-18,31,BRneg,1.229
2025-11-18,32,BRpos,2.255
2025-11-18,32,BRneg,0.694
2025-11-18,33,BRpos,4.612
2025-11-18,33,BRneg,0.6
2025-11-18,34,BRpos,5.368
2025-11-18,34,BRneg,2.416
2025-11-18,35,BRpos,6.214
2025-11-18,35,BRneg,2.615
2025-11-18,36,BRpos,8.783
2025-11-18,36,BRneg,2.944
2025-11-18,37,BRpos,4.495
2025-11-18,37,BRneg,1.431
2025-11-18,38,BRpos,3.502
2025-11-18,38,BRneg,3.541
2025-11-18,39,BRpos,6.746
2025-11-18,39,BRneg,5.153
2025-11-18,40,BRpos,5.078
2025-11-18,40,BRneg,0.764
2025-11-18,41,BRpos,1.572
2025-11-18,41,BRneg,2.706
2025-11-18,42,BRpos,3.117
2025-11-18,42,BRneg,2.446
2025-11-18,43,BRpos,8.342
2025-11-18,43,BRneg,0.839
2025-11-18,44,BRpos,3.158
2025-11-18,44,BRneg,1.9
2025-11-18,45,BRpos,3.754
2025-11-18,45,BRneg,1.952
2025-11-18,46,BRpos,3.462
2025-11-18,46,BRneg,1.278
2025-11-18,47,BRpos,3.48
2025-11-18,47,BRneg,1.124
2025-11-18,48,BRpos,3.412
2025-11-18,48,BRneg,0.985
2025-11-19,1,BRpos,5.421
2025-11-19,1,BRneg,1.135
2025-11-19,2,BRpos,3.535
2025-11-19,2,BRneg,1.495
2025-11-19,3,BRpos,2.868
2025-11-19,3,BRneg,1.942
2025-11-19,4,BRpos,5.209
2025-11-19,4,BRneg,1.841
2025-11-19,5,BRpos,3.293
2025-11-19,5,BRneg,2.766
2025-11-19,6,BRpos,10.948
2025-11-19,6,BRneg,1.416
2025-11-19,7,BRpos,2.497
2025-11-19,7,BRneg,1.807
2025-11-19,8,BRpos,2.723
2025-11-19,8,BRneg,1.575
2025-11-19,9,BRpos,1.941
2025-11-19,9,BRneg,1.028
2025-11-19,10,BRpos,3.308
2025-11-19,10,BRneg,1.135
2025-11-19,11,BRpos,2.573
2025-11-19,11,BRneg,0.964
2025-11-19,12,BRpos,1.998
2025-11-19,12,BRneg,2.453
2025-11-19,13,BRpos,1.894
2025-11-19,13,BRneg,0.96
2025-11-19,14,BRpos,5.983
2025-11-19,14,BRneg,2.543
2025-11-19,15,BRpos,1.839
2025-11-19,15,BRneg,5.621
2025-11-19,16,BRpos,3.996
2025-11-19,16,BRneg,0.998
2025-11-19,17,BRpos,3.312
2025-11-19,17,BRneg,0.56
2025-11-19,18,BRpos,3.18
2025-11-19,18,BRneg,0.504
2025-11-19,19,BRpos,3.167
2025-11-19,19,BRneg,2.11
2025-11-19,20,BRpos,3.173
2025-11-19,20,BRneg,1.561
2025-11-19,21,BRpos,3.745
2025-11-19,21,BRneg,1.06
2025-11-19,22,BRpos,2.158
2025-11-19,22,BRneg,0.617
2025-11-19,23,BRpos,3.288
2025-11-19,23,BRneg,1.02
2025-11-19,24,BRpos,2.449
2025-11-19,24,BRneg,1.434
2025-11-19,25,BRpos,4.04
2025-11-19,25,BRneg,1.861
2025-11-19,26,BRpos,2.206
2025-11-19,26,BRneg,1.122
2025-11-19,27,BRpos,4.253
2025-11-19,27,BRneg,1.317
2025-11-19,28,BRpos,3.345
2025-11-19,28,BRneg,1.917
2025-11-19,29,BRpos,2.897
2025-11-19,29,BRneg,0.907
2025-11-19,30,BRpos,3.059
2025-11-19,30,BRneg,3.283
2025-11-19,31,BRpos,2.853
2025-11-19,31,BRneg,1.811
2025-11-19,32,BRpos,3.286
2025-11-19,32,BRneg,2.171
2025-11-19,33,BRpos,2.71
2025-11-19,33,BRneg,0.976
2025-11-19,34,BRpos,3.666
2025-11-19,34,BRneg,2.36
2025-11-19,35,BRpos,5.334
2025-11-19,35,BRneg,6.365
2025-11-19,36,BRpos,5.224
2025-11-19,36,BRneg,0.794
2025-11-19,37,BRpos,3.083
2025-11-19,37,BRneg,2.165
2025-11-19,38,BRpos,4.556
2025-11-19,38,BRneg,4.275
2025-11-19,39,BRpos,5.102
2025-11-19,39,BRneg,1.217
2025-11-19,40,BRpos,7.494
2025-11-19,40,BRneg,2.734
2025-11-19,41,BRpos,1.387
2025-11-19,41,BRneg,1.406
2025-11-19,42,BRpos,2.359
2025-11-19,42,BRneg,1.3
2025-11-19,43,BRpos,1.009
2025-11-19,43,BRneg,0.933
2025-11-19,44,BRpos,2.425
2025-11-19,44,BRneg,1.6
2025-11-19,45,BRpos,3.623
2025-11-19,45,BRneg,1.586
2025-11-19,46,BRpos,2.434
2025-11-19,46,BRneg,1.016
2025-11-19,47,BRpos,5.357
2025-11-19,47,BRneg,2.459
2025-11-19,48,BRpos,2.782
2025-11-19,48,BRneg,1.272
2025-11-20,1,BRpos,2.016
2025-11-20,1,BRneg,0.559
2025-11-20,2,BRpos,2.987
2025-11-20,2,BRneg,2.999
2025-11-20,3,BRpos,2.541
2025-11-20,3,BRneg,1.029
2025-11-20,4,BRpos,1.431
2025-11-20,4,BRneg,4.675
2025-11-20,5,BRpos,3.212
2025-11-20,5,BRneg,1.335
2025-11-20,6,BRpos,1.22
2025-11-20,6,BRneg,1.37
2025-11-20,7,BRpos,4.439
2025-11-20,7,BRneg,2.272
2025-11-20,8,BRpos,2.102
2025-11-20,8,BRneg,1.5
2025-11-20,9,BRpos,3.658
2025-11-20,9,BRneg,0.581
2025-11-20,10,BRpos,1.542
2025-11-20,10,BRneg,4.985
2025-11-20,11,BRpos,1.689
2025-11-20,11,BRneg,1.46
2025-11-20,12,BRpos,2.834
2025-11-20,12,BRneg,2.228
2025-11-20,13,BRpos,3.51
2025-11-20,13,BRneg,0.609
2025-11-20,14,BRpos,1.42
2025-11-20,14,BRneg,2.187
2025-11-20,15,BRpos,2.221
2025-11-20,15,BRneg,1.777
2025-11-20,16,BRpos,2.477
2025-11-20,16,BRneg,1.359
2025-11-20,17,BRpos,6.868
2025-11-20,17,BRneg,0.902
2025-11-20,18,BRpos,3.627
2025-11-20,18,BRneg,2.76
2025-11-20,19,BRpos,5.036
2025-11-20,19,BRneg,1.319
2025-11-20,20,BRpos,1.753
2025-11-20,20,BRneg,0.791
2025-11-20,21,BRpos,5.076
2025-11-20,21,BRneg,1.094
2025-11-20,22,BRpos,2.096
2025-11-20,22,BRneg,1.197
2025-11-20,23,BRpos,4.888
2025-11-20,23,BRneg,1.382
2025-11-20,24,BRpos,3.507
2025-11-20,24,BRneg,2.876
2025-11-20,25,BRpos,5.169
2025-11-20,25,BRneg,0.938
2025-11-20,26,BRpos,3.008
2025-11-20,26,BRneg,3.25
2025-11-20,27,BRpos,10.381
2025-11-20,27,BRneg,2.154
2025-11-20,28,BRpos,3.498
2025-11-20,28,BRneg,3.704
2025-11-20,29,BRpos,2.076
2025-11-20,29,BRneg,1.209
2025-11-20,30,BRpos,2.247
2025-11-20,30,BRneg,1.13
2025-11-20,31,BRpos,3.207
2025-11-20,31,BRneg,1.751
2025-11-20,32,BRpos,2.165
2025-11-20,32,BRneg,1.515
2025-11-20,33,BRpos,4.03
2025-11-20,33,BRneg,2.878
2025-11-20,34,BRpos,6.99
2025-11-20,34,BRneg,1.837
2025-11-20,35,BRpos,3.493
2025-11-20,35,BRneg,2.509
2025-11-20,36,BRpos,4.542
2025-11-20,36,BRneg,6.118
2025-11-20,37,BRpos,1.749
2025-11-20,37,BRneg,3.159
2025-11-20,38,BRpos,4.841
2025-11-20,38,BRneg,1.801
2025-11-20,39,BRpos,5.036
2025-11-20,39,BRneg,2.047
2025-11-20,40,BRpos,3.344
2025-11-20,40,BRneg,1.945
2025-11-20,41,BRpos,1.48
2025-11-20,41,BRneg,0.967
2025-11-20,42,BRpos,5.885
2025-11-20,42,BRneg,1.314
2025-11-20,43,BRpos,8.443
2025-11-20,43,BRneg,1.815
2025-11-20,44,BRpos,3.669
2025-11-20,44,BRneg,0.459
2025-11-20,45,BRpos,6.231
2025-11-20,45,BRneg,0.656
2025-11-20,46,BRpos,3.137
2025-11-20,46,BRneg,1.499
2025-11-20,47,BRpos,6.385
2025-11-20,47,BRneg,2.553
2025-11-20,48,BRpos,4.134
2025-11-20,48,BRneg,3.498
2025-11-21,1,BRpos,1.599
2025-11-21,1,BRneg,1.467
2025-11-21,2,BRpos,2.939
2025-11-21,2,BRneg,2.315
2025-11-21,3,BRpos,1.202
2025-11-21,3,BRneg,1.715
2025-11-21,4,BRpos,2.946
2025-11-21,4,BRneg,1.27
2025-11-21,5,BRpos,3.396
2025-11-21,5,BRneg,2.055
2025-11-21,6,BRpos,2.366
2025-11-21,6,BRneg,2.277
2025-11-21,7,BRpos,3.942
2025-11-21,7,BRneg,0.478
2025-11-21,8,BRpos,3.512
2025-11-21,8,BRneg,1.619
2025-11-21,9,BRpos,1.626
2025-11-21,9,BRneg,2.57
2025-11-21,10,BRpos,2.549
2025-11-21,10,BRneg,1.962
2025-11-21,11,BRpos,3.238
2025-11-21,11,BRneg,1.195
2025-11-21,12,BRpos,6.194
2025-11-21,12,BRneg,1.314
2025-11-21,13,BRpos,1.968
2025-11-21,13,BRneg,1.947
2025-11-21,14,BRpos,4.467
2025-11-21,14,BRneg,2.684
2025-11-21,15,BRpos,1.252
2025-11-21,15,BRneg,2.289
2025-11-21,16,BRpos,2.707
2025-11-21,16,BRneg,1.436
2025-11-21,17,BRpos,3.638
2025-11-21,17,BRneg,0.797
2025-11-21,18,BRpos,1.876
2025-11-21,18,BRneg,0.808
2025-11-21,19,BRpos,4.246
2025-11-21,19,BRneg,2.117
2025-11-21,20,BRpos,6.509
2025-11-21,20,BRneg,2.6
2025-11-21,21,BRpos,3.643
2025-11-21,21,BRneg,1.374
2025-11-21,22,BRpos,1.706
2025-11-21,22,BRneg,1.593
2025-11-21,23,BRpos,2.812
2025-11-21,23,BRneg,1.084
2025-11-21,24,BRpos,1.61
2025-11-21,24,BRneg,1.329
2025-11-21,25,BRpos,3.935
2025-11-21,25,BRneg,1.198
2025-11-21,26,BRpos,4.978
2025-11-21,26,BRneg,1.394
2025-11-21,27,BRpos,3.356
2025-11-21,27,BRneg,1.595
2025-11-21,28,BRpos,1.851
2025-11-21,28,BRneg,0.8
2025-11-21,29,BRpos,2.318
2025-11-21,29,BRneg,1.056
2025-11-21,30,BRpos,3.769
2025-11-21,30,BRneg,2.131
2025-11-21,31,BRpos,4.501
2025-11-21,31,BRneg,1.035
2025-11-21,32,BRpos,5.735
2025-11-21,32,BRneg,2.273
2025-11-21,33,BRpos,1.12
2025-11-21,33,BRneg,0.619
2025-11-21,34,BRpos,5.085
2025-11-21,34,BRneg,2.907
2025-11-21,35,BRpos,6.925
2025-11-21,35,BRneg,2.201
2025-11-21,36,BRpos,6.985
2025-11-21,36,BRneg,3.005
2025-11-21,37,BRpos,5.687
2025-11-21,37,BRneg,1.072
2025-11-21,38,BRpos,4.112
2025-11-21,38,BRneg,2.965
2025-11-21,39,BRpos,6.814
2025-11-21,39,BRneg,3.653
2025-11-21,40,BRpos,2.116
2025-11-21,40,BRneg,0.689
2025-11-21,41,BRpos,2.38
2025-11-21,41,BRneg,1.628
2025-11-21,42,BRpos,5.563
2025-11-21,42,BRneg,2.825
2025-11-21,43,BRpos,2.194
2025-11-21,43,BRneg,1.847
2025-11-21,44,BRpos,6.227
2025-11-21,44,BRneg,0.943
2025-11-21,45,BRpos,3.821
2025-11-21,45,BRneg,1.481
2025-11-21,46,BRpos,4.091
2025-11-21,46,BRneg,0.83
2025-11-21,47,BRpos,3.693
2025-11-21,47,BRneg,1.536
2025-11-21,48,BRpos,3.88
2025-11-21,48,BRneg,1.111
2025-11-22,1,BRpos,5.245
2025-11-22,1,BRneg,0.875
2025-11-22,2,BRpos,4.282
2025-11-22,2,BRneg,0.713
2025-11-22,3,BRpos,1.576
2025-11-22,3,BRneg,2.029
2025-11-22,4,BRpos,2.557
2025-11-22,4,BRneg,2.13
2025-11-22,5,BRpos,5.39
2025-11-22,5,BRneg,1.464
2025-11-22,6,BRpos,1.951
2025-11-22,6,BRneg,0.836
2025-11-22,7,BRpos,3.885
2025-11-22,7,BRneg,1.306
2025-11-22,8,BRpos,1.233
2025-11-22,8,BRneg,2.254
2025-11-22,9,BRpos,6.576
2025-11-22,9,BRneg,1.292
2025-11-22,10,BRpos,2.413
2025-11-22,10,BRneg,2.504
2025-11-22,11,BRpos,2.232
2025-11-22,11,BRneg,1.655
2025-11-22,12,BRpos,4.787
2025-11-22,12,BRneg,1.63
2025-11-22,13,BRpos,1.887
2025-11-22,13,BRneg,0.625
2025-11-22,14,BRpos,6.072
2025-11-22,14,BRneg,1.746
2025-11-22,15,BRpos,3.84
2025-11-22,15,BRneg,1.248
2025-11-22,16,BRpos,4.27
2025-11-22,16,BRneg,1.029
2025-11-22,17,BRpos,2.508
2025-11-22,17,BRneg,1.62
2025-11-22,18,BRpos,4.33
2025-11-22,18,BRneg,0.67
2025-11-22,19,BRpos,3.077
2025-11-22,19,BRneg,1.078
2025-11-22,20,BRpos,1.995
2025-11-22,20,BRneg,0.966
2025-11-22,21,BRpos,3.104
2025-11-22,21,BRneg,2.529
2025-11-22,22,BRpos,8.522
2025-11-22,22,BRneg,1.586
2025-11-22,23,BRpos,4.538
2025-11-22,23,BRneg,0.727
2025-11-22,24,BRpos,6.34
2025-11-22,24,BRneg,2.93
2025-11-22,25,BRpos,1.467
2025-11-22,25,BRneg,1.597
2025-11-22,26,BRpos,3.94
2025-11-22,26,BRneg,3.373
2025-11-22,27,BRpos,4.633
2025-11-22,27,BRneg,1.386
2025-11-22,28,BRpos,2.798
2025-11-22,28,BRneg,1.473
2025-11-22,29,BRpos,2.554
2025-11-22,29,BRneg,1.968
2025-11-22,30,BRpos,2.626
2025-11-22,30,BRneg,1.124
2025-11-22,31,BRpos,3.409
2025-11-22,31,BRneg,2.117
2025-11-22,32,BRpos,2.41
2025-11-22,32,BRneg,1.933
2025-11-22,33,BRpos,1.858
2025-11-22,33,BRneg,1.351
2025-11-22,34,BRpos,4.096
2025-11-22,34,BRneg,1.747
2025-11-22,35,BRpos,8.558
2025-11-22,35,BRneg,2.689
2025-11-22,36,BRpos,5.98
2025-11-22,36,BRneg,1.82
2025-11-22,37,BRpos,3.57
2025-11-22,37,BRneg,4.174
2025-11-22,38,BRpos,6.163
2025-11-22,38,BRneg,4.294
2025-11-22,39,BRpos,1.636
2025-11-22,39,BRneg,3.361
2025-11-22,40,BRpos,2.891
2025-11-22,40,BRneg,1.348
2025-11-22,41,BRpos,2.539
2025-11-22,41,BRneg,2.214
2025-11-22,42,BRpos,5.994
2025-11-22,42,BRneg,2.901
2025-11-22,43,BRpos,3.804
2025-11-22,43,BRneg,0.727
2025-11-22,44,BRpos,2.298
2025-11-22,44,BRneg,1.665
2025-11-22,45,BRpos,1.095
2025-11-22,45,BRneg,0.686
2025-11-22,46,BRpos,3.707
2025-11-22,46,BRneg,1.132
2025-11-22,47,BRpos,2.13
2025-11-22,47,BRneg,0.962
2025-11-22,48,BRpos,6.982
2025-11-22,48,BRneg,0.837
2025-11-23,1,BRpos,2.028
2025-11-23,1,BRneg,1.48
2025-11-23,2,BRpos,10.973
2025-11-23,2,BRneg,3.362
2025-11-23,3,BRpos,4.402
2025-11-23,3,BRneg,2.357
2025-11-23,4,BRpos,5.347
2025-11-23,4,BRneg,1.646
2025-11-23,5,BRpos,2.585
2025-11-23,5,BRneg,1.209
2025-11-23,6,BRpos,2.635
2025-11-23,6,BRneg,0.765
2025-11-23,7,BRpos,1.25
2025-11-23,7,BRneg,0.719
2025-11-23,8,BRpos,5.269
2025-11-23,8,BRneg,1.175
2025-11-23,9,BRpos,2.173
2025-11-23,9,BRneg,1.024
2025-11-23,10,BRpos,4.084
2025-11-23,10,BRneg,1.559
2025-11-23,11,BRpos,3.308
2025-11-23,11,BRneg,2.621
2025-11-23,12,BRpos,4.275
2025-11-23,12,BRneg,2.651
2025-11-23,13,BRpos,1.54
2025-11-23,13,BRneg,1.496
2025-11-23,14,BRpos,5.397
2025-11-23,14,BRneg,3.744
2025-11-23,15,BRpos,3.148
2025-11-23,15,BRneg,2.71
2025-11-23,16,BRpos,1.502
2025-11-23,16,BRneg,2.643
2025-11-23,17,BRpos,6.46
2025-11-23,17,BRneg,1.603
2025-11-23,18,BRpos,4.242
2025-11-23,18,BRneg,2.069
2025-11-23,19,BRpos,7.628
2025-11-23,19,BRneg,0.92
2025-11-23,20,BRpos,3.65
2025-11-23,20,BRneg,2.646
2025-11-23,21,BRpos,4.412
2025-11-23,21,BRneg,1.457
2025-11-23,22,BRpos,3.188
2025-11-23,22,BRneg,3.844
2025-11-23,23,BRpos,4.596
2025-11-23,23,BRneg,2.481
2025-11-23,24,BRpos,2.679
2025-11-23,24,BRneg,1.489
2025-11-23,25,BRpos,6.652
2025-11-23,25,BRneg,2.425
2025-11-23,26,BRpos,3.112
2025-11-23,26,BRneg,2.822
2025-11-23,27,BRpos,2.343
2025-11-23,27,BRneg,0.628
2025-11-23,28,BRpos,2.321
2025-11-23,28,BRneg,1.671
2025-11-23,29,BRpos,2.668
2025-11-23,29,BRneg,0.768
2025-11-23,30,BRpos,2.693
2025-11-23,30,BRneg,0.808
2025-11-23,31,BRpos,2.975
2025-11-23,31,BRneg,1.385
2025-11-23,32,BRpos,1.727
2025-11-23,32,BRneg,1.69
2025-11-23,33,BRpos,4.836
2025-11-23,33,BRneg,1.528
2025-11-23,34,BRpos,6.205
2025-11-23,34,BRneg,1.683
2025-11-23,35,BRpos,4.436
2025-11-23,35,BRneg,1.456
2025-11-23,36,BRpos,5.349
2025-11-23,36,BRneg,2.699
2025-11-23,37,BRpos,3.654
2025-11-23,37,BRneg,2.351
2025-11-23,38,BRpos,8.288
2025-11-23,38,BRneg,1.213
2025-11-23,39,BRpos,7.676
2025-11-23,39,BRneg,5.205
2025-11-23,40,BRpos,3.796
2025-11-23,40,BRneg,2.302
2025-11-23,41,BRpos,2.344
2025-11-23,41,BRneg,2.475
2025-11-23,42,BRpos,2.417
2025-11-23,42,BRneg,1.776
2025-11-23,43,BRpos,2.538
2025-11-23,43,BRneg,2.888
2025-11-23,44,BRpos,2.45
2025-11-23,44,BRneg,0.815
2025-11-23,45,BRpos,4.958
2025-11-23,45,BRneg,2.379
2025-11-23,46,BRpos,3.184
2025-11-23,46,BRneg,2.872
2025-11-23,47,BRpos,3.33
2025-11-23,47,BRneg,3.004
2025-11-23,48,BRpos,1.384
2025-11-23,48,BRneg,1.613
2025-11-24,1,BRpos,4.821
2025-11-24,1,BRneg,1.271
2025-11-24,2,BRpos,7.252
2025-11-24,2,BRneg,0.531
2025-11-24,3,BRpos,2.809
2025-11-24,3,BRneg,1.512
2025-11-24,4,BRpos,5.583
2025-11-24,4,BRneg,1.761
2025-11-24,5,BRpos,8.013
2025-11-24,5,BRneg,1.786
2025-11-24,6,BRpos,4.236
2025-11-24,6,BRneg,0.761
2025-11-24,7,BRpos,2.981
2025-11-24,7,BRneg,0.815
2025-11-24,8,BRpos,4.363
2025-11-24,8,BRneg,0.587
2025-11-24,9,BRpos,2.048
2025-11-24,9,BRneg,1.18
2025-11-24,10,BRpos,4.767
2025-11-24,10,BRneg,0.681
2025-11-24,11,BRpos,2.342
2025-11-24,11,BRneg,1.127
2025-11-24,12,BRpos,6.176
2025-11-24,12,BRneg,2.092
2025-11-24,13,BRpos,3.091
2025-11-24,13,BRneg,1.898
2025-11-24,14,BRpos,4.465
2025-11-24,14,BRneg,2.042
2025-11-24,15,BRpos,3.383
2025-11-24,15,BRneg,1.81
2025-11-24,16,BRpos,1.345
2025-11-24,16,BRneg,4.003
2025-11-24,17,BRpos,3.942
2025-11-24,17,BRneg,0.733
2025-11-24,18,BRpos,1.849
2025-11-24,18,BRneg,0.986
2025-11-24,19,BRpos,2.655
2025-11-24,19,BRneg,1.399
2025-11-24,20,BRpos,1.745
2025-11-24,20,BRneg,2.968
2025-11-24,21,BRpos,2.099
2025-11-24,21,BRneg,1.224
2025-11-24,22,BRpos,7.065
2025-11-24,22,BRneg,0.904
2025-11-24,23,BRpos,2.506
2025-11-24,23,BRneg,2.403
2025-11-24,24,BRpos,2.73
2025-11-24,24,BRneg,1.308
2025-11-24,25,BRpos,5.508
2025-11-24,25,BRneg,2.187
2025-11-24,26,BRpos,2.845
2025-11-24,26,BRneg,1.176
2025-11-24,27,BRpos,9.122
2025-11-24,27,BRneg,1.511
2025-11-24,28,BRpos,3.397
2025-11-24,28,BRneg,1.402
2025-11-24,29,BRpos,4.415
2025-11-24,29,BRneg,1.412
2025-11-24,30,BRpos,1.885
2025-11-24,30,BRneg,1.651
2025-11-24,31,BRpos,3.009
2025-11-24,31,BRneg,1.179
2025-11-24,32,BRpos,3.688
2025-11-24,32,BRneg,1.136
2025-11-24,33,BRpos,1.105
2025-11-24,33,BRneg,1.948
2025-11-24,34,BRpos,7.934
2025-11-24,34,BRneg,3.024
2025-11-24,35,BRpos,6.515
2025-11-24,35,BRneg,1.971
2025-11-24,36,BRpos,6.234
2025-11-24,36,BRneg,1.382
2025-11-24,37,BRpos,6.538
2025-11-24,37,BRneg,1.869
2025-11-24,38,BRpos,4.471
2025-11-24,38,BRneg,2.678
2025-11-24,39,BRpos,5.375
2025-11-24,39,BRneg,2.096
2025-11-24,40,BRpos,2.114
2025-11-24,40,BRneg,1.42
2025-11-24,41,BRpos,2.827
2025-11-24,41,BRneg,0.79
2025-11-24,42,BRpos,3.365
2025-11-24,42,BRneg,1.535
2025-11-24,43,BRpos,2.753
2025-11-24,43,BRneg,2.159
2025-11-24,44,BRpos,3.248
2025-11-24,44,BRneg,4.695
2025-11-24,45,BRpos,4.488
2025-11-24,45,BRneg,0.717
2025-11-24,46,BRpos,3.707
2025-11-24,46,BRneg,0.897
2025-11-24,47,BRpos,4.947
2025-11-24,47,BRneg,3.226
2025-11-24,48,BRpos,2.284
2025-11-24,48,BRneg,0.609
2025-11-25,1,BRpos,2.881
2025-11-25,1,BRneg,1.757
2025-11-25,2,BRpos,5.211
2025-11-25,2,BRneg,1.777
2025-11-25,3,BRpos,2.571
2025-11-25,3,BRneg,1.893
2025-11-25,4,BRpos,6.194
2025-11-25,4,BRneg,1.665
2025-11-25,5,BRpos,3.499
2025-11-25,5,BRneg,0.685
2025-11-25,6,BRpos,4.88
2025-11-25,6,BRneg,1.563
2025-11-25,7,BRpos,2.745
2025-11-25,7,BRneg,1.284
2025-11-25,8,BRpos,6.038
2025-11-25,8,BRneg,2.141
2025-11-25,9,BRpos,1.528
2025-11-25,9,BRneg,1.267
2025-11-25,10,BRpos,5.018
2025-11-25,10,BRneg,3.099
2025-11-25,11,BRpos,2.6
2025-11-25,11,BRneg,2.561
2025-11-25,12,BRpos,1.433
2025-11-25,12,BRneg,1.445
2025-11-25,13,BRpos,2.54
2025-11-25,13,BRneg,1.348
2025-11-25,14,BRpos,3.401
2025-11-25,14,BRneg,1.324
2025-11-25,15,BRpos,2.446
2025-11-25,15,BRneg,1.052
2025-11-25,16,BRpos,2.41
2025-11-25,16,BRneg,1.424
2025-11-25,17,BRpos,5.402
2025-11-25,17,BRneg,1.335
2025-11-25,18,BRpos,2.866
2025-11-25,18,BRneg,1.824
2025-11-25,19,BRpos,7.246
2025-11-25,19,BRneg,3.364
2025-11-25,20,BRpos,4.521
2025-11-25,20,BRneg,2.895
2025-11-25,21,BRpos,4.131
2025-11-25,21,BRneg,2.078
2025-11-25,22,BRpos,4.692
2025-11-25,22,BRneg,1.34
2025-11-25,23,BRpos,1.759
2025-11-25,23,BRneg,2.703
2025-11-25,24,BRpos,5.78
2025-11-25,24,BRneg,1.635
2025-11-25,25,BRpos,2.245
2025-11-25,25,BRneg,0.789
2025-11-25,26,BRpos,1.968
2025-11-25,26,BRneg,0.731
2025-11-25,27,BRpos,2.41
2025-11-25,27,BRneg,2.702
2025-11-25,28,BRpos,9.125
2025-11-25,28,BRneg,1.056
2025-11-25,29,BRpos,6.495
2025-11-25,29,BRneg,1.375
2025-11-25,30,BRpos,6.351
2025-11-25,30,BRneg,0.663
2025-11-25,31,BRpos,4.187
2025-11-25,31,BRneg,4.771
2025-11-25,32,BRpos,2.188
2025-11-25,32,BRneg,2.548
2025-11-25,33,BRpos,1.076
2025-11-25,33,BRneg,1.675
2025-11-25,34,BRpos,9.399
2025-11-25,34,BRneg,0.92
2025-11-25,35,BRpos,4.075
2025-11-25,35,BRneg,1.906
2025-11-25,36,BRpos,3.656
2025-11-25,36,BRneg,4.988
2025-11-25,37,BRpos,3.267
2025-11-25,37,BRneg,1.507
2025-11-25,38,BRpos,5.13
2025-11-25,38,BRneg,2.075
2025-11-25,39,BRpos,6.177
2025-11-25,39,BRneg,1.78
2025-11-25,40,BRpos,6.106
2025-11-25,40,BRneg,2.613
2025-11-25,41,BRpos,1.503
2025-11-25,41,BRneg,1.983
2025-11-25,42,BRpos,5.696
2025-11-25,42,BRneg,1.14
2025-11-25,43,BRpos,3.018
2025-11-25,43,BRneg,1.2
2025-11-25,44,BRpos,5.49
2025-11-25,44,BRneg,0.693
2025-11-25,45,BRpos,3.051
2025-11-25,45,BRneg,2.539
2025-11-25,46,BRpos,2.051
2025-11-25,46,BRneg,1.616
2025-11-25,47,BRpos,2.191
2025-11-25,47,BRneg,0.96
2025-11-25,48,BRpos,2.21
2025-11-25,48,BRneg,1.909
2025-11-26,1,BRpos,6.981
2025-11-26,1,BRneg,0.974
2025-11-26,2,BRpos,2.938
2025-11-26,2,BRneg,1.219
2025-11-26,3,BRpos,3.766
2025-11-26,3,BRneg,1.25
2025-11-26,4,BRpos,2.35
2025-11-26,4,BRneg,0.817
2025-11-26,5,BRpos,1.723
2025-11-26,5,BRneg,1.234
2025-11-26,6,BRpos,5.36
2025-11-26,6,BRneg,0.841
2025-11-26,7,BRpos,10.204
2025-11-26,7,BRneg,1.552
2025-11-26,8,BRpos,2.819
2025-11-26,8,BRneg,0.492
2025-11-26,9,BRpos,8.619
2025-11-26,9,BRneg,1.443
2025-11-26,10,BRpos,5.857
2025-11-26,10,BRneg,1.232
2025-11-26,11,BRpos,3.778
2025-11-26,11,BRneg,1.108
2025-11-26,12,BRpos,2.288
2025-11-26,12,BRneg,2.001
2025-11-26,13,BRpos,3.797
2025-11-26,13,BRneg,2.483
2025-11-26,14,BRpos,6.312
2025-11-26,14,BRneg,2.565
2025-11-26,15,BRpos,5.525
2025-11-26,15,BRneg,1.434
2025-11-26,16,BRpos,7.936
2025-11-26,16,BRneg,1.836
2025-11-26,17,BRpos,3.521
2025-11-26,17,BRneg,1.301
2025-11-26,18,BRpos,3.55
2025-11-26,18,BRneg,2.354
2025-11-26,19,BRpos,3.895
2025-11-26,19,BRneg,0.683
2025-11-26,20,BRpos,1.48
2025-11-26,20,BRneg,1.034
2025-11-26,21,BRpos,3.181
2025-11-26,21,BRneg,1.803
2025-11-26,22,BRpos,2.794
2025-11-26,22,BRneg,1.075
2025-11-26,23,BRpos,3.304
2025-11-26,23,BRneg,1.477
2025-11-26,24,BRpos,3.875
2025-11-26,24,BRneg,1.355
2025-11-26,25,BRpos,2.007
2025-11-26,25,BRneg,2.451
2025-11-26,26,BRpos,6.451
2025-11-26,26,BRneg,2.246
2025-11-26,27,BRpos,2.642
2025-11-26,27,BRneg,1.878
2025-11-26,28,BRpos,2.765
2025-11-26,28,BRneg,1.699
2025-11-26,29,BRpos,1.294
2025-11-26,29,BRneg,1.305
2025-11-26,30,BRpos,3.865
2025-11-26,30,BRneg,0.562
2025-11-26,31,BRpos,3.225
2025-11-26,31,BRneg,1.678
2025-11-26,32,BRpos,4.422
2025-11-26,32,BRneg,1.236
2025-11-26,33,BRpos,4.798
2025-11-26,33,BRneg,0.854
2025-11-26,34,BRpos,4.161
2025-11-26,34,BRneg,1.708
2025-11-26,35,BRpos,3.453
2025-11-26,35,BRneg,0.919
2025-11-26,36,BRpos,4.694
2025-11-26,36,BRneg,2.475
2025-11-26,37,BRpos,5.846
2025-11-26,37,BRneg,3.002
2025-11-26,38,BRpos,4.485
2025-11-26,38,BRneg,2.462
2025-11-26,39,BRpos,12.521
2025-11-26,39,BRneg,1.967
2025-11-26,40,BRpos,4.002
2025-11-26,40,BRneg,0.772
2025-11-26,41,BRpos,2.549
2025-11-26,41,BRneg,1.254
2025-11-26,42,BRpos,3.205
2025-11-26,42,BRneg,1.167
2025-11-26,43,BRpos,2.925
2025-11-26,43,BRneg,0.551
2025-11-26,44,BRpos,4.548
2025-11-26,44,BRneg,1.092
2025-11-26,45,BRpos,1.814
2025-11-26,45,BRneg,0.674
2025-11-26,46,BRpos,2.821
2025-11-26,46,BRneg,2.015
2025-11-26,47,BRpos,2.328
2025-11-26,47,BRneg,0.757
2025-11-26,48,BRpos,4.64
2025-11-26,48,BRneg,1.783
2025-11-27,1,BRpos,9.544
2025-11-27,1,BRneg,1.029
2025-11-27,2,BRpos,2.638
2025-11-27,2,BRneg,0.973
2025-11-27,3,BRpos,2.341
2025-11-27,3,BRneg,1.255
2025-11-27,4,BRpos,2.004
2025-11-27,4,BRneg,1.084
2025-11-27,5,BRpos,4.978
2025-11-27,5,BRneg,0.997
2025-11-27,6,BRpos,2.732
2025-11-27,6,BRneg,3.939
2025-11-27,7,BRpos,3.671
2025-11-27,7,BRneg,3.43
2025-11-27,8,BRpos,3.111
2025-11-27,8,BRneg,1.407
2025-11-27,9,BRpos,1.221
2025-11-27,9,BRneg,1.674
2025-11-27,10,BRpos,2.383
2025-11-27,10,BRneg,0.797
2025-11-27,11,BRpos,2.627
2025-11-27,11,BRneg,1.142
2025-11-27,12,BRpos,3.869
2025-11-27,12,BRneg,1.769
2025-11-27,13,BRpos,2.712
2025-11-27,13,BRneg,1.788
2025-11-27,14,BRpos,4.282
2025-11-27,14,BRneg,2.026
2025-11-27,15,BRpos,3.266
2025-11-27,15,BRneg,1.217
2025-11-27,16,BRpos,4.247
2025-11-27,16,BRneg,1.029
2025-11-27,17,BRpos,2.645
2025-11-27,17,BRneg,2.086
2025-11-27,18,BRpos,3.963
2025-11-27,18,BRneg,2.03
2025-11-27,19,BRpos,3.245
2025-11-27,19,BRneg,2.623
2025-11-27,20,BRpos,2.927
2025-11-27,20,BRneg,1.954
2025-11-27,21,BRpos,2.061
2025-11-27,21,BRneg,2.798
2025-11-27,22,BRpos,2.414
2025-11-27,22,BRneg,1.799
2025-11-27,23,BRpos,4.58
2025-11-27,23,BRneg,1.961
2025-11-27,24,BRpos,8.944
2025-11-27,24,BRneg,2.636
2025-11-27,25,BRpos,3.129
2025-11-27,25,BRneg,0.608
2025-11-27,26,BRpos,3.5
2025-11-27,26,BRneg,1.798
2025-11-27,27,BRpos,2.367
2025-11-27,27,BRneg,1.576
2025-11-27,28,BRpos,3.932
2025-11-27,28,BRneg,1.289
2025-11-27,29,BRpos,3.187
2025-11-27,29,BRneg,1.22
2025-11-27,30,BRpos,0.774
2025-11-27,30,BRneg,2.795
2025-11-27,31,BRpos,2.529
2025-11-27,31,BRneg,0.647
2025-11-27,32,BRpos,6.558
2025-11-27,32,BRneg,2.262
2025-11-27,33,BRpos,4.712
2025-11-27,33,BRneg,1.359
2025-11-27,34,BRpos,3.821
2025-11-27,34,BRneg,2.883
2025-11-27,35,BRpos,3.959
2025-11-27,35,BRneg,3.284
2025-11-27,36,BRpos,6.566
2025-11-27,36,BRneg,2.6
2025-11-27,37,BRpos,4.755
2025-11-27,37,BRneg,3.57
2025-11-27,38,BRpos,4.779
2025-11-27,38,BRneg,3.111
2025-11-27,39,BRpos,4.089
2025-11-27,39,BRneg,1.225
2025-11-27,40,BRpos,5.094
2025-11-27,40,BRneg,2.747
2025-11-27,41,BRpos,2.984
2025-11-27,41,BRneg,2.234
2025-11-27,42,BRpos,3.618
2025-11-27,42,BRneg,1.394
2025-11-27,43,BRpos,1.974
2025-11-27,43,BRneg,2.188
2025-11-27,44,BRpos,2.2
2025-11-27,44,BRneg,2.583
2025-11-27,45,BRpos,2.228
2025-11-27,45,BRneg,2.095
2025-11-27,46,BRpos,2.091
2025-11-27,46,BRneg,1.041
2025-11-27,47,BRpos,3.262
2025-11-27,47,BRneg,0.879
2025-11-27,48,BRpos,2.795
2025-11-27,48,BRneg,1.07
2025-11-28,1,BRpos,6.304
2025-11-28,1,BRneg,1.244
2025-11-28,2,BRpos,3.558
2025-11-28,2,BRneg,2.319
2025-11-28,3,BRpos,5.504
2025-11-28,3,BRneg,2.266
2025-11-28,4,BRpos,1.213
2025-11-28,4,BRneg,1.7
2025-11-28,5,BRpos,3.84
2025-11-28,5,BRneg,1.601
2025-11-28,6,BRpos,1.658
2025-11-28,6,BRneg,2.089
2025-11-28,7,BRpos,3.418
2025-11-28,7,BRneg,1.585
2025-11-28,8,BRpos,2.307
2025-11-28,8,BRneg,1.557
2025-11-28,9,BRpos,4.172
2025-11-28,9,BRneg,1.562
2025-11-28,10,BRpos,3.842
2025-11-28,10,BRneg,1.382
2025-11-28,11,BRpos,2.2
2025-11-28,11,BRneg,1.326
2025-11-28,12,BRpos,2.25
2025-11-28,12,BRneg,1.446
2025-11-28,13,BRpos,3.495
2025-11-28,13,BRneg,0.916
2025-11-28,14,BRpos,3.276
2025-11-28,14,BRneg,0.689
2025-11-28,15,BRpos,4.002
2025-11-28,15,BRneg,0.581
2025-11-28,16,BRpos,3.234
2025-11-28,16,BRneg,2.361
2025-11-28,17,BRpos,5.44
2025-11-28,17,BRneg,1.142
2025-11-28,18,BRpos,3.291
2025-11-28,18,BRneg,2.227
2025-11-28,19,BRpos,2.41
2025-11-28,19,BRneg,1.699
2025-11-28,20,BRpos,5.497
2025-11-28,20,BRneg,1.564
2025-11-28,21,BRpos,3.079
2025-11-28,21,BRneg,1.688
2025-11-28,22,BRpos,3.097
2025-11-28,22,BRneg,1.432
2025-11-28,23,BRpos,5.526
2025-11-28,23,BRneg,2.401
2025-11-28,24,BRpos,4.245
2025-11-28,24,BRneg,0.656
2025-11-28,25,BRpos,5.26
2025-11-28,25,BRneg,1.725
2025-11-28,26,BRpos,2.923
2025-11-28,26,BRneg,3.996
2025-11-28,27,BRpos,6.242
2025-11-28,27,BRneg,1.074
2025-11-28,28,BRpos,6.679
2025-11-28,28,BRneg,1.283
2025-11-28,29,BRpos,1.403
2025-11-28,29,BRneg,2.671
2025-11-28,30,BRpos,4.749
2025-11-28,30,BRneg,1.373
2025-11-28,31,BRpos,2.44
2025-11-28,31,BRneg,1.716
2025-11-28,32,BRpos,6.226
2025-11-28,32,BRneg,0.803
2025-11-28,33,BRpos,5.41
2025-11-28,33,BRneg,1.555
2025-11-28,34,BRpos,5.333
2025-11-28,34,BRneg,2.69
2025-11-28,35,BRpos,3.898
2025-11-28,35,BRneg,4.594
2025-11-28,36,BRpos,6.206
2025-11-28,36,BRneg,3.996
2025-11-28,37,BRpos,6.93
2025-11-28,37,BRneg,5.849
2025-11-28,38,BRpos,4.959
2025-11-28,38,BRneg,3.517
2025-11-28,39,BRpos,8.623
2025-11-28,39,BRneg,2.894
2025-11-28,40,BRpos,2.339
2025-11-28,40,BRneg,0.852
2025-11-28,41,BRpos,5.847
2025-11-28,41,BRneg,1.129
2025-11-28,42,BRpos,1.502
2025-11-28,42,BRneg,1.746
2025-11-28,43,BRpos,2.445
2025-11-28,43,BRneg,1.986
2025-11-28,44,BRpos,3.385
2025-11-28,44,BRneg,1.763
2025-11-28,45,BRpos,2.588
2025-11-28,45,BRneg,1.435
2025-11-28,46,BRpos,6.021
2025-11-28,46,BRneg,1.989
2025-11-28,47,BRpos,3.111
2025-11-28,47,BRneg,1.643
2025-11-28,48,BRpos,3.265
2025-11-28,48,BRneg,1.596
2025-11-29,1,BRpos,1.519
2025-11-29,1,BRneg,1.288
2025-11-29,2,BRpos,1.247
2025-11-29,2,BRneg,1.096
2025-11-29,3,BRpos,7.01
2025-11-29,3,BRneg,1.29
2025-11-29,4,BRpos,2.087
2025-11-29,4,BRneg,2.222
2025-11-29,5,BRpos,2.564
2025-11-29,5,BRneg,2.071
2025-11-29,6,BRpos,3.969
2025-11-29,6,BRneg,1.311
2025-11-29,7,BRpos,1.525
2025-11-29,7,BRneg,1.476
2025-11-29,8,BRpos,5.134
2025-11-29,8,BRneg,2.04
2025-11-29,9,BRpos,2.864
2025-11-29,9,BRneg,2.005
2025-11-29,10,BRpos,5.083
2025-11-29,10,BRneg,2.26
2025-11-29,11,BRpos,2.937
2025-11-29,11,BRneg,1.229
2025-11-29,12,BRpos,3.703
2025-11-29,12,BRneg,1.316
2025-11-29,13,BRpos,3.914
2025-11-29,13,BRneg,0.83
2025-11-29,14,BRpos,5.851
2025-11-29,14,BRneg,1.316
2025-11-29,15,BRpos,5.425
2025-11-29,15,BRneg,1.962
2025-11-29,16,BRpos,2.411
2025-11-29,16,BRneg,1.225
2025-11-29,17,BRpos,3.529
2025-11-29,17,BRneg,2.859
2025-11-29,18,BRpos,3.009
2025-11-29,18,BRneg,1.389
2025-11-29,19,BRpos,3.128
2025-11-29,19,BRneg,2.279
2025-11-29,20,BRpos,5.862
2025-11-29,20,BRneg,2.184
2025-11-29,21,BRpos,2.64
2025-11-29,21,BRneg,1.703
2025-11-29,22,BRpos,2.507
2025-11-29,22,BRneg,0.789
2025-11-29,23,BRpos,3.872
2025-11-29,23,BRneg,0.824
2025-11-29,24,BRpos,1.654
2025-11-29,24,BRneg,1.666
2025-11-29,25,BRpos,4.503
2025-11-29,25,BRneg,1.992
2025-11-29,26,BRpos,3.999
2025-11-29,26,BRneg,2.067
2025-11-29,27,BRpos,2.408
2025-11-29,27,BRneg,1.819
2025-11-29,28,BRpos,2.278
2025-11-29,28,BRneg,0.824
2025-11-29,29,BRpos,3.549
2025-11-29,29,BRneg,2.858
2025-11-29,30,BRpos,3.69
2025-11-29,30,BRneg,1.194
2025-11-29,31,BRpos,4.242
2025-11-29,31,BRneg,0.812
2025-11-29,32,BRpos,2.953
2025-11-29,32,BRneg,0.561
2025-11-29,33,BRpos,3.772
2025-11-29,33,BRneg,1.835
2025-11-29,34,BRpos,4.869
2025-11-29,34,BRneg,2.108
2025-11-29,35,BRpos,2.523
2025-11-29,35,BRneg,2.621
2025-11-29,36,BRpos,12.634
2025-11-29,36,BRneg,2.596
2025-11-29,37,BRpos,5.131
2025-11-29,37,BRneg,4.137
2025-11-29,38,BRpos,4.26
2025-11-29,38,BRneg,2.927
2025-11-29,39,BRpos,7.054
2025-11-29,39,BRneg,1.295
2025-11-29,40,BRpos,1.758
2025-11-29,40,BRneg,1.758
2025-11-29,41,BRpos,4.581
2025-11-29,41,BRneg,0.904
2025-11-29,42,BRpos,2.067
2025-11-29,42,BRneg,3.0
2025-11-29,43,BRpos,2.034
2025-11-29,43,BRneg,1.051
2025-11-29,44,BRpos,4.986
2025-11-29,44,BRneg,1.218
2025-11-29,45,BRpos,3.56
2025-11-29,45,BRneg,0.683
2025-11-29,46,BRpos,2.126
2025-11-29,46,BRneg,1.449
2025-11-29,47,BRpos,3.234
2025-11-29,47,BRneg,1.107
2025-11-29,48,BRpos,2.426
2025-11-29,48,BRneg,1.006
2025-11-30,1,BRpos,1.525
2025-11-30,1,BRneg,2.283
2025-11-30,2,BRpos,3.631
2025-11-30,2,BRneg,0.685
2025-11-30,3,BRpos,2.153
2025-11-30,3,BRneg,1.249
2025-11-30,4,BRpos,1.617
2025-11-30,4,BRneg,1.582
2025-11-30,5,BRpos,6.724
2025-11-30,5,BRneg,1.27
2025-11-30,6,BRpos,4.097
2025-11-30,6,BRneg,1.72
2025-11-30,7,BRpos,2.75
2025-11-30,7,BRneg,0.886
2025-11-30,8,BRpos,3.471
2025-11-30,8,BRneg,1.193
2025-11-30,9,BRpos,4.143
2025-11-30,9,BRneg,2.805
2025-11-30,10,BRpos,2.964
2025-11-30,10,BRneg,2.62
2025-11-30,11,BRpos,1.845
2025-11-30,11,BRneg,1.616
2025-11-30,12,BRpos,2.807
2025-11-30,12,BRneg,1.601
2025-11-30,13,BRpos,3.798
2025-11-30,13,BRneg,1.699
2025-11-30,14,BRpos,1.696
2025-11-30,14,BRneg,2.85
2025-11-30,15,BRpos,4.711
2025-11-30,15,BRneg,0.52
2025-11-30,16,BRpos,3.198
2025-11-30,16,BRneg,0.785
2025-11-30,17,BRpos,2.427
2025-11-30,17,BRneg,1.281
2025-11-30,18,BRpos,1.753
2025-11-30,18,BRneg,1.335
2025-11-30,19,BRpos,3.188
2025-11-30,19,BRneg,3.153
2025-11-30,20,BRpos,6.195
2025-11-30,20,BRneg,3.317
2025-11-30,21,BRpos,4.69
2025-11-30,21,BRneg,2.236
2025-11-30,22,BRpos,2.385
2025-11-30,22,BRneg,2.325
2025-11-30,23,BRpos,2.931
2025-11-30,23,BRneg,1.898
2025-11-30,24,BRpos,7.395
2025-11-30,24,BRneg,1.518
2025-11-30,25,BRpos,8.387
2025-11-30,25,BRneg,1.317
2025-11-30,26,BRpos,2.902
2025-11-30,26,BRneg,2.521
2025-11-30,27,BRpos,2.91
2025-11-30,27,BRneg,1.751
2025-11-30,28,BRpos,3.48
2025-11-30,28,BRneg,2.526
2025-11-30,29,BRpos,3.356
2025-11-30,29,BRneg,1.083
2025-11-30,30,BRpos,1.758
2025-11-30,30,BRneg,1.374
2025-11-30,31,BRpos,3.407
2025-11-30,31,BRneg,2.252
2025-11-30,32,BRpos,3.563
2025-11-30,32,BRneg,1.766
2025-11-30,33,BRpos,2.282
2025-11-30,33,BRneg,1.406
2025-11-30,34,BRpos,4.1
2025-11-30,34,BRneg,2.171
2025-11-30,35,BRpos,2.524
2025-11-30,35,BRneg,2.047
2025-11-30,36,BRpos,4.234
2025-11-30,36,BRneg,1.873
2025-11-30,37,BRpos,4.087
2025-11-30,37,BRneg,4.843
2025-11-30,38,BRpos,9.71
2025-11-30,38,BRneg,1.58
2025-11-30,39,BRpos,4.095
2025-11-30,39,BRneg,3.237
2025-11-30,40,BRpos,2.126
2025-11-30,40,BRneg,0.427
2025-11-30,41,BRpos,3.447
2025-11-30,41,BRneg,1.702
2025-11-30,42,BRpos,3.059
2025-11-30,42,BRneg,0.892
2025-11-30,43,BRpos,2.901
2025-11-30,43,BRneg,3.322
2025-11-30,44,BRpos,3.973
2025-11-30,44,BRneg,2.185
2025-11-30,45,BRpos,1.885
2025-11-30,45,BRneg,1.115
2025-11-30,46,BRpos,2.691
2025-11-30,46,BRneg,0.964
2025-11-30,47,BRpos,5.095
2025-11-30,47,BRneg,0.57
2025-11-30,48,BRpos,2.905
2025-11-30,48,BRneg,1.662
2025-12-01,1,BRpos,6.15
2025-12-01,1,BRneg,2.015
2025-12-01,2,BRpos,5.249
2025-12-01,2,BRneg,2.88
2025-12-01,3,BRpos,3.41
2025-12-01,3,BRneg,2.347
2025-12-01,4,BRpos,3.634
2025-12-01,4,BRneg,2.027
2025-12-01,5,BRpos,6.377
2025-12-01,5,BRneg,2.091
2025-12-01,6,BRpos,2.529
2025-12-01,6,BRneg,2.352
2025-12-01,7,BRpos,4.816
2025-12-01,7,BRneg,1.102
2025-12-01,8,BRpos,4.974
2025-12-01,8,BRneg,1.599
2025-12-01,9,BRpos,2.959
2025-12-01,9,BRneg,2.231
2025-12-01,10,BRpos,4.754
2025-12-01,10,BRneg,1.697
2025-12-01,11,BRpos,3.608
2025-12-01,11,BRneg,1.648
2025-12-01,12,BRpos,3.554
2025-12-01,12,BRneg,1.197
2025-12-01,13,BRpos,3.773
2025-12-01,13,BRneg,0.977
2025-12-01,14,BRpos,4.512
2025-12-01,14,BRneg,2.18
2025-12-01,15,BRpos,2.939
2025-12-01,15,BRneg,0.777
2025-12-01,16,BRpos,2.122
2025-12-01,16,BRneg,1.035
2025-12-01,17,BRpos,3.676
2025-12-01,17,BRneg,1.24
2025-12-01,18,BRpos,1.452
2025-12-01,18,BRneg,1.135
2025-12-01,19,BRpos,3.029
2025-12-01,19,BRneg,1.248
2025-12-01,20,BRpos,5.391
2025-12-01,20,BRneg,2.082
2025-12-01,21,BRpos,7.975
2025-12-01,21,BRneg,1.17
2025-12-01,22,BRpos,3.337
2025-12-01,22,BRneg,1.145
2025-12-01,23,BRpos,3.658
2025-12-01,23,BRneg,1.106
2025-12-01,24,BRpos,2.332
2025-12-01,24,BRneg,0.807
2025-12-01,25,BRpos,4.476
2025-12-01,25,BRneg,1.822
2025-12-01,26,BRpos,2.659
2025-12-01,26,BRneg,1.578
2025-12-01,27,BRpos,1.999
2025-12-01,27,BRneg,1.478
2025-12-01,28,BRpos,3.022
2025-12-01,28,BRneg,2.877
2025-12-01,29,BRpos,2.05
2025-12-01,29,BRneg,2.857
2025-12-01,30,BRpos,1.878
2025-12-01,30,BRneg,0.704
2025-12-01,31,BRpos,6.206
2025-12-01,31,BRneg,1.75
2025-12-01,32,BRpos,1.289
2025-12-01,32,BRneg,1.514
2025-12-01,33,BRpos,2.589
2025-12-01,33,BRneg,1.432
2025-12-01,34,BRpos,7.384
2025-12-01,34,BRneg,1.677
2025-12-01,35,BRpos,4.717
2025-12-01,35,BRneg,3.663
2025-12-01,36,BRpos,5.76
2025-12-01,36,BRneg,0.622
2025-12-01,37,BRpos,4.774
2025-12-01,37,BRneg,2.695
2025-12-01,38,BRpos,11.598
2025-12-01,38,BRneg,2.337
2025-12-01,39,BRpos,4.697
2025-12-01,39,BRneg,1.84
2025-12-01,40,BRpos,4.836
2025-12-01,40,BRneg,1.114
2025-12-01,41,BRpos,1.221
2025-12-01,41,BRneg,1.241
2025-12-01,42,BRpos,5.346
2025-12-01,42,BRneg,1.099
2025-12-01,43,BRpos,1.58
2025-12-01,43,BRneg,1.319
2025-12-01,44,BRpos,2.68
2025-12-01,44,BRneg,1.147
2025-12-01,45,BRpos,2.429
2025-12-01,45,BRneg,1.776
2025-12-01,46,BRpos,7.2
2025-12-01,46,BRneg,3.073
2025-12-01,47,BRpos,5.616
2025-12-01,47,BRneg,1.345
2025-12-01,48,BRpos,1.854
2025-12-01,48,BRneg,3.747
2025-12-02,1,BRpos,3.384
2025-12-02,1,BRneg,1.568
2025-12-02,2,BRpos,4.365
2025-12-02,2,BRneg,1.582
2025-12-02,3,BRpos,2.032
2025-12-02,3,BRneg,1.431
2025-12-02,4,BRpos,3.282
2025-12-02,4,BRneg,1.101
2025-12-02,5,BRpos,4.339
2025-12-02,5,BRneg,1.122
2025-12-02,6,BRpos,2.574
2025-12-02,6,BRneg,1.271
2025-12-02,7,BRpos,2.548
2025-12-02,7,BRneg,0.705
2025-12-02,8,BRpos,6.026
2025-12-02,8,BRneg,1.477
2025-12-02,9,BRpos,2.931
2025-12-02,9,BRneg,1.819
2025-12-02,10,BRpos,8.316
2025-12-02,10,BRneg,1.498
2025-12-02,11,BRpos,2.945
2025-12-02,11,BRneg,2.041
2025-12-02,12,BRpos,6.434
2025-12-02,12,BRneg,1.304
2025-12-02,13,BRpos,3.685
2025-12-02,13,BRneg,1.877
2025-12-02,14,BRpos,2.294
2025-12-02,14,BRneg,1.537
2025-12-02,15,BRpos,5.495
2025-12-02,15,BRneg,1.693
2025-12-02,16,BRpos,1.601
2025-12-02,16,BRneg,0.683
2025-12-02,17,BRpos,2.767
2025-12-02,17,BRneg,0.813
2025-12-02,18,BRpos,2.849
2025-12-02,18,BRneg,1.014
2025-12-02,19,BRpos,3.933
2025-12-02,19,BRneg,0.856
2025-12-02,20,BRpos,2.52
2025-12-02,20,BRneg,2.04
2025-12-02,21,BRpos,3.8
2025-12-02,21,BRneg,1.363
2025-12-02,22,BRpos,3.013
2025-12-02,22,BRneg,0.52
2025-12-02,23,BRpos,1.735
2025-12-02,23,BRneg,1.412
2025-12-02,24,BRpos,4.425
2025-12-02,24,BRneg,2.898
2025-12-02,25,BRpos,2.162
2025-12-02,25,BRneg,0.564
2025-12-02,26,BRpos,3.082
2025-12-02,26,BRneg,1.416
2025-12-02,27,BRpos,1.975
2025-12-02,27,BRneg,4.858
2025-12-02,28,BRpos,2.547
2025-12-02,28,BRneg,2.004
2025-12-02,29,BRpos,2.26
2025-12-02,29,BRneg,0.941
2025-12-02,30,BRpos,3.163
2025-12-02,30,BRneg,1.201
2025-12-02,31,BRpos,7.543
2025-12-02,31,BRneg,1.491
2025-12-02,32,BRpos,4.393
2025-12-02,32,BRneg,2.499
2025-12-02,33,BRpos,1.681
2025-12-02,33,BRneg,1.558
2025-12-02,34,BRpos,3.643
2025-12-02,34,BRneg,2.867
2025-12-02,35,BRpos,8.952
2025-12-02,35,BRneg,1.952
2025-12-02,36,BRpos,8.104
2025-12-02,36,BRneg,2.832
2025-12-02,37,BRpos,4.341
2025-12-02,37,BRneg,3.592
2025-12-02,38,BRpos,6.68
2025-12-02,38,BRneg,2.691
2025-12-02,39,BRpos,7.147
2025-12-02,39,BRneg,3.779
2025-12-02,40,BRpos,3.317
2025-12-02,40,BRneg,1.363
2025-12-02,41,BRpos,1.98
2025-12-02,41,BRneg,2.386
2025-12-02,42,BRpos,1.221
2025-12-02,42,BRneg,1.239
2025-12-02,43,BRpos,3.995
2025-12-02,43,BRneg,1.873
2025-12-02,44,BRpos,5.382
2025-12-02,44,BRneg,1.143
2025-12-02,45,BRpos,2.368
2025-12-02,45,BRneg,1.615
2025-12-02,46,BRpos,6.758
2025-12-02,46,BRneg,1.15
2025-12-02,47,BRpos,5.083
2025-12-02,47,BRneg,1.689
2025-12-02,48,BRpos,2.315
2025-12-02,48,BRneg,1.723
2025-12-03,1,BRpos,5.891
2025-12-03,1,BRneg,1.457
2025-12-03,2,BRpos,2.243
2025-12-03,2,BRneg,1.249
2025-12-03,3,BRpos,2.857
2025-12-03,3,BRneg,1.633
2025-12-03,4,BRpos,3.515
2025-12-03,4,BRneg,2.749
2025-12-03,5,BRpos,5.007
2025-12-03,5,BRneg,3.609
2025-12-03,6,BRpos,3.34
2025-12-03,6,BRneg,1.586
2025-12-03,7,BRpos,2.855
2025-12-03,7,BRneg,3.42
2025-12-03,8,BRpos,1.676
2025-12-03,8,BRneg,1.012
2025-12-03,9,BRpos,2.084
2025-12-03,9,BRneg,1.886
2025-12-03,10,BRpos,1.375
2025-12-03,10,BRneg,2.41
2025-12-03,11,BRpos,3.512
2025-12-03,11,BRneg,2.071
2025-12-03,12,BRpos,2.966
2025-12-03,12,BRneg,2.393
2025-12-03,13,BRpos,5.723
2025-12-03,13,BRneg,4.519
2025-12-03,14,BRpos,2.426
2025-12-03,14,BRneg,2.657
2025-12-03,15,BRpos,7.198
2025-12-03,15,BRneg,2.49
2025-12-03,16,BRpos,1.386
2025-12-03,16,BRneg,1.081
2025-12-03,17,BRpos,2.336
2025-12-03,17,BRneg,1.444
2025-12-03,18,BRpos,3.338
2025-12-03,18,BRneg,1.179
2025-12-03,19,BRpos,4.08
2025-12-03,19,BRneg,1.21
2025-12-03,20,BRpos,1.935
2025-12-03,20,BRneg,1.928
2025-12-03,21,BRpos,2.544
2025-12-03,21,BRneg,2.121
2025-12-03,22,BRpos,5.65
2025-12-03,22,BRneg,0.818
2025-12-03,23,BRpos,2.716
2025-12-03,23,BRneg,2.007
2025-12-03,24,BRpos,2.238
2025-12-03,24,BRneg,1.561
2025-12-03,25,BRpos,4.773
2025-12-03,25,BRneg,1.416
2025-12-03,26,BRpos,3.434
2025-12-03,26,BRneg,2.383
2025-12-03,27,BRpos,2.924
2025-12-03,27,BRneg,3.614
2025-12-03,28,BRpos,2.269
2025-12-03,28,BRneg,1.46
2025-12-03,29,BRpos,3.462
2025-12-03,29,BRneg,2.255
2025-12-03,30,BRpos,4.501
2025-12-03,30,BRneg,0.778
2025-12-03,31,BRpos,3.08
2025-12-03,31,BRneg,1.698
2025-12-03,32,BRpos,2.956
2025-12-03,32,BRneg,1.679
2025-12-03,33,BRpos,2.024
2025-12-03,33,BRneg,1.782
2025-12-03,34,BRpos,6.593
2025-12-03,34,BRneg,2.394
2025-12-03,35,BRpos,14.718
2025-12-03,35,BRneg,1.626
2025-12-03,36,BRpos,19.864
2025-12-03,36,BRneg,4.024
2025-12-03,37,BRpos,9.435
2025-12-03,37,BRneg,1.282
2025-12-03,38,BRpos,7.265
2025-12-03,38,BRneg,3.796
2025-12-03,39,BRpos,3.665
2025-12-03,39,BRneg,3.121
2025-12-03,40,BRpos,4.799
2025-12-03,40,BRneg,1.9
2025-12-03,41,BRpos,1.592
2025-12-03,41,BRneg,2.14
2025-12-03,42,BRpos,3.565
2025-12-03,42,BRneg,2.019
2025-12-03,43,BRpos,2.366
2025-12-03,43,BRneg,2.346
2025-12-03,44,BRpos,5.023
2025-12-03,44,BRneg,2.035
2025-12-03,45,BRpos,4.219
2025-12-03,45,BRneg,2.809
2025-12-03,46,BRpos,3.174
2025-12-03,46,BRneg,1.566
2025-12-03,47,BRpos,4.214
2025-12-03,47,BRneg,4.992
2025-12-03,48,BRpos,4.965
2025-12-03,48,BRneg,1.515
2025-12-04,1,BRpos,1.443
2025-12-04,1,BRneg,2.314
2025-12-04,2,BRpos,5.319
2025-12-04,2,BRneg,1.671
2025-12-04,3,BRpos,3.212
2025-12-04,3,BRneg,0.737
2025-12-04,4,BRpos,2.163
2025-12-04,4,BRneg,1.391
2025-12-04,5,BRpos,1.534
2025-12-04,5,BRneg,1.518
2025-12-04,6,BRpos,6.089
2025-12-04,6,BRneg,1.852
2025-12-04,7,BRpos,2.116
2025-12-04,7,BRneg,1.146
2025-12-04,8,BRpos,3.048
2025-12-04,8,BRneg,2.86
2025-12-04,9,BRpos,3.182
2025-12-04,9,BRneg,3.188
2025-12-04,10,BRpos,7.175
2025-12-04,10,BRneg,1.677
2025-12-04,11,BRpos,7.175
2025-12-04,11,BRneg,0.521
2025-12-04,12,BRpos,1.884
2025-12-04,12,BRneg,0.995
2025-12-04,13,BRpos,3.873
2025-12-04,13,BRneg,1.402
2025-12-04,14,BRpos,2.7
2025-12-04,14,BRneg,0.837
2025-12-04,15,BRpos,2.109
2025-12-04,15,BRneg,2.561
2025-12-04,16,BRpos,3.808
2025-12-04,16,BRneg,1.511
2025-12-04,17,BRpos,2.738
2025-12-04,17,BRneg,1.412
2025-12-04,18,BRpos,6.709
2025-12-04,18,BRneg,0.962
2025-12-04,19,BRpos,2.521
2025-12-04,19,BRneg,0.804
2025-12-04,20,BRpos,2.858
2025-12-04,20,BRneg,1.739
2025-12-04,21,BRpos,2.643
2025-12-04,21,BRneg,0.532
2025-12-04,22,BRpos,4.593
2025-12-04,22,BRneg,1.776
2025-12-04,23,BRpos,3.88
2025-12-04,23,BRneg,1.385
2025-12-04,24,BRpos,2.304
2025-12-04,24,BRneg,1.768
2025-12-04,25,BRpos,3.351
2025-12-04,25,BRneg,2.395
2025-12-04,26,BRpos,3.967
2025-12-04,26,BRneg,1.562
2025-12-04,27,BRpos,4.451
2025-12-04,27,BRneg,1.89
2025-12-04,28,BRpos,4.333
2025-12-04,28,BRneg,1.212
2025-12-04,29,BRpos,1.528
2025-12-04,29,BRneg,0.886
2025-12-04,30,BRpos,2.784
2025-12-04,30,BRneg,2.245
2025-12-04,31,BRpos,3.079
2025-12-04,31,BRneg,0.473
2025-12-04,32,BRpos,5.064
2025-12-04,32,BRneg,1.236
2025-12-04,33,BRpos,5.163
2025-12-04,33,BRneg,1.329
2025-12-04,34,BRpos,6.239
2025-12-04,34,BRneg,2.492
2025-12-04,35,BRpos,4.56
2025-12-04,35,BRneg,1.429
2025-12-04,36,BRpos,11.021
2025-12-04,36,BRneg,1.649
2025-12-04,37,BRpos,1.848
2025-12-04,37,BRneg,3.395
2025-12-04,38,BRpos,6.817
2025-12-04,38,BRneg,2.024
2025-12-04,39,BRpos,2.468
2025-12-04,39,BRneg,2.843
2025-12-04,40,BRpos,6.776
2025-12-04,40,BRneg,1.702
2025-12-04,41,BRpos,7.611
2025-12-04,41,BRneg,2.174
2025-12-04,42,BRpos,8.633
2025-12-04,42,BRneg,0.949
2025-12-04,43,BRpos,1.816
2025-12-04,43,BRneg,2.052
2025-12-04,44,BRpos,8.104
2025-12-04,44,BRneg,0.924
2025-12-04,45,BRpos,4.94
2025-12-04,45,BRneg,0.697
2025-12-04,46,BRpos,8.369
2025-12-04,46,BRneg,0.775
2025-12-04,47,BRpos,1.321
2025-12-04,47,BRneg,2.649
2025-12-04,48,BRpos,2.842
2025-12-04,48,BRneg,4.969
2025-12-05,1,BRpos,3.075
2025-12-05,1,BRneg,1.28
2025-12-05,2,BRpos,3.824
2025-12-05,2,BRneg,2.494
2025-12-05,3,BRpos,6.916
2025-12-05,3,BRneg,1.293
2025-12-05,4,BRpos,4.295
2025-12-05,4,BRneg,3.749
2025-12-05,5,BRpos,5.873
2025-12-05,5,BRneg,1.193
2025-12-05,6,BRpos,3.5
2025-12-05,6,BRneg,1.596
2025-12-05,7,BRpos,6.109
2025-12-05,7,BRneg,1.555
2025-12-05,8,BRpos,3.713
2025-12-05,8,BRneg,2.814
2025-12-05,9,BRpos,5.956
2025-12-05,9,BRneg,0.898
2025-12-05,10,BRpos,3.533
2025-12-05,10,BRneg,1.14
2025-12-05,11,BRpos,2.492
2025-12-05,11,BRneg,1.964
2025-12-05,12,BRpos,2.162
2025-12-05,12,BRneg,1.958
2025-12-05,13,BRpos,3.14
2025-12-05,13,BRneg,0.588
2025-12-05,14,BRpos,1.642
2025-12-05,14,BRneg,0.982
2025-12-05,15,BRpos,4.712
2025-12-05,15,BRneg,3.263
2025-12-05,16,BRpos,5.227
2025-12-05,16,BRneg,1.766
2025-12-05,17,BRpos,5.249
2025-12-05,17,BRneg,1.56
2025-12-05,18,BRpos,1.771
2025-12-05,18,BRneg,1.068
2025-12-05,19,BRpos,3.219
2025-12-05,19,BRneg,2.313
2025-12-05,20,BRpos,6.309
2025-12-05,20,BRneg,2.315
2025-12-05,21,BRpos,1.707
2025-12-05,21,BRneg,0.867
2025-12-05,22,BRpos,2.399
2025-12-05,22,BRneg,2.227
2025-12-05,23,BRpos,1.953
2025-12-05,23,BRneg,2.426
2025-12-05,24,BRpos,5.609
2025-12-05,24,BRneg,2.175
2025-12-05,25,BRpos,4.372
2025-12-05,25,BRneg,1.732
2025-12-05,26,BRpos,2.818
2025-12-05,26,BRneg,2.52
2025-12-05,27,BRpos,2.053
2025-12-05,27,BRneg,1.708
2025-12-05,28,BRpos,2.121
2025-12-05,28,BRneg,2.566
2025-12-05,29,BRpos,5.167
2025-12-05,29,BRneg,1.592
2025-12-05,30,BRpos,3.854
2025-12-05,30,BRneg,1.574
2025-12-05,31,BRpos,3.432
2025-12-05,31,BRneg,1.093
2025-12-05,32,BRpos,4.566
2025-12-05,32,BRneg,2.448
2025-12-05,33,BRpos,3.087
2025-12-05,33,BRneg,4.881
2025-12-05,34,BRpos,7.546
2025-12-05,34,BRneg,3.453
2025-12-05,35,BRpos,8.876
2025-12-05,35,BRneg,4.434
2025-12-05,36,BRpos,2.993
2025-12-05,36,BRneg,1.844
2025-12-05,37,BRpos,2.349
2025-12-05,37,BRneg,1.024
2025-12-05,38,BRpos,4.546
2025-12-05,38,BRneg,2.102
2025-12-05,39,BRpos,4.162
2025-12-05,39,BRneg,4.707
2025-12-05,40,BRpos,6.69
2025-12-05,40,BRneg,2.553
2025-12-05,41,BRpos,1.463
2025-12-05,41,BRneg,1.092
2025-12-05,42,BRpos,4.074
2025-12-05,42,BRneg,3.232
2025-12-05,43,BRpos,2.937
2025-12-05,43,BRneg,1.301
2025-12-05,44,BRpos,3.908
2025-12-05,44,BRneg,1.374
2025-12-05,45,BRpos,2.0
2025-12-05,45,BRneg,1.414
2025-12-05,46,BRpos,4.176
2025-12-05,46,BRneg,2.128
2025-12-05,47,BRpos,2.388
2025-12-05,47,BRneg,1.511
2025-12-05,48,BRpos,1.852
2025-12-05,48,BRneg,1.5
2025-12-06,1,BRpos,3.915
2025-12-06,1,BRneg,1.502
2025-12-06,2,BRpos,6.737
2025-12-06,2,BRneg,1.059
2025-12-06,3,BRpos,1.593
2025-12-06,3,BRneg,1.739
2025-12-06,4,BRpos,2.484
2025-12-06,4,BRneg,1.155
2025-12-06,5,BRpos,1.232
2025-12-06,5,BRneg,1.608
2025-12-06,6,BRpos,3.358
2025-12-06,6,BRneg,1.681
2025-12-06,7,BRpos,1.55
2025-12-06,7,BRneg,0.998
2025-12-06,8,BRpos,2.492
2025-12-06,8,BRneg,2.138
2025-12-06,9,BRpos,3.019
2025-12-06,9,BRneg,1.118
2025-12-06,10,BRpos,3.4
2025-12-06,10,BRneg,1.519
2025-12-06,11,BRpos,2.149
2025-12-06,11,BRneg,1.069
2025-12-06,12,BRpos,1.458
2025-12-06,12,BRneg,1.649
2025-12-06,13,BRpos,4.31
2025-12-06,13,BRneg,1.625
2025-12-06,14,BRpos,2.34
2025-12-06,14,BRneg,0.851
2025-12-06,15,BRpos,7.763
2025-12-06,15,BRneg,0.824
2025-12-06,16,BRpos,3.669
2025-12-06,16,BRneg,2.089
2025-12-06,17,BRpos,3.147
2025-12-06,17,BRneg,1.579
2025-12-06,18,BRpos,2.204
2025-12-06,18,BRneg,1.527
2025-12-06,19,BRpos,2.056
2025-12-06,19,BRneg,2.402
2025-12-06,20,BRpos,3.392
2025-12-06,20,BRneg,0.972
2025-12-06,21,BRpos,2.485
2025-12-06,21,BRneg,1.191
2025-12-06,22,BRpos,4.475
2025-12-06,22,BRneg,1.154
2025-12-06,23,BRpos,1.481
2025-12-06,23,BRneg,1.089
2025-12-06,24,BRpos,3.582
2025-12-06,24,BRneg,1.109
2025-12-06,25,BRpos,1.953
2025-12-06,25,BRneg,2.207
2025-12-06,26,BRpos,1.285
2025-12-06,26,BRneg,1.566
2025-12-06,27,BRpos,6.865
2025-12-06,27,BRneg,0.501
2025-12-06,28,BRpos,3.629
2025-12-06,28,BRneg,2.559
2025-12-06,29,BRpos,2.008
2025-12-06,29,BRneg,1.814
2025-12-06,30,BRpos,7.242
2025-12-06,30,BRneg,1.299
2025-12-06,31,BRpos,2.922
2025-12-06,31,BRneg,0.948
2025-12-06,32,BRpos,2.358
2025-12-06,32,BRneg,2.103
2025-12-06,33,BRpos,2.469
2025-12-06,33,BRneg,0.739
2025-12-06,34,BRpos,5.219
2025-12-06,34,BRneg,2.498
2025-12-06,35,BRpos,3.957
2025-12-06,35,BRneg,2.039
2025-12-06,36,BRpos,4.328
2025-12-06,36,BRneg,1.948
2025-12-06,37,BRpos,6.419
2025-12-06,37,BRneg,1.472
2025-12-06,38,BRpos,3.894
2025-12-06,38,BRneg,1.052
2025-12-06,39,BRpos,3.751
2025-12-06,39,BRneg,3.629
2025-12-06,40,BRpos,3.725
2025-12-06,40,BRneg,1.154
2025-12-06,41,BRpos,5.045
2025-12-06,41,BRneg,3.5
2025-12-06,42,BRpos,3.474
2025-12-06,42,BRneg,1.301
2025-12-06,43,BRpos,2.509
2025-12-06,43,BRneg,5.733
2025-12-06,44,BRpos,2.567
2025-12-06,44,BRneg,1.27
2025-12-06,45,BRpos,3.489
2025-12-06,45,BRneg,0.924
2025-12-06,46,BRpos,3.813
2025-12-06,46,BRneg,2.409
2025-12-06,47,BRpos,4.68
2025-12-06,47,BRneg,1.941
2025-12-06,48,BRpos,0.882
2025-12-06,48,BRneg,1.778
2025-12-07,1,BRpos,2.575
2025-12-07,1,BRneg,1.479
2025-12-07,2,BRpos,2.753
2025-12-07,2,BRneg,0.553
2025-12-07,3,BRpos,4.135
2025-12-07,3,BRneg,0.915
2025-12-07,4,BRpos,1.576
2025-12-07,4,BRneg,1.331
2025-12-07,5,BRpos,3.511
2025-12-07,5,BRneg,0.838
2025-12-07,6,BRpos,2.162
2025-12-07,6,BRneg,0.957
2025-12-07,7,BRpos,2.677
2025-12-07,7,BRneg,0.583
2025-12-07,8,BRpos,1.875
2025-12-07,8,BRneg,2.032
2025-12-07,9,BRpos,2.196
2025-12-07,9,BRneg,2.296
2025-12-07,10,BRpos,5.669
2025-12-07,10,BRneg,0.789
2025-12-07,11,BRpos,2.553
2025-12-07,11,BRneg,1.267
2025-12-07,12,BRpos,5.095
2025-12-07,12,BRneg,1.635
2025-12-07,13,BRpos,5.038
2025-12-07,13,BRneg,1.077
2025-12-07,14,BRpos,4.718
2025-12-07,14,BRneg,2.071
2025-12-07,15,BRpos,3.754
2025-12-07,15,BRneg,0.783
2025-12-07,16,BRpos,3.056
2025-12-07,16,BRneg,2.7
2025-12-07,17,BRpos,2.372
2025-12-07,17,BRneg,1.775
2025-12-07,18,BRpos,4.178
2025-12-07,18,BRneg,0.641
2025-12-07,19,BRpos,2.701
2025-12-07,19,BRneg,2.226
2025-12-07,20,BRpos,3.815
2025-12-07,20,BRneg,1.588
2025-12-07,21,BRpos,4.627
2025-12-07,21,BRneg,1.533
2025-12-07,22,BRpos,4.61
2025-12-07,22,BRneg,1.548
2025-12-07,23,BRpos,3.417
2025-12-07,23,BRneg,1.631
2025-12-07,24,BRpos,2.238
2025-12-07,24,BRneg,2.155
2025-12-07,25,BRpos,2.473
2025-12-07,25,BRneg,2.027
2025-12-07,26,BRpos,4.627
2025-12-07,26,BRneg,1.292
2025-12-07,27,BRpos,2.993
2025-12-07,27,BRneg,1.519
2025-12-07,28,BRpos,4.158
2025-12-07,28,BRneg,1.929
2025-12-07,29,BRpos,4.26
2025-12-07,29,BRneg,1.029
2025-12-07,30,BRpos,1.887
2025-12-07,30,BRneg,3.282
2025-12-07,31,BRpos,2.941
2025-12-07,31,BRneg,1.224
2025-12-07,32,BRpos,9.015
2025-12-07,32,BRneg,2.347
2025-12-07,33,BRpos,2.462
2025-12-07,33,BRneg,1.708
2025-12-07,34,BRpos,2.622
2025-12-07,34,BRneg,2.577
2025-12-07,35,BRpos,5.905
2025-12-07,35,BRneg,4.358
2025-12-07,36,BRpos,5.624
2025-12-07,36,BRneg,2.016
2025-12-07,37,BRpos,9.046
2025-12-07,37,BRneg,2.294
2025-12-07,38,BRpos,7.381
2025-12-07,38,BRneg,3.128
2025-12-07,39,BRpos,6.602
2025-12-07,39,BRneg,3.675
2025-12-07,40,BRpos,2.918
2025-12-07,40,BRneg,1.354
2025-12-07,41,BRpos,1.905
2025-12-07,41,BRneg,1.314
2025-12-07,42,BRpos,4.091
2025-12-07,42,BRneg,0.461
2025-12-07,43,BRpos,5.559
2025-12-07,43,BRneg,0.92
2025-12-07,44,BRpos,2.637
2025-12-07,44,BRneg,1.279
2025-12-07,45,BRpos,2.042
2025-12-07,45,BRneg,1.896
2025-12-07,46,BRpos,3.109
2025-12-07,46,BRneg,1.903
2025-12-07,47,BRpos,2.688
2025-12-07,47,BRneg,1.194
2025-12-07,48,BRpos,1.989
2025-12-07,48,BRneg,0.996
2025-12-08,1,BRpos,4.333
2025-12-08,1,BRneg,0.723
2025-12-08,2,BRpos,3.616
2025-12-08,2,BRneg,1.311
2025-12-08,3,BRpos,3.549
2025-12-08,3,BRneg,2.272
2025-12-08,4,BRpos,6.459
2025-12-08,4,BRneg,2.635
2025-12-08,5,BRpos,3.453
2025-12-08,5,BRneg,1.8
2025-12-08,6,BRpos,2.223
2025-12-08,6,BRneg,1.785
2025-12-08,7,BRpos,4.354
2025-12-08,7,BRneg,3.533
2025-12-08,8,BRpos,2.894
2025-12-08,8,BRneg,1.088
2025-12-08,9,BRpos,2.39
2025-12-08,9,BRneg,1.696
2025-12-08,10,BRpos,3.628
2025-12-08,10,BRneg,1.191
2025-12-08,11,BRpos,3.106
2025-12-08,11,BRneg,2.072
2025-12-08,12,BRpos,2.247
2025-12-08,12,BRneg,1.032
2025-12-08,13,BRpos,2.221
2025-12-08,13,BRneg,2.241
2025-12-08,14,BRpos,3.563
2025-12-08,14,BRneg,1.259
2025-12-08,15,BRpos,5.936
2025-12-08,15,BRneg,1.395
2025-12-08,16,BRpos,1.921
2025-12-08,16,BRneg,2.587
2025-12-08,17,BRpos,4.237
2025-12-08,17,BRneg,1.416
2025-12-08,18,BRpos,2.679
2025-12-08,18,BRneg,2.145
2025-12-08,19,BRpos,2.944
2025-12-08,19,BRneg,0.787
2025-12-08,20,BRpos,1.358
2025-12-08,20,BRneg,1.299
2025-12-08,21,BRpos,2.491
2025-12-08,21,BRneg,1.477
2025-12-08,22,BRpos,5.293
2025-12-08,22,BRneg,2.502
2025-12-08,23,BRpos,6.97
2025-12-08,23,BRneg,1.06
2025-12-08,24,BRpos,2.389
2025-12-08,24,BRneg,3.81
2025-12-08,25,BRpos,2.642
2025-12-08,25,BRneg,2.967
2025-12-08,26,BRpos,2.989
2025-12-08,26,BRneg,0.492
2025-12-08,27,BRpos,2.271
2025-12-08,27,BRneg,2.158
2025-12-08,28,BRpos,1.99
2025-12-08,28,BRneg,1.037
2025-12-08,29,BRpos,5.093
2025-12-08,29,BRneg,1.921
2025-12-08,30,BRpos,1.863
2025-12-08,30,BRneg,2.005
2025-12-08,31,BRpos,2.734
2025-12-08,31,BRneg,1.858
2025-12-08,32,BRpos,3.892
2025-12-08,32,BRneg,0.952
2025-12-08,33,BRpos,1.835
2025-12-08,33,BRneg,1.548
2025-12-08,34,BRpos,2.63
2025-12-08,34,BRneg,3.45
2025-12-08,35,BRpos,6.59
2025-12-08,35,BRneg,2.361
2025-12-08,36,BRpos,2.522
2025-12-08,36,BRneg,2.036
2025-12-08,37,BRpos,6.781
2025-12-08,37,BRneg,3.94
2025-12-08,38,BRpos,6.279
2025-12-08,38,BRneg,2.403
2025-12-08,39,BRpos,5.564
2025-12-08,39,BRneg,1.734
2025-12-08,40,BRpos,7.112
2025-12-08,40,BRneg,1.966
2025-12-08,41,BRpos,3.582
2025-12-08,41,BRneg,0.772
2025-12-08,42,BRpos,2.146
2025-12-08,42,BRneg,0.953
2025-12-08,43,BRpos,1.873
2025-12-08,43,BRneg,1.459
2025-12-08,44,BRpos,2.907
2025-12-08,44,BRneg,1.253
2025-12-08,45,BRpos,6.595
2025-12-08,45,BRneg,1.414
2025-12-08,46,BRpos,3.77
2025-12-08,46,BRneg,1.285
2025-12-08,47,BRpos,2.787
2025-12-08,47,BRneg,2.823
2025-12-08,48,BRpos,4.56
2025-12-08,48,BRneg,2.74
2025-12-09,1,BRpos,8.005
2025-12-09,1,BRneg,1.548
2025-12-09,2,BRpos,3.19
2025-12-09,2,BRneg,1.998
2025-12-09,3,BRpos,3.507
2025-12-09,3,BRneg,1.361
2025-12-09,4,BRpos,5.846
2025-12-09,4,BRneg,1.056
2025-12-09,5,BRpos,1.804
2025-12-09,5,BRneg,1.752
2025-12-09,6,BRpos,4.621
2025-12-09,6,BRneg,2.255
2025-12-09,7,BRpos,4.314
2025-12-09,7,BRneg,0.526
2025-12-09,8,BRpos,2.242
2025-12-09,8,BRneg,1.49
2025-12-09,9,BRpos,2.812
2025-12-09,9,BRneg,3.38
2025-12-09,10,BRpos,4.349
2025-12-09,10,BRneg,3.343
2025-12-09,11,BRpos,4.418
2025-12-09,11,BRneg,1.525
2025-12-09,12,BRpos,2.159
2025-12-09,12,BRneg,0.99
2025-12-09,13,BRpos,5.067
2025-12-09,13,BRneg,1.042
2025-12-09,14,BRpos,2.519
2025-12-09,14,BRneg,1.258
2025-12-09,15,BRpos,4.649
2025-12-09,15,BRneg,1.077
2025-12-09,16,BRpos,3.145
2025-12-09,16,BRneg,1.941
2025-12-09,17,BRpos,3.454
2025-12-09,17,BRneg,2.776
2025-12-09,18,BRpos,8.898
2025-12-09,18,BRneg,2.855
2025-12-09,19,BRpos,5.142
2025-12-09,19,BRneg,1.657
2025-12-09,20,BRpos,4.819
2025-12-09,20,BRneg,1.649
2025-12-09,21,BRpos,2.072
2025-12-09,21,BRneg,1.619
2025-12-09,22,BRpos,4.328
2025-12-09,22,BRneg,1.798
2025-12-09,23,BRpos,4.401
2025-12-09,23,BRneg,1.963
2025-12-09,24,BRpos,3.365
2025-12-09,24,BRneg,2.17
2025-12-09,25,BRpos,3.351
2025-12-09,25,BRneg,2.538
2025-12-09,26,BRpos,3.027
2025-12-09,26,BRneg,3.128
2025-12-09,27,BRpos,2.81
2025-12-09,27,BRneg,1.486
2025-12-09,28,BRpos,2.667
2025-12-09,28,BRneg,1.944
2025-12-09,29,BRpos,3.997
2025-12-09,29,BRneg,0.954
2025-12-09,30,BRpos,3.702
2025-12-09,30,BRneg,1.24
2025-12-09,31,BRpos,3.32
2025-12-09,31,BRneg,2.089
2025-12-09,32,BRpos,4.167
2025-12-09,32,BRneg,1.132
2025-12-09,33,BRpos,2.154
2025-12-09,33,BRneg,1.781
2025-12-09,34,BRpos,5.693
2025-12-09,34,BRneg,1.948
2025-12-09,35,BRpos,4.358
2025-12-09,35,BRneg,1.634
2025-12-09,36,BRpos,5.38
2025-12-09,36,BRneg,2.317
2025-12-09,37,BRpos,9.07
2025-12-09,37,BRneg,3.823
2025-12-09,38,BRpos,6.392
2025-12-09,38,BRneg,4.244
2025-12-09,39,BRpos,6.512
2025-12-09,39,BRneg,2.745
2025-12-09,40,BRpos,3.906
2025-12-09,40,BRneg,1.428
2025-12-09,41,BRpos,1.656
2025-12-09,41,BRneg,2.336
2025-12-09,42,BRpos,1.348
2025-12-09,42,BRneg,1.439
2025-12-09,43,BRpos,2.626
2025-12-09,43,BRneg,1.197
2025-12-09,44,BRpos,8.065
2025-12-09,44,BRneg,2.411
2025-12-09,45,BRpos,1.431
2025-12-09,45,BRneg,0.659
2025-12-09,46,BRpos,1.6
2025-12-09,46,BRneg,2.42
2025-12-09,47,BRpos,1.891
2025-12-09,47,BRneg,2.18
2025-12-09,48,BRpos,2.749
2025-12-09,48,BRneg,3.64
2025-12-10,1,BRpos,2.574
2025-12-10,1,BRneg,0.911
2025-12-10,2,BRpos,4.248
2025-12-10,2,BRneg,0.862
2025-12-10,3,BRpos,4.851
2025-12-10,3,BRneg,0.716
2025-12-10,4,BRpos,3.226
2025-12-10,4,BRneg,0.932
2025-12-10,5,BRpos,2.447
2025-12-10,5,BRneg,3.293
2025-12-10,6,BRpos,2.887
2025-12-10,6,BRneg,1.089
2025-12-10,7,BRpos,5.903
2025-12-10,7,BRneg,1.824
2025-12-10,8,BRpos,3.063
2025-12-10,8,BRneg,2.286
2025-12-10,9,BRpos,5.357
2025-12-10,9,BRneg,0.851
2025-12-10,10,BRpos,2.576
2025-12-10,10,BRneg,0.843
2025-12-10,11,BRpos,10.241
2025-12-10,11,BRneg,1.096
2025-12-10,12,BRpos,3.552
2025-12-10,12,BRneg,1.547
2025-12-10,13,BRpos,4.838
2025-12-10,13,BRneg,2.783
2025-12-10,14,BRpos,1.182
2025-12-10,14,BRneg,1.758
2025-12-10,15,BRpos,1.822
2025-12-10,15,BRneg,2.242
2025-12-10,16,BRpos,2.726
2025-12-10,16,BRneg,2.166
2025-12-10,17,BRpos,4.571
2025-12-10,17,BRneg,1.123
2025-12-10,18,BRpos,1.831
2025-12-10,18,BRneg,0.595
2025-12-10,19,BRpos,4.653
2025-12-10,19,BRneg,1.15
2025-12-10,20,BRpos,4.205
2025-12-10,20,BRneg,2.55
2025-12-10,21,BRpos,1.983
2025-12-10,21,BRneg,1.597
2025-12-10,22,BRpos,3.727
2025-12-10,22,BRneg,1.697
2025-12-10,23,BRpos,3.613
2025-12-10,23,BRneg,0.733
2025-12-10,24,BRpos,4.184
2025-12-10,24,BRneg,2.99
2025-12-10,25,BRpos,1.846
2025-12-10,25,BRneg,2.636
2025-12-10,26,BRpos,3.405
2025-12-10,26,BRneg,2.634
2025-12-10,27,BRpos,2.361
2025-12-10,27,BRneg,1.824
2025-12-10,28,BRpos,2.306
2025-12-10,28,BRneg,1.084
2025-12-10,29,BRpos,5.942
2025-12-10,29,BRneg,1.013
2025-12-10,30,BRpos,2.533
2025-12-10,30,BRneg,1.951
2025-12-10,31,BRpos,3.375
2025-12-10,31,BRneg,0.676
2025-12-10,32,BRpos,5.237
2025-12-10,32,BRneg,1.156
2025-12-10,33,BRpos,2.041
2025-12-10,33,BRneg,1.339
2025-12-10,34,BRpos,7.642
2025-12-10,34,BRneg,4.227
2025-12-10,35,BRpos,5.547
2025-12-10,35,BRneg,2.899
2025-12-10,36,BRpos,6.407
2025-12-10,36,BRneg,1.682
2025-12-10,37,BRpos,11.375
2025-12-10,37,BRneg,1.901
2025-12-10,38,BRpos,7.377
2025-12-10,38,BRneg,2.981
2025-12-10,39,BRpos,4.777
2025-12-10,39,BRneg,3.797
2025-12-10,40,BRpos,5.003
2025-12-10,40,BRneg,1.531
2025-12-10,41,BRpos,3.572
2025-12-10,41,BRneg,1.689
2025-12-10,42,BRpos,3.816
2025-12-10,42,BRneg,0.984
2025-12-10,43,BRpos,3.656
2025-12-10,43,BRneg,1.658
2025-12-10,44,BRpos,4.634
2025-12-10,44,BRneg,1.708
2025-12-10,45,BRpos,9.484
2025-12-10,45,BRneg,1.344
2025-12-10,46,BRpos,2.779
2025-12-10,46,BRneg,2.242
2025-12-10,47,BRpos,4.174
2025-12-10,47,BRneg,0.955
2025-12-10,48,BRpos,2.935
2025-12-10,48,BRneg,1.599
2025-12-11,1,BRpos,3.523
2025-12-11,1,BRneg,1.786
2025-12-11,2,BRpos,3.519
2025-12-11,2,BRneg,1.612
2025-12-11,3,BRpos,5.578
2025-12-11,3,BRneg,2.573
2025-12-11,4,BRpos,2.535
2025-12-11,4,BRneg,2.58
2025-12-11,5,BRpos,3.599
2025-12-11,5,BRneg,0.966
2025-12-11,6,BRpos,5.244
2025-12-11,6,BRneg,2.758
2025-12-11,7,BRpos,4.239
2025-12-11,7,BRneg,1.146
2025-12-11,8,BRpos,1.91
2025-12-11,8,BRneg,2.052
2025-12-11,9,BRpos,5.604
2025-12-11,9,BRneg,0.771
2025-12-11,10,BRpos,3.49
2025-12-11,10,BRneg,0.713
2025-12-11,11,BRpos,2.768
2025-12-11,11,BRneg,2.643
2025-12-11,12,BRpos,10.95
2025-12-11,12,BRneg,1.04
2025-12-11,13,BRpos,4.65
2025-12-11,13,BRneg,1.307
2025-12-11,14,BRpos,4.267
2025-12-11,14,BRneg,3.386
2025-12-11,15,BRpos,4.6
2025-12-11,15,BRneg,2.803
2025-12-11,16,BRpos,3.189
2025-12-11,16,BRneg,2.06
2025-12-11,17,BRpos,5.083
2025-12-11,17,BRneg,0.848
2025-12-11,18,BRpos,2.434
2025-12-11,18,BRneg,1.341
2025-12-11,19,BRpos,4.756
2025-12-11,19,BRneg,1.452
2025-12-11,20,BRpos,2.854
2025-12-11,20,BRneg,3.724
2025-12-11,21,BRpos,1.325
2025-12-11,21,BRneg,1.024
2025-12-11,22,BRpos,4.157
2025-12-11,22,BRneg,2.38
2025-12-11,23,BRpos,3.045
2025-12-11,23,BRneg,1.218
2025-12-11,24,BRpos,4.798
2025-12-11,24,BRneg,1.316
2025-12-11,25,BRpos,2.463
2025-12-11,25,BRneg,1.768
2025-12-11,26,BRpos,2.938
2025-12-11,26,BRneg,2.142
2025-12-11,27,BRpos,1.946
2025-12-11,27,BRneg,2.435
2025-12-11,28,BRpos,4.49
2025-12-11,28,BRneg,1.663
2025-12-11,29,BRpos,4.474
2025-12-11,29,BRneg,1.094
2025-12-11,30,BRpos,3.4
2025-12-11,30,BRneg,2.24
2025-12-11,31,BRpos,2.077
2025-12-11,31,BRneg,0.747
2025-12-11,32,BRpos,3.075
2025-12-11,32,BRneg,1.553
2025-12-11,33,BRpos,1.953
2025-12-11,33,BRneg,1.15
2025-12-11,34,BRpos,9.284
2025-12-11,34,BRneg,1.5
2025-12-11,35,BRpos,6.599
2025-12-11,35,BRneg,1.912
2025-12-11,36,BRpos,3.25
2025-12-11,36,BRneg,2.083
2025-12-11,37,BRpos,2.531
2025-12-11,37,BRneg,1.492
2025-12-11,38,BRpos,12.156
2025-12-11,38,BRneg,4.678
2025-12-11,39,BRpos,5.849
2025-12-11,39,BRneg,2.301
2025-12-11,40,BRpos,1.905
2025-12-11,40,BRneg,1.589
2025-12-11,41,BRpos,4.153
2025-12-11,41,BRneg,0.765
2025-12-11,42,BRpos,1.98
2025-12-11,42,BRneg,1.173
2025-12-11,43,BRpos,2.403
2025-12-11,43,BRneg,2.23
2025-12-11,44,BRpos,1.815
2025-12-11,44,BRneg,1.153
2025-12-11,45,BRpos,1.048
2025-12-11,45,BRneg,1.887
2025-12-11,46,BRpos,2.606
2025-12-11,46,BRneg,1.41
2025-12-11,47,BRpos,1.864
2025-12-11,47,BRneg,1.456
2025-12-11,48,BRpos,1.933
2025-12-11,48,BRneg,2.78
2025-12-12,1,BRpos,1.79
2025-12-12,1,BRneg,5.895
2025-12-12,2,BRpos,7.47
2025-12-12,2,BRneg,1.089
2025-12-12,3,BRpos,7.167
2025-12-12,3,BRneg,1.448
2025-12-12,4,BRpos,1.989
2025-12-12,4,BRneg,1.79
2025-12-12,5,BRpos,5.143
2025-12-12,5,BRneg,2.691
2025-12-12,6,BRpos,2.989
2025-12-12,6,BRneg,1.815
2025-12-12,7,BRpos,1.636
2025-12-12,7,BRneg,1.195
2025-12-12,8,BRpos,6.611
2025-12-12,8,BRneg,2.489
2025-12-12,9,BRpos,3.214
2025-12-12,9,BRneg,1.762
2025-12-12,10,BRpos,2.997
2025-12-12,10,BRneg,1.013
2025-12-12,11,BRpos,1.458
2025-12-12,11,BRneg,2.799
2025-12-12,12,BRpos,3.689
2025-12-12,12,BRneg,3.253
2025-12-12,13,BRpos,2.749
2025-12-12,13,BRneg,1.215
2025-12-12,14,BRpos,5.699
2025-12-12,14,BRneg,3.047
2025-12-12,15,BRpos,2.721
2025-12-12,15,BRneg,3.065
2025-12-12,16,BRpos,2.989
2025-12-12,16,BRneg,1.163
2025-12-12,17,BRpos,3.105
2025-12-12,17,BRneg,1.314
2025-12-12,18,BRpos,3.202
2025-12-12,18,BRneg,1.068
2025-12-12,19,BRpos,3.08
2025-12-12,19,BRneg,0.991
2025-12-12,20,BRpos,4.058
2025-12-12,20,BRneg,1.801
2025-12-12,21,BRpos,3.53
2025-12-12,21,BRneg,2.131
2025-12-12,22,BRpos,5.216
2025-12-12,22,BRneg,1.609
2025-12-12,23,BRpos,2.748
2025-12-12,23,BRneg,1.724
2025-12-12,24,BRpos,2.658
2025-12-12,24,BRneg,1.431
2025-12-12,25,BRpos,7.223
2025-12-12,25,BRneg,1.547
2025-12-12,26,BRpos,5.166
2025-12-12,26,BRneg,3.58
2025-12-12,27,BRpos,1.921
2025-12-12,27,BRneg,1.926
2025-12-12,28,BRpos,2.453
2025-12-12,28,BRneg,1.0
2025-12-12,29,BRpos,6.968
2025-12-12,29,BRneg,0.997
2025-12-12,30,BRpos,1.539
2025-12-12,30,BRneg,1.493
2025-12-12,31,BRpos,3.019
2025-12-12,31,BRneg,1.317
2025-12-12,32,BRpos,6.467
2025-12-12,32,BRneg,1.333
2025-12-12,33,BRpos,7.9
2025-12-12,33,BRneg,3.625
2025-12-12,34,BRpos,4.847
2025-12-12,34,BRneg,1.524
2025-12-12,35,BRpos,3.769
2025-12-12,35,BRneg,2.013
2025-12-12,36,BRpos,3.487
2025-12-12,36,BRneg,4.113
2025-12-12,37,BRpos,7.168
2025-12-12,37,BRneg,2.707
2025-12-12,38,BRpos,3.974
2025-12-12,38,BRneg,1.733
2025-12-12,39,BRpos,4.86
2025-12-12,39,BRneg,2.837
2025-12-12,40,BRpos,3.447
2025-12-12,40,BRneg,1.939
2025-12-12,41,BRpos,2.989
2025-12-12,41,BRneg,0.785
2025-12-12,42,BRpos,2.172
2025-12-12,42,BRneg,2.659
2025-12-12,43,BRpos,3.761
2025-12-12,43,BRneg,3.311
2025-12-12,44,BRpos,7.157
2025-12-12,44,BRneg,1.642
2025-12-12,45,BRpos,2.083
2025-12-12,45,BRneg,2.699
2025-12-12,46,BRpos,3.616
2025-12-12,46,BRneg,2.232
2025-12-12,47,BRpos,4.877
2025-12-12,47,BRneg,2.844
2025-12-12,48,BRpos,5.268
2025-12-12,48,BRneg,3.267
2025-12-13,1,BRpos,3.272
2025-12-13,1,BRneg,3.176
2025-12-13,2,BRpos,6.551
2025-12-13,2,BRneg,2.268
2025-12-13,3,BRpos,2.359
2025-12-13,3,BRneg,1.223
2025-12-13,4,BRpos,3.185
2025-12-13,4,BRneg,3.31
2025-12-13,5,BRpos,3.563
2025-12-13,5,BRneg,1.32
2025-12-13,6,BRpos,4.608
2025-12-13,6,BRneg,0.772
2025-12-13,7,BRpos,4.132
2025-12-13,7,BRneg,2.148
2025-12-13,8,BRpos,4.141
2025-12-13,8,BRneg,2.319
2025-12-13,9,BRpos,2.161
2025-12-13,9,BRneg,3.551
2025-12-13,10,BRpos,1.981
2025-12-13,10,BRneg,1.039
2025-12-13,11,BRpos,7.637
2025-12-13,11,BRneg,0.913
2025-12-13,12,BRpos,1.979
2025-12-13,12,BRneg,1.1
2025-12-13,13,BRpos,4.105
2025-12-13,13,BRneg,1.428
2025-12-13,14,BRpos,2.292
2025-12-13,14,BRneg,1.58
2025-12-13,15,BRpos,4.889
2025-12-13,15,BRneg,0.748
2025-12-13,16,BRpos,1.8
2025-12-13,16,BRneg,3.404
2025-12-13,17,BRpos,5.11
2025-12-13,17,BRneg,0.768
2025-12-13,18,BRpos,2.339
2025-12-13,18,BRneg,1.274
2025-12-13,19,BRpos,3.037
2025-12-13,19,BRneg,1.414
2025-12-13,20,BRpos,3.671
2025-12-13,20,BRneg,2.177
2025-12-13,21,BRpos,2.232
2025-12-13,21,BRneg,1.234
2025-12-13,22,BRpos,7.422
2025-12-13,22,BRneg,0.722
2025-12-13,23,BRpos,2.984
2025-12-13,23,BRneg,2.44
2025-12-13,24,BRpos,8.044
2025-12-13,24,BRneg,3.253
2025-12-13,25,BRpos,1.617
2025-12-13,25,BRneg,1.667
2025-12-13,26,BRpos,2.128
2025-12-13,26,BRneg,1.532
2025-12-13,27,BRpos,2.247
2025-12-13,27,BRneg,1.634
2025-12-13,28,BRpos,3.889
2025-12-13,28,BRneg,1.45
2025-12-13,29,BRpos,5.33
2025-12-13,29,BRneg,1.319
2025-12-13,30,BRpos,4.101
2025-12-13,30,BRneg,2.056
2025-12-13,31,BRpos,2.059
2025-12-13,31,BRneg,1.538
2025-12-13,32,BRpos,2.775
2025-12-13,32,BRneg,1.846
2025-12-13,33,BRpos,2.012
2025-12-13,33,BRneg,0.853
2025-12-13,34,BRpos,6.152
2025-12-13,34,BRneg,0.914
2025-12-13,35,BRpos,4.336
2025-12-13,35,BRneg,1.793
2025-12-13,36,BRpos,7.774
2025-12-13,36,BRneg,2.401
2025-12-13,37,BRpos,7.693
2025-12-13,37,BRneg,2.303
2025-12-13,38,BRpos,9.184
2025-12-13,38,BRneg,3.233
2025-12-13,39,BRpos,2.264
2025-12-13,39,BRneg,2.837
2025-12-13,40,BRpos,1.811
2025-12-13,40,BRneg,2.198
2025-12-13,41,BRpos,2.493
2025-12-13,41,BRneg,0.965
2025-12-13,42,BRpos,3.367
2025-12-13,42,BRneg,1.951
2025-12-13,43,BRpos,1.686
2025-12-13,43,BRneg,1.298
2025-12-13,44,BRpos,1.339
2025-12-13,44,BRneg,1.27
2025-12-13,45,BRpos,10.164
2025-12-13,45,BRneg,1.62
2025-12-13,46,BRpos,3.64
2025-12-13,46,BRneg,1.372
2025-12-13,47,BRpos,1.772
2025-12-13,47,BRneg,2.325
2025-12-13,48,BRpos,5.343
2025-12-13,48,BRneg,2.596
2025-12-14,1,BRpos,5.142
2025-12-14,1,BRneg,1.361
2025-12-14,2,BRpos,5.28
2025-12-14,2,BRneg,1.721
2025-12-14,3,BRpos,1.77
2025-12-14,3,BRneg,1.728
2025-12-14,4,BRpos,3.412
2025-12-14,4,BRneg,2.069
2025-12-14,5,BRpos,3.689
2025-12-14,5,BRneg,1.487
2025-12-14,6,BRpos,1.871
2025-12-14,6,BRneg,1.004
2025-12-14,7,BRpos,3.475
2025-12-14,7,BRneg,2.912
2025-12-14,8,BRpos,3.576
2025-12-14,8,BRneg,1.41
2025-12-14,9,BRpos,4.3
2025-12-14,9,BRneg,1.49
2025-12-14,10,BRpos,10.349
2025-12-14,10,BRneg,2.011
2025-12-14,11,BRpos,1.974
2025-12-14,11,BRneg,1.398
2025-12-14,12,BRpos,7.876
2025-12-14,12,BRneg,1.716
2025-12-14,13,BRpos,3.399
2025-12-14,13,BRneg,2.217
2025-12-14,14,BRpos,5.989
2025-12-14,14,BRneg,1.762
2025-12-14,15,BRpos,1.304
2025-12-14,15,BRneg,1.896
2025-12-14,16,BRpos,2.661
2025-12-14,16,BRneg,1.07
2025-12-14,17,BRpos,2.641
2025-12-14,17,BRneg,1.581
2025-12-14,18,BRpos,2.118
2025-12-14,18,BRneg,1.282
2025-12-14,19,BRpos,2.388
2025-12-14,19,BRneg,1.707
2025-12-14,20,BRpos,3.878
2025-12-14,20,BRneg,0.674
2025-12-14,21,BRpos,5.966
2025-12-14,21,BRneg,2.707
2025-12-14,22,BRpos,5.685
2025-12-14,22,BRneg,3.705
2025-12-14,23,BRpos,4.412
2025-12-14,23,BRneg,0.675
2025-12-14,24,BRpos,3.31
2025-12-14,24,BRneg,1.077
2025-12-14,25,BRpos,2.486
2025-12-14,25,BRneg,1.469
2025-12-14,26,BRpos,4.713
2025-12-14,26,BRneg,1.619
2025-12-14,27,BRpos,5.51
2025-12-14,27,BRneg,1.594
2025-12-14,28,BRpos,1.774
2025-12-14,28,BRneg,1.635
2025-12-14,29,BRpos,2.221
2025-12-14,29,BRneg,1.31
2025-12-14,30,BRpos,5.2
2025-12-14,30,BRneg,2.467
2025-12-14,31,BRpos,3.725
2025-12-14,31,BRneg,1.355
2025-12-14,32,BRpos,7.509
2025-12-14,32,BRneg,1.841
2025-12-14,33,BRpos,4.549
2025-12-14,33,BRneg,3.304
2025-12-14,34,BRpos,3.53
2025-12-14,34,BRneg,1.503
2025-12-14,35,BRpos,7.525
2025-12-14,35,BRneg,2.984
2025-12-14,36,BRpos,3.472
2025-12-14,36,BRneg,1.498
2025-12-14,37,BRpos,4.299
2025-12-14,37,BRneg,2.645
2025-12-14,38,BRpos,8.978
2025-12-14,38,BRneg,4.645
2025-12-14,39,BRpos,5.248
2025-12-14,39,BRneg,4.152
2025-12-14,40,BRpos,4.113
2025-12-14,40,BRneg,1.394
2025-12-14,41,BRpos,1.962
2025-12-14,41,BRneg,1.318
2025-12-14,42,BRpos,4.883
2025-12-14,42,BRneg,2.215
2025-12-14,43,BRpos,9.665
2025-12-14,43,BRneg,1.409
2025-12-14,44,BRpos,3.856
2025-12-14,44,BRneg,1.831
2025-12-14,45,BRpos,3.801
2025-12-14,45,BRneg,2.36
2025-12-14,46,BRpos,8.072
2025-12-14,46,BRneg,0.392
2025-12-14,47,BRpos,3.273
2025-12-14,47,BRneg,2.243
2025-12-14,48,BRpos,5.473
2025-12-14,48,BRneg,1.912
2025-12-15,1,BRpos,6.744
2025-12-15,1,BRneg,1.413
2025-12-15,2,BRpos,3.801
2025-12-15,2,BRneg,2.503
2025-12-15,3,BRpos,6.583
2025-12-15,3,BRneg,1.345
2025-12-15,4,BRpos,3.303
2025-12-15,4,BRneg,0.983
2025-12-15,5,BRpos,5.808
2025-12-15,5,BRneg,1.78
2025-12-15,6,BRpos,8.842
2025-12-15,6,BRneg,2.437
2025-12-15,7,BRpos,1.707
2025-12-15,7,BRneg,0.752
2025-12-15,8,BRpos,3.602
2025-12-15,8,BRneg,1.135
2025-12-15,9,BRpos,1.791
2025-12-15,9,BRneg,1.407
2025-12-15,10,BRpos,3.249
2025-12-15,10,BRneg,2.743
2025-12-15,11,BRpos,1.805
2025-12-15,11,BRneg,0.878
2025-12-15,12,BRpos,7.646
2025-12-15,12,BRneg,1.049
2025-12-15,13,BRpos,4.178
2025-12-15,13,BRneg,1.529
2025-12-15,14,BRpos,7.348
2025-12-15,14,BRneg,1.532
2025-12-15,15,BRpos,5.799
2025-12-15,15,BRneg,1.214
2025-12-15,16,BRpos,1.855
2025-12-15,16,BRneg,2.301
2025-12-15,17,BRpos,1.737
2025-12-15,17,BRneg,0.939
2025-12-15,18,BRpos,2.586
2025-12-15,18,BRneg,1.351
2025-12-15,19,BRpos,3.996
2025-12-15,19,BRneg,1.207
2025-12-15,20,BRpos,3.246
2025-12-15,20,BRneg,1.78
2025-12-15,21,BRpos,2.954
2025-12-15,21,BRneg,1.149
2025-12-15,22,BRpos,4.954
2025-12-15,22,BRneg,0.904
2025-12-15,23,BRpos,1.855
2025-12-15,23,BRneg,2.137
2025-12-15,24,BRpos,4.878
2025-12-15,24,BRneg,0.979
2025-12-15,25,BRpos,2.462
2025-12-15,25,BRneg,2.973
2025-12-15,26,BRpos,3.119
2025-12-15,26,BRneg,1.772
2025-12-15,27,BRpos,6.424
2025-12-15,27,BRneg,0.906
2025-12-15,28,BRpos,2.968
2025-12-15,28,BRneg,4.853
2025-12-15,29,BRpos,4.948
2025-12-15,29,BRneg,0.866
2025-12-15,30,BRpos,4.476
2025-12-15,30,BRneg,1.828
2025-12-15,31,BRpos,9.326
2025-12-15,31,BRneg,1.267
2025-12-15,32,BRpos,2.128
2025-12-15,32,BRneg,2.494
2025-12-15,33,BRpos,5.683
2025-12-15,33,BRneg,1.813
2025-12-15,34,BRpos,7.428
2025-12-15,34,BRneg,1.317
2025-12-15,35,BRpos,3.328
2025-12-15,35,BRneg,3.543
2025-12-15,36,BRpos,7.961
2025-12-15,36,BRneg,2.178
2025-12-15,37,BRpos,2.906
2025-12-15,37,BRneg,2.516
2025-12-15,38,BRpos,2.978
2025-12-15,38,BRneg,3.07
2025-12-15,39,BRpos,4.221
2025-12-15,39,BRneg,1.561
2025-12-15,40,BRpos,3.348
2025-12-15,40,BRneg,1.454
2025-12-15,41,BRpos,4.33
2025-12-15,41,BRneg,1.394
2025-12-15,42,BRpos,2.676
2025-12-15,42,BRneg,1.0
2025-12-15,43,BRpos,3.92
2025-12-15,43,BRneg,1.596
2025-12-15,44,BRpos,2.891
2025-12-15,44,BRneg,2.1
2025-12-15,45,BRpos,6.389
2025-12-15,45,BRneg,1.356
2025-12-15,46,BRpos,3.953
2025-12-15,46,BRneg,1.684
2025-12-15,47,BRpos,5.125
2025-12-15,47,BRneg,1.492
2025-12-15,48,BRpos,6.421
2025-12-15,48,BRneg,1.145
2025-12-16,1,BRpos,3.68
2025-12-16,1,BRneg,2.408
2025-12-16,2,BRpos,5.767
2025-12-16,2,BRneg,2.308
2025-12-16,3,BRpos,2.369
2025-12-16,3,BRneg,3.166
2025-12-16,4,BRpos,4.053
2025-12-16,4,BRneg,1.958
2025-12-16,5,BRpos,4.626
2025-12-16,5,BRneg,3.846
2025-12-16,6,BRpos,2.925
2025-12-16,6,BRneg,1.755
2025-12-16,7,BRpos,1.523
2025-12-16,7,BRneg,1.006
2025-12-16,8,BRpos,1.937
2025-12-16,8,BRneg,2.57
2025-12-16,9,BRpos,1.36
2025-12-16,9,BRneg,1.083
2025-12-16,10,BRpos,2.254
2025-12-16,10,BRneg,1.103
2025-12-16,11,BRpos,2.958
2025-12-16,11,BRneg,2.183
2025-12-16,12,BRpos,2.737
2025-12-16,12,BRneg,1.315
2025-12-16,13,BRpos,2.879
2025-12-16,13,BRneg,3.13
2025-12-16,14,BRpos,3.027
2025-12-16,14,BRneg,1.54
2025-12-16,15,BRpos,4.029
2025-12-16,15,BRneg,0.953
2025-12-16,16,BRpos,2.907
2025-12-16,16,BRneg,2.24
2025-12-16,17,BRpos,2.062
2025-12-16,17,BRneg,2.242
2025-12-16,18,BRpos,4.329
2025-12-16,18,BRneg,0.789
2025-12-16,19,BRpos,7.325
2025-12-16,19,BRneg,1.549
2025-12-16,20,BRpos,4.636
2025-12-16,20,BRneg,0.993
2025-12-16,21,BRpos,0.848
2025-12-16,21,BRneg,1.708
2025-12-16,22,BRpos,1.665
2025-12-16,22,BRneg,1.405
2025-12-16,23,BRpos,2.634
2025-12-16,23,BRneg,1.717
2025-12-16,24,BRpos,2.738
2025-12-16,24,BRneg,1.581
2025-12-16,25,BRpos,3.863
2025-12-16,25,BRneg,2.181
2025-12-16,26,BRpos,4.507
2025-12-16,26,BRneg,1.949
2025-12-16,27,BRpos,5.459
2025-12-16,27,BRneg,1.919
2025-12-16,28,BRpos,2.383
2025-12-16,28,BRneg,1.827
2025-12-16,29,BRpos,2.819
2025-12-16,29,BRneg,1.569
2025-12-16,30,BRpos,3.342
2025-12-16,30,BRneg,1.663
2025-12-16,31,BRpos,3.166
2025-12-16,31,BRneg,1.769
2025-12-16,32,BRpos,2.72
2025-12-16,32,BRneg,1.639
2025-12-16,33,BRpos,2.894
2025-12-16,33,BRneg,1.398
2025-12-16,34,BRpos,9.648
2025-12-16,34,BRneg,2.234
2025-12-16,35,BRpos,5.864
2025-12-16,35,BRneg,2.309
2025-12-16,36,BRpos,9.973
2025-12-16,36,BRneg,3.03
2025-12-16,37,BRpos,4.552
2025-12-16,37,BRneg,1.146
2025-12-16,38,BRpos,13.773
2025-12-16,38,BRneg,1.678
2025-12-16,39,BRpos,6.753
2025-12-16,39,BRneg,2.299
2025-12-16,40,BRpos,2.717
2025-12-16,40,BRneg,4.663
2025-12-16,41,BRpos,4.873
2025-12-16,41,BRneg,1.339
2025-12-16,42,BRpos,1.927
2025-12-16,42,BRneg,0.545
2025-12-16,43,BRpos,5.064
2025-12-16,43,BRneg,1.764
2025-12-16,44,BRpos,4.699
2025-12-16,44,BRneg,2.555
2025-12-16,45,BRpos,4.342
2025-12-16,45,BRneg,1.968
2025-12-16,46,BRpos,3.923
2025-12-16,46,BRneg,0.689
2025-12-16,47,BRpos,3.97
2025-12-16,47,BRneg,2.146
2025-12-16,48,BRpos,3.688
2025-12-16,48,BRneg,6.131
2025-12-17,1,BRpos,2.443
2025-12-17,1,BRneg,2.278
2025-12-17,2,BRpos,3.059
2025-12-17,2,BRneg,4.35
2025-12-17,3,BRpos,2.586
2025-12-17,3,BRneg,2.302
2025-12-17,4,BRpos,3.715
2025-12-17,4,BRneg,1.522
2025-12-17,5,BRpos,3.949
2025-12-17,5,BRneg,0.975
2025-12-17,6,BRpos,2.098
2025-12-17,6,BRneg,1.637
2025-12-17,7,BRpos,3.676
2025-12-17,7,BRneg,0.952
2025-12-17,8,BRpos,7.117
2025-12-17,8,BRneg,0.629
2025-12-17,9,BRpos,3.111
2025-12-17,9,BRneg,1.444
2025-12-17,10,BRpos,1.693
2025-12-17,10,BRneg,4.836
2025-12-17,11,BRpos,4.69
2025-12-17,11,BRneg,2.337
2025-12-17,12,BRpos,5.201
2025-12-17,12,BRneg,1.088
2025-12-17,13,BRpos,2.078
2025-12-17,13,BRneg,2.194
2025-12-17,14,BRpos,3.825
2025-12-17,14,BRneg,1.684
2025-12-17,15,BRpos,3.811
2025-12-17,15,BRneg,1.219
2025-12-17,16,BRpos,2.744
2025-12-17,16,BRneg,2.348
2025-12-17,17,BRpos,2.796
2025-12-17,17,BRneg,2.026
2025-12-17,18,BRpos,3.167
2025-12-17,18,BRneg,2.179
2025-12-17,19,BRpos,2.569
2025-12-17,19,BRneg,1.138
2025-12-17,20,BRpos,2.494
2025-12-17,20,BRneg,1.51
2025-12-17,21,BRpos,3.2
2025-12-17,21,BRneg,1.793
2025-12-17,22,BRpos,4.41
2025-12-17,22,BRneg,1.905
2025-12-17,23,BRpos,4.887
2025-12-17,23,BRneg,0.933
2025-12-17,24,BRpos,1.135
2025-12-17,24,BRneg,3.871
2025-12-17,25,BRpos,3.885
2025-12-17,25,BRneg,1.88
2025-12-17,26,BRpos,3.332
2025-12-17,26,BRneg,3.096
2025-12-17,27,BRpos,3.567
2025-12-17,27,BRneg,1.528
2025-12-17,28,BRpos,2.732
2025-12-17,28,BRneg,1.029
2025-12-17,29,BRpos,3.229
2025-12-17,29,BRneg,1.97
2025-12-17,30,BRpos,4.416
2025-12-17,30,BRneg,2.096
2025-12-17,31,BRpos,2.471
2025-12-17,31,BRneg,1.403
2025-12-17,32,BRpos,5.305
2025-12-17,32,BRneg,3.021
2025-12-17,33,BRpos,2.531
2025-12-17,33,BRneg,1.891
2025-12-17,34,BRpos,9.355
2025-12-17,34,BRneg,2.02
2025-12-17,35,BRpos,8.836
2025-12-17,35,BRneg,1.101
2025-12-17,36,BRpos,7.78
2025-12-17,36,BRneg,2.095
2025-12-17,37,BRpos,7.184
2025-12-17,37,BRneg,3.476
2025-12-17,38,BRpos,2.673
2025-12-17,38,BRneg,1.959
2025-12-17,39,BRpos,9.279
2025-12-17,39,BRneg,2.875
2025-12-17,40,BRpos,3.915
2025-12-17,40,BRneg,1.527
2025-12-17,41,BRpos,2.168
2025-12-17,41,BRneg,0.945
2025-12-17,42,BRpos,4.539
2025-12-17,42,BRneg,0.583
2025-12-17,43,BRpos,3.687
2025-12-17,43,BRneg,1.642
2025-12-17,44,BRpos,4.196
2025-12-17,44,BRneg,1.676
2025-12-17,45,BRpos,5.857
2025-12-17,45,BRneg,1.555
2025-12-17,46,BRpos,2.529
2025-12-17,46,BRneg,3.167
2025-12-17,47,BRpos,5.594
2025-12-17,47,BRneg,3.303
2025-12-17,48,BRpos,3.289
2025-12-17,48,BRneg,1.833
2025-12-18,1,BRpos,2.609
2025-12-18,1,BRneg,1.041
2025-12-18,2,BRpos,2.407
2025-12-18,2,BRneg,1.183
2025-12-18,3,BRpos,2.523
2025-12-18,3,BRneg,1.901
2025-12-18,4,BRpos,2.187
2025-12-18,4,BRneg,3.581
2025-12-18,5,BRpos,3.369
2025-12-18,5,BRneg,0.936
2025-12-18,6,BRpos,11.648
2025-12-18,6,BRneg,1.127
2025-12-18,7,BRpos,3.415
2025-12-18,7,BRneg,3.038
2025-12-18,8,BRpos,2.783
2025-12-18,8,BRneg,2.153
2025-12-18,9,BRpos,1.963
2025-12-18,9,BRneg,1.285
2025-12-18,10,BRpos,4.081
2025-12-18,10,BRneg,2.551
2025-12-18,11,BRpos,3.431
2025-12-18,11,BRneg,1.792
2025-12-18,12,BRpos,2.197
2025-12-18,12,BRneg,2.416
2025-12-18,13,BRpos,2.146
2025-12-18,13,BRneg,2.015
2025-12-18,14,BRpos,4.849
2025-12-18,14,BRneg,1.178
2025-12-18,15,BRpos,4.901
2025-12-18,15,BRneg,0.881
2025-12-18,16,BRpos,3.535
2025-12-18,16,BRneg,3.927
2025-12-18,17,BRpos,4.037
2025-12-18,17,BRneg,3.095
2025-12-18,18,BRpos,3.589
2025-12-18,18,BRneg,1.196
2025-12-18,19,BRpos,4.067
2025-12-18,19,BRneg,0.726
2025-12-18,20,BRpos,3.215
2025-12-18,20,BRneg,2.215
2025-12-18,21,BRpos,8.565
2025-12-18,21,BRneg,1.611
2025-12-18,22,BRpos,2.447
2025-12-18,22,BRneg,1.251
2025-12-18,23,BRpos,2.529
2025-12-18,23,BRneg,1.207
2025-12-18,24,BRpos,2.911
2025-12-18,24,BRneg,1.371
2025-12-18,25,BRpos,6.423
2025-12-18,25,BRneg,0.935
2025-12-18,26,BRpos,7.902
2025-12-18,26,BRneg,0.96
2025-12-18,27,BRpos,2.638
2025-12-18,27,BRneg,1.256
2025-12-18,28,BRpos,3.016
2025-12-18,28,BRneg,1.963
2025-12-18,29,BRpos,4.253
2025-12-18,29,BRneg,0.713
2025-12-18,30,BRpos,2.65
2025-12-18,30,BRneg,1.534
2025-12-18,31,BRpos,8.482
2025-12-18,31,BRneg,0.628
2025-12-18,32,BRpos,3.192
2025-12-18,32,BRneg,0.672
2025-12-18,33,BRpos,4.819
2025-12-18,33,BRneg,2.046
2025-12-18,34,BRpos,5.696
2025-12-18,34,BRneg,1.386
2025-12-18,35,BRpos,6.591
2025-12-18,35,BRneg,2.346
2025-12-18,36,BRpos,7.182
2025-12-18,36,BRneg,4.594
2025-12-18,37,BRpos,9.884
2025-12-18,37,BRneg,0.782
2025-12-18,38,BRpos,7.914
2025-12-18,38,BRneg,1.292
2025-12-18,39,BRpos,7.344
2025-12-18,39,BRneg,2.942
2025-12-18,40,BRpos,2.482
2025-12-18,40,BRneg,1.156
2025-12-18,41,BRpos,2.297
2025-12-18,41,BRneg,2.412
2025-12-18,42,BRpos,4.835
2025-12-18,42,BRneg,3.443
2025-12-18,43,BRpos,7.662
2025-12-18,43,BRneg,0.772
2025-12-18,44,BRpos,5.31
2025-12-18,44,BRneg,2.748
2025-12-18,45,BRpos,2.196
2025-12-18,45,BRneg,1.27
2025-12-18,46,BRpos,1.446
2025-12-18,46,BRneg,3.106
2025-12-18,47,BRpos,2.619
2025-12-18,47,BRneg,3.404
2025-12-18,48,BRpos,2.697
2025-12-18,48,BRneg,2.191
2025-12-19,1,BRpos,4.045
2025-12-19,1,BRneg,1.418
2025-12-19,2,BRpos,3.008
2025-12-19,2,BRneg,0.869
2025-12-19,3,BRpos,4.658
2025-12-19,3,BRneg,2.049
2025-12-19,4,BRpos,2.967
2025-12-19,4,BRneg,2.436
2025-12-19,5,BRpos,5.573
2025-12-19,5,BRneg,1.756
2025-12-19,6,BRpos,3.452
2025-12-19,6,BRneg,1.811
2025-12-19,7,BRpos,5.124
2025-12-19,7,BRneg,1.175
2025-12-19,8,BRpos,2.864
2025-12-19,8,BRneg,2.399
2025-12-19,9,BRpos,2.91
2025-12-19,9,BRneg,1.575
2025-12-19,10,BRpos,2.716
2025-12-19,10,BRneg,1.55
2025-12-19,11,BRpos,4.336
2025-12-19,11,BRneg,1.146
2025-12-19,12,BRpos,3.655
2025-12-19,12,BRneg,1.111
2025-12-19,13,BRpos,2.422
2025-12-19,13,BRneg,1.055
2025-12-19,14,BRpos,12.673
2025-12-19,14,BRneg,0.794
2025-12-19,15,BRpos,3.921
2025-12-19,15,BRneg,1.814
2025-12-19,16,BRpos,3.553
2025-12-19,16,BRneg,0.619
2025-12-19,17,BRpos,5.995
2025-12-19,17,BRneg,0.675
2025-12-19,18,BRpos,2.078
2025-12-19,18,BRneg,2.304
2025-12-19,19,BRpos,2.117
2025-12-19,19,BRneg,1.503
2025-12-19,20,BRpos,3.236
2025-12-19,20,BRneg,2.164
2025-12-19,21,BRpos,1.915
2025-12-19,21,BRneg,1.018
2025-12-19,22,BRpos,5.969
2025-12-19,22,BRneg,2.065
2025-12-19,23,BRpos,3.129
2025-12-19,23,BRneg,2.46
2025-12-19,24,BRpos,3.808
2025-12-19,24,BRneg,2.007
2025-12-19,25,BRpos,6.582
2025-12-19,25,BRneg,2.518
2025-12-19,26,BRpos,2.721
2025-12-19,26,BRneg,1.168
2025-12-19,27,BRpos,3.498
2025-12-19,27,BRneg,0.877
2025-12-19,28,BRpos,2.383
2025-12-19,28,BRneg,2.804
2025-12-19,29,BRpos,2.15
2025-12-19,29,BRneg,1.335
2025-12-19,30,BRpos,4.623
2025-12-19,30,BRneg,0.455
2025-12-19,31,BRpos,2.518
2025-12-19,31,BRneg,2.206
2025-12-19,32,BRpos,5.118
2025-12-19,32,BRneg,1.475
2025-12-19,33,BRpos,5.793
2025-12-19,33,BRneg,2.003
2025-12-19,34,BRpos,1.754
2025-12-19,34,BRneg,1.648
2025-12-19,35,BRpos,4.015
2025-12-19,35,BRneg,2.452
2025-12-19,36,BRpos,4.287
2025-12-19,36,BRneg,2.089
2025-12-19,37,BRpos,4.642
2025-12-19,37,BRneg,2.045
2025-12-19,38,BRpos,3.198
2025-12-19,38,BRneg,2.886
2025-12-19,39,BRpos,6.066
2025-12-19,39,BRneg,2.309
2025-12-19,40,BRpos,2.295
2025-12-19,40,BRneg,3.696
2025-12-19,41,BRpos,4.769
2025-12-19,41,BRneg,0.63
2025-12-19,42,BRpos,9.108
2025-12-19,42,BRneg,2.254
2025-12-19,43,BRpos,7.044
2025-12-19,43,BRneg,2.734
2025-12-19,44,BRpos,2.55
2025-12-19,44,BRneg,0.976
2025-12-19,45,BRpos,3.163
2025-12-19,45,BRneg,1.157
2025-12-19,46,BRpos,3.98
2025-12-19,46,BRneg,0.886
2025-12-19,47,BRpos,2.082
2025-12-19,47,BRneg,2.253
2025-12-19,48,BRpos,2.591
2025-12-19,48,BRneg,1.2
2025-12-20,1,BRpos,2.526
2025-12-20,1,BRneg,2.248
2025-12-20,2,BRpos,1.745
2025-12-20,2,BRneg,1.518
2025-12-20,3,BRpos,2.234
2025-12-20,3,BRneg,2.06
2025-12-20,4,BRpos,2.598
2025-12-20,4,BRneg,2.182
2025-12-20,5,BRpos,2.127
2025-12-20,5,BRneg,0.899
2025-12-20,6,BRpos,4.549
2025-12-20,6,BRneg,1.122
2025-12-20,7,BRpos,2.806
2025-12-20,7,BRneg,2.548
2025-12-20,8,BRpos,2.012
2025-12-20,8,BRneg,2.416
2025-12-20,9,BRpos,2.13
2025-12-20,9,BRneg,1.906
2025-12-20,10,BRpos,4.62
2025-12-20,10,BRneg,1.883
2025-12-20,11,BRpos,7.683
2025-12-20,11,BRneg,2.259
2025-12-20,12,BRpos,2.426
2025-12-20,12,BRneg,1.765
2025-12-20,13,BRpos,7.783
2025-12-20,13,BRneg,1.583
2025-12-20,14,BRpos,4.786
2025-12-20,14,BRneg,2.381
2025-12-20,15,BRpos,3.834
2025-12-20,15,BRneg,1.742
2025-12-20,16,BRpos,2.035
2025-12-20,16,BRneg,1.276
2025-12-20,17,BRpos,2.426
2025-12-20,17,BRneg,0.932
2025-12-20,18,BRpos,1.806
2025-12-20,18,BRneg,4.104
2025-12-20,19,BRpos,1.754
2025-12-20,19,BRneg,1.637
2025-12-20,20,BRpos,2.678
2025-12-20,20,BRneg,0.878
2025-12-20,21,BRpos,5.693
2025-12-20,21,BRneg,2.16
2025-12-20,22,BRpos,1.311
2025-12-20,22,BRneg,2.315
2025-12-20,23,BRpos,2.266
2025-12-20,23,BRneg,1.597
2025-12-20,24,BRpos,6.199
2025-12-20,24,BRneg,1.355
2025-12-20,25,BRpos,2.206
2025-12-20,25,BRneg,0.95
2025-12-20,26,BRpos,2.929
2025-12-20,26,BRneg,2.016
2025-12-20,27,BRpos,2.136
2025-12-20,27,BRneg,0.88
2025-12-20,28,BRpos,5.387
2025-12-20,28,BRneg,2.449
2025-12-20,29,BRpos,2.688
2025-12-20,29,BRneg,1.547
2025-12-20,30,BRpos,2.909
2025-12-20,30,BRneg,0.923
2025-12-20,31,BRpos,2.741
2025-12-20,31,BRneg,0.79
2025-12-20,32,BRpos,3.754
2025-12-20,32,BRneg,2.602
2025-12-20,33,BRpos,2.437
2025-12-20,33,BRneg,0.987
2025-12-20,34,BRpos,3.708
2025-12-20,34,BRneg,2.931
2025-12-20,35,BRpos,17.674
2025-12-20,35,BRneg,2.054
2025-12-20,36,BRpos,3.388
2025-12-20,36,BRneg,3.357
2025-12-20,37,BRpos,10.524
2025-12-20,37,BRneg,1.245
2025-12-20,38,BRpos,8.352
2025-12-20,38,BRneg,2.066
2025-12-20,39,BRpos,2.251
2025-12-20,39,BRneg,2.567
2025-12-20,40,BRpos,3.414
2025-12-20,40,BRneg,1.594
2025-12-20,41,BRpos,1.814
2025-12-20,41,BRneg,1.182
2025-12-20,42,BRpos,5.046
2025-12-20,42,BRneg,3.172
2025-12-20,43,BRpos,3.861
2025-12-20,43,BRneg,1.663
2025-12-20,44,BRpos,5.183
2025-12-20,44,BRneg,1.401
2025-12-20,45,BRpos,10.073
2025-12-20,45,BRneg,1.386
2025-12-20,46,BRpos,10.119
2025-12-20,46,BRneg,2.585
2025-12-20,47,BRpos,1.677
2025-12-20,47,BRneg,1.259
2025-12-20,48,BRpos,4.865
2025-12-20,48,BRneg,2.611
2025-12-21,1,BRpos,3.381
2025-12-21,1,BRneg,1.766
2025-12-21,2,BRpos,2.603
2025-12-21,2,BRneg,2.043
2025-12-21,3,BRpos,1.59
2025-12-21,3,BRneg,1.58
2025-12-21,4,BRpos,5.966
2025-12-21,4,BRneg,2.14
2025-12-21,5,BRpos,2.782
2025-12-21,5,BRneg,2.456
2025-12-21,6,BRpos,2.28
2025-12-21,6,BRneg,1.259
2025-12-21,7,BRpos,2.567
2025-12-21,7,BRneg,4.469
2025-12-21,8,BRpos,2.456
2025-12-21,8,BRneg,1.172
2025-12-21,9,BRpos,3.336
2025-12-21,9,BRneg,1.19
2025-12-21,10,BRpos,2.686
2025-12-21,10,BRneg,1.236
2025-12-21,11,BRpos,5.168
2025-12-21,11,BRneg,1.77
2025-12-21,12,BRpos,2.719
2025-12-21,12,BRneg,0.837
2025-12-21,13,BRpos,2.39
2025-12-21,13,BRneg,2.996
2025-12-21,14,BRpos,2.547
2025-12-21,14,BRneg,1.082
2025-12-21,15,BRpos,2.564
2025-12-21,15,BRneg,2.617
2025-12-21,16,BRpos,4.561
2025-12-21,16,BRneg,1.45
2025-12-21,17,BRpos,3.457
2025-12-21,17,BRneg,1.914
2025-12-21,18,BRpos,3.598
2025-12-21,18,BRneg,1.344
2025-12-21,19,BRpos,2.615
2025-12-21,19,BRneg,1.409
2025-12-21,20,BRpos,2.416
2025-12-21,20,BRneg,3.892
2025-12-21,21,BRpos,3.384
2025-12-21,21,BRneg,1.355
2025-12-21,22,BRpos,4.334
2025-12-21,22,BRneg,1.406
2025-12-21,23,BRpos,2.409
2025-12-21,23,BRneg,1.224
2025-12-21,24,BRpos,5.076
2025-12-21,24,BRneg,1.28
2025-12-21,25,BRpos,2.95
2025-12-21,25,BRneg,5.155
2025-12-21,26,BRpos,2.423
2025-12-21,26,BRneg,1.314
2025-12-21,27,BRpos,1.437
2025-12-21,27,BRneg,1.256
2025-12-21,28,BRpos,1.123
2025-12-21,28,BRneg,1.388
2025-12-21,29,BRpos,4.778
2025-12-21,29,BRneg,1.052
2025-12-21,30,BRpos,3.035
2025-12-21,30,BRneg,1.924
2025-12-21,31,BRpos,3.083
2025-12-21,31,BRneg,2.262
2025-12-21,32,BRpos,1.912
2025-12-21,32,BRneg,1.194
2025-12-21,33,BRpos,2.597
2025-12-21,33,BRneg,2.349
2025-12-21,34,BRpos,3.561
2025-12-21,34,BRneg,2.989
2025-12-21,35,BRpos,4.902
2025-12-21,35,BRneg,1.656
2025-12-21,36,BRpos,2.552
2025-12-21,36,BRneg,1.115
2025-12-21,37,BRpos,4.901
2025-12-21,37,BRneg,1.998
2025-12-21,38,BRpos,3.924
2025-12-21,38,BRneg,2.709
2025-12-21,39,BRpos,5.473
2025-12-21,39,BRneg,1.324
2025-12-21,40,BRpos,3.238
2025-12-21,40,BRneg,1.179
2025-12-21,41,BRpos,4.752
2025-12-21,41,BRneg,1.62
2025-12-21,42,BRpos,2.667
2025-12-21,42,BRneg,0.724
2025-12-21,43,BRpos,3.08
2025-12-21,43,BRneg,2.256
2025-12-21,44,BRpos,5.568
2025-12-21,44,BRneg,1.037
2025-12-21,45,BRpos,3.28
2025-12-21,45,BRneg,2.152
2025-12-21,46,BRpos,2.192
2025-12-21,46,BRneg,1.83
2025-12-21,47,BRpos,3.394
2025-12-21,47,BRneg,3.31
2025-12-21,48,BRpos,2.076
2025-12-21,48,BRneg,1.931
2025-12-22,1,BRpos,1.818
2025-12-22,1,BRneg,1.706
2025-12-22,2,BRpos,2.939
2025-12-22,2,BRneg,0.825
2025-12-22,3,BRpos,2.553
2025-12-22,3,BRneg,0.923
2025-12-22,4,BRpos,3.854
2025-12-22,4,BRneg,2.731
2025-12-22,5,BRpos,3.434
2025-12-22,5,BRneg,1.012
2025-12-22,6,BRpos,2.27
2025-12-22,6,BRneg,3.853
2025-12-22,7,BRpos,2.342
2025-12-22,7,BRneg,0.563
2025-12-22,8,BRpos,4.162
2025-12-22,8,BRneg,1.13
2025-12-22,9,BRpos,5.287
2025-12-22,9,BRneg,1.278
2025-12-22,10,BRpos,6.814
2025-12-22,10,BRneg,1.92
2025-12-22,11,BRpos,5.156
2025-12-22,11,BRneg,1.667
2025-12-22,12,BRpos,3.581
2025-12-22,12,BRneg,0.792
2025-12-22,13,BRpos,3.551
2025-12-22,13,BRneg,1.585
2025-12-22,14,BRpos,2.348
2025-12-22,14,BRneg,1.451
2025-12-22,15,BRpos,3.321
2025-12-22,15,BRneg,2.288
2025-12-22,16,BRpos,5.153
2025-12-22,16,BRneg,1.769
2025-12-22,17,BRpos,3.495
2025-12-22,17,BRneg,0.782
2025-12-22,18,BRpos,3.048
2025-12-22,18,BRneg,1.443
2025-12-22,19,BRpos,1.523
2025-12-22,19,BRneg,3.447
2025-12-22,20,BRpos,3.12
2025-12-22,20,BRneg,1.466
2025-12-22,21,BRpos,6.949
2025-12-22,21,BRneg,2.145
2025-12-22,22,BRpos,10.874
2025-12-22,22,BRneg,1.396
2025-12-22,23,BRpos,5.862
2025-12-22,23,BRneg,1.658
2025-12-22,24,BRpos,4.629
2025-12-22,24,BRneg,1.198
2025-12-22,25,BRpos,6.944
2025-12-22,25,BRneg,2.719
2025-12-22,26,BRpos,5.763
2025-12-22,26,BRneg,0.724
2025-12-22,27,BRpos,2.589
2025-12-22,27,BRneg,1.888
2025-12-22,28,BRpos,1.621
2025-12-22,28,BRneg,2.607
2025-12-22,29,BRpos,2.224
2025-12-22,29,BRneg,1.855
2025-12-22,30,BRpos,5.116
2025-12-22,30,BRneg,2.065
2025-12-22,31,BRpos,2.089
2025-12-22,31,BRneg,2.406
2025-12-22,32,BRpos,4.081
2025-12-22,32,BRneg,1.657
2025-12-22,33,BRpos,3.509
2025-12-22,33,BRneg,2.408
2025-12-22,34,BRpos,8.692
2025-12-22,34,BRneg,2.99
2025-12-22,35,BRpos,2.545
2025-12-22,35,BRneg,4.395
2025-12-22,36,BRpos,2.172
2025-12-22,36,BRneg,4.087
2025-12-22,37,BRpos,5.727
2025-12-22,37,BRneg,1.916
2025-12-22,38,BRpos,7.598
2025-12-22,38,BRneg,2.084
2025-12-22,39,BRpos,5.449
2025-12-22,39,BRneg,2.6
2025-12-22,40,BRpos,0.975
2025-12-22,40,BRneg,4.923
2025-12-22,41,BRpos,5.611
2025-12-22,41,BRneg,2.358
2025-12-22,42,BRpos,3.872
2025-12-22,42,BRneg,1.336
2025-12-22,43,BRpos,1.456
2025-12-22,43,BRneg,1.238
2025-12-22,44,BRpos,3.479
2025-12-22,44,BRneg,0.763
2025-12-22,45,BRpos,3.082
2025-12-22,45,BRneg,2.556
2025-12-22,46,BRpos,2.126
2025-12-22,46,BRneg,2.416
2025-12-22,47,BRpos,4.031
2025-12-22,47,BRneg,2.718
2025-12-22,48,BRpos,3.94
2025-12-22,48,BRneg,1.656
2025-12-23,1,BRpos,5.559
2025-12-23,1,BRneg,1.635
2025-12-23,2,BRpos,2.442
2025-12-23,2,BRneg,2.328
2025-12-23,3,BRpos,7.544
2025-12-23,3,BRneg,1.484
2025-12-23,4,BRpos,2.752
2025-12-23,4,BRneg,1.629
2025-12-23,5,BRpos,4.178
2025-12-23,5,BRneg,2.005
2025-12-23,6,BRpos,3.39
2025-12-23,6,BRneg,1.742
2025-12-23,7,BRpos,11.966
2025-12-23,7,BRneg,7.754
2025-12-23,8,BRpos,2.412
2025-12-23,8,BRneg,2.397
2025-12-23,9,BRpos,4.477
2025-12-23,9,BRneg,2.718
2025-12-23,10,BRpos,3.01
2025-12-23,10,BRneg,2.378
2025-12-23,11,BRpos,3.976
2025-12-23,11,BRneg,0.868
2025-12-23,12,BRpos,2.761
2025-12-23,12,BRneg,3.442
2025-12-23,13,BRpos,3.354
2025-12-23,13,BRneg,2.12
2025-12-23,14,BRpos,5.574
2025-12-23,14,BRneg,1.875
2025-12-23,15,BRpos,2.421
2025-12-23,15,BRneg,1.817
2025-12-23,16,BRpos,2.698
2025-12-23,16,BRneg,1.157
2025-12-23,17,BRpos,4.638
2025-12-23,17,BRneg,2.131
2025-12-23,18,BRpos,4.205
2025-12-23,18,BRneg,0.899
2025-12-23,19,BRpos,3.221
2025-12-23,19,BRneg,0.654
2025-12-23,20,BRpos,4.634
2025-12-23,20,BRneg,1.259
2025-12-23,21,BRpos,2.284
2025-12-23,21,BRneg,1.978
2025-12-23,22,BRpos,5.587
2025-12-23,22,BRneg,2.754
2025-12-23,23,BRpos,4.282
2025-12-23,23,BRneg,1.247
2025-12-23,24,BRpos,3.413
2025-12-23,24,BRneg,1.443
2025-12-23,25,BRpos,1.358
2025-12-23,25,BRneg,3.764
2025-12-23,26,BRpos,2.222
2025-12-23,26,BRneg,0.786
2025-12-23,27,BRpos,2.637
2025-12-23,27,BRneg,1.08
2025-12-23,28,BRpos,3.654
2025-12-23,28,BRneg,2.194
2025-12-23,29,BRpos,2.108
2025-12-23,29,BRneg,2.424
2025-12-23,30,BRpos,2.482
2025-12-23,30,BRneg,2.372
2025-12-23,31,BRpos,7.104
2025-12-23,31,BRneg,2.506
2025-12-23,32,BRpos,3.494
2025-12-23,32,BRneg,0.927
2025-12-23,33,BRpos,5.484
2025-12-23,33,BRneg,1.804
2025-12-23,34,BRpos,10.148
2025-12-23,34,BRneg,3.12
2025-12-23,35,BRpos,6.009
2025-12-23,35,BRneg,3.741
2025-12-23,36,BRpos,7.034
2025-12-23,36,BRneg,1.725
2025-12-23,37,BRpos,4.82
2025-12-23,37,BRneg,1.975
2025-12-23,38,BRpos,8.493
2025-12-23,38,BRneg,1.881
2025-12-23,39,BRpos,4.717
2025-12-23,39,BRneg,4.595
2025-12-23,40,BRpos,5.135
2025-12-23,40,BRneg,2.37
2025-12-23,41,BRpos,3.316
2025-12-23,41,BRneg,1.482
2025-12-23,42,BRpos,13.212
2025-12-23,42,BRneg,1.774
2025-12-23,43,BRpos,2.53
2025-12-23,43,BRneg,1.605
2025-12-23,44,BRpos,4.189
2025-12-23,44,BRneg,1.885
2025-12-23,45,BRpos,1.856
2025-12-23,45,BRneg,1.164
2025-12-23,46,BRpos,1.475
2025-12-23,46,BRneg,2.899
2025-12-23,47,BRpos,2.143
2025-12-23,47,BRneg,1.595
2025-12-23,48,BRpos,1.783
2025-12-23,48,BRneg,2.405
2025-12-24,1,BRpos,8.517
2025-12-24,1,BRneg,3.123
2025-12-24,2,BRpos,3.799
2025-12-24,2,BRneg,1.333
2025-12-24,3,BRpos,6.63
2025-12-24,3,BRneg,1.249
2025-12-24,4,BRpos,2.413
2025-12-24,4,BRneg,3.629
2025-12-24,5,BRpos,3.432
2025-12-24,5,BRneg,1.404
2025-12-24,6,BRpos,3.289
2025-12-24,6,BRneg,3.554
2025-12-24,7,BRpos,2.885
2025-12-24,7,BRneg,0.378
2025-12-24,8,BRpos,2.394
2025-12-24,8,BRneg,1.288
2025-12-24,9,BRpos,2.213
2025-12-24,9,BRneg,1.352
2025-12-24,10,BRpos,2.843
2025-12-24,10,BRneg,3.027
2025-12-24,11,BRpos,5.32
2025-12-24,11,BRneg,4.779
2025-12-24,12,BRpos,4.943
2025-12-24,12,BRneg,0.909
2025-12-24,13,BRpos,1.384
2025-12-24,13,BRneg,1.171
2025-12-24,14,BRpos,3.099
2025-12-24,14,BRneg,1.339
2025-12-24,15,BRpos,4.036
2025-12-24,15,BRneg,3.188
2025-12-24,16,BRpos,2.872
2025-12-24,16,BRneg,0.968
2025-12-24,17,BRpos,3.151
2025-12-24,17,BRneg,1.819
2025-12-24,18,BRpos,1.442
2025-12-24,18,BRneg,1.127
2025-12-24,19,BRpos,3.844
2025-12-24,19,BRneg,1.019
2025-12-24,20,BRpos,4.044
2025-12-24,20,BRneg,2.422
2025-12-24,21,BRpos,2.125
2025-12-24,21,BRneg,2.539
2025-12-24,22,BRpos,3.697
2025-12-24,22,BRneg,2.078
2025-12-24,23,BRpos,5.386
2025-12-24,23,BRneg,1.447
2025-12-24,24,BRpos,1.61
2025-12-24,24,BRneg,1.534
2025-12-24,25,BRpos,5.597
2025-12-24,25,BRneg,0.952
2025-12-24,26,BRpos,2.479
2025-12-24,26,BRneg,1.473
2025-12-24,27,BRpos,2.908
2025-12-24,27,BRneg,1.184
2025-12-24,28,BRpos,2.641
2025-12-24,28,BRneg,2.335
2025-12-24,29,BRpos,6.545
2025-12-24,29,BRneg,0.547
2025-12-24,30,BRpos,3.478
2025-12-24,30,BRneg,1.542
2025-12-24,31,BRpos,3.04
2025-12-24,31,BRneg,1.342
2025-12-24,32,BRpos,3.858
2025-12-24,32,BRneg,2.303
2025-12-24,33,BRpos,1.172
2025-12-24,33,BRneg,2.9
2025-12-24,34,BRpos,4.961
2025-12-24,34,BRneg,6.124
2025-12-24,35,BRpos,11.642
2025-12-24,35,BRneg,2.209
2025-12-24,36,BRpos,4.916
2025-12-24,36,BRneg,2.871
2025-12-24,37,BRpos,7.173
2025-12-24,37,BRneg,1.048
2025-12-24,38,BRpos,5.664
2025-12-24,38,BRneg,1.212
2025-12-24,39,BRpos,8.648
2025-12-24,39,BRneg,1.575
2025-12-24,40,BRpos,3.452
2025-12-24,40,BRneg,1.889
2025-12-24,41,BRpos,3.6
2025-12-24,41,BRneg,1.512
2025-12-24,42,BRpos,5.201
2025-12-24,42,BRneg,1.059
2025-12-24,43,BRpos,4.352
2025-12-24,43,BRneg,7.751
2025-12-24,44,BRpos,2.888
2025-12-24,44,BRneg,1.635
2025-12-24,45,BRpos,4.058
2025-12-24,45,BRneg,1.109
2025-12-24,46,BRpos,2.923
2025-12-24,46,BRneg,1.503
2025-12-24,47,BRpos,5.532
2025-12-24,47,BRneg,1.622
2025-12-24,48,BRpos,2.153
2025-12-24,48,BRneg,1.175
2025-12-25,1,BRpos,5.324
2025-12-25,1,BRneg,1.766
2025-12-25,2,BRpos,4.054
2025-12-25,2,BRneg,1.759
2025-12-25,3,BRpos,2.398
2025-12-25,3,BRneg,5.663
2025-12-25,4,BRpos,2.906
2025-12-25,4,BRneg,2.165
2025-12-25,5,BRpos,4.298
2025-12-25,5,BRneg,0.918
2025-12-25,6,BRpos,4.208
2025-12-25,6,BRneg,2.303
2025-12-25,7,BRpos,9.344
2025-12-25,7,BRneg,2.535
2025-12-25,8,BRpos,7.537
2025-12-25,8,BRneg,1.321
2025-12-25,9,BRpos,1.919
2025-12-25,9,BRneg,1.863
2025-12-25,10,BRpos,1.287
2025-12-25,10,BRneg,1.485
2025-12-25,11,BRpos,2.68
2025-12-25,11,BRneg,0.798
2025-12-25,12,BRpos,4.956
2025-12-25,12,BRneg,1.628
2025-12-25,13,BRpos,2.68
2025-12-25,13,BRneg,1.363
2025-12-25,14,BRpos,1.517
2025-12-25,14,BRneg,1.398
2025-12-25,15,BRpos,4.167
2025-12-25,15,BRneg,0.73
2025-12-25,16,BRpos,4.199
2025-12-25,16,BRneg,1.996
2025-12-25,17,BRpos,6.385
2025-12-25,17,BRneg,0.73
2025-12-25,18,BRpos,5.123
2025-12-25,18,BRneg,1.457
2025-12-25,19,BRpos,4.936
2025-12-25,19,BRneg,1.903
2025-12-25,20,BRpos,4.657
2025-12-25,20,BRneg,1.977
2025-12-25,21,BRpos,4.122
2025-12-25,21,BRneg,1.277
2025-12-25,22,BRpos,3.61
2025-12-25,22,BRneg,1.741
2025-12-25,23,BRpos,6.202
2025-12-25,23,BRneg,1.115
2025-12-25,24,BRpos,4.238
2025-12-25,24,BRneg,1.465
2025-12-25,25,BRpos,6.243
2025-12-25,25,BRneg,2.261
2025-12-25,26,BRpos,4.216
2025-12-25,26,BRneg,0.967
2025-12-25,27,BRpos,4.393
2025-12-25,27,BRneg,1.211
2025-12-25,28,BRpos,2.802
2025-12-25,28,BRneg,3.034
2025-12-25,29,BRpos,3.624
2025-12-25,29,BRneg,1.541
2025-12-25,30,BRpos,3.678
2025-12-25,30,BRneg,1.205
2025-12-25,31,BRpos,3.526
2025-12-25,31,BRneg,3.516
2025-12-25,32,BRpos,3.773
2025-12-25,32,BRneg,2.952
2025-12-25,33,BRpos,3.198
2025-12-25,33,BRneg,4.421
2025-12-25,34,BRpos,6.457
2025-12-25,34,BRneg,2.132
2025-12-25,35,BRpos,14.521
2025-12-25,35,BRneg,2.949
2025-12-25,36,BRpos,6.443
2025-12-25,36,BRneg,3.577
2025-12-25,37,BRpos,5.84
2025-12-25,37,BRneg,2.349
2025-12-25,38,BRpos,3.117
2025-12-25,38,BRneg,2.266
2025-12-25,39,BRpos,4.394
2025-12-25,39,BRneg,1.346
2025-12-25,40,BRpos,5.052
2025-12-25,40,BRneg,2.548
2025-12-25,41,BRpos,2.795
2025-12-25,41,BRneg,0.952
2025-12-25,42,BRpos,2.931
2025-12-25,42,BRneg,1.452
2025-12-25,43,BRpos,8.752
2025-12-25,43,BRneg,1.902
2025-12-25,44,BRpos,2.733
2025-12-25,44,BRneg,1.405
2025-12-25,45,BRpos,7.184
2025-12-25,45,BRneg,1.379
2025-12-25,46,BRpos,7.172
2025-12-25,46,BRneg,1.457
2025-12-25,47,BRpos,3.925
2025-12-25,47,BRneg,3.21
2025-12-25,48,BRpos,2.096
2025-12-25,48,BRneg,1.38
2025-12-26,1,BRpos,2.987
2025-12-26,1,BRneg,2.503
2025-12-26,2,BRpos,1.707
2025-12-26,2,BRneg,3.339
2025-12-26,3,BRpos,4.842
2025-12-26,3,BRneg,3.298
2025-12-26,4,BRpos,3.816
2025-12-26,4,BRneg,0.79
2025-12-26,5,BRpos,2.101
2025-12-26,5,BRneg,0.883
2025-12-26,6,BRpos,6.43
2025-12-26,6,BRneg,0.83
2025-12-26,7,BRpos,2.832
2025-12-26,7,BRneg,2.969
2025-12-26,8,BRpos,2.955
2025-12-26,8,BRneg,2.706
2025-12-26,9,BRpos,2.402
2025-12-26,9,BRneg,1.695
2025-12-26,10,BRpos,3.472
2025-12-26,10,BRneg,1.833
2025-12-26,11,BRpos,3.236
2025-12-26,11,BRneg,1.003
2025-12-26,12,BRpos,1.94
2025-12-26,12,BRneg,2.428
2025-12-26,13,BRpos,2.465
2025-12-26,13,BRneg,1.489
2025-12-26,14,BRpos,3.094
2025-12-26,14,BRneg,0.942
2025-12-26,15,BRpos,4.129
2025-12-26,15,BRneg,1.19
2025-12-26,16,BRpos,1.814
2025-12-26,16,BRneg,2.588
2025-12-26,17,BRpos,3.372
2025-12-26,17,BRneg,1.911
2025-12-26,18,BRpos,2.284
2025-12-26,18,BRneg,2.699
2025-12-26,19,BRpos,5.56
2025-12-26,19,BRneg,1.245
2025-12-26,20,BRpos,5.294
2025-12-26,20,BRneg,1.554
2025-12-26,21,BRpos,1.569
2025-12-26,21,BRneg,0.698
2025-12-26,22,BRpos,4.206
2025-12-26,22,BRneg,3.566
2025-12-26,23,BRpos,1.846
2025-12-26,23,BRneg,2.117
2025-12-26,24,BRpos,1.485
2025-12-26,24,BRneg,3.08
2025-12-26,25,BRpos,2.489
2025-12-26,25,BRneg,2.566
2025-12-26,26,BRpos,4.762
2025-12-26,26,BRneg,3.099
2025-12-26,27,BRpos,3.016
2025-12-26,27,BRneg,0.723
2025-12-26,28,BRpos,6.868
2025-12-26,28,BRneg,2.945
2025-12-26,29,BRpos,7.729
2025-12-26,29,BRneg,1.163
2025-12-26,30,BRpos,4.824
2025-12-26,30,BRneg,1.284
2025-12-26,31,BRpos,3.353
2025-12-26,31,BRneg,3.021
2025-12-26,32,BRpos,1.798
2025-12-26,32,BRneg,1.951
2025-12-26,33,BRpos,4.494
2025-12-26,33,BRneg,3.159
2025-12-26,34,BRpos,7.512
2025-12-26,34,BRneg,2.242
2025-12-26,35,BRpos,10.924
2025-12-26,35,BRneg,5.253
2025-12-26,36,BRpos,3.382
2025-12-26,36,BRneg,3.807
2025-12-26,37,BRpos,4.636
2025-12-26,37,BRneg,1.255
2025-12-26,38,BRpos,5.646
2025-12-26,38,BRneg,1.587
2025-12-26,39,BRpos,8.438
2025-12-26,39,BRneg,4.251
2025-12-26,40,BRpos,3.558
2025-12-26,40,BRneg,0.718
2025-12-26,41,BRpos,3.163
2025-12-26,41,BRneg,1.213
2025-12-26,42,BRpos,4.009
2025-12-26,42,BRneg,1.162
2025-12-26,43,BRpos,1.79
2025-12-26,43,BRneg,2.452
2025-12-26,44,BRpos,4.463
2025-12-26,44,BRneg,1.712
2025-12-26,45,BRpos,3.26
2025-12-26,45,BRneg,1.568
2025-12-26,46,BRpos,3.118
2025-12-26,46,BRneg,0.857
2025-12-26,47,BRpos,3.913
2025-12-26,47,BRneg,1.636
2025-12-26,48,BRpos,1.572
2025-12-26,48,BRneg,2.642
2025-12-27,1,BRpos,4.77
2025-12-27,1,BRneg,0.867
2025-12-27,2,BRpos,2.958
2025-12-27,2,BRneg,1.641
2025-12-27,3,BRpos,1.24
2025-12-27,3,BRneg,2.707
2025-12-27,4,BRpos,5.236
2025-12-27,4,BRneg,1.091
2025-12-27,5,BRpos,4.514
2025-12-27,5,BRneg,1.796
2025-12-27,6,BRpos,6.965
2025-12-27,6,BRneg,3.852
2025-12-27,7,BRpos,1.715
2025-12-27,7,BRneg,2.939
2025-12-27,8,BRpos,2.751
2025-12-27,8,BRneg,1.273
2025-12-27,9,BRpos,3.501
2025-12-27,9,BRneg,2.332
2025-12-27,10,BRpos,5.372
2025-12-27,10,BRneg,2.002
2025-12-27,11,BRpos,2.883
2025-12-27,11,BRneg,1.834
2025-12-27,12,BRpos,1.826
2025-12-27,12,BRneg,1.561
2025-12-27,13,BRpos,2.216
2025-12-27,13,BRneg,2.736
2025-12-27,14,BRpos,1.912
2025-12-27,14,BRneg,1.988
2025-12-27,15,BRpos,1.778
2025-12-27,15,BRneg,0.908
2025-12-27,16,BRpos,11.069
2025-12-27,16,BRneg,0.678
2025-12-27,17,BRpos,4.862
2025-12-27,17,BRneg,2.154
2025-12-27,18,BRpos,4.052
2025-12-27,18,BRneg,1.863
2025-12-27,19,BRpos,5.647
2025-12-27,19,BRneg,0.92
2025-12-27,20,BRpos,3.561
2025-12-27,20,BRneg,4.432
2025-12-27,21,BRpos,2.872
2025-12-27,21,BRneg,1.161
2025-12-27,22,BRpos,2.201
2025-12-27,22,BRneg,1.449
2025-12-27,23,BRpos,3.654
2025-12-27,23,BRneg,2.289
2025-12-27,24,BRpos,6.968
2025-12-27,24,BRneg,0.595
2025-12-27,25,BRpos,4.016
2025-12-27,25,BRneg,0.998
2025-12-27,26,BRpos,3.218
2025-12-27,26,BRneg,2.525
2025-12-27,27,BRpos,2.021
2025-12-27,27,BRneg,0.905
2025-12-27,28,BRpos,4.886
2025-12-27,28,BRneg,1.342
2025-12-27,29,BRpos,4.079
2025-12-27,29,BRneg,1.622
2025-12-27,30,BRpos,3.531
2025-12-27,30,BRneg,2.328
2025-12-27,31,BRpos,4.846
2025-12-27,31,BRneg,1.301
2025-12-27,32,BRpos,6.475
2025-12-27,32,BRneg,1.596
2025-12-27,33,BRpos,2.653
2025-12-27,33,BRneg,2.208
2025-12-27,34,BRpos,2.563
2025-12-27,34,BRneg,4.704
2025-12-27,35,BRpos,4.298
2025-12-27,35,BRneg,2.158
2025-12-27,36,BRpos,7.291
2025-12-27,36,BRneg,1.937
2025-12-27,37,BRpos,2.181
2025-12-27,37,BRneg,3.383
2025-12-27,38,BRpos,7.538
2025-12-27,38,BRneg,1.776
2025-12-27,39,BRpos,11.701
2025-12-27,39,BRneg,1.505
2025-12-27,40,BRpos,4.089
2025-12-27,40,BRneg,1.551
2025-12-27,41,BRpos,3.055
2025-12-27,41,BRneg,0.99
2025-12-27,42,BRpos,5.471
2025-12-27,42,BRneg,0.928
2025-12-27,43,BRpos,7.753
2025-12-27,43,BRneg,3.135
2025-12-27,44,BRpos,2.14
2025-12-27,44,BRneg,1.41
2025-12-27,45,BRpos,3.473
2025-12-27,45,BRneg,1.126
2025-12-27,46,BRpos,2.046
2025-12-27,46,BRneg,1.031
2025-12-27,47,BRpos,3.463
2025-12-27,47,BRneg,2.996
2025-12-27,48,BRpos,4.296
2025-12-27,48,BRneg,2.518
2025-12-28,1,BRpos,2.735
2025-12-28,1,BRneg,1.53
2025-12-28,2,BRpos,2.388
2025-12-28,2,BRneg,0.741
2025-12-28,3,BRpos,3.678
2025-12-28,3,BRneg,0.843
2025-12-28,4,BRpos,2.353
2025-12-28,4,BRneg,1.001
2025-12-28,5,BRpos,2.574
2025-12-28,5,BRneg,4.494
2025-12-28,6,BRpos,5.44
2025-12-28,6,BRneg,1.692
2025-12-28,7,BRpos,6.302
2025-12-28,7,BRneg,1.726
2025-12-28,8,BRpos,2.925
2025-12-28,8,BRneg,1.755
2025-12-28,9,BRpos,5.461
2025-12-28,9,BRneg,4.78
2025-12-28,10,BRpos,1.722
2025-12-28,10,BRneg,1.0
2025-12-28,11,BRpos,3.11
2025-12-28,11,BRneg,1.243
2025-12-28,12,BRpos,3.029
2025-12-28,12,BRneg,0.827
2025-12-28,13,BRpos,2.646
2025-12-28,13,BRneg,1.435
2025-12-28,14,BRpos,1.822
2025-12-28,14,BRneg,1.68
2025-12-28,15,BRpos,1.331
2025-12-28,15,BRneg,1.513
2025-12-28,16,BRpos,2.598
2025-12-28,16,BRneg,1.797
2025-12-28,17,BRpos,3.802
2025-12-28,17,BRneg,1.161
2025-12-28,18,BRpos,8.185
2025-12-28,18,BRneg,2.391
2025-12-28,19,BRpos,4.692
2025-12-28,19,BRneg,1.392
2025-12-28,20,BRpos,4.977
2025-12-28,20,BRneg,3.892
2025-12-28,21,BRpos,3.062
2025-12-28,21,BRneg,1.568
2025-12-28,22,BRpos,2.976
2025-12-28,22,BRneg,1.12
2025-12-28,23,BRpos,3.814
2025-12-28,23,BRneg,3.787
2025-12-28,24,BRpos,3.906
2025-12-28,24,BRneg,0.727
2025-12-28,25,BRpos,6.303
2025-12-28,25,BRneg,0.569
2025-12-28,26,BRpos,3.603
2025-12-28,26,BRneg,2.182
2025-12-28,27,BRpos,4.861
2025-12-28,27,BRneg,1.512
2025-12-28,28,BRpos,2.025
2025-12-28,28,BRneg,1.492
2025-12-28,29,BRpos,5.597
2025-12-28,29,BRneg,1.841
2025-12-28,30,BRpos,8.06
2025-12-28,30,BRneg,1.332
2025-12-28,31,BRpos,3.429
2025-12-28,31,BRneg,2.434
2025-12-28,32,BRpos,6.438
2025-12-28,32,BRneg,1.847
2025-12-28,33,BRpos,2.665
2025-12-28,33,BRneg,1.324
2025-12-28,34,BRpos,6.724
2025-12-28,34,BRneg,1.849
2025-12-28,35,BRpos,6.28
2025-12-28,35,BRneg,2.222
2025-12-28,36,BRpos,4.38
2025-12-28,36,BRneg,1.598
2025-12-28,37,BRpos,4.766
2025-12-28,37,BRneg,2.48
2025-12-28,38,BRpos,7.377
2025-12-28,38,BRneg,2.224
2025-12-28,39,BRpos,4.439
2025-12-28,39,BRneg,3.278
2025-12-28,40,BRpos,4.492
2025-12-28,40,BRneg,1.64
2025-12-28,41,BRpos,4.074
2025-12-28,41,BRneg,0.75
2025-12-28,42,BRpos,4.99
2025-12-28,42,BRneg,1.039
2025-12-28,43,BRpos,3.549
2025-12-28,43,BRneg,2.094
2025-12-28,44,BRpos,2.516
2025-12-28,44,BRneg,2.599
2025-12-28,45,BRpos,7.825
2025-12-28,45,BRneg,1.003
2025-12-28,46,BRpos,2.16
2025-12-28,46,BRneg,2.371
2025-12-28,47,BRpos,1.37
2025-12-28,47,BRneg,1.51
2025-12-28,48,BRpos,1.981
2025-12-28,48,BRneg,1.443
2025-12-29,1,BRpos,3.055
2025-12-29,1,BRneg,0.839
2025-12-29,2,BRpos,5.066
2025-12-29,2,BRneg,2.326
2025-12-29,3,BRpos,3.046
2025-12-29,3,BRneg,2.519
2025-12-29,4,BRpos,7.289
2025-12-29,4,BRneg,1.399
2025-12-29,5,BRpos,4.372
2025-12-29,5,BRneg,1.07
2025-12-29,6,BRpos,3.168
2025-12-29,6,BRneg,1.001
2025-12-29,7,BRpos,4.5
2025-12-29,7,BRneg,3.397
2025-12-29,8,BRpos,2.391
2025-12-29,8,BRneg,0.843
2025-12-29,9,BRpos,5.527
2025-12-29,9,BRneg,3.578
2025-12-29,10,BRpos,2.762
2025-12-29,10,BRneg,0.896
2025-12-29,11,BRpos,4.08
2025-12-29,11,BRneg,2.041
2025-12-29,12,BRpos,3.751
2025-12-29,12,BRneg,1.449
2025-12-29,13,BRpos,5.548
2025-12-29,13,BRneg,2.865
2025-12-29,14,BRpos,3.135
2025-12-29,14,BRneg,1.343
2025-12-29,15,BRpos,2.243
2025-12-29,15,BRneg,1.059
2025-12-29,16,BRpos,5.348
2025-12-29,16,BRneg,1.076
2025-12-29,17,BRpos,3.314
2025-12-29,17,BRneg,1.411
2025-12-29,18,BRpos,3.924
2025-12-29,18,BRneg,0.983
2025-12-29,19,BRpos,3.884
2025-12-29,19,BRneg,1.906
2025-12-29,20,BRpos,3.263
2025-12-29,20,BRneg,2.509
2025-12-29,21,BRpos,3.02
2025-12-29,21,BRneg,0.818
2025-12-29,22,BRpos,0.999
2025-12-29,22,BRneg,1.583
2025-12-29,23,BRpos,4.243
2025-12-29,23,BRneg,1.35
2025-12-29,24,BRpos,1.644
2025-12-29,24,BRneg,2.034
2025-12-29,25,BRpos,6.255
2025-12-29,25,BRneg,1.664
2025-12-29,26,BRpos,2.106
2025-12-29,26,BRneg,2.843
2025-12-29,27,BRpos,2.795
2025-12-29,27,BRneg,1.654
2025-12-29,28,BRpos,2.4
2025-12-29,28,BRneg,2.072
2025-12-29,29,BRpos,4.014
2025-12-29,29,BRneg,0.792
2025-12-29,30,BRpos,8.311
2025-12-29,30,BRneg,3.717
2025-12-29,31,BRpos,2.163
2025-12-29,31,BRneg,1.448
2025-12-29,32,BRpos,3.209
2025-12-29,32,BRneg,0.538
2025-12-29,33,BRpos,3.923
2025-12-29,33,BRneg,1.599
2025-12-29,34,BRpos,5.768
2025-12-29,34,BRneg,3.544
2025-12-29,35,BRpos,6.252
2025-12-29,35,BRneg,1.35
2025-12-29,36,BRpos,5.321
2025-12-29,36,BRneg,2.411
2025-12-29,37,BRpos,6.973
2025-12-29,37,BRneg,2.45
2025-12-29,38,BRpos,3.155
2025-12-29,38,BRneg,4.981
2025-12-29,39,BRpos,10.654
2025-12-29,39,BRneg,4.832
2025-12-29,40,BRpos,4.788
2025-12-29,40,BRneg,0.888
2025-12-29,41,BRpos,2.058
2025-12-29,41,BRneg,2.028
2025-12-29,42,BRpos,1.991
2025-12-29,42,BRneg,2.021
2025-12-29,43,BRpos,3.29
2025-12-29,43,BRneg,1.796
2025-12-29,44,BRpos,5.261
2025-12-29,44,BRneg,3.06
2025-12-29,45,BRpos,3.001
2025-12-29,45,BRneg,2.723
2025-12-29,46,BRpos,3.729
2025-12-29,46,BRneg,2.248
2025-12-29,47,BRpos,6.594
2025-12-29,47,BRneg,2.311
2025-12-29,48,BRpos,3.858
2025-12-29,48,BRneg,2.195
2025-12-30,1,BRpos,3.772
2025-12-30,1,BRneg,0.685
2025-12-30,2,BRpos,2.18
2025-12-30,2,BRneg,1.203
2025-12-30,3,BRpos,1.903
2025-12-30,3,BRneg,2.248
2025-12-30,4,BRpos,3.683
2025-12-30,4,BRneg,8.603
2025-12-30,5,BRpos,3.88
2025-12-30,5,BRneg,1.393
2025-12-30,6,BRpos,5.975
2025-12-30,6,BRneg,2.84
2025-12-30,7,BRpos,5.186
2025-12-30,7,BRneg,2.581
2025-12-30,8,BRpos,2.174
2025-12-30,8,BRneg,1.282
2025-12-30,9,BRpos,3.493
2025-12-30,9,BRneg,2.368
2025-12-30,10,BRpos,3.766
2025-12-30,10,BRneg,1.778
2025-12-30,11,BRpos,3.068
2025-12-30,11,BRneg,1.625
2025-12-30,12,BRpos,3.929
2025-12-30,12,BRneg,1.289
2025-12-30,13,BRpos,2.679
2025-12-30,13,BRneg,2.526
2025-12-30,14,BRpos,3.905
2025-12-30,14,BRneg,1.607
2025-12-30,15,BRpos,4.328
2025-12-30,15,BRneg,2.832
2025-12-30,16,BRpos,4.184
2025-12-30,16,BRneg,2.085
2025-12-30,17,BRpos,4.738
2025-12-30,17,BRneg,3.879
2025-12-30,18,BRpos,7.935
2025-12-30,18,BRneg,1.691
2025-12-30,19,BRpos,1.913
2025-12-30,19,BRneg,0.407
2025-12-30,20,BRpos,3.229
2025-12-30,20,BRneg,1.033
2025-12-30,21,BRpos,2.601
2025-12-30,21,BRneg,3.771
2025-12-30,22,BRpos,5.47
2025-12-30,22,BRneg,2.391
2025-12-30,23,BRpos,5.138
2025-12-30,23,BRneg,1.73
2025-12-30,24,BRpos,3.794
2025-12-30,24,BRneg,4.386
2025-12-30,25,BRpos,2.694
2025-12-30,25,BRneg,1.095
2025-12-30,26,BRpos,4.189
2025-12-30,26,BRneg,1.437
2025-12-30,27,BRpos,3.706
2025-12-30,27,BRneg,1.094
2025-12-30,28,BRpos,3.33
2025-12-30,28,BRneg,0.892
2025-12-30,29,BRpos,1.814
2025-12-30,29,BRneg,2.222
2025-12-30,30,BRpos,5.131
2025-12-30,30,BRneg,4.26
2025-12-30,31,BRpos,2.413
2025-12-30,31,BRneg,2.016
2025-12-30,32,BRpos,2.246
2025-12-30,32,BRneg,1.686
2025-12-30,33,BRpos,3.124
2025-12-30,33,BRneg,0.761
2025-12-30,34,BRpos,5.347
2025-12-30,34,BRneg,2.962
2025-12-30,35,BRpos,3.334
2025-12-30,35,BRneg,8.558
2025-12-30,36,BRpos,3.421
2025-12-30,36,BRneg,3.171
2025-12-30,37,BRpos,8.182
2025-12-30,37,BRneg,3.983
2025-12-30,38,BRpos,11.36
2025-12-30,38,BRneg,1.563
2025-12-30,39,BRpos,5.309
2025-12-30,39,BRneg,3.264
2025-12-30,40,BRpos,2.749
2025-12-30,40,BRneg,2.505
2025-12-30,41,BRpos,5.868
2025-12-30,41,BRneg,2.415
2025-12-30,42,BRpos,2.592
2025-12-30,42,BRneg,2.334
2025-12-30,43,BRpos,7.351
2025-12-30,43,BRneg,1.717
2025-12-30,44,BRpos,2.021
2025-12-30,44,BRneg,1.586
2025-12-30,45,BRpos,2.508
2025-12-30,45,BRneg,1.299
2025-12-30,46,BRpos,3.133
2025-12-30,46,BRneg,1.625
2025-12-30,47,BRpos,2.225
2025-12-30,47,BRneg,1.447
2025-12-30,48,BRpos,2.071
2025-12-30,48,BRneg,1.351
2025-12-31,1,BRpos,2.615
2025-12-31,1,BRneg,1.257
2025-12-31,2,BRpos,4.801
2025-12-31,2,BRneg,2.189
2025-12-31,3,BRpos,4.716
2025-12-31,3,BRneg,0.575
2025-12-31,4,BRpos,3.552
2025-12-31,4,BRneg,1.604
2025-12-31,5,BRpos,2.249
2025-12-31,5,BRneg,1.583
2025-12-31,6,BRpos,3.223
2025-12-31,6,BRneg,1.557
2025-12-31,7,BRpos,3.096
2025-12-31,7,BRneg,3.384
2025-12-31,8,BRpos,3.304
2025-12-31,8,BRneg,1.82
2025-12-31,9,BRpos,2.62
2025-12-31,9,BRneg,1.561
2025-12-31,10,BRpos,2.937
2025-12-31,10,BRneg,2.427
2025-12-31,11,BRpos,1.347
2025-12-31,11,BRneg,1.341
2025-12-31,12,BRpos,0.854
2025-12-31,12,BRneg,2.894
2025-12-31,13,BRpos,2.461
2025-12-31,13,BRneg,2.436
2025-12-31,14,BRpos,5.143
2025-12-31,14,BRneg,1.89
2025-12-31,15,BRpos,7.484
2025-12-31,15,BRneg,3.2
2025-12-31,16,BRpos,2.308
2025-12-31,16,BRneg,0.792
2025-12-31,17,BRpos,4.188
2025-12-31,17,BRneg,1.76
2025-12-31,18,BRpos,2.958
2025-12-31,18,BRneg,1.772
2025-12-31,19,BRpos,1.641
2025-12-31,19,BRneg,1.154
2025-12-31,20,BRpos,2.084
2025-12-31,20,BRneg,1.931
2025-12-31,21,BRpos,2.56
2025-12-31,21,BRneg,3.156
2025-12-31,22,BRpos,2.787
2025-12-31,22,BRneg,2.38
2025-12-31,23,BRpos,4.141
2025-12-31,23,BRneg,1.076
2025-12-31,24,BRpos,3.17
2025-12-31,24,BRneg,0.841
2025-12-31,25,BRpos,3.879
2025-12-31,25,BRneg,1.319
2025-12-31,26,BRpos,2.635
2025-12-31,26,BRneg,2.346
2025-12-31,27,BRpos,3.516
2025-12-31,27,BRneg,0.699
2025-12-31,28,BRpos,3.975
2025-12-31,28,BRneg,2.219
2025-12-31,29,BRpos,3.52
2025-12-31,29,BRneg,1.018
2025-12-31,30,BRpos,2.312
2025-12-31,30,BRneg,1.55
2025-12-31,31,BRpos,1.716
2025-12-31,31,BRneg,1.257
2025-12-31,32,BRpos,3.721
2025-12-31,32,BRneg,0.954
2025-12-31,33,BRpos,3.004
2025-12-31,33,BRneg,2.269
2025-12-31,34,BRpos,4.483
2025-12-31,34,BRneg,2.045
2025-12-31,35,BRpos,3.158
2025-12-31,35,BRneg,2.63
2025-12-31,36,BRpos,5.364
2025-12-31,36,BRneg,2.86
2025-12-31,37,BRpos,5.582
2025-12-31,37,BRneg,1.735
2025-12-31,38,BRpos,11.9
2025-12-31,38,BRneg,3.173
2025-12-31,39,BRpos,6.914
2025-12-31,39,BRneg,2.439
2025-12-31,40,BRpos,3.997
2025-12-31,40,BRneg,4.734
2025-12-31,41,BRpos,6.851
2025-12-31,41,BRneg,1.231
2025-12-31,42,BRpos,3.475
2025-12-31,42,BRneg,1.186
2025-12-31,43,BRpos,2.226
2025-12-31,43,BRneg,3.134
2025-12-31,44,BRpos,4.387
2025-12-31,44,BRneg,1.856
2025-12-31,45,BRpos,4.253
2025-12-31,45,BRneg,1.287
2025-12-31,46,BRpos,3.872
2025-12-31,46,BRneg,1.994
2025-12-31,47,BRpos,6.467
2025-12-31,47,BRneg,3.111
2025-12-31,48,BRpos,4.54
2025-12-31,48,BRneg,2.481
2026-01-01,1,BRpos,2.454
2026-01-01,1,BRneg,1.869
2026-01-01,2,BRpos,6.789
2026-01-01,2,BRneg,1.523
2026-01-01,3,BRpos,2.533
2026-01-01,3,BRneg,0.686
2026-01-01,4,BRpos,2.306
2026-01-01,4,BRneg,1.418
2026-01-01,5,BRpos,4.608
2026-01-01,5,BRneg,2.141
2026-01-01,6,BRpos,2.309
2026-01-01,6,BRneg,0.953
2026-01-01,7,BRpos,5.109
2026-01-01,7,BRneg,1.471
2026-01-01,8,BRpos,8.91
2026-01-01,8,BRneg,1.513
2026-01-01,9,BRpos,2.153
2026-01-01,9,BRneg,1.693
2026-01-01,10,BRpos,2.364
2026-01-01,10,BRneg,1.129
2026-01-01,11,BRpos,4.034
2026-01-01,11,BRneg,1.844
2026-01-01,12,BRpos,4.077
2026-01-01,12,BRneg,1.879
2026-01-01,13,BRpos,3.801
2026-01-01,13,BRneg,1.664
2026-01-01,14,BRpos,3.276
2026-01-01,14,BRneg,0.581
2026-01-01,15,BRpos,4.207
2026-01-01,15,BRneg,1.416
2026-01-01,16,BRpos,1.569
2026-01-01,16,BRneg,1.186
2026-01-01,17,BRpos,3.231
2026-01-01,17,BRneg,1.151
2026-01-01,18,BRpos,1.917
2026-01-01,18,BRneg,1.258
2026-01-01,19,BRpos,1.394
2026-01-01,19,BRneg,1.672
2026-01-01,20,BRpos,3.656
2026-01-01,20,BRneg,1.097
2026-01-01,21,BRpos,2.309
2026-01-01,21,BRneg,1.044
2026-01-01,22,BRpos,2.611
2026-01-01,22,BRneg,0.764
2026-01-01,23,BRpos,2.36
2026-01-01,23,BRneg,1.566
2026-01-01,24,BRpos,1.591
2026-01-01,24,BRneg,2.272
2026-01-01,25,BRpos,3.28
2026-01-01,25,BRneg,1.728
2026-01-01,26,BRpos,1.579
2026-01-01,26,BRneg,1.63
2026-01-01,27,BRpos,2.355
2026-01-01,27,BRneg,3.393
2026-01-01,28,BRpos,6.981
2026-01-01,28,BRneg,1.108
2026-01-01,29,BRpos,5.703
2026-01-01,29,BRneg,1.791
2026-01-01,30,BRpos,2.519
2026-01-01,30,BRneg,1.135
2026-01-01,31,BRpos,8.488
2026-01-01,31,BRneg,1.317
2026-01-01,32,BRpos,5.706
2026-01-01,32,BRneg,2.312
2026-01-01,33,BRpos,2.031
2026-01-01,33,BRneg,1.102
2026-01-01,34,BRpos,3.757
2026-01-01,34,BRneg,1.863
2026-01-01,35,BRpos,6.949
2026-01-01,35,BRneg,2.94
2026-01-01,36,BRpos,9.841
2026-01-01,36,BRneg,3.162
2026-01-01,37,BRpos,3.831
2026-01-01,37,BRneg,4.388
2026-01-01,38,BRpos,6.204
2026-01-01,38,BRneg,3.285
2026-01-01,39,BRpos,8.426
2026-01-01,39,BRneg,4.912
2026-01-01,40,BRpos,4.465
2026-01-01,40,BRneg,1.757
2026-01-01,41,BRpos,3.036
2026-01-01,41,BRneg,1.083
2026-01-01,42,BRpos,2.399
2026-01-01,42,BRneg,0.762
2026-01-01,43,BRpos,4.507
2026-01-01,43,BRneg,3.187
2026-01-01,44,BRpos,2.339
2026-01-01,44,BRneg,0.722
2026-01-01,45,BRpos,7.537
2026-01-01,45,BRneg,1.648
2026-01-01,46,BRpos,7.788
2026-01-01,46,BRneg,0.603
2026-01-01,47,BRpos,5.14
2026-01-01,47,BRneg,1.605
2026-01-01,48,BRpos,6.063
2026-01-01,48,BRneg,1.863
