date,period,price_gbp_mwh
2025-01-01,1,72.4
2025-01-01,2,65.09
2025-01-01,3,70.62
2025-01-01,4,70.09
2025-01-01,5,57.59
2025-01-01,6,59.63
2025-01-01,7,65.2
2025-01-01,8,63.74
2025-01-01,9,65.82
2025-01-01,10,64.06
2025-01-01,11,73.49
2025-01-01,12,76.7
2025-01-01,13,78.59
2025-01-01,14,88.44
2025-01-01,15,91.61
2025-01-01,16,91.46
2025-01-01,17,100.08
2025-01-01,18,96.7
2025-01-01,19,104.44
2025-01-01,20,100.27
2025-01-01,21,99.2
2025-01-01,22,97.17
2025-01-01,23,105.43
2025-01-01,24,101.17
2025-01-01,25,101.7
2025-01-01,26,103.83
2025-01-01,27,109.33
2025-01-01,28,110.89
2025-01-01,29,113.89
2025-01-01,30,117.75
2025-01-01,31,129.66
2025-01-01,32,125.75
2025-01-01,33,132.18
2025-01-01,34,137.12
2025-01-01,35,146.7
2025-01-01,36,149.03
2025-01-01,37,140.23
2025-01-01,38,129.96
2025-01-01,39,120.51
2025-01-01,40,116.36
2025-01-01,41,107.49
2025-01-01,42,98.94
2025-01-01,43,87.97
2025-01-01,44,86.75
2025-01-01,45,82.43
2025-01-01,46,79.61
2025-01-01,47,79.4
2025-01-01,48,74.31
2025-01-02,1,72.99
2025-01-02,2,72.61
2025-01-02,3,66.49
2025-01-02,4,66.65
2025-01-02,5,62.65
2025-01-02,6,68.85
2025-01-02,7,60.03
2025-01-02,8,68.19
2025-01-02,9,65.17
2025-01-02,10,72.21
2025-01-02,11,73.04
2025-01-02,12,80.93
2025-01-02,13,81.31
2025-01-02,14,77.71
2025-01-02,15,89.54
2025-01-02,16,90.28
2025-01-02,17,96.61
2025-01-02,18,106.66
2025-01-02,19,103.56
2025-01-02,20,97.75
2025-01-02,21,95.96
2025-01-02,22,100.11
2025-01-02,23,95.76
2025-01-02,24,99.19
2025-01-02,25,104.75
2025-01-02,26,109.94
2025-01-02,27,109.72
2025-01-02,28,100.35
2025-01-02,29,113.55
2025-01-02,30,116.41
2025-01-02,31,122.85
2025-01-02,32,133.95
2025-01-02,33,126.08
2025-01-02,34,138.12
2025-01-02,35,146.72
2025-01-02,36,138.3
2025-01-02,37,146.7
2025-01-02,38,134.9
2025-01-02,39,127.29
2025-01-02,40,111.57
2025-01-02,41,107.86
2025-01-02,42,101.12
2025-01-02,43,91.63
2025-01-02,44,86.83
2025-01-02,45,83.11
2025-01-02,46,75.34
2025-01-02,47,75.39
2025-01-02,48,72.86
2025-01-03,1,71.41
2025-01-03,2,70.43
2025-01-03,3,65.25
2025-01-03,4,68.32
2025-01-03,5,63.36
2025-01-03,6,63.29
2025-01-03,7,70.24
2025-01-03,8,60.95
2025-01-03,9,56.33
2025-01-03,10,74.02
2025-01-03,11,80.28
2025-01-03,12,72.08
2025-01-03,13,70.7
2025-01-03,14,82.82
2025-01-03,15,88.73
2025-01-03,16,94.28
2025-01-03,17,94.3
2025-01-03,18,103.01
2025-01-03,19,103.18
2025-01-03,20,94.64
2025-01-03,21,102.89
2025-01-03,22,108.26
2025-01-03,23,101.39
2025-01-03,24,100.6
2025-01-03,25,103.01
2025-01-03,26,107.86
2025-01-03,27,100.44
2025-01-03,28,110.26
2025-01-03,29,110.85
2025-01-03,30,123.6
2025-01-03,31,120.59
2025-01-03,32,134.25
2025-01-03,33,130.02
2025-01-03,34,142.94
2025-01-03,35,145.74
2025-01-03,36,141.26
2025-01-03,37,141.61
2025-01-03,38,138.38
2025-01-03,39,122.7
2025-01-03,40,107.17
2025-01-03,41,104.61
2025-01-03,42,93.31
2025-01-03,43,89.4
2025-01-03,44,85.63
2025-01-03,45,75.27
2025-01-03,46,72.39
2025-01-03,47,77.96
2025-01-03,48,71.43
2025-01-04,1,65.13
2025-01-04,2,56.47
2025-01-04,3,59.29
2025-01-04,4,62.26
2025-01-04,5,61.14
2025-01-04,6,58.03
2025-01-04,7,60.6
2025-01-04,8,59.3
2025-01-04,9,62.91
2025-01-04,10,60.66
2025-01-04,11,60.29
2025-01-04,12,66.24
2025-01-04,13,57.36
2025-01-04,14,75.55
2025-01-04,15,64.55
2025-01-04,16,76.8
2025-01-04,17,88.77
2025-01-04,18,90.58
2025-01-04,19,84.36
2025-01-04,20,85.76
2025-01-04,21,93.62
2025-01-04,22,86.17
2025-01-04,23,97.65
2025-01-04,24,89.77
2025-01-04,25,92.84
2025-01-04,26,99.28
2025-01-04,27,95.07
2025-01-04,28,92.5
2025-01-04,29,98.55
2025-01-04,30,102.19
2025-01-04,31,101.34
2025-01-04,32,111.32
2025-01-04,33,115.41
2025-01-04,34,127.5
2025-01-04,35,127.35
2025-01-04,36,126.32
2025-01-04,37,123.65
2025-01-04,38,118.48
2025-01-04,39,111.66
2025-01-04,40,96.33
2025-01-04,41,88.01
2025-01-04,42,89.77
2025-01-04,43,78.28
2025-01-04,44,70.02
2025-01-04,45,74.07
2025-01-04,46,71.29
2025-01-04,47,60.83
2025-01-04,48,65.66
2025-01-05,1,63.09
2025-01-05,2,59.46
2025-01-05,3,52.45
2025-01-05,4,57.85
2025-01-05,5,51.47
2025-01-05,6,61.09
2025-01-05,7,63.16
2025-01-05,8,54.18
2025-01-05,9,59.35
2025-01-05,10,56.64
2025-01-05,11,59.24
2025-01-05,12,68.04
2025-01-05,13,68.97
2025-01-05,14,81.03
2025-01-05,15,77.27
2025-01-05,16,87.74
2025-01-05,17,87.41
2025-01-05,18,91.9
2025-01-05,19,87.28
2025-01-05,20,88.46
2025-01-05,21,87.73
2025-01-05,22,84.81
2025-01-05,23,91.38
2025-01-05,24,92.43
2025-01-05,25,93.64
2025-01-05,26,99.02
2025-01-05,27,100.4
2025-01-05,28,95.07
2025-01-05,29,100.55
2025-01-05,30,99.9
2025-01-05,31,106.96
2025-01-05,32,110.01
2025-01-05,33,124.94
2025-01-05,34,125.34
2025-01-05,35,126.42
2025-01-05,36,132.3
2025-01-05,37,115.47
2025-01-05,38,109.6
2025-01-05,39,112.44
2025-01-05,40,100.64
2025-01-05,41,93.24
2025-01-05,42,80.09
2025-01-05,43,79.89
2025-01-05,44,83.75
2025-01-05,45,75.63
2025-01-05,46,70.16
2025-01-05,47,65.24
2025-01-05,48,63.21
2025-01-06,1,74.66
2025-01-06,2,68.9
2025-01-06,3,66.28
2025-01-06,4,67.11
2025-01-06,5,62.35
2025-01-06,6,60.47
2025-01-06,7,61.15
2025-01-06,8,62.69
2025-01-06,9,61.45
2025-01-06,10,68.35
2025-01-06,11,73.13
2025-01-06,12,67.49
2025-01-06,13,78.7
2025-01-06,14,83.34
2025-01-06,15,91.41
2025-01-06,16,95.16
2025-01-06,17,93.12
2025-01-06,18,95.83
2025-01-06,19,101.39
2025-01-06,20,104.92
2025-01-06,21,91.42
2025-01-06,22,101.62
2025-01-06,23,105.65
2025-01-06,24,101.53
2025-01-06,25,105.97
2025-01-06,26,102.78
2025-01-06,27,107.08
2025-01-06,28,103.32
2025-01-06,29,103.25
2025-01-06,30,120.2
2025-01-06,31,117.57
2025-01-06,32,125.99
2025-01-06,33,129.14
2025-01-06,34,135.21
2025-01-06,35,144.04
2025-01-06,36,142.08
2025-01-06,37,142.68
2025-01-06,38,135.59
2025-01-06,39,125.51
2025-01-06,40,115.1
2025-01-06,41,111.18
2025-01-06,42,92.83
2025-01-06,43,90.72
2025-01-06,44,90.64
2025-01-06,45,87.3
2025-01-06,46,73.32
2025-01-06,47,74.93
2025-01-06,48,79.09
2025-01-07,1,69.21
2025-01-07,2,67.05
2025-01-07,3,63.11
2025-01-07,4,62.33
2025-01-07,5,58.33
2025-01-07,6,68.01
2025-01-07,7,72.18
2025-01-07,8,70.96
2025-01-07,9,59.64
2025-01-07,10,70.63
2025-01-07,11,75.94
2025-01-07,12,72.05
2025-01-07,13,79.04
2025-01-07,14,76.23
2025-01-07,15,91.16
2025-01-07,16,91.01
2025-01-07,17,99.79
2025-01-07,18,94.68
2025-01-07,19,103.49
2025-01-07,20,104.96
2025-01-07,21,97.2
2025-01-07,22,95.74
2025-01-07,23,92.31
2025-01-07,24,101.12
2025-01-07,25,101.5
2025-01-07,26,99.44
2025-01-07,27,109.43
2025-01-07,28,108.06
2025-01-07,29,108.38
2025-01-07,30,114.27
2025-01-07,31,125.86
2025-01-07,32,130.29
2025-01-07,33,134.23
2025-01-07,34,143.4
2025-01-07,35,140.16
2025-01-07,36,145.2
2025-01-07,37,141.83
2025-01-07,38,131.97
2025-01-07,39,126.03
2025-01-07,40,111.09
2025-01-07,41,106.96
2025-01-07,42,99.36
2025-01-07,43,79.31
2025-01-07,44,90.92
2025-01-07,45,70.1
2025-01-07,46,76.58
2025-01-07,47,80.32
2025-01-07,48,72.43
2025-01-08,1,69.61
2025-01-08,2,77.59
2025-01-08,3,70.11
2025-01-08,4,69.52
2025-01-08,5,61.95
2025-01-08,6,61.12
2025-01-08,7,65.12
2025-01-08,8,65.98
2025-01-08,9,58.75
2025-01-08,10,67.04
2025-01-08,11,70.34
2025-01-08,12,73.05
2025-01-08,13,75.42
2025-01-08,14,82.14
2025-01-08,15,89.42
2025-01-08,16,95.67
2025-01-08,17,101.45
2025-01-08,18,105.29
2025-01-08,19,100.19
2025-01-08,20,99.08
2025-01-08,21,102.12
2025-01-08,22,102.77
2025-01-08,23,99.25
2025-01-08,24,105.4
2025-01-08,25,107.79
2025-01-08,26,110.86
2025-01-08,27,114.78
2025-01-08,28,106.44
2025-01-08,29,112.79
2025-01-08,30,116.58
2025-01-08,31,121.23
2025-01-08,32,125.34
2025-01-08,33,128.87
2025-01-08,34,141.36
2025-01-08,35,141.8
2025-01-08,36,145.48
2025-01-08,37,138.12
2025-01-08,38,129.51
2025-01-08,39,125.28
2025-01-08,40,114.86
2025-01-08,41,107.29
2025-01-08,42,105.94
2025-01-08,43,92.13
2025-01-08,44,88.14
2025-01-08,45,78.01
2025-01-08,46,73.93
2025-01-08,47,82.58
2025-01-08,48,70.04
2025-01-09,1,72.51
2025-01-09,2,73.61
2025-01-09,3,69.88
2025-01-09,4,71.51
2025-01-09,5,69.38
2025-01-09,6,71.23
2025-01-09,7,66.43
2025-01-09,8,68.94
2025-01-09,9,64.97
2025-01-09,10,65.38
2025-01-09,11,77.13
2025-01-09,12,74.8
2025-01-09,13,81.92
2025-01-09,14,84.82
2025-01-09,15,87.82
2025-01-09,16,95.39
2025-01-09,17,104.81
2025-01-09,18,103.23
2025-01-09,19,94.56
2025-01-09,20,100.08
2025-01-09,21,107.54
2025-01-09,22,99.51
2025-01-09,23,93.82
2025-01-09,24,109.85
2025-01-09,25,106.64
2025-01-09,26,105.46
2025-01-09,27,106.22
2025-01-09,28,114.28
2025-01-09,29,110.61
2025-01-09,30,121.17
2025-01-09,31,123.84
2025-01-09,32,128.96
2025-01-09,33,135.45
2025-01-09,34,140.34
2025-01-09,35,149.11
2025-01-09,36,141.73
2025-01-09,37,134.87
2025-01-09,38,136.42
2025-01-09,39,126.92
2025-01-09,40,116.22
2025-01-09,41,106.64
2025-01-09,42,95.95
2025-01-09,43,94.21
2025-01-09,44,86.05
2025-01-09,45,80.41
2025-01-09,46,77.86
2025-01-09,47,84.36
2025-01-09,48,66.82
2025-01-10,1,71.57
2025-01-10,2,67.46
2025-01-10,3,62.11
2025-01-10,4,69.78
2025-01-10,5,68.74
2025-01-10,6,68.54
2025-01-10,7,58.86
2025-01-10,8,66.53
2025-01-10,9,68.92
2025-01-10,10,63.69
2025-01-10,11,70.37
2025-01-10,12,73.49
2025-01-10,13,86.09
2025-01-10,14,92.05
2025-01-10,15,83.54
2025-01-10,16,105.35
2025-01-10,17,95.44
2025-01-10,18,104.97
2025-01-10,19,105.32
2025-01-10,20,96.99
2025-01-10,21,102.42
2025-01-10,22,99.97
2025-01-10,23,103.27
2025-01-10,24,103.23
2025-01-10,25,108.73
2025-01-10,26,106.07
2025-01-10,27,107.07
2025-01-10,28,114.37
2025-01-10,29,115.13
2025-01-10,30,119.55
2025-01-10,31,119.05
2025-01-10,32,123.85
2025-01-10,33,132.64
2025-01-10,34,138.6
2025-01-10,35,148.12
2025-01-10,36,149.15
2025-01-10,37,140.78
2025-01-10,38,139.72
2025-01-10,39,129.91
2025-01-10,40,115.31
2025-01-10,41,101.76
2025-01-10,42,103.56
2025-01-10,43,90.84
2025-01-10,44,86.76
2025-01-10,45,81.02
2025-01-10,46,75.57
2025-01-10,47,70.43
2025-01-10,48,76.32
2025-01-11,1,60.06
2025-01-11,2,62.74
2025-01-11,3,62.5
2025-01-11,4,56.0
2025-01-11,5,58.06
2025-01-11,6,54.87
2025-01-11,7,55.13
2025-01-11,8,53.01
2025-01-11,9,63.35
2025-01-11,10,63.95
2025-01-11,11,64.06
2025-01-11,12,72.99
2025-01-11,13,68.54
2025-01-11,14,86.38
2025-01-11,15,78.48
2025-01-11,16,84.97
2025-01-11,17,85.64
2025-01-11,18,90.43
2025-01-11,19,92.63
2025-01-11,20,88.43
2025-01-11,21,95.52
2025-01-11,22,89.33
2025-01-11,23,90.03
2025-01-11,24,86.42
2025-01-11,25,93.17
2025-01-11,26,92.57
2025-01-11,27,92.4
2025-01-11,28,93.71
2025-01-11,29,109.99
2025-01-11,30,101.6
2025-01-11,31,101.31
2025-01-11,32,109.9
2025-01-11,33,118.55
2025-01-11,34,126.38
2025-01-11,35,129.83
2025-01-11,36,130.55
2025-01-11,37,121.88
2025-01-11,38,119.31
2025-01-11,39,106.03
2025-01-11,40,98.17
2025-01-11,41,88.79
2025-01-11,42,80.86
2025-01-11,43,84.44
2025-01-11,44,78.68
2025-01-11,45,76.42
2025-01-11,46,69.81
2025-01-11,47,70.27
2025-01-11,48,57.9
2025-01-12,1,63.17
2025-01-12,2,61.53
2025-01-12,3,58.34
2025-01-12,4,63.12
2025-01-12,5,56.55
2025-01-12,6,55.69
2025-01-12,7,61.16
2025-01-12,8,55.37
2025-01-12,9,58.15
2025-01-12,10,53.38
2025-01-12,11,64.74
2025-01-12,12,72.88
2025-01-12,13,72.2
2025-01-12,14,80.11
2025-01-12,15,76.03
2025-01-12,16,84.91
2025-01-12,17,83.48
2025-01-12,18,88.05
2025-01-12,19,92.4
2025-01-12,20,89.31
2025-01-12,21,82.78
2025-01-12,22,83.14
2025-01-12,23,83.44
2025-01-12,24,92.04
2025-01-12,25,99.77
2025-01-12,26,98.57
2025-01-12,27,87.27
2025-01-12,28,102.52
2025-01-12,29,103.07
2025-01-12,30,96.49
2025-01-12,31,105.94
2025-01-12,32,117.1
2025-01-12,33,120.98
2025-01-12,34,118.98
2025-01-12,35,130.08
2025-01-12,36,119.32
2025-01-12,37,123.6
2025-01-12,38,122.53
2025-01-12,39,109.63
2025-01-12,40,98.67
2025-01-12,41,96.04
2025-01-12,42,89.53
2025-01-12,43,85.44
2025-01-12,44,79.44
2025-01-12,45,76.86
2025-01-12,46,72.6
2025-01-12,47,68.24
2025-01-12,48,65.32
2025-01-13,1,69.05
2025-01-13,2,68.93
2025-01-13,3,71.04
2025-01-13,4,65.8
2025-01-13,5,63.78
2025-01-13,6,64.41
2025-01-13,7,59.97
2025-01-13,8,66.97
2025-01-13,9,59.11
2025-01-13,10,66.08
2025-01-13,11,73.41
2025-01-13,12,75.22
2025-01-13,13,81.14
2025-01-13,14,84.15
2025-01-13,15,94.93
2025-01-13,16,99.13
2025-01-13,17,100.95
2025-01-13,18,104.82
2025-01-13,19,104.5
2025-01-13,20,99.28
2025-01-13,21,95.13
2025-01-13,22,102.15
2025-01-13,23,103.3
2025-01-13,24,106.73
2025-01-13,25,100.26
2025-01-13,26,102.21
2025-01-13,27,109.65
2025-01-13,28,109.77
2025-01-13,29,105.34
2025-01-13,30,118.19
2025-01-13,31,114.38
2025-01-13,32,124.32
2025-01-13,33,140.4
2025-01-13,34,148.47
2025-01-13,35,140.2
2025-01-13,36,144.02
2025-01-13,37,141.66
2025-01-13,38,141.21
2025-01-13,39,122.54
2025-01-13,40,112.5
2025-01-13,41,111.31
2025-01-13,42,95.82
2025-01-13,43,94.03
2025-01-13,44,80.4
2025-01-13,45,81.75
2025-01-13,46,72.54
2025-01-13,47,72.13
2025-01-13,48,77.19
2025-01-14,1,71.29
2025-01-14,2,69.27
2025-01-14,3,59.15
2025-01-14,4,65.83
2025-01-14,5,65.14
2025-01-14,6,64.57
2025-01-14,7,70.73
2025-01-14,8,60.52
2025-01-14,9,62.97
2025-01-14,10,57.41
2025-01-14,11,68.46
2025-01-14,12,72.43
2025-01-14,13,76.74
2025-01-14,14,88.85
2025-01-14,15,93.7
2025-01-14,16,95.75
2025-01-14,17,97.69
2025-01-14,18,105.22
2025-01-14,19,101.43
2025-01-14,20,97.78
2025-01-14,21,93.65
2025-01-14,22,98.71
2025-01-14,23,104.14
2025-01-14,24,111.49
2025-01-14,25,104.26
2025-01-14,26,102.78
2025-01-14,27,103.08
2025-01-14,28,112.27
2025-01-14,29,105.83
2025-01-14,30,118.9
2025-01-14,31,125.07
2025-01-14,32,129.86
2025-01-14,33,134.13
2025-01-14,34,143.45
2025-01-14,35,145.76
2025-01-14,36,142.23
2025-01-14,37,148.9
2025-01-14,38,132.69
2025-01-14,39,127.62
2025-01-14,40,104.75
2025-01-14,41,110.23
2025-01-14,42,103.21
2025-01-14,43,91.27
2025-01-14,44,88.55
2025-01-14,45,84.67
2025-01-14,46,76.62
2025-01-14,47,78.54
2025-01-14,48,70.6
2025-01-15,1,73.49
2025-01-15,2,66.88
2025-01-15,3,70.9
2025-01-15,4,65.19
2025-01-15,5,64.64
2025-01-15,6,67.66
2025-01-15,7,58.55
2025-01-15,8,71.78
2025-01-15,9,67.0
2025-01-15,10,72.99
2025-01-15,11,66.08
2025-01-15,12,70.32
2025-01-15,13,74.14
2025-01-15,14,85.42
2025-01-15,15,90.53
2025-01-15,16,93.59
2025-01-15,17,95.12
2025-01-15,18,96.05
2025-01-15,19,101.32
2025-01-15,20,99.19
2025-01-15,21,97.78
2025-01-15,22,106.67
2025-01-15,23,100.8
2025-01-15,24,107.46
2025-01-15,25,101.89
2025-01-15,26,106.83
2025-01-15,27,107.6
2025-01-15,28,103.28
2025-01-15,29,118.61
2025-01-15,30,116.17
2025-01-15,31,124.79
2025-01-15,32,125.11
2025-01-15,33,134.35
2025-01-15,34,137.72
2025-01-15,35,150.02
2025-01-15,36,146.6
2025-01-15,37,142.97
2025-01-15,38,139.53
2025-01-15,39,129.15
2025-01-15,40,117.49
2025-01-15,41,99.44
2025-01-15,42,94.55
2025-01-15,43,87.14
2025-01-15,44,89.23
2025-01-15,45,83.13
2025-01-15,46,73.63
2025-01-15,47,75.6
2025-01-15,48,67.86
2025-01-16,1,72.76
2025-01-16,2,70.71
2025-01-16,3,65.04
2025-01-16,4,66.23
2025-01-16,5,67.21
2025-01-16,6,68.08
2025-01-16,7,64.69
2025-01-16,8,69.7
2025-01-16,9,66.3
2025-01-16,10,71.03
2025-01-16,11,68.42
2025-01-16,12,66.76
2025-01-16,13,79.86
2025-01-16,14,87.32
2025-01-16,15,92.56
2025-01-16,16,97.13
2025-01-16,17,97.78
2025-01-16,18,97.89
2025-01-16,19,103.72
2025-01-16,20,102.75
2025-01-16,21,98.27
2025-01-16,22,104.91
2025-01-16,23,97.59
2025-01-16,24,100.05
2025-01-16,25,110.56
2025-01-16,26,109.32
2025-01-16,27,106.38
2025-01-16,28,111.21
2025-01-16,29,113.51
2025-01-16,30,105.72
2025-01-16,31,118.17
2025-01-16,32,127.91
2025-01-16,33,133.58
2025-01-16,34,142.17
2025-01-16,35,149.59
2025-01-16,36,144.06
2025-01-16,37,137.27
2025-01-16,38,135.4
2025-01-16,39,123.22
2025-01-16,40,113.8
2025-01-16,41,103.95
2025-01-16,42,106.3
2025-01-16,43,82.19
2025-01-16,44,84.76
2025-01-16,45,82.43
2025-01-16,46,76.07
2025-01-16,47,79.96
2025-01-16,48,77.09
2025-01-17,1,65.22
2025-01-17,2,63.04
2025-01-17,3,69.71
2025-01-17,4,63.45
2025-01-17,5,66.97
2025-01-17,6,68.33
2025-01-17,7,59.98
2025-01-17,8,59.73
2025-01-17,9,72.96
2025-01-17,10,69.26
2025-01-17,11,68.7
2025-01-17,12,70.27
2025-01-17,13,76.73
2025-01-17,14,79.64
2025-01-17,15,93.79
2025-01-17,16,92.33
2025-01-17,17,103.54
2025-01-17,18,99.5
2025-01-17,19,97.33
2025-01-17,20,99.33
2025-01-17,21,90.01
2025-01-17,22,99.98
2025-01-17,23,100.44
2025-01-17,24,105.67
2025-01-17,25,96.46
2025-01-17,26,110.48
2025-01-17,27,111.09
2025-01-17,28,115.06
2025-01-17,29,112.67
2025-01-17,30,120.75
2025-01-17,31,115.9
2025-01-17,32,130.96
2025-01-17,33,131.91
2025-01-17,34,134.57
2025-01-17,35,140.57
2025-01-17,36,145.36
2025-01-17,37,138.19
2025-01-17,38,135.59
2025-01-17,39,117.28
2025-01-17,40,105.9
2025-01-17,41,110.6
2025-01-17,42,100.94
2025-01-17,43,86.95
2025-01-17,44,86.3
2025-01-17,45,86.51
2025-01-17,46,80.86
2025-01-17,47,76.94
2025-01-17,48,78.21
2025-01-18,1,65.76
2025-01-18,2,55.17
2025-01-18,3,57.22
2025-01-18,4,55.33
2025-01-18,5,57.95
2025-01-18,6,63.88
2025-01-18,7,65.33
2025-01-18,8,54.27
2025-01-18,9,60.41
2025-01-18,10,61.94
2025-01-18,11,63.47
2025-01-18,12,66.71
2025-01-18,13,70.53
2025-01-18,14,81.02
2025-01-18,15,83.82
2025-01-18,16,79.73
2025-01-18,17,90.43
2025-01-18,18,92.53
2025-01-18,19,90.57
2025-01-18,20,93.43
2025-01-18,21,89.19
2025-01-18,22,89.2
2025-01-18,23,89.45
2025-01-18,24,82.0
2025-01-18,25,91.19
2025-01-18,26,90.45
2025-01-18,27,90.11
2025-01-18,28,102.57
2025-01-18,29,101.34
2025-01-18,30,102.55
2025-01-18,31,104.9
2025-01-18,32,113.9
2025-01-18,33,122.74
2025-01-18,34,120.91
2025-01-18,35,127.62
2025-01-18,36,131.35
2025-01-18,37,116.75
2025-01-18,38,117.75
2025-01-18,39,107.84
2025-01-18,40,100.13
2025-01-18,41,90.48
2025-01-18,42,86.18
2025-01-18,43,87.89
2025-01-18,44,74.65
2025-01-18,45,73.7
2025-01-18,46,77.65
2025-01-18,47,64.98
2025-01-18,48,72.22
2025-01-19,1,65.67
2025-01-19,2,68.94
2025-01-19,3,51.84
2025-01-19,4,64.76
2025-01-19,5,46.76
2025-01-19,6,61.11
2025-01-19,7,57.2
2025-01-19,8,48.11
2025-01-19,9,60.07
2025-01-19,10,64.29
2025-01-19,11,63.36
2025-01-19,12,67.44
2025-01-19,13,67.65
2025-01-19,14,66.81
2025-01-19,15,82.16
2025-01-19,16,90.95
2025-01-19,17,91.75
2025-01-19,18,80.99
2025-01-19,19,83.23
2025-01-19,20,85.5
2025-01-19,21,82.04
2025-01-19,22,88.55
2025-01-19,23,90.52
2025-01-19,24,84.33
2025-01-19,25,94.6
2025-01-19,26,95.51
2025-01-19,27,92.64
2025-01-19,28,96.12
2025-01-19,29,91.5
2025-01-19,30,101.32
2025-01-19,31,107.16
2025-01-19,32,113.37
2025-01-19,33,120.27
2025-01-19,34,125.17
2025-01-19,35,126.55
2025-01-19,36,128.99
2025-01-19,37,128.47
2025-01-19,38,117.57
2025-01-19,39,110.8
2025-01-19,40,99.9
2025-01-19,41,89.88
2025-01-19,42,87.7
2025-01-19,43,77.96
2025-01-19,44,77.47
2025-01-19,45,72.63
2025-01-19,46,68.44
2025-01-19,47,65.85
2025-01-19,48,62.91
2025-01-20,1,64.18
2025-01-20,2,63.66
2025-01-20,3,70.62
2025-01-20,4,55.55
2025-01-20,5,70.62
2025-01-20,6,57.87
2025-01-20,7,68.39
2025-01-20,8,61.78
2025-01-20,9,70.41
2025-01-20,10,80.65
2025-01-20,11,61.24
2025-01-20,12,76.74
2025-01-20,13,71.49
2025-01-20,14,86.06
2025-01-20,15,89.37
2025-01-20,16,95.89
2025-01-20,17,95.46
2025-01-20,18,104.16
2025-01-20,19,95.64
2025-01-20,20,105.94
2025-01-20,21,98.81
2025-01-20,22,94.79
2025-01-20,23,107.43
2025-01-20,24,102.04
2025-01-20,25,111.57
2025-01-20,26,110.65
2025-01-20,27,104.55
2025-01-20,28,109.64
2025-01-20,29,113.3
2025-01-20,30,122.72
2025-01-20,31,123.46
2025-01-20,32,128.73
2025-01-20,33,134.11
2025-01-20,34,140.88
2025-01-20,35,150.19
2025-01-20,36,145.26
2025-01-20,37,139.82
2025-01-20,38,131.74
2025-01-20,39,122.22
2025-01-20,40,108.73
2025-01-20,41,102.05
2025-01-20,42,103.26
2025-01-20,43,90.26
2025-01-20,44,89.07
2025-01-20,45,72.47
2025-01-20,46,81.41
2025-01-20,47,75.66
2025-01-20,48,71.86
2025-01-21,1,78.77
2025-01-21,2,70.54
2025-01-21,3,66.87
2025-01-21,4,69.52
2025-01-21,5,69.73
2025-01-21,6,62.86
2025-01-21,7,65.88
2025-01-21,8,69.02
2025-01-21,9,61.55
2025-01-21,10,67.84
2025-01-21,11,65.85
2025-01-21,12,70.0
2025-01-21,13,76.45
2025-01-21,14,86.24
2025-01-21,15,88.88
2025-01-21,16,92.75
2025-01-21,17,99.28
2025-01-21,18,96.42
2025-01-21,19,103.12
2025-01-21,20,105.47
2025-01-21,21,100.09
2025-01-21,22,99.56
2025-01-21,23,102.51
2025-01-21,24,94.16
2025-01-21,25,106.05
2025-01-21,26,118.14
2025-01-21,27,107.21
2025-01-21,28,109.47
2025-01-21,29,115.75
2025-01-21,30,123.16
2025-01-21,31,125.57
2025-01-21,32,119.36
2025-01-21,33,137.12
2025-01-21,34,151.33
2025-01-21,35,147.41
2025-01-21,36,140.58
2025-01-21,37,142.48
2025-01-21,38,128.83
2025-01-21,39,129.32
2025-01-21,40,110.48
2025-01-21,41,105.31
2025-01-21,42,93.8
2025-01-21,43,88.87
2025-01-21,44,92.17
2025-01-21,45,82.77
2025-01-21,46,76.87
2025-01-21,47,71.7
2025-01-21,48,66.27
2025-01-22,1,71.46
2025-01-22,2,62.59
2025-01-22,3,69.76
2025-01-22,4,64.81
2025-01-22,5,70.72
2025-01-22,6,67.48
2025-01-22,7,69.65
2025-01-22,8,61.25
2025-01-22,9,64.68
2025-01-22,10,62.79
2025-01-22,11,67.46
2025-01-22,12,78.91
2025-01-22,13,84.62
2025-01-22,14,79.7
2025-01-22,15,88.3
2025-01-22,16,95.0
2025-01-22,17,101.38
2025-01-22,18,93.93
2025-01-22,19,94.95
2025-01-22,20,102.86
2025-01-22,21,92.58
2025-01-22,22,98.54
2025-01-22,23,101.63
2025-01-22,24,103.9
2025-01-22,25,103.3
2025-01-22,26,104.23
2025-01-22,27,111.04
2025-01-22,28,111.05
2025-01-22,29,110.14
2025-01-22,30,116.69
2025-01-22,31,123.16
2025-01-22,32,134.81
2025-01-22,33,137.96
2025-01-22,34,145.84
2025-01-22,35,142.43
2025-01-22,36,143.04
2025-01-22,37,140.36
2025-01-22,38,133.33
2025-01-22,39,120.31
2025-01-22,40,119.32
2025-01-22,41,108.51
2025-01-22,42,95.97
2025-01-22,43,93.59
2025-01-22,44,87.09
2025-01-22,45,85.2
2025-01-22,46,73.7
2025-01-22,47,75.67
2025-01-22,48,73.5
2025-01-23,1,65.68
2025-01-23,2,73.87
2025-01-23,3,67.47
2025-01-23,4,71.22
2025-01-23,5,64.84
2025-01-23,6,64.55
2025-01-23,7,60.1
2025-01-23,8,68.3
2025-01-23,9,62.64
2025-01-23,10,65.79
2025-01-23,11,70.25
2025-01-23,12,74.36
2025-01-23,13,71.81
2025-01-23,14,83.33
2025-01-23,15,93.27
2025-01-23,16,93.75
2025-01-23,17,98.09
2025-01-23,18,101.58
2025-01-23,19,100.82
2025-01-23,20,96.74
2025-01-23,21,100.18
2025-01-23,22,104.26
2025-01-23,23,96.73
2025-01-23,24,100.69
2025-01-23,25,98.29
2025-01-23,26,109.41
2025-01-23,27,107.25
2025-01-23,28,106.46
2025-01-23,29,113.05
2025-01-23,30,111.67
2025-01-23,31,117.44
2025-01-23,32,122.04
2025-01-23,33,130.49
2025-01-23,34,146.35
2025-01-23,35,141.87
2025-01-23,36,146.94
2025-01-23,37,137.89
2025-01-23,38,136.88
2025-01-23,39,120.19
2025-01-23,40,114.36
2025-01-23,41,105.14
2025-01-23,42,106.46
2025-01-23,43,93.5
2025-01-23,44,83.79
2025-01-23,45,85.03
2025-01-23,46,87.6
2025-01-23,47,69.7
2025-01-23,48,70.33
2025-01-24,1,72.24
2025-01-24,2,71.89
2025-01-24,3,65.38
2025-01-24,4,69.39
2025-01-24,5,61.99
2025-01-24,6,62.77
2025-01-24,7,62.8
2025-01-24,8,60.94
2025-01-24,9,70.17
2025-01-24,10,63.82
2025-01-24,11,67.42
2025-01-24,12,78.86
2025-01-24,13,76.31
2025-01-24,14,83.46
2025-01-24,15,86.0
2025-01-24,16,98.55
2025-01-24,17,102.33
2025-01-24,18,103.83
2025-01-24,19,103.42
2025-01-24,20,101.1
2025-01-24,21,98.18
2025-01-24,22,96.98
2025-01-24,23,106.05
2025-01-24,24,105.2
2025-01-24,25,101.0
2025-01-24,26,105.75
2025-01-24,27,106.36
2025-01-24,28,105.29
2025-01-24,29,113.34
2025-01-24,30,114.76
2025-01-24,31,117.7
2025-01-24,32,121.9
2025-01-24,33,128.43
2025-01-24,34,139.37
2025-01-24,35,144.39
2025-01-24,36,141.5
2025-01-24,37,143.77
2025-01-24,38,133.52
2025-01-24,39,126.53
2025-01-24,40,113.42
2025-01-24,41,101.72
2025-01-24,42,97.56
2025-01-24,43,85.89
2025-01-24,44,88.27
2025-01-24,45,78.5
2025-01-24,46,82.68
2025-01-24,47,74.82
2025-01-24,48,77.91
2025-01-25,1,60.59
2025-01-25,2,60.89
2025-01-25,3,60.6
2025-01-25,4,55.63
2025-01-25,5,50.36
2025-01-25,6,54.01
2025-01-25,7,54.1
2025-01-25,8,54.28
2025-01-25,9,62.02
2025-01-25,10,54.69
2025-01-25,11,62.96
2025-01-25,12,65.57
2025-01-25,13,72.97
2025-01-25,14,73.53
2025-01-25,15,82.36
2025-01-25,16,83.05
2025-01-25,17,88.75
2025-01-25,18,82.71
2025-01-25,19,78.51
2025-01-25,20,90.17
2025-01-25,21,89.92
2025-01-25,22,90.06
2025-01-25,23,86.63
2025-01-25,24,95.79
2025-01-25,25,89.43
2025-01-25,26,94.55
2025-01-25,27,96.98
2025-01-25,28,103.45
2025-01-25,29,97.79
2025-01-25,30,99.78
2025-01-25,31,100.88
2025-01-25,32,118.62
2025-01-25,33,120.14
2025-01-25,34,125.69
2025-01-25,35,139.76
2025-01-25,36,128.83
2025-01-25,37,118.95
2025-01-25,38,116.88
2025-01-25,39,105.36
2025-01-25,40,98.81
2025-01-25,41,90.63
2025-01-25,42,83.05
2025-01-25,43,74.41
2025-01-25,44,82.11
2025-01-25,45,73.53
2025-01-25,46,68.58
2025-01-25,47,70.03
2025-01-25,48,66.67
2025-01-26,1,65.63
2025-01-26,2,58.56
2025-01-26,3,48.64
2025-01-26,4,61.09
2025-01-26,5,53.53
2025-01-26,6,59.05
2025-01-26,7,62.63
2025-01-26,8,57.4
2025-01-26,9,62.09
2025-01-26,10,60.12
2025-01-26,11,68.07
2025-01-26,12,60.65
2025-01-26,13,69.05
2025-01-26,14,76.71
2025-01-26,15,78.39
2025-01-26,16,88.3
2025-01-26,17,85.24
2025-01-26,18,96.94
2025-01-26,19,97.5
2025-01-26,20,89.74
2025-01-26,21,90.35
2025-01-26,22,92.87
2025-01-26,23,83.93
2025-01-26,24,84.53
2025-01-26,25,96.23
2025-01-26,26,93.91
2025-01-26,27,93.64
2025-01-26,28,96.56
2025-01-26,29,89.45
2025-01-26,30,101.57
2025-01-26,31,103.79
2025-01-26,32,116.02
2025-01-26,33,122.36
2025-01-26,34,126.11
2025-01-26,35,128.8
2025-01-26,36,121.46
2025-01-26,37,126.44
2025-01-26,38,120.1
2025-01-26,39,114.17
2025-01-26,40,108.81
2025-01-26,41,85.41
2025-01-26,42,83.79
2025-01-26,43,76.96
2025-01-26,44,76.38
2025-01-26,45,72.34
2025-01-26,46,68.5
2025-01-26,47,71.07
2025-01-26,48,60.34
2025-01-27,1,76.73
2025-01-27,2,63.26
2025-01-27,3,72.73
2025-01-27,4,71.71
2025-01-27,5,68.93
2025-01-27,6,62.19
2025-01-27,7,61.52
2025-01-27,8,64.27
2025-01-27,9,60.8
2025-01-27,10,63.73
2025-01-27,11,72.66
2025-01-27,12,76.3
2025-01-27,13,74.25
2025-01-27,14,86.76
2025-01-27,15,91.7
2025-01-27,16,101.08
2025-01-27,17,101.03
2025-01-27,18,104.92
2025-01-27,19,102.99
2025-01-27,20,104.54
2025-01-27,21,94.94
2025-01-27,22,99.56
2025-01-27,23,100.54
2025-01-27,24,100.97
2025-01-27,25,105.35
2025-01-27,26,107.94
2025-01-27,27,108.93
2025-01-27,28,108.89
2025-01-27,29,109.47
2025-01-27,30,120.6
2025-01-27,31,122.68
2025-01-27,32,123.5
2025-01-27,33,133.66
2025-01-27,34,133.62
2025-01-27,35,144.6
2025-01-27,36,143.94
2025-01-27,37,138.6
2025-01-27,38,139.87
2025-01-27,39,119.37
2025-01-27,40,116.76
2025-01-27,41,113.42
2025-01-27,42,101.23
2025-01-27,43,90.64
2025-01-27,44,81.42
2025-01-27,45,76.64
2025-01-27,46,77.21
2025-01-27,47,73.29
2025-01-27,48,70.65
2025-01-28,1,76.58
2025-01-28,2,75.16
2025-01-28,3,68.73
2025-01-28,4,69.22
2025-01-28,5,68.51
2025-01-28,6,70.47
2025-01-28,7,67.66
2025-01-28,8,59.75
2025-01-28,9,73.98
2025-01-28,10,71.79
2025-01-28,11,67.99
2025-01-28,12,69.53
2025-01-28,13,80.41
2025-01-28,14,82.88
2025-01-28,15,91.13
2025-01-28,16,97.94
2025-01-28,17,96.42
2025-01-28,18,96.15
2025-01-28,19,102.55
2025-01-28,20,98.41
2025-01-28,21,100.6
2025-01-28,22,94.6
2025-01-28,23,99.62
2025-01-28,24,104.73
2025-01-28,25,105.92
2025-01-28,26,102.17
2025-01-28,27,102.61
2025-01-28,28,109.58
2025-01-28,29,114.58
2025-01-28,30,117.74
2025-01-28,31,119.15
2025-01-28,32,128.67
2025-01-28,33,140.35
2025-01-28,34,141.31
2025-01-28,35,137.82
2025-01-28,36,145.44
2025-01-28,37,148.97
2025-01-28,38,128.28
2025-01-28,39,124.02
2025-01-28,40,112.95
2025-01-28,41,104.98
2025-01-28,42,97.63
2025-01-28,43,95.26
2025-01-28,44,86.23
2025-01-28,45,87.14
2025-01-28,46,78.33
2025-01-28,47,74.58
2025-01-28,48,70.79
2025-01-29,1,71.4
2025-01-29,2,74.11
2025-01-29,3,66.24
2025-01-29,4,63.57
2025-01-29,5,71.06
2025-01-29,6,65.02
2025-01-29,7,69.06
2025-01-29,8,62.27
2025-01-29,9,71.51
2025-01-29,10,68.57
2025-01-29,11,71.72
2025-01-29,12,74.11
2025-01-29,13,76.31
2025-01-29,14,83.92
2025-01-29,15,87.97
2025-01-29,16,98.73
2025-01-29,17,97.79
2025-01-29,18,94.55
2025-01-29,19,94.21
2025-01-29,20,93.56
2025-01-29,21,102.41
2025-01-29,22,95.29
2025-01-29,23,101.74
2025-01-29,24,102.34
2025-01-29,25,103.16
2025-01-29,26,106.99
2025-01-29,27,107.83
2025-01-29,28,98.59
2025-01-29,29,110.95
2025-01-29,30,117.73
2025-01-29,31,127.66
2025-01-29,32,134.13
2025-01-29,33,128.78
2025-01-29,34,138.98
2025-01-29,35,137.98
2025-01-29,36,150.59
2025-01-29,37,144.74
2025-01-29,38,134.73
2025-01-29,39,124.47
2025-01-29,40,119.28
2025-01-29,41,109.36
2025-01-29,42,101.4
2025-01-29,43,92.46
2025-01-29,44,84.42
2025-01-29,45,85.03
2025-01-29,46,82.0
2025-01-29,47,75.15
2025-01-29,48,72.01
2025-01-30,1,67.49
2025-01-30,2,72.48
2025-01-30,3,56.96
2025-01-30,4,68.24
2025-01-30,5,69.58
2025-01-30,6,62.48
2025-01-30,7,62.92
2025-01-30,8,60.66
2025-01-30,9,63.74
2025-01-30,10,65.44
2025-01-30,11,67.18
2025-01-30,12,70.57
2025-01-30,13,77.18
2025-01-30,14,82.73
2025-01-30,15,97.16
2025-01-30,16,93.23
2025-01-30,17,99.9
2025-01-30,18,98.14
2025-01-30,19,98.48
2025-01-30,20,93.56
2025-01-30,21,93.57
2025-01-30,22,94.98
2025-01-30,23,101.19
2025-01-30,24,106.01
2025-01-30,25,96.18
2025-01-30,26,102.95
2025-01-30,27,101.64
2025-01-30,28,108.28
2025-01-30,29,116.45
2025-01-30,30,114.14
2025-01-30,31,120.8
2025-01-30,32,133.09
2025-01-30,33,135.95
2025-01-30,34,137.21
2025-01-30,35,144.75
2025-01-30,36,141.08
2025-01-30,37,142.25
2025-01-30,38,135.27
2025-01-30,39,118.23
2025-01-30,40,114.37
2025-01-30,41,103.96
2025-01-30,42,98.87
2025-01-30,43,93.88
2025-01-30,44,87.66
2025-01-30,45,80.68
2025-01-30,46,82.4
2025-01-30,47,72.36
2025-01-30,48,68.07
2025-01-31,1,74.64
2025-01-31,2,72.0
2025-01-31,3,68.56
2025-01-31,4,63.44
2025-01-31,5,66.82
2025-01-31,6,64.45
2025-01-31,7,63.34
2025-01-31,8,75.61
2025-01-31,9,59.61
2025-01-31,10,71.19
2025-01-31,11,66.4
2025-01-31,12,73.98
2025-01-31,13,88.47
2025-01-31,14,79.93
2025-01-31,15,86.69
2025-01-31,16,94.65
2025-01-31,17,95.04
2025-01-31,18,103.89
2025-01-31,19,98.61
2025-01-31,20,102.91
2025-01-31,21,94.44
2025-01-31,22,92.49
2025-01-31,23,99.45
2025-01-31,24,95.34
2025-01-31,25,109.31
2025-01-31,26,98.93
2025-01-31,27,102.86
2025-01-31,28,110.89
2025-01-31,29,109.7
2025-01-31,30,109.75
2025-01-31,31,129.04
2025-01-31,32,123.15
2025-01-31,33,133.21
2025-01-31,34,139.29
2025-01-31,35,146.83
2025-01-31,36,146.1
2025-01-31,37,137.13
2025-01-31,38,131.79
2025-01-31,39,122.68
2025-01-31,40,116.56
2025-01-31,41,99.66
2025-01-31,42,104.67
2025-01-31,43,87.43
2025-01-31,44,85.63
2025-01-31,45,77.18
2025-01-31,46,73.4
2025-01-31,47,72.29
2025-01-31,48,69.4
2025-02-01,1,64.95
2025-02-01,2,70.41
2025-02-01,3,56.99
2025-02-01,4,59.8
2025-02-01,5,55.64
2025-02-01,6,60.73
2025-02-01,7,56.53
2025-02-01,8,63.93
2025-02-01,9,55.7
2025-02-01,10,64.84
2025-02-01,11,63.78
2025-02-01,12,64.45
2025-02-01,13,70.91
2025-02-01,14,74.7
2025-02-01,15,80.18
2025-02-01,16,82.45
2025-02-01,17,83.73
2025-02-01,18,86.89
2025-02-01,19,81.84
2025-02-01,20,91.54
2025-02-01,21,82.76
2025-02-01,22,86.8
2025-02-01,23,90.83
2025-02-01,24,92.69
2025-02-01,25,83.66
2025-02-01,26,91.99
2025-02-01,27,95.91
2025-02-01,28,96.24
2025-02-01,29,103.88
2025-02-01,30,98.54
2025-02-01,31,98.08
2025-02-01,32,115.03
2025-02-01,33,115.65
2025-02-01,34,116.16
2025-02-01,35,125.95
2025-02-01,36,131.74
2025-02-01,37,118.41
2025-02-01,38,126.35
2025-02-01,39,105.3
2025-02-01,40,100.18
2025-02-01,41,86.85
2025-02-01,42,85.09
2025-02-01,43,79.0
2025-02-01,44,69.36
2025-02-01,45,83.24
2025-02-01,46,67.12
2025-02-01,47,64.65
2025-02-01,48,68.3
2025-02-02,1,61.26
2025-02-02,2,64.02
2025-02-02,3,59.55
2025-02-02,4,64.02
2025-02-02,5,51.02
2025-02-02,6,50.08
2025-02-02,7,59.79
2025-02-02,8,60.46
2025-02-02,9,56.99
2025-02-02,10,60.75
2025-02-02,11,64.33
2025-02-02,12,61.26
2025-02-02,13,65.84
2025-02-02,14,74.34
2025-02-02,15,82.29
2025-02-02,16,78.53
2025-02-02,17,85.65
2025-02-02,18,87.16
2025-02-02,19,90.15
2025-02-02,20,88.04
2025-02-02,21,85.43
2025-02-02,22,92.57
2025-02-02,23,85.99
2025-02-02,24,88.07
2025-02-02,25,84.3
2025-02-02,26,89.4
2025-02-02,27,96.04
2025-02-02,28,97.22
2025-02-02,29,100.8
2025-02-02,30,103.93
2025-02-02,31,114.52
2025-02-02,32,108.68
2025-02-02,33,111.2
2025-02-02,34,118.86
2025-02-02,35,123.64
2025-02-02,36,122.79
2025-02-02,37,123.71
2025-02-02,38,121.89
2025-02-02,39,114.7
2025-02-02,40,101.75
2025-02-02,41,100.19
2025-02-02,42,83.41
2025-02-02,43,72.92
2025-02-02,44,79.45
2025-02-02,45,64.5
2025-02-02,46,66.01
2025-02-02,47,68.64
2025-02-02,48,63.95
2025-02-03,1,66.81
2025-02-03,2,65.54
2025-02-03,3,72.3
2025-02-03,4,66.31
2025-02-03,5,67.75
2025-02-03,6,66.13
2025-02-03,7,64.24
2025-02-03,8,63.3
2025-02-03,9,68.89
2025-02-03,10,71.79
2025-02-03,11,73.97
2025-02-03,12,68.49
2025-02-03,13,83.17
2025-02-03,14,82.09
2025-02-03,15,86.29
2025-02-03,16,93.75
2025-02-03,17,101.45
2025-02-03,18,102.21
2025-02-03,19,99.42
2025-02-03,20,103.33
2025-02-03,21,100.01
2025-02-03,22,97.12
2025-02-03,23,97.22
2025-02-03,24,102.94
2025-02-03,25,102.59
2025-02-03,26,99.22
2025-02-03,27,110.07
2025-02-03,28,106.98
2025-02-03,29,118.07
2025-02-03,30,109.86
2025-02-03,31,119.79
2025-02-03,32,123.96
2025-02-03,33,129.68
2025-02-03,34,137.75
2025-02-03,35,150.62
2025-02-03,36,144.38
2025-02-03,37,136.84
2025-02-03,38,125.36
2025-02-03,39,116.32
2025-02-03,40,111.06
2025-02-03,41,101.48
2025-02-03,42,95.41
2025-02-03,43,81.1
2025-02-03,44,85.04
2025-02-03,45,85.68
2025-02-03,46,84.84
2025-02-03,47,67.97
2025-02-03,48,69.85
2025-02-04,1,65.98
2025-02-04,2,73.05
2025-02-04,3,69.12
2025-02-04,4,60.1
2025-02-04,5,64.07
2025-02-04,6,76.95
2025-02-04,7,64.37
2025-02-04,8,61.65
2025-02-04,9,61.45
2025-02-04,10,74.15
2025-02-04,11,72.95
2025-02-04,12,78.77
2025-02-04,13,78.85
2025-02-04,14,88.44
2025-02-04,15,85.81
2025-02-04,16,94.97
2025-02-04,17,99.16
2025-02-04,18,105.46
2025-02-04,19,101.6
2025-02-04,20,97.36
2025-02-04,21,99.6
2025-02-04,22,92.59
2025-02-04,23,90.66
2025-02-04,24,104.51
2025-02-04,25,101.3
2025-02-04,26,103.56
2025-02-04,27,109.88
2025-02-04,28,114.36
2025-02-04,29,113.71
2025-02-04,30,123.05
2025-02-04,31,122.38
2025-02-04,32,127.83
2025-02-04,33,134.39
2025-02-04,34,134.39
2025-02-04,35,147.2
2025-02-04,36,133.86
2025-02-04,37,137.5
2025-02-04,38,132.62
2025-02-04,39,119.91
2025-02-04,40,111.27
2025-02-04,41,111.25
2025-02-04,42,100.61
2025-02-04,43,87.34
2025-02-04,44,83.43
2025-02-04,45,76.37
2025-02-04,46,81.08
2025-02-04,47,74.46
2025-02-04,48,65.11
2025-02-05,1,72.06
2025-02-05,2,63.09
2025-02-05,3,71.12
2025-02-05,4,66.02
2025-02-05,5,64.68
2025-02-05,6,56.62
2025-02-05,7,64.52
2025-02-05,8,67.92
2025-02-05,9,64.46
2025-02-05,10,71.68
2025-02-05,11,74.0
2025-02-05,12,70.49
2025-02-05,13,84.15
2025-02-05,14,83.51
2025-02-05,15,89.3
2025-02-05,16,94.61
2025-02-05,17,98.17
2025-02-05,18,89.29
2025-02-05,19,99.46
2025-02-05,20,94.29
2025-02-05,21,105.72
2025-02-05,22,105.52
2025-02-05,23,103.23
2025-02-05,24,100.11
2025-02-05,25,98.64
2025-02-05,26,101.85
2025-02-05,27,114.2
2025-02-05,28,105.87
2025-02-05,29,102.01
2025-02-05,30,119.32
2025-02-05,31,126.23
2025-02-05,32,133.1
2025-02-05,33,137.42
2025-02-05,34,144.17
2025-02-05,35,143.42
2025-02-05,36,135.17
2025-02-05,37,139.79
2025-02-05,38,134.85
2025-02-05,39,122.37
2025-02-05,40,112.22
2025-02-05,41,99.91
2025-02-05,42,92.07
2025-02-05,43,97.33
2025-02-05,44,92.7
2025-02-05,45,81.37
2025-02-05,46,79.3
2025-02-05,47,71.45
2025-02-05,48,75.45
2025-02-06,1,68.55
2025-02-06,2,69.72
2025-02-06,3,67.95
2025-02-06,4,70.4
2025-02-06,5,64.31
2025-02-06,6,67.6
2025-02-06,7,57.33
2025-02-06,8,58.0
2025-02-06,9,56.19
2025-02-06,10,70.05
2025-02-06,11,72.08
2025-02-06,12,76.55
2025-02-06,13,74.96
2025-02-06,14,80.97
2025-02-06,15,88.5
2025-02-06,16,99.87
2025-02-06,17,104.55
2025-02-06,18,102.86
2025-02-06,19,101.4
2025-02-06,20,104.96
2025-02-06,21,98.07
2025-02-06,22,97.49
2025-02-06,23,99.18
2025-02-06,24,97.02
2025-02-06,25,101.84
2025-02-06,26,99.88
2025-02-06,27,110.39
2025-02-06,28,110.68
2025-02-06,29,117.01
2025-02-06,30,108.53
2025-02-06,31,127.68
2025-02-06,32,120.02
2025-02-06,33,128.3
2025-02-06,34,136.71
2025-02-06,35,148.25
2025-02-06,36,144.19
2025-02-06,37,138.52
2025-02-06,38,129.03
2025-02-06,39,117.26
2025-02-06,40,117.33
2025-02-06,41,106.83
2025-02-06,42,101.36
2025-02-06,43,91.45
2025-02-06,44,74.53
2025-02-06,45,76.3
2025-02-06,46,79.93
2025-02-06,47,73.8
2025-02-06,48,70.56
2025-02-07,1,66.53
2025-02-07,2,78.79
2025-02-07,3,65.83
2025-02-07,4,66.5
2025-02-07,5,67.02
2025-02-07,6,62.56
2025-02-07,7,64.09
2025-02-07,8,64.36
2025-02-07,9,61.59
2025-02-07,10,68.57
2025-02-07,11,62.7
2025-02-07,12,79.88
2025-02-07,13,80.74
2025-02-07,14,85.67
2025-02-07,15,81.92
2025-02-07,16,90.8
2025-02-07,17,103.2
2025-02-07,18,116.16
2025-02-07,19,104.72
2025-02-07,20,103.64
2025-02-07,21,101.06
2025-02-07,22,95.53
2025-02-07,23,103.54
2025-02-07,24,96.39
2025-02-07,25,97.57
2025-02-07,26,99.12
2025-02-07,27,110.05
2025-02-07,28,108.13
2025-02-07,29,111.55
2025-02-07,30,114.84
2025-02-07,31,115.41
2025-02-07,32,123.46
2025-02-07,33,130.44
2025-02-07,34,133.38
2025-02-07,35,140.82
2025-02-07,36,138.78
2025-02-07,37,141.63
2025-02-07,38,134.67
2025-02-07,39,117.42
2025-02-07,40,111.47
2025-02-07,41,110.92
2025-02-07,42,91.9
2025-02-07,43,91.45
2025-02-07,44,85.41
2025-02-07,45,85.54
2025-02-07,46,79.15
2025-02-07,47,73.45
2025-02-07,48,72.96
2025-02-08,1,62.23
2025-02-08,2,68.68
2025-02-08,3,57.44
2025-02-08,4,55.9
2025-02-08,5,61.34
2025-02-08,6,61.12
2025-02-08,7,52.9
2025-02-08,8,55.53
2025-02-08,9,55.33
2025-02-08,10,58.99
2025-02-08,11,65.31
2025-02-08,12,60.82
2025-02-08,13,72.52
2025-02-08,14,73.44
2025-02-08,15,87.4
2025-02-08,16,83.85
2025-02-08,17,85.42
2025-02-08,18,89.78
2025-02-08,19,86.48
2025-02-08,20,80.25
2025-02-08,21,86.01
2025-02-08,22,85.91
2025-02-08,23,81.13
2025-02-08,24,88.29
2025-02-08,25,81.73
2025-02-08,26,90.19
2025-02-08,27,94.26
2025-02-08,28,95.62
2025-02-08,29,96.03
2025-02-08,30,100.63
2025-02-08,31,102.25
2025-02-08,32,110.89
2025-02-08,33,117.04
2025-02-08,34,118.56
2025-02-08,35,126.59
2025-02-08,36,126.8
2025-02-08,37,121.76
2025-02-08,38,125.71
2025-02-08,39,107.18
2025-02-08,40,97.88
2025-02-08,41,89.26
2025-02-08,42,80.33
2025-02-08,43,81.61
2025-02-08,44,71.94
2025-02-08,45,69.06
2025-02-08,46,66.36
2025-02-08,47,62.13
2025-02-08,48,56.88
2025-02-09,1,55.82
2025-02-09,2,60.17
2025-02-09,3,58.94
2025-02-09,4,64.83
2025-02-09,5,49.64
2025-02-09,6,55.22
2025-02-09,7,61.37
2025-02-09,8,55.52
2025-02-09,9,56.57
2025-02-09,10,55.3
2025-02-09,11,57.08
2025-02-09,12,56.64
2025-02-09,13,65.55
2025-02-09,14,68.97
2025-02-09,15,78.45
2025-02-09,16,79.31
2025-02-09,17,83.77
2025-02-09,18,85.55
2025-02-09,19,87.51
2025-02-09,20,85.19
2025-02-09,21,82.6
2025-02-09,22,87.15
2025-02-09,23,91.64
2025-02-09,24,88.97
2025-02-09,25,87.43
2025-02-09,26,90.95
2025-02-09,27,84.95
2025-02-09,28,94.53
2025-02-09,29,95.93
2025-02-09,30,97.09
2025-02-09,31,102.22
2025-02-09,32,109.05
2025-02-09,33,120.61
2025-02-09,34,126.35
2025-02-09,35,121.63
2025-02-09,36,123.5
2025-02-09,37,120.28
2025-02-09,38,119.09
2025-02-09,39,108.17
2025-02-09,40,99.23
2025-02-09,41,92.97
2025-02-09,42,81.71
2025-02-09,43,84.21
2025-02-09,44,74.57
2025-02-09,45,67.8
2025-02-09,46,67.5
2025-02-09,47,70.9
2025-02-09,48,62.09
2025-02-10,1,72.29
2025-02-10,2,64.82
2025-02-10,3,60.92
2025-02-10,4,64.57
2025-02-10,5,67.72
2025-02-10,6,63.05
2025-02-10,7,65.95
2025-02-10,8,63.37
2025-02-10,9,67.83
2025-02-10,10,60.14
2025-02-10,11,75.41
2025-02-10,12,68.11
2025-02-10,13,80.41
2025-02-10,14,81.67
2025-02-10,15,88.02
2025-02-10,16,92.6
2025-02-10,17,98.25
2025-02-10,18,100.96
2025-02-10,19,103.75
2025-02-10,20,104.69
2025-02-10,21,99.87
2025-02-10,22,105.35
2025-02-10,23,99.51
2025-02-10,24,104.68
2025-02-10,25,103.68
2025-02-10,26,101.57
2025-02-10,27,106.42
2025-02-10,28,109.91
2025-02-10,29,110.54
2025-02-10,30,116.06
2025-02-10,31,122.86
2025-02-10,32,125.5
2025-02-10,33,120.57
2025-02-10,34,145.12
2025-02-10,35,141.03
2025-02-10,36,139.19
2025-02-10,37,134.22
2025-02-10,38,130.11
2025-02-10,39,119.82
2025-02-10,40,109.22
2025-02-10,41,100.32
2025-02-10,42,97.54
2025-02-10,43,97.48
2025-02-10,44,87.9
2025-02-10,45,85.31
2025-02-10,46,76.12
2025-02-10,47,75.27
2025-02-10,48,74.09
2025-02-11,1,64.55
2025-02-11,2,69.26
2025-02-11,3,69.71
2025-02-11,4,57.95
2025-02-11,5,63.29
2025-02-11,6,70.41
2025-02-11,7,65.89
2025-02-11,8,56.52
2025-02-11,9,67.49
2025-02-11,10,63.43
2025-02-11,11,71.65
2025-02-11,12,69.68
2025-02-11,13,76.9
2025-02-11,14,80.48
2025-02-11,15,88.36
2025-02-11,16,91.15
2025-02-11,17,96.18
2025-02-11,18,94.27
2025-02-11,19,101.32
2025-02-11,20,99.61
2025-02-11,21,91.92
2025-02-11,22,102.32
2025-02-11,23,98.28
2025-02-11,24,100.86
2025-02-11,25,104.87
2025-02-11,26,104.92
2025-02-11,27,110.19
2025-02-11,28,106.56
2025-02-11,29,114.64
2025-02-11,30,114.72
2025-02-11,31,121.25
2025-02-11,32,127.02
2025-02-11,33,137.11
2025-02-11,34,141.08
2025-02-11,35,140.23
2025-02-11,36,139.7
2025-02-11,37,138.3
2025-02-11,38,128.21
2025-02-11,39,117.67
2025-02-11,40,103.48
2025-02-11,41,96.7
2025-02-11,42,103.21
2025-02-11,43,86.6
2025-02-11,44,92.1
2025-02-11,45,82.31
2025-02-11,46,77.31
2025-02-11,47,68.74
2025-02-11,48,72.29
2025-02-12,1,70.3
2025-02-12,2,72.44
2025-02-12,3,64.97
2025-02-12,4,59.42
2025-02-12,5,66.18
2025-02-12,6,64.23
2025-02-12,7,65.57
2025-02-12,8,58.84
2025-02-12,9,71.92
2025-02-12,10,69.16
2025-02-12,11,67.63
2025-02-12,12,68.58
2025-02-12,13,81.3
2025-02-12,14,78.09
2025-02-12,15,97.25
2025-02-12,16,90.82
2025-02-12,17,103.8
2025-02-12,18,98.08
2025-02-12,19,105.52
2025-02-12,20,95.81
2025-02-12,21,98.3
2025-02-12,22,101.41
2025-02-12,23,101.47
2025-02-12,24,104.45
2025-02-12,25,99.7
2025-02-12,26,103.78
2025-02-12,27,110.36
2025-02-12,28,104.74
2025-02-12,29,112.61
2025-02-12,30,113.17
2025-02-12,31,119.85
2025-02-12,32,125.54
2025-02-12,33,128.78
2025-02-12,34,136.93
2025-02-12,35,142.35
2025-02-12,36,141.63
2025-02-12,37,144.57
2025-02-12,38,135.08
2025-02-12,39,122.85
2025-02-12,40,108.76
2025-02-12,41,99.43
2025-02-12,42,103.01
2025-02-12,43,85.04
2025-02-12,44,84.81
2025-02-12,45,82.01
2025-02-12,46,76.14
2025-02-12,47,70.61
2025-02-12,48,69.02
2025-02-13,1,69.92
2025-02-13,2,76.61
2025-02-13,3,63.36
2025-02-13,4,69.71
2025-02-13,5,63.66
2025-02-13,6,57.7
2025-02-13,7,62.73
2025-02-13,8,61.6
2025-02-13,9,66.96
2025-02-13,10,66.57
2025-02-13,11,64.58
2025-02-13,12,78.09
2025-02-13,13,81.22
2025-02-13,14,88.7
2025-02-13,15,89.01
2025-02-13,16,92.97
2025-02-13,17,99.57
2025-02-13,18,96.34
2025-02-13,19,99.56
2025-02-13,20,97.88
2025-02-13,21,92.22
2025-02-13,22,98.53
2025-02-13,23,96.9
2025-02-13,24,98.91
2025-02-13,25,102.93
2025-02-13,26,108.35
2025-02-13,27,101.79
2025-02-13,28,106.03
2025-02-13,29,107.08
2025-02-13,30,110.54
2025-02-13,31,116.45
2025-02-13,32,124.21
2025-02-13,33,134.06
2025-02-13,34,139.03
2025-02-13,35,137.31
2025-02-13,36,146.98
2025-02-13,37,141.83
2025-02-13,38,127.22
2025-02-13,39,126.38
2025-02-13,40,112.94
2025-02-13,41,101.93
2025-02-13,42,96.39
2025-02-13,43,88.83
2025-02-13,44,86.39
2025-02-13,45,81.18
2025-02-13,46,75.91
2025-02-13,47,66.39
2025-02-13,48,74.14
2025-02-14,1,72.16
2025-02-14,2,68.88
2025-02-14,3,68.95
2025-02-14,4,63.9
2025-02-14,5,70.05
2025-02-14,6,66.63
2025-02-14,7,65.54
2025-02-14,8,65.66
2025-02-14,9,69.17
2025-02-14,10,70.18
2025-02-14,11,68.1
2025-02-14,12,76.04
2025-02-14,13,77.43
2025-02-14,14,89.88
2025-02-14,15,92.3
2025-02-14,16,90.45
2025-02-14,17,105.91
2025-02-14,18,90.07
2025-02-14,19,101.41
2025-02-14,20,95.63
2025-02-14,21,105.43
2025-02-14,22,98.87
2025-02-14,23,95.32
2025-02-14,24,98.65
2025-02-14,25,98.45
2025-02-14,26,101.86
2025-02-14,27,103.69
2025-02-14,28,104.19
2025-02-14,29,111.03
2025-02-14,30,115.23
2025-02-14,31,114.64
2025-02-14,32,118.15
2025-02-14,33,132.73
2025-02-14,34,139.64
2025-02-14,35,144.22
2025-02-14,36,143.76
2025-02-14,37,144.1
2025-02-14,38,134.59
2025-02-14,39,132.0
2025-02-14,40,123.84
2025-02-14,41,95.35
2025-02-14,42,86.01
2025-02-14,43,88.75
2025-02-14,44,86.09
2025-02-14,45,79.99
2025-02-14,46,79.94
2025-02-14,47,73.29
2025-02-14,48,69.14
2025-02-15,1,58.91
2025-02-15,2,60.99
2025-02-15,3,54.4
2025-02-15,4,55.75
2025-02-15,5,52.51
2025-02-15,6,50.14
2025-02-15,7,47.25
2025-02-15,8,49.55
2025-02-15,9,60.78
2025-02-15,10,54.11
2025-02-15,11,62.35
2025-02-15,12,67.15
2025-02-15,13,67.47
2025-02-15,14,71.03
2025-02-15,15,77.75
2025-02-15,16,79.99
2025-02-15,17,89.66
2025-02-15,18,94.02
2025-02-15,19,92.65
2025-02-15,20,77.85
2025-02-15,21,84.25
2025-02-15,22,85.98
2025-02-15,23,88.37
2025-02-15,24,80.68
2025-02-15,25,82.02
2025-02-15,26,95.78
2025-02-15,27,90.01
2025-02-15,28,88.21
2025-02-15,29,92.17
2025-02-15,30,101.41
2025-02-15,31,100.91
2025-02-15,32,110.58
2025-02-15,33,111.59
2025-02-15,34,113.82
2025-02-15,35,129.82
2025-02-15,36,125.94
2025-02-15,37,119.73
2025-02-15,38,112.64
2025-02-15,39,112.39
2025-02-15,40,100.26
2025-02-15,41,94.52
2025-02-15,42,80.94
2025-02-15,43,78.19
2025-02-15,44,75.46
2025-02-15,45,68.33
2025-02-15,46,67.37
2025-02-15,47,62.99
2025-02-15,48,64.77
2025-02-16,1,60.77
2025-02-16,2,64.07
2025-02-16,3,54.71
2025-02-16,4,51.41
2025-02-16,5,55.61
2025-02-16,6,54.34
2025-02-16,7,53.18
2025-02-16,8,51.08
2025-02-16,9,58.67
2025-02-16,10,60.33
2025-02-16,11,55.84
2025-02-16,12,59.5
2025-02-16,13,67.83
2025-02-16,14,68.23
2025-02-16,15,77.8
2025-02-16,16,87.38
2025-02-16,17,84.45
2025-02-16,18,81.5
2025-02-16,19,88.26
2025-02-16,20,85.58
2025-02-16,21,85.24
2025-02-16,22,87.71
2025-02-16,23,89.12
2025-02-16,24,87.57
2025-02-16,25,88.59
2025-02-16,26,98.64
2025-02-16,27,96.88
2025-02-16,28,97.33
2025-02-16,29,96.93
2025-02-16,30,95.64
2025-02-16,31,108.52
2025-02-16,32,109.99
2025-02-16,33,112.98
2025-02-16,34,119.6
2025-02-16,35,120.03
2025-02-16,36,128.35
2025-02-16,37,123.57
2025-02-16,38,115.24
2025-02-16,39,106.17
2025-02-16,40,94.99
2025-02-16,41,81.25
2025-02-16,42,77.47
2025-02-16,43,74.87
2025-02-16,44,70.14
2025-02-16,45,71.56
2025-02-16,46,70.87
2025-02-16,47,64.69
2025-02-16,48,68.69
2025-02-17,1,66.16
2025-02-17,2,72.56
2025-02-17,3,66.11
2025-02-17,4,68.8
2025-02-17,5,66.86
2025-02-17,6,58.11
2025-02-17,7,65.22
2025-02-17,8,67.36
2025-02-17,9,64.1
2025-02-17,10,64.75
2025-02-17,11,61.89
2025-02-17,12,74.42
2025-02-17,13,77.14
2025-02-17,14,78.08
2025-02-17,15,86.12
2025-02-17,16,93.06
2025-02-17,17,93.83
2025-02-17,18,97.95
2025-02-17,19,91.32
2025-02-17,20,103.27
2025-02-17,21,97.42
2025-02-17,22,92.92
2025-02-17,23,88.11
2025-02-17,24,103.28
2025-02-17,25,102.98
2025-02-17,26,103.37
2025-02-17,27,107.89
2025-02-17,28,110.05
2025-02-17,29,110.13
2025-02-17,30,112.02
2025-02-17,31,116.31
2025-02-17,32,125.78
2025-02-17,33,136.36
2025-02-17,34,136.34
2025-02-17,35,146.43
2025-02-17,36,142.28
2025-02-17,37,138.58
2025-02-17,38,139.51
2025-02-17,39,127.22
2025-02-17,40,117.54
2025-02-17,41,98.63
2025-02-17,42,103.05
2025-02-17,43,87.96
2025-02-17,44,82.7
2025-02-17,45,71.22
2025-02-17,46,78.01
2025-02-17,47,69.63
2025-02-17,48,73.15
2025-02-18,1,63.59
2025-02-18,2,64.17
2025-02-18,3,61.63
2025-02-18,4,68.92
2025-02-18,5,70.2
2025-02-18,6,54.37
2025-02-18,7,69.16
2025-02-18,8,63.56
2025-02-18,9,68.11
2025-02-18,10,67.63
2025-02-18,11,73.8
2025-02-18,12,72.39
2025-02-18,13,70.71
2025-02-18,14,81.18
2025-02-18,15,89.32
2025-02-18,16,91.4
2025-02-18,17,98.51
2025-02-18,18,97.49
2025-02-18,19,95.75
2025-02-18,20,93.34
2025-02-18,21,95.61
2025-02-18,22,97.95
2025-02-18,23,89.92
2025-02-18,24,95.85
2025-02-18,25,92.57
2025-02-18,26,99.86
2025-02-18,27,109.02
2025-02-18,28,101.66
2025-02-18,29,111.95
2025-02-18,30,124.22
2025-02-18,31,123.56
2025-02-18,32,124.39
2025-02-18,33,133.95
2025-02-18,34,131.01
2025-02-18,35,133.96
2025-02-18,36,140.63
2025-02-18,37,138.39
2025-02-18,38,134.01
2025-02-18,39,118.11
2025-02-18,40,111.39
2025-02-18,41,102.26
2025-02-18,42,93.57
2025-02-18,43,87.83
2025-02-18,44,80.03
2025-02-18,45,80.82
2025-02-18,46,77.34
2025-02-18,47,72.06
2025-02-18,48,74.04
2025-02-19,1,68.88
2025-02-19,2,72.63
2025-02-19,3,70.23
2025-02-19,4,68.57
2025-02-19,5,58.64
2025-02-19,6,62.99
2025-02-19,7,67.67
2025-02-19,8,64.17
2025-02-19,9,66.15
2025-02-19,10,59.92
2025-02-19,11,75.58
2025-02-19,12,68.24
2025-02-19,13,68.03
2025-02-19,14,80.04
2025-02-19,15,77.29
2025-02-19,16,87.74
2025-02-19,17,105.92
2025-02-19,18,96.04
2025-02-19,19,92.23
2025-02-19,20,97.59
2025-02-19,21,93.39
2025-02-19,22,100.4
2025-02-19,23,94.01
2025-02-19,24,99.86
2025-02-19,25,95.77
2025-02-19,26,112.52
2025-02-19,27,106.04
2025-02-19,28,105.61
2025-02-19,29,107.75
2025-02-19,30,110.38
2025-02-19,31,114.47
2025-02-19,32,120.46
2025-02-19,33,136.97
2025-02-19,34,134.01
2025-02-19,35,131.45
2025-02-19,36,135.57
2025-02-19,37,140.23
2025-02-19,38,128.37
2025-02-19,39,119.6
2025-02-19,40,115.07
2025-02-19,41,98.31
2025-02-19,42,96.44
2025-02-19,43,85.27
2025-02-19,44,85.58
2025-02-19,45,77.98
2025-02-19,46,75.44
2025-02-19,47,76.95
2025-02-19,48,74.23
2025-02-20,1,76.98
2025-02-20,2,67.13
2025-02-20,3,63.02
2025-02-20,4,61.49
2025-02-20,5,58.04
2025-02-20,6,66.29
2025-02-20,7,62.28
2025-02-20,8,71.35
2025-02-20,9,66.31
2025-02-20,10,68.66
2025-02-20,11,66.8
2025-02-20,12,66.9
2025-02-20,13,72.36
2025-02-20,14,75.8
2025-02-20,15,90.55
2025-02-20,16,90.35
2025-02-20,17,99.3
2025-02-20,18,97.9
2025-02-20,19,96.57
2025-02-20,20,92.61
2025-02-20,21,97.99
2025-02-20,22,95.87
2025-02-20,23,100.98
2025-02-20,24,95.71
2025-02-20,25,102.61
2025-02-20,26,108.47
2025-02-20,27,104.9
2025-02-20,28,109.11
2025-02-20,29,110.98
2025-02-20,30,119.96
2025-02-20,31,118.76
2025-02-20,32,126.16
2025-02-20,33,129.84
2025-02-20,34,132.84
2025-02-20,35,134.85
2025-02-20,36,145.01
2025-02-20,37,132.21
2025-02-20,38,132.1
2025-02-20,39,121.56
2025-02-20,40,113.84
2025-02-20,41,99.16
2025-02-20,42,90.55
2025-02-20,43,89.28
2025-02-20,44,81.94
2025-02-20,45,74.45
2025-02-20,46,84.0
2025-02-20,47,70.35
2025-02-20,48,67.12
2025-02-21,1,64.29
2025-02-21,2,69.41
2025-02-21,3,66.5
2025-02-21,4,66.54
2025-02-21,5,61.54
2025-02-21,6,62.42
2025-02-21,7,53.8
2025-02-21,8,64.33
2025-02-21,9,64.06
2025-02-21,10,60.8
2025-02-21,11,67.2
2025-02-21,12,70.08
2025-02-21,13,82.75
2025-02-21,14,76.86
2025-02-21,15,88.05
2025-02-21,16,87.34
2025-02-21,17,93.06
2025-02-21,18,98.26
2025-02-21,19,96.69
2025-02-21,20,97.06
2025-02-21,21,97.91
2025-02-21,22,94.56
2025-02-21,23,100.7
2025-02-21,24,97.15
2025-02-21,25,99.55
2025-02-21,26,103.14
2025-02-21,27,104.5
2025-02-21,28,108.33
2025-02-21,29,109.74
2025-02-21,30,114.01
2025-02-21,31,115.72
2025-02-21,32,118.82
2025-02-21,33,124.0
2025-02-21,34,128.97
2025-02-21,35,146.44
2025-02-21,36,130.8
2025-02-21,37,140.73
2025-02-21,38,125.56
2025-02-21,39,124.39
2025-02-21,40,101.13
2025-02-21,41,100.06
2025-02-21,42,99.33
2025-02-21,43,90.43
2025-02-21,44,81.59
2025-02-21,45,71.44
2025-02-21,46,70.8
2025-02-21,47,78.92
2025-02-21,48,69.55
2025-02-22,1,53.58
2025-02-22,2,56.98
2025-02-22,3,65.45
2025-02-22,4,57.48
2025-02-22,5,50.97
2025-02-22,6,55.49
2025-02-22,7,58.98
2025-02-22,8,44.98
2025-02-22,9,56.61
2025-02-22,10,55.76
2025-02-22,11,52.81
2025-02-22,12,62.77
2025-02-22,13,65.92
2025-02-22,14,71.12
2025-02-22,15,74.76
2025-02-22,16,76.44
2025-02-22,17,77.85
2025-02-22,18,82.55
2025-02-22,19,89.08
2025-02-22,20,86.19
2025-02-22,21,84.53
2025-02-22,22,80.61
2025-02-22,23,83.82
2025-02-22,24,89.33
2025-02-22,25,89.78
2025-02-22,26,87.39
2025-02-22,27,80.52
2025-02-22,28,90.16
2025-02-22,29,93.32
2025-02-22,30,94.83
2025-02-22,31,101.11
2025-02-22,32,111.36
2025-02-22,33,113.75
2025-02-22,34,123.08
2025-02-22,35,116.37
2025-02-22,36,121.41
2025-02-22,37,111.63
2025-02-22,38,111.43
2025-02-22,39,100.88
2025-02-22,40,101.66
2025-02-22,41,90.33
2025-02-22,42,86.18
2025-02-22,43,75.19
2025-02-22,44,68.75
2025-02-22,45,65.35
2025-02-22,46,67.87
2025-02-22,47,71.66
2025-02-22,48,63.94
2025-02-23,1,57.21
2025-02-23,2,61.19
2025-02-23,3,53.48
2025-02-23,4,60.19
2025-02-23,5,52.62
2025-02-23,6,51.04
2025-02-23,7,51.92
2025-02-23,8,52.83
2025-02-23,9,57.4
2025-02-23,10,57.4
2025-02-23,11,54.87
2025-02-23,12,62.19
2025-02-23,13,61.75
2025-02-23,14,73.64
2025-02-23,15,79.29
2025-02-23,16,80.25
2025-02-23,17,84.57
2025-02-23,18,92.13
2025-02-23,19,84.82
2025-02-23,20,81.29
2025-02-23,21,86.93
2025-02-23,22,80.05
2025-02-23,23,84.29
2025-02-23,24,83.79
2025-02-23,25,84.76
2025-02-23,26,88.1
2025-02-23,27,94.36
2025-02-23,28,97.08
2025-02-23,29,98.74
2025-02-23,30,99.59
2025-02-23,31,101.5
2025-02-23,32,98.42
2025-02-23,33,115.12
2025-02-23,34,109.74
2025-02-23,35,114.43
2025-02-23,36,121.71
2025-02-23,37,120.18
2025-02-23,38,111.08
2025-02-23,39,110.97
2025-02-23,40,98.17
2025-02-23,41,87.5
2025-02-23,42,87.48
2025-02-23,43,83.0
2025-02-23,44,74.72
2025-02-23,45,66.3
2025-02-23,46,64.46
2025-02-23,47,58.49
2025-02-23,48,61.99
2025-02-24,1,72.1
2025-02-24,2,64.15
2025-02-24,3,60.74
2025-02-24,4,70.26
2025-02-24,5,65.57
2025-02-24,6,66.15
2025-02-24,7,63.92
2025-02-24,8,62.03
2025-02-24,9,62.13
2025-02-24,10,67.89
2025-02-24,11,71.71
2025-02-24,12,70.37
2025-02-24,13,83.48
2025-02-24,14,79.78
2025-02-24,15,80.57
2025-02-24,16,84.21
2025-02-24,17,87.91
2025-02-24,18,94.85
2025-02-24,19,95.96
2025-02-24,20,99.18
2025-02-24,21,95.82
2025-02-24,22,99.27
2025-02-24,23,96.7
2025-02-24,24,97.77
2025-02-24,25,96.97
2025-02-24,26,106.71
2025-02-24,27,96.78
2025-02-24,28,106.26
2025-02-24,29,107.02
2025-02-24,30,114.51
2025-02-24,31,116.17
2025-02-24,32,122.32
2025-02-24,33,127.79
2025-02-24,34,140.33
2025-02-24,35,138.48
2025-02-24,36,146.61
2025-02-24,37,136.14
2025-02-24,38,128.08
2025-02-24,39,118.27
2025-02-24,40,111.47
2025-02-24,41,97.98
2025-02-24,42,93.48
2025-02-24,43,87.03
2025-02-24,44,83.69
2025-02-24,45,80.09
2025-02-24,46,77.19
2025-02-24,47,73.26
2025-02-24,48,76.75
2025-02-25,1,66.54
2025-02-25,2,63.95
2025-02-25,3,61.09
2025-02-25,4,65.13
2025-02-25,5,69.42
2025-02-25,6,65.83
2025-02-25,7,60.67
2025-02-25,8,66.32
2025-02-25,9,64.49
2025-02-25,10,64.46
2025-02-25,11,66.61
2025-02-25,12,69.68
2025-02-25,13,77.62
2025-02-25,14,80.94
2025-02-25,15,83.04
2025-02-25,16,87.78
2025-02-25,17,95.66
2025-02-25,18,98.0
2025-02-25,19,95.41
2025-02-25,20,91.7
2025-02-25,21,100.72
2025-02-25,22,99.83
2025-02-25,23,88.35
2025-02-25,24,102.85
2025-02-25,25,98.21
2025-02-25,26,101.55
2025-02-25,27,107.22
2025-02-25,28,111.42
2025-02-25,29,111.51
2025-02-25,30,112.09
2025-02-25,31,110.48
2025-02-25,32,113.89
2025-02-25,33,132.07
2025-02-25,34,139.81
2025-02-25,35,134.89
2025-02-25,36,137.33
2025-02-25,37,132.51
2025-02-25,38,125.36
2025-02-25,39,122.88
2025-02-25,40,109.83
2025-02-25,41,99.18
2025-02-25,42,103.31
2025-02-25,43,81.06
2025-02-25,44,84.39
2025-02-25,45,74.31
2025-02-25,46,74.78
2025-02-25,47,73.3
2025-02-25,48,73.69
2025-02-26,1,66.48
2025-02-26,2,61.93
2025-02-26,3,66.02
2025-02-26,4,70.4
2025-02-26,5,62.76
2025-02-26,6,63.76
2025-02-26,7,60.87
2025-02-26,8,60.1
2025-02-26,9,65.58
2025-02-26,10,64.04
2025-02-26,11,68.48
2025-02-26,12,72.34
2025-02-26,13,76.23
2025-02-26,14,82.42
2025-02-26,15,82.33
2025-02-26,16,87.01
2025-02-26,17,94.04
2025-02-26,18,95.98
2025-02-26,19,94.34
2025-02-26,20,96.96
2025-02-26,21,99.12
2025-02-26,22,100.2
2025-02-26,23,101.72
2025-02-26,24,92.0
2025-02-26,25,94.16
2025-02-26,26,99.39
2025-02-26,27,102.75
2025-02-26,28,103.61
2025-02-26,29,105.04
2025-02-26,30,109.65
2025-02-26,31,117.64
2025-02-26,32,116.39
2025-02-26,33,137.63
2025-02-26,34,134.21
2025-02-26,35,142.02
2025-02-26,36,135.76
2025-02-26,37,136.72
2025-02-26,38,127.79
2025-02-26,39,121.72
2025-02-26,40,107.9
2025-02-26,41,106.07
2025-02-26,42,86.5
2025-02-26,43,90.39
2025-02-26,44,82.48
2025-02-26,45,74.24
2025-02-26,46,83.04
2025-02-26,47,79.93
2025-02-26,48,61.85
2025-02-27,1,73.6
2025-02-27,2,69.95
2025-02-27,3,65.03
2025-02-27,4,56.98
2025-02-27,5,59.08
2025-02-27,6,57.58
2025-02-27,7,61.81
2025-02-27,8,59.93
2025-02-27,9,69.21
2025-02-27,10,58.03
2025-02-27,11,62.05
2025-02-27,12,71.12
2025-02-27,13,76.75
2025-02-27,14,69.65
2025-02-27,15,78.6
2025-02-27,16,89.39
2025-02-27,17,99.41
2025-02-27,18,103.38
2025-02-27,19,94.54
2025-02-27,20,95.08
2025-02-27,21,91.91
2025-02-27,22,97.75
2025-02-27,23,101.95
2025-02-27,24,102.05
2025-02-27,25,98.46
2025-02-27,26,96.95
2025-02-27,27,102.21
2025-02-27,28,109.83
2025-02-27,29,105.38
2025-02-27,30,103.34
2025-02-27,31,113.99
2025-02-27,32,120.3
2025-02-27,33,120.66
2025-02-27,34,134.73
2025-02-27,35,139.51
2025-02-27,36,145.18
2025-02-27,37,128.77
2025-02-27,38,130.0
2025-02-27,39,121.88
2025-02-27,40,110.51
2025-02-27,41,95.6
2025-02-27,42,87.98
2025-02-27,43,86.77
2025-02-27,44,82.16
2025-02-27,45,75.89
2025-02-27,46,80.21
2025-02-27,47,70.76
2025-02-27,48,62.4
2025-02-28,1,70.56
2025-02-28,2,65.38
2025-02-28,3,63.0
2025-02-28,4,62.7
2025-02-28,5,72.41
2025-02-28,6,58.61
2025-02-28,7,62.42
2025-02-28,8,64.94
2025-02-28,9,58.79
2025-02-28,10,57.78
2025-02-28,11,64.13
2025-02-28,12,73.0
2025-02-28,13,73.11
2025-02-28,14,78.88
2025-02-28,15,88.97
2025-02-28,16,87.0
2025-02-28,17,93.4
2025-02-28,18,89.53
2025-02-28,19,97.25
2025-02-28,20,96.44
2025-02-28,21,98.2
2025-02-28,22,90.4
2025-02-28,23,94.83
2025-02-28,24,91.67
2025-02-28,25,97.35
2025-02-28,26,105.99
2025-02-28,27,100.64
2025-02-28,28,98.58
2025-02-28,29,104.0
2025-02-28,30,103.88
2025-02-28,31,109.96
2025-02-28,32,123.8
2025-02-28,33,121.84
2025-02-28,34,134.72
2025-02-28,35,137.25
2025-02-28,36,135.28
2025-02-28,37,134.68
2025-02-28,38,123.02
2025-02-28,39,121.08
2025-02-28,40,105.37
2025-02-28,41,97.83
2025-02-28,42,89.99
2025-02-28,43,88.93
2025-02-28,44,83.78
2025-02-28,45,67.45
2025-02-28,46,75.88
2025-02-28,47,65.21
2025-02-28,48,68.44
2025-03-01,1,61.08
2025-03-01,2,52.6
2025-03-01,3,57.65
2025-03-01,4,58.99
2025-03-01,5,59.14
2025-03-01,6,57.0
2025-03-01,7,56.04
2025-03-01,8,47.31
2025-03-01,9,54.93
2025-03-01,10,52.49
2025-03-01,11,63.53
2025-03-01,12,65.94
2025-03-01,13,61.57
2025-03-01,14,69.86
2025-03-01,15,75.89
2025-03-01,16,82.8
2025-03-01,17,75.59
2025-03-01,18,75.07
2025-03-01,19,84.39
2025-03-01,20,73.72
2025-03-01,21,84.04
2025-03-01,22,85.74
2025-03-01,23,88.86
2025-03-01,24,82.47
2025-03-01,25,86.96
2025-03-01,26,90.44
2025-03-01,27,84.76
2025-03-01,28,94.99
2025-03-01,29,94.78
2025-03-01,30,94.42
2025-03-01,31,101.63
2025-03-01,32,105.76
2025-03-01,33,115.15
2025-03-01,34,115.72
2025-03-01,35,121.29
2025-03-01,36,118.13
2025-03-01,37,113.67
2025-03-01,38,111.96
2025-03-01,39,99.74
2025-03-01,40,98.15
2025-03-01,41,89.6
2025-03-01,42,77.71
2025-03-01,43,76.49
2025-03-01,44,68.55
2025-03-01,45,61.99
2025-03-01,46,63.32
2025-03-01,47,63.16
2025-03-01,48,63.36
2025-03-02,1,55.34
2025-03-02,2,54.32
2025-03-02,3,57.79
2025-03-02,4,62.22
2025-03-02,5,63.23
2025-03-02,6,49.81
2025-03-02,7,51.47
2025-03-02,8,56.18
2025-03-02,9,59.52
2025-03-02,10,47.51
2025-03-02,11,58.6
2025-03-02,12,59.31
2025-03-02,13,57.51
2025-03-02,14,64.52
2025-03-02,15,72.43
2025-03-02,16,79.23
2025-03-02,17,86.12
2025-03-02,18,85.11
2025-03-02,19,87.81
2025-03-02,20,83.74
2025-03-02,21,80.37
2025-03-02,22,82.42
2025-03-02,23,86.48
2025-03-02,24,88.87
2025-03-02,25,85.5
2025-03-02,26,83.89
2025-03-02,27,90.58
2025-03-02,28,93.01
2025-03-02,29,98.37
2025-03-02,30,93.88
2025-03-02,31,98.14
2025-03-02,32,109.06
2025-03-02,33,110.11
2025-03-02,34,115.06
2025-03-02,35,125.09
2025-03-02,36,114.81
2025-03-02,37,125.34
2025-03-02,38,108.54
2025-03-02,39,106.53
2025-03-02,40,94.27
2025-03-02,41,88.09
2025-03-02,42,79.51
2025-03-02,43,78.87
2025-03-02,44,70.05
2025-03-02,45,65.94
2025-03-02,46,72.8
2025-03-02,47,63.32
2025-03-02,48,58.41
2025-03-03,1,65.51
2025-03-03,2,62.74
2025-03-03,3,68.02
2025-03-03,4,67.44
2025-03-03,5,57.24
2025-03-03,6,60.58
2025-03-03,7,60.8
2025-03-03,8,58.25
2025-03-03,9,63.7
2025-03-03,10,60.86
2025-03-03,11,63.86
2025-03-03,12,69.02
2025-03-03,13,67.95
2025-03-03,14,70.96
2025-03-03,15,88.34
2025-03-03,16,86.57
2025-03-03,17,101.57
2025-03-03,18,102.74
2025-03-03,19,93.2
2025-03-03,20,104.15
2025-03-03,21,98.04
2025-03-03,22,91.67
2025-03-03,23,84.53
2025-03-03,24,98.79
2025-03-03,25,97.7
2025-03-03,26,101.01
2025-03-03,27,100.22
2025-03-03,28,98.67
2025-03-03,29,104.19
2025-03-03,30,112.3
2025-03-03,31,112.84
2025-03-03,32,118.74
2025-03-03,33,120.57
2025-03-03,34,132.81
2025-03-03,35,131.64
2025-03-03,36,140.02
2025-03-03,37,129.8
2025-03-03,38,124.61
2025-03-03,39,125.47
2025-03-03,40,106.11
2025-03-03,41,96.85
2025-03-03,42,93.64
2025-03-03,43,78.37
2025-03-03,44,85.97
2025-03-03,45,81.31
2025-03-03,46,76.38
2025-03-03,47,58.12
2025-03-03,48,68.23
2025-03-04,1,65.99
2025-03-04,2,60.37
2025-03-04,3,58.05
2025-03-04,4,70.41
2025-03-04,5,60.13
2025-03-04,6,61.7
2025-03-04,7,60.5
2025-03-04,8,60.16
2025-03-04,9,58.63
2025-03-04,10,62.24
2025-03-04,11,67.19
2025-03-04,12,74.92
2025-03-04,13,77.49
2025-03-04,14,74.1
2025-03-04,15,88.4
2025-03-04,16,91.19
2025-03-04,17,90.28
2025-03-04,18,95.33
2025-03-04,19,97.26
2025-03-04,20,94.72
2025-03-04,21,95.96
2025-03-04,22,90.55
2025-03-04,23,102.58
2025-03-04,24,88.06
2025-03-04,25,99.62
2025-03-04,26,100.49
2025-03-04,27,103.44
2025-03-04,28,100.14
2025-03-04,29,110.29
2025-03-04,30,108.75
2025-03-04,31,109.2
2025-03-04,32,115.48
2025-03-04,33,126.8
2025-03-04,34,125.7
2025-03-04,35,142.93
2025-03-04,36,140.17
2025-03-04,37,139.69
2025-03-04,38,132.34
2025-03-04,39,115.09
2025-03-04,40,103.57
2025-03-04,41,87.64
2025-03-04,42,89.43
2025-03-04,43,92.34
2025-03-04,44,77.44
2025-03-04,45,76.29
2025-03-04,46,71.87
2025-03-04,47,72.94
2025-03-04,48,74.22
2025-03-05,1,58.89
2025-03-05,2,67.61
2025-03-05,3,55.76
2025-03-05,4,61.08
2025-03-05,5,65.78
2025-03-05,6,58.72
2025-03-05,7,57.09
2025-03-05,8,64.21
2025-03-05,9,60.83
2025-03-05,10,61.69
2025-03-05,11,70.77
2025-03-05,12,64.38
2025-03-05,13,71.67
2025-03-05,14,82.22
2025-03-05,15,79.28
2025-03-05,16,96.15
2025-03-05,17,91.66
2025-03-05,18,97.84
2025-03-05,19,98.2
2025-03-05,20,93.67
2025-03-05,21,91.86
2025-03-05,22,93.57
2025-03-05,23,97.2
2025-03-05,24,91.57
2025-03-05,25,92.23
2025-03-05,26,104.69
2025-03-05,27,97.65
2025-03-05,28,104.1
2025-03-05,29,104.52
2025-03-05,30,108.25
2025-03-05,31,119.36
2025-03-05,32,119.19
2025-03-05,33,124.53
2025-03-05,34,130.65
2025-03-05,35,133.34
2025-03-05,36,132.93
2025-03-05,37,130.02
2025-03-05,38,131.76
2025-03-05,39,119.02
2025-03-05,40,105.37
2025-03-05,41,102.0
2025-03-05,42,84.46
2025-03-05,43,90.55
2025-03-05,44,85.72
2025-03-05,45,85.86
2025-03-05,46,77.93
2025-03-05,47,72.99
2025-03-05,48,74.05
2025-03-06,1,65.48
2025-03-06,2,69.5
2025-03-06,3,63.85
2025-03-06,4,76.29
2025-03-06,5,59.3
2025-03-06,6,62.23
2025-03-06,7,57.36
2025-03-06,8,65.36
2025-03-06,9,63.82
2025-03-06,10,59.69
2025-03-06,11,64.61
2025-03-06,12,74.75
2025-03-06,13,78.71
2025-03-06,14,73.28
2025-03-06,15,82.51
2025-03-06,16,96.48
2025-03-06,17,92.0
2025-03-06,18,95.21
2025-03-06,19,98.95
2025-03-06,20,89.09
2025-03-06,21,90.16
2025-03-06,22,92.59
2025-03-06,23,99.31
2025-03-06,24,99.73
2025-03-06,25,100.06
2025-03-06,26,98.32
2025-03-06,27,105.23
2025-03-06,28,102.19
2025-03-06,29,107.75
2025-03-06,30,112.63
2025-03-06,31,120.51
2025-03-06,32,119.38
2025-03-06,33,124.56
2025-03-06,34,136.94
2025-03-06,35,140.87
2025-03-06,36,133.46
2025-03-06,37,127.63
2025-03-06,38,130.04
2025-03-06,39,109.69
2025-03-06,40,100.09
2025-03-06,41,97.13
2025-03-06,42,90.97
2025-03-06,43,80.57
2025-03-06,44,81.2
2025-03-06,45,77.77
2025-03-06,46,71.76
2025-03-06,47,79.18
2025-03-06,48,70.42
2025-03-07,1,69.87
2025-03-07,2,71.89
2025-03-07,3,64.0
2025-03-07,4,67.3
2025-03-07,5,59.11
2025-03-07,6,63.45
2025-03-07,7,57.85
2025-03-07,8,58.65
2025-03-07,9,61.87
2025-03-07,10,57.89
2025-03-07,11,66.62
2025-03-07,12,67.42
2025-03-07,13,65.14
2025-03-07,14,76.49
2025-03-07,15,82.36
2025-03-07,16,91.96
2025-03-07,17,93.15
2025-03-07,18,99.6
2025-03-07,19,96.26
2025-03-07,20,91.53
2025-03-07,21,93.02
2025-03-07,22,91.83
2025-03-07,23,95.77
2025-03-07,24,95.22
2025-03-07,25,93.99
2025-03-07,26,98.23
2025-03-07,27,101.87
2025-03-07,28,98.09
2025-03-07,29,106.01
2025-03-07,30,101.96
2025-03-07,31,117.42
2025-03-07,32,120.97
2025-03-07,33,131.77
2025-03-07,34,126.52
2025-03-07,35,139.13
2025-03-07,36,138.59
2025-03-07,37,130.55
2025-03-07,38,122.9
2025-03-07,39,111.19
2025-03-07,40,100.77
2025-03-07,41,94.52
2025-03-07,42,85.28
2025-03-07,43,90.95
2025-03-07,44,74.08
2025-03-07,45,77.08
2025-03-07,46,75.21
2025-03-07,47,72.27
2025-03-07,48,70.28
2025-03-08,1,56.88
2025-03-08,2,54.88
2025-03-08,3,54.72
2025-03-08,4,57.39
2025-03-08,5,46.38
2025-03-08,6,47.69
2025-03-08,7,50.24
2025-03-08,8,53.85
2025-03-08,9,57.27
2025-03-08,10,61.77
2025-03-08,11,56.15
2025-03-08,12,63.57
2025-03-08,13,66.98
2025-03-08,14,70.89
2025-03-08,15,73.38
2025-03-08,16,76.1
2025-03-08,17,76.48
2025-03-08,18,77.79
2025-03-08,19,84.03
2025-03-08,20,82.05
2025-03-08,21,80.17
2025-03-08,22,84.45
2025-03-08,23,81.52
2025-03-08,24,79.69
2025-03-08,25,83.61
2025-03-08,26,89.45
2025-03-08,27,83.68
2025-03-08,28,90.44
2025-03-08,29,91.68
2025-03-08,30,91.96
2025-03-08,31,97.98
2025-03-08,32,98.01
2025-03-08,33,110.35
2025-03-08,34,109.48
2025-03-08,35,122.39
2025-03-08,36,117.96
2025-03-08,37,112.91
2025-03-08,38,113.81
2025-03-08,39,97.25
2025-03-08,40,90.16
2025-03-08,41,78.26
2025-03-08,42,84.47
2025-03-08,43,81.7
2025-03-08,44,63.58
2025-03-08,45,63.85
2025-03-08,46,64.75
2025-03-08,47,60.1
2025-03-08,48,59.98
2025-03-09,1,58.25
2025-03-09,2,55.03
2025-03-09,3,51.95
2025-03-09,4,46.17
2025-03-09,5,56.16
2025-03-09,6,51.8
2025-03-09,7,46.73
2025-03-09,8,53.19
2025-03-09,9,56.11
2025-03-09,10,54.28
2025-03-09,11,57.59
2025-03-09,12,60.23
2025-03-09,13,61.12
2025-03-09,14,68.74
2025-03-09,15,76.21
2025-03-09,16,81.61
2025-03-09,17,83.66
2025-03-09,18,79.38
2025-03-09,19,84.94
2025-03-09,20,83.88
2025-03-09,21,78.75
2025-03-09,22,79.7
2025-03-09,23,84.8
2025-03-09,24,88.61
2025-03-09,25,77.18
2025-03-09,26,92.48
2025-03-09,27,92.17
2025-03-09,28,90.14
2025-03-09,29,90.67
2025-03-09,30,96.29
2025-03-09,31,96.3
2025-03-09,32,103.28
2025-03-09,33,103.69
2025-03-09,34,107.64
2025-03-09,35,127.09
2025-03-09,36,118.23
2025-03-09,37,115.67
2025-03-09,38,108.73
2025-03-09,39,97.77
2025-03-09,40,91.65
2025-03-09,41,85.69
2025-03-09,42,78.22
2025-03-09,43,70.98
2025-03-09,44,71.98
2025-03-09,45,67.67
2025-03-09,46,65.85
2025-03-09,47,64.8
2025-03-09,48,59.25
2025-03-10,1,63.76
2025-03-10,2,62.17
2025-03-10,3,64.18
2025-03-10,4,59.33
2025-03-10,5,52.47
2025-03-10,6,59.03
2025-03-10,7,55.58
2025-03-10,8,62.12
2025-03-10,9,64.16
2025-03-10,10,53.71
2025-03-10,11,61.63
2025-03-10,12,69.48
2025-03-10,13,66.82
2025-03-10,14,80.76
2025-03-10,15,87.21
2025-03-10,16,87.13
2025-03-10,17,88.11
2025-03-10,18,83.75
2025-03-10,19,96.61
2025-03-10,20,100.94
2025-03-10,21,99.62
2025-03-10,22,91.62
2025-03-10,23,88.63
2025-03-10,24,97.51
2025-03-10,25,95.15
2025-03-10,26,99.25
2025-03-10,27,100.37
2025-03-10,28,101.59
2025-03-10,29,107.94
2025-03-10,30,111.59
2025-03-10,31,109.92
2025-03-10,32,114.13
2025-03-10,33,114.16
2025-03-10,34,128.46
2025-03-10,35,129.05
2025-03-10,36,135.35
2025-03-10,37,128.79
2025-03-10,38,122.41
2025-03-10,39,117.77
2025-03-10,40,106.82
2025-03-10,41,96.21
2025-03-10,42,96.26
2025-03-10,43,86.78
2025-03-10,44,77.72
2025-03-10,45,74.33
2025-03-10,46,75.98
2025-03-10,47,71.03
2025-03-10,48,63.42
2025-03-11,1,66.76
2025-03-11,2,65.39
2025-03-11,3,61.36
2025-03-11,4,59.96
2025-03-11,5,66.42
2025-03-11,6,63.51
2025-03-11,7,57.66
2025-03-11,8,55.77
2025-03-11,9,58.42
2025-03-11,10,66.15
2025-03-11,11,69.25
2025-03-11,12,70.08
2025-03-11,13,65.77
2025-03-11,14,80.41
2025-03-11,15,87.97
2025-03-11,16,88.2
2025-03-11,17,98.85
2025-03-11,18,87.43
2025-03-11,19,95.81
2025-03-11,20,88.57
2025-03-11,21,96.4
2025-03-11,22,94.57
2025-03-11,23,99.93
2025-03-11,24,95.87
2025-03-11,25,93.75
2025-03-11,26,95.08
2025-03-11,27,97.85
2025-03-11,28,98.87
2025-03-11,29,108.9
2025-03-11,30,112.11
2025-03-11,31,105.69
2025-03-11,32,117.62
2025-03-11,33,124.03
2025-03-11,34,126.33
2025-03-11,35,134.77
2025-03-11,36,139.11
2025-03-11,37,133.31
2025-03-11,38,128.34
2025-03-11,39,111.3
2025-03-11,40,105.06
2025-03-11,41,93.32
2025-03-11,42,90.2
2025-03-11,43,84.89
2025-03-11,44,82.98
2025-03-11,45,80.84
2025-03-11,46,75.36
2025-03-11,47,66.57
2025-03-11,48,62.29
2025-03-12,1,69.75
2025-03-12,2,58.52
2025-03-12,3,59.61
2025-03-12,4,65.79
2025-03-12,5,61.29
2025-03-12,6,61.81
2025-03-12,7,61.29
2025-03-12,8,61.6
2025-03-12,9,67.86
2025-03-12,10,62.4
2025-03-12,11,60.29
2025-03-12,12,70.21
2025-03-12,13,69.75
2025-03-12,14,76.72
2025-03-12,15,83.99
2025-03-12,16,83.95
2025-03-12,17,88.61
2025-03-12,18,94.33
2025-03-12,19,90.59
2025-03-12,20,96.26
2025-03-12,21,87.93
2025-03-12,22,87.88
2025-03-12,23,100.06
2025-03-12,24,87.46
2025-03-12,25,94.97
2025-03-12,26,104.16
2025-03-12,27,98.44
2025-03-12,28,105.99
2025-03-12,29,105.8
2025-03-12,30,106.65
2025-03-12,31,110.81
2025-03-12,32,108.63
2025-03-12,33,122.13
2025-03-12,34,129.98
2025-03-12,35,133.54
2025-03-12,36,142.72
2025-03-12,37,130.47
2025-03-12,38,125.09
2025-03-12,39,118.48
2025-03-12,40,106.75
2025-03-12,41,95.74
2025-03-12,42,88.64
2025-03-12,43,81.92
2025-03-12,44,80.68
2025-03-12,45,74.68
2025-03-12,46,74.89
2025-03-12,47,65.76
2025-03-12,48,68.08
2025-03-13,1,60.43
2025-03-13,2,56.22
2025-03-13,3,66.04
2025-03-13,4,57.02
2025-03-13,5,58.41
2025-03-13,6,56.97
2025-03-13,7,56.76
2025-03-13,8,53.75
2025-03-13,9,58.1
2025-03-13,10,64.43
2025-03-13,11,64.12
2025-03-13,12,69.46
2025-03-13,13,69.8
2025-03-13,14,80.53
2025-03-13,15,80.21
2025-03-13,16,78.53
2025-03-13,17,91.64
2025-03-13,18,95.21
2025-03-13,19,90.26
2025-03-13,20,96.88
2025-03-13,21,88.19
2025-03-13,22,94.24
2025-03-13,23,99.13
2025-03-13,24,93.44
2025-03-13,25,93.88
2025-03-13,26,96.03
2025-03-13,27,104.76
2025-03-13,28,101.9
2025-03-13,29,111.45
2025-03-13,30,107.46
2025-03-13,31,108.37
2025-03-13,32,114.41
2025-03-13,33,123.27
2025-03-13,34,120.49
2025-03-13,35,130.3
2025-03-13,36,130.63
2025-03-13,37,129.9
2025-03-13,38,129.96
2025-03-13,39,113.69
2025-03-13,40,96.57
2025-03-13,41,92.13
2025-03-13,42,89.74
2025-03-13,43,83.43
2025-03-13,44,85.15
2025-03-13,45,78.96
2025-03-13,46,75.88
2025-03-13,47,68.71
2025-03-13,48,71.68
2025-03-14,1,64.12
2025-03-14,2,65.37
2025-03-14,3,62.02
2025-03-14,4,63.14
2025-03-14,5,63.2
2025-03-14,6,61.36
2025-03-14,7,58.0
2025-03-14,8,61.47
2025-03-14,9,69.13
2025-03-14,10,55.68
2025-03-14,11,65.88
2025-03-14,12,74.56
2025-03-14,13,66.86
2025-03-14,14,80.68
2025-03-14,15,86.53
2025-03-14,16,80.79
2025-03-14,17,92.93
2025-03-14,18,90.76
2025-03-14,19,91.97
2025-03-14,20,90.49
2025-03-14,21,96.55
2025-03-14,22,90.82
2025-03-14,23,90.0
2025-03-14,24,91.21
2025-03-14,25,93.12
2025-03-14,26,91.83
2025-03-14,27,96.05
2025-03-14,28,100.45
2025-03-14,29,104.16
2025-03-14,30,110.82
2025-03-14,31,111.6
2025-03-14,32,114.48
2025-03-14,33,118.59
2025-03-14,34,129.42
2025-03-14,35,131.31
2025-03-14,36,131.69
2025-03-14,37,129.58
2025-03-14,38,123.88
2025-03-14,39,114.19
2025-03-14,40,103.25
2025-03-14,41,92.28
2025-03-14,42,85.96
2025-03-14,43,86.19
2025-03-14,44,76.71
2025-03-14,45,69.5
2025-03-14,46,76.57
2025-03-14,47,65.59
2025-03-14,48,67.21
2025-03-15,1,57.37
2025-03-15,2,51.21
2025-03-15,3,55.39
2025-03-15,4,55.19
2025-03-15,5,46.71
2025-03-15,6,48.95
2025-03-15,7,46.77
2025-03-15,8,54.13
2025-03-15,9,53.45
2025-03-15,10,53.87
2025-03-15,11,55.57
2025-03-15,12,60.26
2025-03-15,13,64.14
2025-03-15,14,65.28
2025-03-15,15,69.38
2025-03-15,16,75.81
2025-03-15,17,78.26
2025-03-15,18,88.81
2025-03-15,19,79.35
2025-03-15,20,81.67
2025-03-15,21,81.95
2025-03-15,22,85.66
2025-03-15,23,77.33
2025-03-15,24,86.93
2025-03-15,25,82.29
2025-03-15,26,94.34
2025-03-15,27,87.36
2025-03-15,28,82.78
2025-03-15,29,89.16
2025-03-15,30,98.33
2025-03-15,31,97.37
2025-03-15,32,101.84
2025-03-15,33,110.45
2025-03-15,34,111.12
2025-03-15,35,114.75
2025-03-15,36,112.03
2025-03-15,37,119.66
2025-03-15,38,101.96
2025-03-15,39,99.9
2025-03-15,40,93.09
2025-03-15,41,83.7
2025-03-15,42,72.54
2025-03-15,43,68.63
2025-03-15,44,70.87
2025-03-15,45,62.57
2025-03-15,46,54.81
2025-03-15,47,62.39
2025-03-15,48,55.34
2025-03-16,1,58.91
2025-03-16,2,52.87
2025-03-16,3,61.07
2025-03-16,4,51.09
2025-03-16,5,46.68
2025-03-16,6,49.69
2025-03-16,7,54.29
2025-03-16,8,48.74
2025-03-16,9,53.84
2025-03-16,10,56.15
2025-03-16,11,51.06
2025-03-16,12,56.52
2025-03-16,13,63.96
2025-03-16,14,69.85
2025-03-16,15,69.53
2025-03-16,16,76.41
2025-03-16,17,77.63
2025-03-16,18,83.22
2025-03-16,19,82.7
2025-03-16,20,78.76
2025-03-16,21,81.74
2025-03-16,22,78.15
2025-03-16,23,82.14
2025-03-16,24,83.2
2025-03-16,25,92.09
2025-03-16,26,82.72
2025-03-16,27,85.06
2025-03-16,28,84.82
2025-03-16,29,85.53
2025-03-16,30,90.86
2025-03-16,31,99.39
2025-03-16,32,104.7
2025-03-16,33,108.4
2025-03-16,34,110.95
2025-03-16,35,113.25
2025-03-16,36,111.77
2025-03-16,37,110.15
2025-03-16,38,101.32
2025-03-16,39,104.33
2025-03-16,40,98.22
2025-03-16,41,75.74
2025-03-16,42,78.46
2025-03-16,43,73.48
2025-03-16,44,69.39
2025-03-16,45,63.1
2025-03-16,46,66.98
2025-03-16,47,62.28
2025-03-16,48,62.78
2025-03-17,1,63.93
2025-03-17,2,59.25
2025-03-17,3,68.98
2025-03-17,4,59.41
2025-03-17,5,53.83
2025-03-17,6,68.49
2025-03-17,7,60.1
2025-03-17,8,62.01
2025-03-17,9,66.33
2025-03-17,10,63.5
2025-03-17,11,67.21
2025-03-17,12,66.79
2025-03-17,13,73.8
2025-03-17,14,75.8
2025-03-17,15,81.11
2025-03-17,16,86.33
2025-03-17,17,87.62
2025-03-17,18,92.97
2025-03-17,19,93.32
2025-03-17,20,94.17
2025-03-17,21,92.98
2025-03-17,22,98.38
2025-03-17,23,95.18
2025-03-17,24,91.26
2025-03-17,25,95.38
2025-03-17,26,100.86
2025-03-17,27,93.18
2025-03-17,28,107.06
2025-03-17,29,98.45
2025-03-17,30,108.58
2025-03-17,31,109.59
2025-03-17,32,115.04
2025-03-17,33,116.23
2025-03-17,34,130.63
2025-03-17,35,125.35
2025-03-17,36,124.97
2025-03-17,37,131.92
2025-03-17,38,127.78
2025-03-17,39,109.34
2025-03-17,40,106.94
2025-03-17,41,97.75
2025-03-17,42,87.19
2025-03-17,43,87.34
2025-03-17,44,76.99
2025-03-17,45,76.23
2025-03-17,46,66.22
2025-03-17,47,63.84
2025-03-17,48,71.09
2025-03-18,1,66.12
2025-03-18,2,55.37
2025-03-18,3,60.48
2025-03-18,4,63.3
2025-03-18,5,60.07
2025-03-18,6,60.34
2025-03-18,7,55.33
2025-03-18,8,59.64
2025-03-18,9,59.02
2025-03-18,10,60.03
2025-03-18,11,60.38
2025-03-18,12,70.01
2025-03-18,13,72.01
2025-03-18,14,76.66
2025-03-18,15,89.12
2025-03-18,16,87.46
2025-03-18,17,93.71
2025-03-18,18,91.74
2025-03-18,19,89.59
2025-03-18,20,86.36
2025-03-18,21,91.08
2025-03-18,22,79.42
2025-03-18,23,91.75
2025-03-18,24,93.05
2025-03-18,25,92.38
2025-03-18,26,94.52
2025-03-18,27,91.66
2025-03-18,28,104.22
2025-03-18,29,99.86
2025-03-18,30,100.74
2025-03-18,31,111.37
2025-03-18,32,115.3
2025-03-18,33,119.6
2025-03-18,34,124.72
2025-03-18,35,130.04
2025-03-18,36,135.69
2025-03-18,37,128.74
2025-03-18,38,120.08
2025-03-18,39,115.05
2025-03-18,40,102.69
2025-03-18,41,95.85
2025-03-18,42,87.86
2025-03-18,43,84.08
2025-03-18,44,75.61
2025-03-18,45,69.35
2025-03-18,46,74.62
2025-03-18,47,74.48
2025-03-18,48,61.83
2025-03-19,1,67.12
2025-03-19,2,64.22
2025-03-19,3,63.21
2025-03-19,4,53.44
2025-03-19,5,56.26
2025-03-19,6,62.06
2025-03-19,7,55.98
2025-03-19,8,51.91
2025-03-19,9,62.44
2025-03-19,10,58.32
2025-03-19,11,67.14
2025-03-19,12,66.06
2025-03-19,13,69.28
2025-03-19,14,80.88
2025-03-19,15,75.44
2025-03-19,16,91.01
2025-03-19,17,86.05
2025-03-19,18,91.0
2025-03-19,19,91.39
2025-03-19,20,88.58
2025-03-19,21,86.76
2025-03-19,22,88.29
2025-03-19,23,86.3
2025-03-19,24,99.32
2025-03-19,25,91.01
2025-03-19,26,99.21
2025-03-19,27,100.44
2025-03-19,28,99.79
2025-03-19,29,100.33
2025-03-19,30,105.05
2025-03-19,31,111.11
2025-03-19,32,114.87
2025-03-19,33,114.36
2025-03-19,34,244.78
2025-03-19,35,261.57
2025-03-19,36,245.23
2025-03-19,37,253.12
2025-03-19,38,244.78
2025-03-19,39,237.81
2025-03-19,40,97.67
2025-03-19,41,95.33
2025-03-19,42,87.79
2025-03-19,43,92.49
2025-03-19,44,77.64
2025-03-19,45,79.05
2025-03-19,46,64.76
2025-03-19,47,72.3
2025-03-19,48,66.88
2025-03-20,1,60.52
2025-03-20,2,70.05
2025-03-20,3,60.15
2025-03-20,4,59.37
2025-03-20,5,55.88
2025-03-20,6,54.05
2025-03-20,7,57.43
2025-03-20,8,58.33
2025-03-20,9,58.66
2025-03-20,10,67.05
2025-03-20,11,62.16
2025-03-20,12,65.56
2025-03-20,13,73.41
2025-03-20,14,74.48
2025-03-20,15,82.53
2025-03-20,16,79.87
2025-03-20,17,83.22
2025-03-20,18,90.52
2025-03-20,19,89.46
2025-03-20,20,86.74
2025-03-20,21,89.99
2025-03-20,22,90.3
2025-03-20,23,87.21
2025-03-20,24,89.09
2025-03-20,25,93.49
2025-03-20,26,90.16
2025-03-20,27,93.59
2025-03-20,28,100.14
2025-03-20,29,100.43
2025-03-20,30,102.01
2025-03-20,31,104.84
2025-03-20,32,110.03
2025-03-20,33,119.69
2025-03-20,34,133.82
2025-03-20,35,131.44
2025-03-20,36,124.09
2025-03-20,37,128.83
2025-03-20,38,116.37
2025-03-20,39,110.86
2025-03-20,40,99.53
2025-03-20,41,101.7
2025-03-20,42,82.13
2025-03-20,43,82.42
2025-03-20,44,74.12
2025-03-20,45,76.36
2025-03-20,46,71.69
2025-03-20,47,73.01
2025-03-20,48,68.62
2025-03-21,1,64.06
2025-03-21,2,60.65
2025-03-21,3,63.05
2025-03-21,4,62.0
2025-03-21,5,64.03
2025-03-21,6,63.22
2025-03-21,7,57.47
2025-03-21,8,54.24
2025-03-21,9,55.49
2025-03-21,10,61.43
2025-03-21,11,63.08
2025-03-21,12,66.71
2025-03-21,13,67.77
2025-03-21,14,80.65
2025-03-21,15,74.2
2025-03-21,16,82.33
2025-03-21,17,83.69
2025-03-21,18,88.89
2025-03-21,19,95.06
2025-03-21,20,88.51
2025-03-21,21,89.6
2025-03-21,22,91.81
2025-03-21,23,88.39
2025-03-21,24,92.38
2025-03-21,25,93.3
2025-03-21,26,89.4
2025-03-21,27,93.81
2025-03-21,28,99.08
2025-03-21,29,105.3
2025-03-21,30,108.68
2025-03-21,31,116.46
2025-03-21,32,115.63
2025-03-21,33,118.14
2025-03-21,34,240.38
2025-03-21,35,243.63
2025-03-21,36,242.69
2025-03-21,37,242.44
2025-03-21,38,236.06
2025-03-21,39,221.15
2025-03-21,40,105.88
2025-03-21,41,85.93
2025-03-21,42,85.48
2025-03-21,43,85.48
2025-03-21,44,79.02
2025-03-21,45,71.73
2025-03-21,46,78.15
2025-03-21,47,66.0
2025-03-21,48,57.51
2025-03-22,1,56.98
2025-03-22,2,50.92
2025-03-22,3,51.14
2025-03-22,4,56.8
2025-03-22,5,59.03
2025-03-22,6,55.0
2025-03-22,7,58.17
2025-03-22,8,48.11
2025-03-22,9,45.24
2025-03-22,10,52.59
2025-03-22,11,57.99
2025-03-22,12,50.17
2025-03-22,13,57.6
2025-03-22,14,62.42
2025-03-22,15,71.66
2025-03-22,16,75.18
2025-03-22,17,74.07
2025-03-22,18,79.4
2025-03-22,19,74.41
2025-03-22,20,76.92
2025-03-22,21,73.16
2025-03-22,22,77.58
2025-03-22,23,75.49
2025-03-22,24,82.43
2025-03-22,25,80.83
2025-03-22,26,81.45
2025-03-22,27,90.97
2025-03-22,28,87.18
2025-03-22,29,86.37
2025-03-22,30,88.48
2025-03-22,31,90.05
2025-03-22,32,99.43
2025-03-22,33,106.28
2025-03-22,34,102.2
2025-03-22,35,107.43
2025-03-22,36,111.03
2025-03-22,37,105.71
2025-03-22,38,104.52
2025-03-22,39,97.62
2025-03-22,40,88.55
2025-03-22,41,84.0
2025-03-22,42,73.4
2025-03-22,43,70.75
2025-03-22,44,63.15
2025-03-22,45,65.29
2025-03-22,46,61.92
2025-03-22,47,54.62
2025-03-22,48,56.83
2025-03-23,1,56.52
2025-03-23,2,62.27
2025-03-23,3,52.52
2025-03-23,4,48.31
2025-03-23,5,48.79
2025-03-23,6,52.45
2025-03-23,7,52.39
2025-03-23,8,51.52
2025-03-23,9,47.98
2025-03-23,10,57.05
2025-03-23,11,62.32
2025-03-23,12,57.5
2025-03-23,13,68.33
2025-03-23,14,68.92
2025-03-23,15,78.86
2025-03-23,16,75.89
2025-03-23,17,77.44
2025-03-23,18,81.77
2025-03-23,19,76.97
2025-03-23,20,79.98
2025-03-23,21,83.26
2025-03-23,22,81.18
2025-03-23,23,78.29
2025-03-23,24,80.18
2025-03-23,25,83.68
2025-03-23,26,84.97
2025-03-23,27,86.6
2025-03-23,28,86.7
2025-03-23,29,84.24
2025-03-23,30,87.83
2025-03-23,31,96.28
2025-03-23,32,102.67
2025-03-23,33,107.49
2025-03-23,34,106.77
2025-03-23,35,111.88
2025-03-23,36,108.0
2025-03-23,37,104.15
2025-03-23,38,104.3
2025-03-23,39,101.98
2025-03-23,40,89.12
2025-03-23,41,89.14
2025-03-23,42,74.81
2025-03-23,43,70.8
2025-03-23,44,62.97
2025-03-23,45,62.53
2025-03-23,46,56.64
2025-03-23,47,53.02
2025-03-23,48,52.56
2025-03-24,1,55.42
2025-03-24,2,62.36
2025-03-24,3,57.18
2025-03-24,4,58.51
2025-03-24,5,62.87
2025-03-24,6,57.54
2025-03-24,7,63.16
2025-03-24,8,57.13
2025-03-24,9,62.2
2025-03-24,10,57.39
2025-03-24,11,62.22
2025-03-24,12,61.25
2025-03-24,13,65.91
2025-03-24,14,73.21
2025-03-24,15,73.93
2025-03-24,16,84.43
2025-03-24,17,85.86
2025-03-24,18,89.71
2025-03-24,19,83.87
2025-03-24,20,91.52
2025-03-24,21,95.04
2025-03-24,22,94.16
2025-03-24,23,96.4
2025-03-24,24,90.05
2025-03-24,25,89.91
2025-03-24,26,94.88
2025-03-24,27,93.7
2025-03-24,28,89.67
2025-03-24,29,102.39
2025-03-24,30,101.52
2025-03-24,31,101.06
2025-03-24,32,110.45
2025-03-24,33,117.68
2025-03-24,34,124.0
2025-03-24,35,127.46
2025-03-24,36,133.08
2025-03-24,37,119.08
2025-03-24,38,117.12
2025-03-24,39,105.81
2025-03-24,40,105.48
2025-03-24,41,90.05
2025-03-24,42,84.08
2025-03-24,43,84.23
2025-03-24,44,81.08
2025-03-24,45,78.27
2025-03-24,46,62.95
2025-03-24,47,68.97
2025-03-24,48,65.9
2025-03-25,1,68.06
2025-03-25,2,52.81
2025-03-25,3,63.84
2025-03-25,4,57.34
2025-03-25,5,50.3
2025-03-25,6,58.92
2025-03-25,7,60.56
2025-03-25,8,55.79
2025-03-25,9,53.74
2025-03-25,10,66.21
2025-03-25,11,58.89
2025-03-25,12,69.38
2025-03-25,13,62.86
2025-03-25,14,75.51
2025-03-25,15,80.51
2025-03-25,16,86.98
2025-03-25,17,92.73
2025-03-25,18,85.2
2025-03-25,19,90.88
2025-03-25,20,82.93
2025-03-25,21,82.42
2025-03-25,22,85.58
2025-03-25,23,90.1
2025-03-25,24,96.27
2025-03-25,25,98.43
2025-03-25,26,91.17
2025-03-25,27,95.54
2025-03-25,28,100.05
2025-03-25,29,101.82
2025-03-25,30,101.41
2025-03-25,31,106.85
2025-03-25,32,111.63
2025-03-25,33,117.26
2025-03-25,34,122.14
2025-03-25,35,126.43
2025-03-25,36,125.52
2025-03-25,37,119.24
2025-03-25,38,120.75
2025-03-25,39,110.99
2025-03-25,40,107.6
2025-03-25,41,93.43
2025-03-25,42,83.47
2025-03-25,43,77.23
2025-03-25,44,75.7
2025-03-25,45,74.33
2025-03-25,46,68.29
2025-03-25,47,60.91
2025-03-25,48,61.63
2025-03-26,1,62.4
2025-03-26,2,61.13
2025-03-26,3,63.4
2025-03-26,4,54.26
2025-03-26,5,56.73
2025-03-26,6,51.98
2025-03-26,7,57.62
2025-03-26,8,56.21
2025-03-26,9,62.03
2025-03-26,10,59.13
2025-03-26,11,59.57
2025-03-26,12,63.52
2025-03-26,13,75.56
2025-03-26,14,67.29
2025-03-26,15,76.16
2025-03-26,16,83.33
2025-03-26,17,83.89
2025-03-26,18,90.09
2025-03-26,19,88.25
2025-03-26,20,89.09
2025-03-26,21,88.08
2025-03-26,22,87.16
2025-03-26,23,82.97
2025-03-26,24,89.93
2025-03-26,25,83.6
2025-03-26,26,89.56
2025-03-26,27,95.93
2025-03-26,28,100.69
2025-03-26,29,107.79
2025-03-26,30,100.0
2025-03-26,31,102.69
2025-03-26,32,113.75
2025-03-26,33,125.15
2025-03-26,34,129.18
2025-03-26,35,122.3
2025-03-26,36,126.12
2025-03-26,37,126.73
2025-03-26,38,120.55
2025-03-26,39,110.9
2025-03-26,40,97.93
2025-03-26,41,93.95
2025-03-26,42,88.55
2025-03-26,43,75.72
2025-03-26,44,80.55
2025-03-26,45,75.82
2025-03-26,46,66.05
2025-03-26,47,70.25
2025-03-26,48,67.61
2025-03-27,1,62.27
2025-03-27,2,58.33
2025-03-27,3,52.29
2025-03-27,4,61.11
2025-03-27,5,54.4
2025-03-27,6,52.16
2025-03-27,7,56.62
2025-03-27,8,55.44
2025-03-27,9,51.47
2025-03-27,10,53.4
2025-03-27,11,62.46
2025-03-27,12,61.64
2025-03-27,13,70.45
2025-03-27,14,73.89
2025-03-27,15,82.57
2025-03-27,16,79.55
2025-03-27,17,87.05
2025-03-27,18,90.35
2025-03-27,19,85.64
2025-03-27,20,92.25
2025-03-27,21,80.62
2025-03-27,22,83.91
2025-03-27,23,81.0
2025-03-27,24,85.96
2025-03-27,25,89.7
2025-03-27,26,95.24
2025-03-27,27,93.0
2025-03-27,28,93.19
2025-03-27,29,91.83
2025-03-27,30,96.48
2025-03-27,31,107.0
2025-03-27,32,114.78
2025-03-27,33,115.55
2025-03-27,34,127.44
2025-03-27,35,122.17
2025-03-27,36,124.65
2025-03-27,37,121.65
2025-03-27,38,122.56
2025-03-27,39,108.66
2025-03-27,40,92.16
2025-03-27,41,95.09
2025-03-27,42,91.9
2025-03-27,43,78.15
2025-03-27,44,71.37
2025-03-27,45,75.04
2025-03-27,46,76.62
2025-03-27,47,69.7
2025-03-27,48,57.62
2025-03-28,1,60.36
2025-03-28,2,61.31
2025-03-28,3,57.01
2025-03-28,4,59.46
2025-03-28,5,58.51
2025-03-28,6,57.23
2025-03-28,7,57.18
2025-03-28,8,54.3
2025-03-28,9,56.2
2025-03-28,10,52.02
2025-03-28,11,60.41
2025-03-28,12,60.08
2025-03-28,13,68.55
2025-03-28,14,70.17
2025-03-28,15,69.88
2025-03-28,16,91.58
2025-03-28,17,84.87
2025-03-28,18,93.26
2025-03-28,19,85.71
2025-03-28,20,94.21
2025-03-28,21,82.35
2025-03-28,22,87.62
2025-03-28,23,83.11
2025-03-28,24,98.97
2025-03-28,25,88.99
2025-03-28,26,94.88
2025-03-28,27,95.07
2025-03-28,28,95.11
2025-03-28,29,99.73
2025-03-28,30,106.4
2025-03-28,31,108.04
2025-03-28,32,111.48
2025-03-28,33,118.87
2025-03-28,34,129.8
2025-03-28,35,123.84
2025-03-28,36,118.32
2025-03-28,37,118.02
2025-03-28,38,111.92
2025-03-28,39,104.2
2025-03-28,40,95.6
2025-03-28,41,90.85
2025-03-28,42,85.19
2025-03-28,43,79.8
2025-03-28,44,71.75
2025-03-28,45,75.29
2025-03-28,46,70.64
2025-03-28,47,72.38
2025-03-28,48,67.26
2025-03-29,1,55.49
2025-03-29,2,50.09
2025-03-29,3,54.44
2025-03-29,4,45.78
2025-03-29,5,49.33
2025-03-29,6,44.23
2025-03-29,7,48.7
2025-03-29,8,45.47
2025-03-29,9,53.28
2025-03-29,10,53.2
2025-03-29,11,51.1
2025-03-29,12,60.49
2025-03-29,13,55.92
2025-03-29,14,63.88
2025-03-29,15,65.99
2025-03-29,16,75.35
2025-03-29,17,77.79
2025-03-29,18,81.89
2025-03-29,19,77.32
2025-03-29,20,64.8
2025-03-29,21,74.51
2025-03-29,22,82.46
2025-03-29,23,75.39
2025-03-29,24,69.98
2025-03-29,25,80.68
2025-03-29,26,82.37
2025-03-29,27,78.86
2025-03-29,28,82.49
2025-03-29,29,82.23
2025-03-29,30,90.6
2025-03-29,31,92.6
2025-03-29,32,92.5
2025-03-29,33,102.35
2025-03-29,34,104.14
2025-03-29,35,115.87
2025-03-29,36,113.81
2025-03-29,37,106.83
2025-03-29,38,102.02
2025-03-29,39,98.49
2025-03-29,40,86.08
2025-03-29,41,82.76
2025-03-29,42,79.73
2025-03-29,43,67.17
2025-03-29,44,72.05
2025-03-29,45,67.94
2025-03-29,46,61.05
2025-03-29,47,56.13
2025-03-29,48,56.94
2025-03-30,1,56.25
2025-03-30,2,51.54
2025-03-30,3,61.82
2025-03-30,4,51.4
2025-03-30,5,44.72
2025-03-30,6,45.91
2025-03-30,7,45.4
2025-03-30,8,46.1
2025-03-30,9,52.21
2025-03-30,10,46.84
2025-03-30,11,51.85
2025-03-30,12,60.49
2025-03-30,13,57.44
2025-03-30,14,66.46
2025-03-30,15,61.46
2025-03-30,16,70.63
2025-03-30,17,71.38
2025-03-30,18,77.59
2025-03-30,19,72.55
2025-03-30,20,84.62
2025-03-30,21,69.38
2025-03-30,22,80.45
2025-03-30,23,79.92
2025-03-30,24,78.59
2025-03-30,25,78.8
2025-03-30,26,87.39
2025-03-30,27,91.34
2025-03-30,28,82.33
2025-03-30,29,85.92
2025-03-30,30,85.96
2025-03-30,31,87.34
2025-03-30,32,98.65
2025-03-30,33,103.0
2025-03-30,34,100.23
2025-03-30,35,111.43
2025-03-30,36,110.94
2025-03-30,37,104.5
2025-03-30,38,98.65
2025-03-30,39,95.77
2025-03-30,40,92.88
2025-03-30,41,81.01
2025-03-30,42,76.66
2025-03-30,43,65.54
2025-03-30,44,63.56
2025-03-30,45,64.72
2025-03-30,46,54.4
2025-03-30,47,58.52
2025-03-30,48,57.76
2025-03-31,1,66.87
2025-03-31,2,61.44
2025-03-31,3,59.55
2025-03-31,4,57.09
2025-03-31,5,51.88
2025-03-31,6,53.17
2025-03-31,7,57.09
2025-03-31,8,53.31
2025-03-31,9,57.43
2025-03-31,10,54.44
2025-03-31,11,62.0
2025-03-31,12,65.4
2025-03-31,13,60.87
2025-03-31,14,72.46
2025-03-31,15,71.11
2025-03-31,16,74.18
2025-03-31,17,82.44
2025-03-31,18,97.67
2025-03-31,19,89.92
2025-03-31,20,91.99
2025-03-31,21,88.4
2025-03-31,22,86.75
2025-03-31,23,90.07
2025-03-31,24,85.0
2025-03-31,25,90.84
2025-03-31,26,95.23
2025-03-31,27,95.01
2025-03-31,28,99.1
2025-03-31,29,97.28
2025-03-31,30,106.58
2025-03-31,31,103.33
2025-03-31,32,118.04
2025-03-31,33,117.76
2025-03-31,34,119.21
2025-03-31,35,119.36
2025-03-31,36,121.07
2025-03-31,37,117.18
2025-03-31,38,114.33
2025-03-31,39,101.4
2025-03-31,40,103.03
2025-03-31,41,90.35
2025-03-31,42,83.52
2025-03-31,43,73.3
2025-03-31,44,70.75
2025-03-31,45,61.63
2025-03-31,46,74.2
2025-03-31,47,59.63
2025-03-31,48,57.78
2025-04-01,1,62.08
2025-04-01,2,59.74
2025-04-01,3,57.38
2025-04-01,4,52.21
2025-04-01,5,63.49
2025-04-01,6,57.9
2025-04-01,7,49.08
2025-04-01,8,54.02
2025-04-01,9,50.18
2025-04-01,10,60.86
2025-04-01,11,59.87
2025-04-01,12,63.07
2025-04-01,13,63.75
2025-04-01,14,70.65
2025-04-01,15,80.04
2025-04-01,16,85.53
2025-04-01,17,87.87
2025-04-01,18,79.93
2025-04-01,19,85.73
2025-04-01,20,87.1
2025-04-01,21,82.69
2025-04-01,22,78.96
2025-04-01,23,81.01
2025-04-01,24,93.22
2025-04-01,25,83.85
2025-04-01,26,90.36
2025-04-01,27,91.23
2025-04-01,28,93.15
2025-04-01,29,94.9
2025-04-01,30,102.58
2025-04-01,31,103.91
2025-04-01,32,106.64
2025-04-01,33,115.22
2025-04-01,34,115.17
2025-04-01,35,125.5
2025-04-01,36,121.1
2025-04-01,37,118.05
2025-04-01,38,116.29
2025-04-01,39,104.45
2025-04-01,40,96.07
2025-04-01,41,94.23
2025-04-01,42,79.03
2025-04-01,43,79.65
2025-04-01,44,77.33
2025-04-01,45,74.9
2025-04-01,46,76.17
2025-04-01,47,62.48
2025-04-01,48,59.43
2025-04-02,1,63.95
2025-04-02,2,61.59
2025-04-02,3,48.75
2025-04-02,4,56.11
2025-04-02,5,50.96
2025-04-02,6,60.48
2025-04-02,7,53.65
2025-04-02,8,60.18
2025-04-02,9,51.36
2025-04-02,10,59.15
2025-04-02,11,59.76
2025-04-02,12,73.86
2025-04-02,13,71.57
2025-04-02,14,76.09
2025-04-02,15,84.71
2025-04-02,16,82.13
2025-04-02,17,83.76
2025-04-02,18,84.95
2025-04-02,19,87.45
2025-04-02,20,74.67
2025-04-02,21,85.31
2025-04-02,22,86.17
2025-04-02,23,85.19
2025-04-02,24,80.76
2025-04-02,25,87.67
2025-04-02,26,83.68
2025-04-02,27,98.59
2025-04-02,28,92.37
2025-04-02,29,87.55
2025-04-02,30,98.21
2025-04-02,31,106.94
2025-04-02,32,109.42
2025-04-02,33,110.91
2025-04-02,34,117.1
2025-04-02,35,121.96
2025-04-02,36,121.58
2025-04-02,37,115.04
2025-04-02,38,113.52
2025-04-02,39,100.33
2025-04-02,40,100.89
2025-04-02,41,93.49
2025-04-02,42,78.58
2025-04-02,43,74.49
2025-04-02,44,71.56
2025-04-02,45,69.83
2025-04-02,46,68.23
2025-04-02,47,66.65
2025-04-02,48,64.42
2025-04-03,1,60.58
2025-04-03,2,54.47
2025-04-03,3,53.05
2025-04-03,4,55.99
2025-04-03,5,53.39
2025-04-03,6,58.14
2025-04-03,7,53.85
2025-04-03,8,56.48
2025-04-03,9,52.62
2025-04-03,10,57.27
2025-04-03,11,64.75
2025-04-03,12,61.97
2025-04-03,13,64.38
2025-04-03,14,67.9
2025-04-03,15,76.22
2025-04-03,16,86.31
2025-04-03,17,78.37
2025-04-03,18,85.27
2025-04-03,19,78.95
2025-04-03,20,83.77
2025-04-03,21,86.01
2025-04-03,22,78.6
2025-04-03,23,83.7
2025-04-03,24,87.7
2025-04-03,25,88.44
2025-04-03,26,90.82
2025-04-03,27,87.23
2025-04-03,28,94.19
2025-04-03,29,93.02
2025-04-03,30,101.5
2025-04-03,31,93.71
2025-04-03,32,107.13
2025-04-03,33,114.51
2025-04-03,34,124.74
2025-04-03,35,122.97
2025-04-03,36,123.61
2025-04-03,37,121.1
2025-04-03,38,118.36
2025-04-03,39,103.72
2025-04-03,40,91.1
2025-04-03,41,82.48
2025-04-03,42,84.93
2025-04-03,43,77.94
2025-04-03,44,71.93
2025-04-03,45,67.34
2025-04-03,46,67.66
2025-04-03,47,65.38
2025-04-03,48,64.33
2025-04-04,1,61.17
2025-04-04,2,57.71
2025-04-04,3,56.84
2025-04-04,4,56.81
2025-04-04,5,60.08
2025-04-04,6,53.64
2025-04-04,7,58.83
2025-04-04,8,54.9
2025-04-04,9,60.97
2025-04-04,10,56.19
2025-04-04,11,56.59
2025-04-04,12,57.92
2025-04-04,13,66.19
2025-04-04,14,67.89
2025-04-04,15,81.61
2025-04-04,16,76.87
2025-04-04,17,80.73
2025-04-04,18,87.45
2025-04-04,19,90.2
2025-04-04,20,88.0
2025-04-04,21,88.86
2025-04-04,22,84.27
2025-04-04,23,84.87
2025-04-04,24,94.24
2025-04-04,25,94.33
2025-04-04,26,91.97
2025-04-04,27,95.2
2025-04-04,28,96.09
2025-04-04,29,90.22
2025-04-04,30,98.09
2025-04-04,31,108.53
2025-04-04,32,110.74
2025-04-04,33,113.4
2025-04-04,34,124.9
2025-04-04,35,123.61
2025-04-04,36,125.39
2025-04-04,37,120.62
2025-04-04,38,115.06
2025-04-04,39,107.28
2025-04-04,40,101.53
2025-04-04,41,94.22
2025-04-04,42,80.14
2025-04-04,43,78.16
2025-04-04,44,77.75
2025-04-04,45,68.88
2025-04-04,46,61.43
2025-04-04,47,60.65
2025-04-04,48,58.8
2025-04-05,1,54.02
2025-04-05,2,49.17
2025-04-05,3,50.78
2025-04-05,4,57.42
2025-04-05,5,51.02
2025-04-05,6,46.56
2025-04-05,7,47.83
2025-04-05,8,50.1
2025-04-05,9,47.21
2025-04-05,10,48.04
2025-04-05,11,51.89
2025-04-05,12,60.69
2025-04-05,13,61.3
2025-04-05,14,60.65
2025-04-05,15,70.08
2025-04-05,16,70.46
2025-04-05,17,74.56
2025-04-05,18,75.63
2025-04-05,19,66.46
2025-04-05,20,62.37
2025-04-05,21,75.08
2025-04-05,22,70.73
2025-04-05,23,68.06
2025-04-05,24,72.26
2025-04-05,25,80.45
2025-04-05,26,79.53
2025-04-05,27,82.64
2025-04-05,28,83.03
2025-04-05,29,79.63
2025-04-05,30,89.22
2025-04-05,31,92.22
2025-04-05,32,94.07
2025-04-05,33,99.85
2025-04-05,34,107.35
2025-04-05,35,104.05
2025-04-05,36,111.6
2025-04-05,37,106.67
2025-04-05,38,98.96
2025-04-05,39,98.01
2025-04-05,40,79.25
2025-04-05,41,75.73
2025-04-05,42,69.09
2025-04-05,43,68.69
2025-04-05,44,68.42
2025-04-05,45,56.9
2025-04-05,46,71.66
2025-04-05,47,53.69
2025-04-05,48,55.93
2025-04-06,1,53.94
2025-04-06,2,52.76
2025-04-06,3,46.02
2025-04-06,4,50.61
2025-04-06,5,47.62
2025-04-06,6,51.38
2025-04-06,7,43.92
2025-04-06,8,52.65
2025-04-06,9,54.74
2025-04-06,10,50.34
2025-04-06,11,53.34
2025-04-06,12,57.53
2025-04-06,13,53.8
2025-04-06,14,60.09
2025-04-06,15,67.07
2025-04-06,16,78.25
2025-04-06,17,68.1
2025-04-06,18,80.86
2025-04-06,19,73.83
2025-04-06,20,74.12
2025-04-06,21,78.74
2025-04-06,22,81.93
2025-04-06,23,76.01
2025-04-06,24,79.9
2025-04-06,25,72.76
2025-04-06,26,75.67
2025-04-06,27,73.83
2025-04-06,28,78.82
2025-04-06,29,85.23
2025-04-06,30,86.61
2025-04-06,31,96.42
2025-04-06,32,102.37
2025-04-06,33,98.67
2025-04-06,34,101.04
2025-04-06,35,111.26
2025-04-06,36,111.87
2025-04-06,37,105.76
2025-04-06,38,101.37
2025-04-06,39,93.71
2025-04-06,40,80.13
2025-04-06,41,72.38
2025-04-06,42,71.33
2025-04-06,43,66.19
2025-04-06,44,64.54
2025-04-06,45,60.06
2025-04-06,46,51.39
2025-04-06,47,47.67
2025-04-06,48,57.21
2025-04-07,1,54.6
2025-04-07,2,65.76
2025-04-07,3,59.88
2025-04-07,4,55.25
2025-04-07,5,55.64
2025-04-07,6,53.18
2025-04-07,7,49.1
2025-04-07,8,58.51
2025-04-07,9,58.52
2025-04-07,10,48.53
2025-04-07,11,59.44
2025-04-07,12,62.9
2025-04-07,13,64.24
2025-04-07,14,78.6
2025-04-07,15,83.03
2025-04-07,16,77.87
2025-04-07,17,81.6
2025-04-07,18,82.74
2025-04-07,19,81.98
2025-04-07,20,80.36
2025-04-07,21,85.63
2025-04-07,22,91.41
2025-04-07,23,90.31
2025-04-07,24,88.31
2025-04-07,25,76.88
2025-04-07,26,80.58
2025-04-07,27,93.93
2025-04-07,28,98.02
2025-04-07,29,96.11
2025-04-07,30,95.84
2025-04-07,31,106.71
2025-04-07,32,109.57
2025-04-07,33,116.84
2025-04-07,34,110.0
2025-04-07,35,122.04
2025-04-07,36,127.99
2025-04-07,37,119.8
2025-04-07,38,115.33
2025-04-07,39,103.71
2025-04-07,40,95.59
2025-04-07,41,93.04
2025-04-07,42,78.27
2025-04-07,43,72.74
2025-04-07,44,69.88
2025-04-07,45,68.66
2025-04-07,46,59.43
2025-04-07,47,66.43
2025-04-07,48,60.76
2025-04-08,1,60.12
2025-04-08,2,54.67
2025-04-08,3,56.32
2025-04-08,4,56.87
2025-04-08,5,56.93
2025-04-08,6,57.75
2025-04-08,7,54.55
2025-04-08,8,49.96
2025-04-08,9,56.75
2025-04-08,10,58.84
2025-04-08,11,57.57
2025-04-08,12,60.15
2025-04-08,13,75.16
2025-04-08,14,64.75
2025-04-08,15,76.74
2025-04-08,16,83.24
2025-04-08,17,80.78
2025-04-08,18,83.08
2025-04-08,19,82.48
2025-04-08,20,83.7
2025-04-08,21,86.86
2025-04-08,22,82.43
2025-04-08,23,96.21
2025-04-08,24,82.99
2025-04-08,25,91.67
2025-04-08,26,89.85
2025-04-08,27,89.74
2025-04-08,28,97.05
2025-04-08,29,87.11
2025-04-08,30,98.37
2025-04-08,31,98.02
2025-04-08,32,104.38
2025-04-08,33,109.9
2025-04-08,34,113.09
2025-04-08,35,113.56
2025-04-08,36,121.95
2025-04-08,37,116.95
2025-04-08,38,109.87
2025-04-08,39,106.18
2025-04-08,40,96.59
2025-04-08,41,86.01
2025-04-08,42,92.83
2025-04-08,43,79.58
2025-04-08,44,81.28
2025-04-08,45,66.63
2025-04-08,46,66.59
2025-04-08,47,58.3
2025-04-08,48,59.84
2025-04-09,1,58.78
2025-04-09,2,56.77
2025-04-09,3,53.74
2025-04-09,4,56.03
2025-04-09,5,47.69
2025-04-09,6,53.89
2025-04-09,7,65.07
2025-04-09,8,47.92
2025-04-09,9,55.29
2025-04-09,10,57.49
2025-04-09,11,60.08
2025-04-09,12,57.19
2025-04-09,13,67.05
2025-04-09,14,67.5
2025-04-09,15,68.75
2025-04-09,16,82.54
2025-04-09,17,84.47
2025-04-09,18,79.55
2025-04-09,19,81.56
2025-04-09,20,81.04
2025-04-09,21,76.34
2025-04-09,22,85.93
2025-04-09,23,86.62
2025-04-09,24,83.12
2025-04-09,25,85.69
2025-04-09,26,87.77
2025-04-09,27,89.92
2025-04-09,28,85.4
2025-04-09,29,95.08
2025-04-09,30,91.57
2025-04-09,31,103.2
2025-04-09,32,101.43
2025-04-09,33,106.17
2025-04-09,34,116.36
2025-04-09,35,119.47
2025-04-09,36,120.31
2025-04-09,37,113.15
2025-04-09,38,111.43
2025-04-09,39,103.91
2025-04-09,40,99.05
2025-04-09,41,87.46
2025-04-09,42,77.89
2025-04-09,43,69.81
2025-04-09,44,65.08
2025-04-09,45,69.3
2025-04-09,46,68.5
2025-04-09,47,59.43
2025-04-09,48,61.93
2025-04-10,1,58.46
2025-04-10,2,57.29
2025-04-10,3,55.93
2025-04-10,4,46.7
2025-04-10,5,48.32
2025-04-10,6,54.61
2025-04-10,7,55.94
2025-04-10,8,45.63
2025-04-10,9,49.31
2025-04-10,10,59.84
2025-04-10,11,52.92
2025-04-10,12,60.74
2025-04-10,13,59.44
2025-04-10,14,72.67
2025-04-10,15,66.08
2025-04-10,16,77.19
2025-04-10,17,85.23
2025-04-10,18,85.51
2025-04-10,19,81.53
2025-04-10,20,80.22
2025-04-10,21,81.64
2025-04-10,22,77.38
2025-04-10,23,82.67
2025-04-10,24,83.77
2025-04-10,25,83.78
2025-04-10,26,90.95
2025-04-10,27,84.29
2025-04-10,28,83.6
2025-04-10,29,90.64
2025-04-10,30,96.37
2025-04-10,31,99.63
2025-04-10,32,104.64
2025-04-10,33,106.4
2025-04-10,34,112.05
2025-04-10,35,117.23
2025-04-10,36,117.13
2025-04-10,37,120.63
2025-04-10,38,111.22
2025-04-10,39,100.16
2025-04-10,40,98.38
2025-04-10,41,88.14
2025-04-10,42,74.53
2025-04-10,43,61.92
2025-04-10,44,65.61
2025-04-10,45,70.1
2025-04-10,46,68.62
2025-04-10,47,56.09
2025-04-10,48,63.29
2025-04-11,1,54.23
2025-04-11,2,58.33
2025-04-11,3,53.03
2025-04-11,4,45.11
2025-04-11,5,57.79
2025-04-11,6,57.55
2025-04-11,7,51.14
2025-04-11,8,54.59
2025-04-11,9,55.96
2025-04-11,10,57.4
2025-04-11,11,64.48
2025-04-11,12,62.21
2025-04-11,13,63.02
2025-04-11,14,70.77
2025-04-11,15,72.12
2025-04-11,16,73.82
2025-04-11,17,86.01
2025-04-11,18,84.86
2025-04-11,19,75.6
2025-04-11,20,79.93
2025-04-11,21,85.26
2025-04-11,22,75.94
2025-04-11,23,79.72
2025-04-11,24,94.4
2025-04-11,25,83.77
2025-04-11,26,90.92
2025-04-11,27,94.2
2025-04-11,28,86.41
2025-04-11,29,93.42
2025-04-11,30,103.71
2025-04-11,31,101.48
2025-04-11,32,114.27
2025-04-11,33,107.9
2025-04-11,34,122.69
2025-04-11,35,118.75
2025-04-11,36,117.59
2025-04-11,37,118.32
2025-04-11,38,109.25
2025-04-11,39,101.53
2025-04-11,40,95.55
2025-04-11,41,78.77
2025-04-11,42,76.43
2025-04-11,43,77.46
2025-04-11,44,74.58
2025-04-11,45,68.87
2025-04-11,46,65.89
2025-04-11,47,64.07
2025-04-11,48,64.23
2025-04-12,1,51.95
2025-04-12,2,45.24
2025-04-12,3,44.9
2025-04-12,4,54.03
2025-04-12,5,52.62
2025-04-12,6,55.91
2025-04-12,7,48.45
2025-04-12,8,49.45
2025-04-12,9,46.88
2025-04-12,10,47.25
2025-04-12,11,53.94
2025-04-12,12,58.51
2025-04-12,13,59.62
2025-04-12,14,57.16
2025-04-12,15,66.27
2025-04-12,16,65.34
2025-04-12,17,69.8
2025-04-12,18,79.03
2025-04-12,19,67.97
2025-04-12,20,81.11
2025-04-12,21,74.26
2025-04-12,22,70.16
2025-04-12,23,72.77
2025-04-12,24,70.65
2025-04-12,25,72.38
2025-04-12,26,76.17
2025-04-12,27,75.98
2025-04-12,28,75.17
2025-04-12,29,80.04
2025-04-12,30,78.4
2025-04-12,31,82.23
2025-04-12,32,86.72
2025-04-12,33,103.47
2025-04-12,34,102.84
2025-04-12,35,106.39
2025-04-12,36,104.24
2025-04-12,37,103.46
2025-04-12,38,100.84
2025-04-12,39,90.9
2025-04-12,40,88.59
2025-04-12,41,75.21
2025-04-12,42,72.17
2025-04-12,43,68.16
2025-04-12,44,58.15
2025-04-12,45,59.27
2025-04-12,46,49.4
2025-04-12,47,54.22
2025-04-12,48,51.82
2025-04-13,1,51.48
2025-04-13,2,48.86
2025-04-13,3,54.91
2025-04-13,4,44.45
2025-04-13,5,47.98
2025-04-13,6,48.59
2025-04-13,7,48.2
2025-04-13,8,45.48
2025-04-13,9,52.78
2025-04-13,10,40.09
2025-04-13,11,45.87
2025-04-13,12,55.49
2025-04-13,13,52.72
2025-04-13,14,56.51
2025-04-13,15,62.56
2025-04-13,16,64.99
2025-04-13,17,73.34
2025-04-13,18,75.8
2025-04-13,19,72.82
2025-04-13,20,76.35
2025-04-13,21,66.21
2025-04-13,22,72.03
2025-04-13,23,77.58
2025-04-13,24,76.99
2025-04-13,25,80.0
2025-04-13,26,73.2
2025-04-13,27,80.63
2025-04-13,28,76.86
2025-04-13,29,82.97
2025-04-13,30,88.55
2025-04-13,31,83.77
2025-04-13,32,84.03
2025-04-13,33,103.77
2025-04-13,34,102.74
2025-04-13,35,103.14
2025-04-13,36,103.11
2025-04-13,37,92.63
2025-04-13,38,96.56
2025-04-13,39,86.77
2025-04-13,40,81.89
2025-04-13,41,75.16
2025-04-13,42,55.97
2025-04-13,43,67.03
2025-04-13,44,62.38
2025-04-13,45,60.14
2025-04-13,46,55.8
2025-04-13,47,54.7
2025-04-13,48,53.4
2025-04-14,1,53.79
2025-04-14,2,61.43
2025-04-14,3,50.92
2025-04-14,4,57.85
2025-04-14,5,64.07
2025-04-14,6,55.38
2025-04-14,7,57.29
2025-04-14,8,57.09
2025-04-14,9,51.3
2025-04-14,10,55.98
2025-04-14,11,53.03
2025-04-14,12,64.94
2025-04-14,13,59.3
2025-04-14,14,70.99
2025-04-14,15,77.44
2025-04-14,16,75.13
2025-04-14,17,77.23
2025-04-14,18,81.0
2025-04-14,19,78.43
2025-04-14,20,82.25
2025-04-14,21,77.53
2025-04-14,22,77.78
2025-04-14,23,83.87
2025-04-14,24,85.17
2025-04-14,25,82.85
2025-04-14,26,78.91
2025-04-14,27,91.77
2025-04-14,28,87.11
2025-04-14,29,99.44
2025-04-14,30,93.74
2025-04-14,31,98.93
2025-04-14,32,101.76
2025-04-14,33,110.03
2025-04-14,34,127.95
2025-04-14,35,115.79
2025-04-14,36,122.51
2025-04-14,37,114.66
2025-04-14,38,113.01
2025-04-14,39,92.86
2025-04-14,40,100.2
2025-04-14,41,86.28
2025-04-14,42,77.55
2025-04-14,43,77.24
2025-04-14,44,70.3
2025-04-14,45,62.0
2025-04-14,46,54.27
2025-04-14,47,68.98
2025-04-14,48,58.75
2025-04-15,1,57.64
2025-04-15,2,57.14
2025-04-15,3,56.32
2025-04-15,4,61.17
2025-04-15,5,55.3
2025-04-15,6,47.18
2025-04-15,7,50.08
2025-04-15,8,54.98
2025-04-15,9,58.34
2025-04-15,10,51.69
2025-04-15,11,65.57
2025-04-15,12,60.23
2025-04-15,13,65.05
2025-04-15,14,62.88
2025-04-15,15,77.06
2025-04-15,16,74.98
2025-04-15,17,76.78
2025-04-15,18,80.06
2025-04-15,19,87.18
2025-04-15,20,83.14
2025-04-15,21,77.29
2025-04-15,22,78.69
2025-04-15,23,86.98
2025-04-15,24,81.4
2025-04-15,25,85.9
2025-04-15,26,88.35
2025-04-15,27,73.04
2025-04-15,28,93.58
2025-04-15,29,87.39
2025-04-15,30,92.42
2025-04-15,31,104.12
2025-04-15,32,108.84
2025-04-15,33,110.56
2025-04-15,34,116.47
2025-04-15,35,120.6
2025-04-15,36,122.63
2025-04-15,37,120.04
2025-04-15,38,108.29
2025-04-15,39,97.21
2025-04-15,40,91.01
2025-04-15,41,85.06
2025-04-15,42,78.07
2025-04-15,43,69.27
2025-04-15,44,71.18
2025-04-15,45,60.04
2025-04-15,46,64.04
2025-04-15,47,62.01
2025-04-15,48,59.85
2025-04-16,1,56.96
2025-04-16,2,47.16
2025-04-16,3,49.41
2025-04-16,4,55.9
2025-04-16,5,48.99
2025-04-16,6,51.8
2025-04-16,7,47.2
2025-04-16,8,49.49
2025-04-16,9,53.05
2025-04-16,10,58.04
2025-04-16,11,60.86
2025-04-16,12,56.34
2025-04-16,13,64.32
2025-04-16,14,61.9
2025-04-16,15,72.51
2025-04-16,16,80.25
2025-04-16,17,79.16
2025-04-16,18,86.24
2025-04-16,19,84.65
2025-04-16,20,81.89
2025-04-16,21,79.5
2025-04-16,22,78.33
2025-04-16,23,75.16
2025-04-16,24,76.81
2025-04-16,25,87.28
2025-04-16,26,90.82
2025-04-16,27,82.02
2025-04-16,28,88.42
2025-04-16,29,84.12
2025-04-16,30,89.56
2025-04-16,31,98.59
2025-04-16,32,100.53
2025-04-16,33,100.46
2025-04-16,34,119.95
2025-04-16,35,115.99
2025-04-16,36,111.99
2025-04-16,37,113.84
2025-04-16,38,107.07
2025-04-16,39,101.41
2025-04-16,40,90.28
2025-04-16,41,85.45
2025-04-16,42,81.73
2025-04-16,43,67.73
2025-04-16,44,66.36
2025-04-16,45,69.38
2025-04-16,46,61.22
2025-04-16,47,60.83
2025-04-16,48,57.25
2025-04-17,1,50.24
2025-04-17,2,50.51
2025-04-17,3,58.72
2025-04-17,4,54.47
2025-04-17,5,49.34
2025-04-17,6,50.62
2025-04-17,7,56.33
2025-04-17,8,58.25
2025-04-17,9,52.82
2025-04-17,10,51.37
2025-04-17,11,55.02
2025-04-17,12,64.39
2025-04-17,13,68.12
2025-04-17,14,68.09
2025-04-17,15,69.86
2025-04-17,16,80.44
2025-04-17,17,85.58
2025-04-17,18,74.82
2025-04-17,19,80.02
2025-04-17,20,85.2
2025-04-17,21,80.45
2025-04-17,22,78.17
2025-04-17,23,81.38
2025-04-17,24,83.12
2025-04-17,25,78.44
2025-04-17,26,84.77
2025-04-17,27,87.45
2025-04-17,28,85.81
2025-04-17,29,86.91
2025-04-17,30,90.91
2025-04-17,31,93.24
2025-04-17,32,105.57
2025-04-17,33,103.72
2025-04-17,34,113.34
2025-04-17,35,114.19
2025-04-17,36,113.08
2025-04-17,37,118.32
2025-04-17,38,106.41
2025-04-17,39,96.62
2025-04-17,40,88.18
2025-04-17,41,85.18
2025-04-17,42,80.92
2025-04-17,43,77.77
2025-04-17,44,68.16
2025-04-17,45,64.83
2025-04-17,46,63.67
2025-04-17,47,61.56
2025-04-17,48,55.79
2025-04-18,1,53.67
2025-04-18,2,63.51
2025-04-18,3,54.93
2025-04-18,4,50.61
2025-04-18,5,52.3
2025-04-18,6,48.3
2025-04-18,7,47.03
2025-04-18,8,50.12
2025-04-18,9,51.09
2025-04-18,10,50.66
2025-04-18,11,60.89
2025-04-18,12,55.7
2025-04-18,13,58.82
2025-04-18,14,62.28
2025-04-18,15,66.54
2025-04-18,16,79.89
2025-04-18,17,79.78
2025-04-18,18,83.05
2025-04-18,19,84.67
2025-04-18,20,78.9
2025-04-18,21,85.7
2025-04-18,22,77.27
2025-04-18,23,75.91
2025-04-18,24,82.78
2025-04-18,25,83.17
2025-04-18,26,84.61
2025-04-18,27,89.67
2025-04-18,28,87.81
2025-04-18,29,90.89
2025-04-18,30,98.1
2025-04-18,31,97.77
2025-04-18,32,103.7
2025-04-18,33,101.52
2025-04-18,34,126.98
2025-04-18,35,108.83
2025-04-18,36,113.25
2025-04-18,37,110.07
2025-04-18,38,114.9
2025-04-18,39,96.47
2025-04-18,40,92.62
2025-04-18,41,81.22
2025-04-18,42,73.12
2025-04-18,43,74.66
2025-04-18,44,65.66
2025-04-18,45,66.29
2025-04-18,46,65.38
2025-04-18,47,68.25
2025-04-18,48,53.58
2025-04-19,1,55.17
2025-04-19,2,47.58
2025-04-19,3,43.4
2025-04-19,4,40.71
2025-04-19,5,47.32
2025-04-19,6,49.08
2025-04-19,7,45.04
2025-04-19,8,43.63
2025-04-19,9,38.38
2025-04-19,10,47.71
2025-04-19,11,46.21
2025-04-19,12,48.96
2025-04-19,13,61.27
2025-04-19,14,51.52
2025-04-19,15,56.12
2025-04-19,16,67.32
2025-04-19,17,67.45
2025-04-19,18,68.27
2025-04-19,19,71.71
2025-04-19,20,71.32
2025-04-19,21,66.03
2025-04-19,22,67.53
2025-04-19,23,70.55
2025-04-19,24,71.89
2025-04-19,25,74.3
2025-04-19,26,71.3
2025-04-19,27,76.4
2025-04-19,28,80.37
2025-04-19,29,78.73
2025-04-19,30,80.78
2025-04-19,31,83.79
2025-04-19,32,86.66
2025-04-19,33,90.17
2025-04-19,34,97.03
2025-04-19,35,102.73
2025-04-19,36,97.56
2025-04-19,37,98.14
2025-04-19,38,92.52
2025-04-19,39,93.74
2025-04-19,40,82.49
2025-04-19,41,75.96
2025-04-19,42,71.39
2025-04-19,43,61.23
2025-04-19,44,65.56
2025-04-19,45,57.99
2025-04-19,46,54.91
2025-04-19,47,48.26
2025-04-19,48,49.76
2025-04-20,1,50.01
2025-04-20,2,49.46
2025-04-20,3,43.52
2025-04-20,4,47.82
2025-04-20,5,49.01
2025-04-20,6,46.76
2025-04-20,7,43.65
2025-04-20,8,45.99
2025-04-20,9,44.44
2025-04-20,10,46.53
2025-04-20,11,44.0
2025-04-20,12,56.79
2025-04-20,13,62.31
2025-04-20,14,55.66
2025-04-20,15,65.66
2025-04-20,16,71.94
2025-04-20,17,64.86
2025-04-20,18,61.4
2025-04-20,19,76.38
2025-04-20,20,69.95
2025-04-20,21,67.55
2025-04-20,22,69.78
2025-04-20,23,68.57
2025-04-20,24,82.75
2025-04-20,25,69.93
2025-04-20,26,74.62
2025-04-20,27,79.85
2025-04-20,28,81.39
2025-04-20,29,82.58
2025-04-20,30,79.13
2025-04-20,31,83.76
2025-04-20,32,80.04
2025-04-20,33,93.22
2025-04-20,34,97.93
2025-04-20,35,103.46
2025-04-20,36,107.86
2025-04-20,37,100.86
2025-04-20,38,97.17
2025-04-20,39,86.18
2025-04-20,40,84.39
2025-04-20,41,72.86
2025-04-20,42,71.98
2025-04-20,43,66.36
2025-04-20,44,61.36
2025-04-20,45,50.94
2025-04-20,46,59.23
2025-04-20,47,54.4
2025-04-20,48,53.95
2025-04-21,1,54.72
2025-04-21,2,53.2
2025-04-21,3,63.37
2025-04-21,4,49.44
2025-04-21,5,46.17
2025-04-21,6,56.62
2025-04-21,7,50.79
2025-04-21,8,52.37
2025-04-21,9,60.86
2025-04-21,10,47.57
2025-04-21,11,54.37
2025-04-21,12,53.06
2025-04-21,13,63.08
2025-04-21,14,63.94
2025-04-21,15,66.04
2025-04-21,16,77.73
2025-04-21,17,77.76
2025-04-21,18,74.24
2025-04-21,19,74.79
2025-04-21,20,80.02
2025-04-21,21,72.09
2025-04-21,22,79.65
2025-04-21,23,84.61
2025-04-21,24,82.9
2025-04-21,25,79.02
2025-04-21,26,84.05
2025-04-21,27,79.49
2025-04-21,28,86.8
2025-04-21,29,87.16
2025-04-21,30,87.3
2025-04-21,31,97.95
2025-04-21,32,92.49
2025-04-21,33,101.06
2025-04-21,34,106.38
2025-04-21,35,111.67
2025-04-21,36,119.1
2025-04-21,37,113.91
2025-04-21,38,105.51
2025-04-21,39,97.82
2025-04-21,40,89.62
2025-04-21,41,87.87
2025-04-21,42,69.01
2025-04-21,43,74.52
2025-04-21,44,65.61
2025-04-21,45,66.62
2025-04-21,46,64.09
2025-04-21,47,62.77
2025-04-21,48,64.2
2025-04-22,1,56.07
2025-04-22,2,49.96
2025-04-22,3,53.38
2025-04-22,4,48.79
2025-04-22,5,43.83
2025-04-22,6,53.61
2025-04-22,7,51.33
2025-04-22,8,53.38
2025-04-22,9,49.57
2025-04-22,10,55.46
2025-04-22,11,59.0
2025-04-22,12,64.76
2025-04-22,13,64.73
2025-04-22,14,67.4
2025-04-22,15,64.91
2025-04-22,16,74.04
2025-04-22,17,71.69
2025-04-22,18,75.62
2025-04-22,19,87.02
2025-04-22,20,74.75
2025-04-22,21,69.06
2025-04-22,22,81.65
2025-04-22,23,76.21
2025-04-22,24,82.95
2025-04-22,25,76.48
2025-04-22,26,80.88
2025-04-22,27,88.91
2025-04-22,28,80.59
2025-04-22,29,87.41
2025-04-22,30,92.22
2025-04-22,31,92.16
2025-04-22,32,100.93
2025-04-22,33,105.4
2025-04-22,34,112.3
2025-04-22,35,120.56
2025-04-22,36,124.11
2025-04-22,37,112.26
2025-04-22,38,104.19
2025-04-22,39,98.92
2025-04-22,40,88.35
2025-04-22,41,75.67
2025-04-22,42,75.76
2025-04-22,43,75.45
2025-04-22,44,61.49
2025-04-22,45,60.39
2025-04-22,46,59.46
2025-04-22,47,61.07
2025-04-22,48,67.12
2025-04-23,1,58.8
2025-04-23,2,55.4
2025-04-23,3,53.88
2025-04-23,4,50.37
2025-04-23,5,51.3
2025-04-23,6,47.71
2025-04-23,7,47.53
2025-04-23,8,57.63
2025-04-23,9,55.01
2025-04-23,10,50.47
2025-04-23,11,48.69
2025-04-23,12,50.69
2025-04-23,13,58.66
2025-04-23,14,66.01
2025-04-23,15,70.59
2025-04-23,16,74.74
2025-04-23,17,78.38
2025-04-23,18,74.4
2025-04-23,19,84.89
2025-04-23,20,77.71
2025-04-23,21,79.26
2025-04-23,22,75.43
2025-04-23,23,79.8
2025-04-23,24,87.84
2025-04-23,25,76.85
2025-04-23,26,77.76
2025-04-23,27,80.3
2025-04-23,28,84.17
2025-04-23,29,85.61
2025-04-23,30,86.5
2025-04-23,31,94.42
2025-04-23,32,105.77
2025-04-23,33,104.28
2025-04-23,34,109.29
2025-04-23,35,114.07
2025-04-23,36,115.5
2025-04-23,37,115.41
2025-04-23,38,105.13
2025-04-23,39,96.72
2025-04-23,40,84.92
2025-04-23,41,84.62
2025-04-23,42,72.23
2025-04-23,43,67.31
2025-04-23,44,67.83
2025-04-23,45,70.21
2025-04-23,46,64.42
2025-04-23,47,59.17
2025-04-23,48,53.43
2025-04-24,1,57.55
2025-04-24,2,59.5
2025-04-24,3,54.42
2025-04-24,4,54.89
2025-04-24,5,51.54
2025-04-24,6,46.65
2025-04-24,7,49.42
2025-04-24,8,52.93
2025-04-24,9,53.96
2025-04-24,10,58.29
2025-04-24,11,52.59
2025-04-24,12,58.15
2025-04-24,13,60.42
2025-04-24,14,71.79
2025-04-24,15,71.31
2025-04-24,16,75.4
2025-04-24,17,76.56
2025-04-24,18,77.3
2025-04-24,19,72.72
2025-04-24,20,73.11
2025-04-24,21,78.46
2025-04-24,22,77.93
2025-04-24,23,78.95
2025-04-24,24,82.95
2025-04-24,25,80.82
2025-04-24,26,80.47
2025-04-24,27,82.55
2025-04-24,28,86.1
2025-04-24,29,85.79
2025-04-24,30,94.52
2025-04-24,31,94.16
2025-04-24,32,100.09
2025-04-24,33,101.15
2025-04-24,34,113.46
2025-04-24,35,117.96
2025-04-24,36,106.96
2025-04-24,37,111.04
2025-04-24,38,103.28
2025-04-24,39,97.44
2025-04-24,40,90.3
2025-04-24,41,72.36
2025-04-24,42,78.32
2025-04-24,43,74.95
2025-04-24,44,71.66
2025-04-24,45,59.98
2025-04-24,46,61.12
2025-04-24,47,56.9
2025-04-24,48,49.45
2025-04-25,1,55.77
2025-04-25,2,57.37
2025-04-25,3,46.58
2025-04-25,4,51.64
2025-04-25,5,45.42
2025-04-25,6,50.56
2025-04-25,7,49.07
2025-04-25,8,50.25
2025-04-25,9,54.42
2025-04-25,10,55.53
2025-04-25,11,58.54
2025-04-25,12,55.4
2025-04-25,13,63.48
2025-04-25,14,67.03
2025-04-25,15,68.02
2025-04-25,16,73.96
2025-04-25,17,75.84
2025-04-25,18,83.44
2025-04-25,19,81.4
2025-04-25,20,76.46
2025-04-25,21,75.78
2025-04-25,22,81.2
2025-04-25,23,83.23
2025-04-25,24,80.1
2025-04-25,25,82.73
2025-04-25,26,86.71
2025-04-25,27,82.32
2025-04-25,28,85.08
2025-04-25,29,88.87
2025-04-25,30,88.15
2025-04-25,31,100.58
2025-04-25,32,96.9
2025-04-25,33,104.2
2025-04-25,34,116.38
2025-04-25,35,104.26
2025-04-25,36,112.78
2025-04-25,37,106.31
2025-04-25,38,103.26
2025-04-25,39,91.06
2025-04-25,40,86.62
2025-04-25,41,81.04
2025-04-25,42,75.9
2025-04-25,43,73.77
2025-04-25,44,57.17
2025-04-25,45,62.98
2025-04-25,46,60.28
2025-04-25,47,58.54
2025-04-25,48,56.98
2025-04-26,1,52.55
2025-04-26,2,49.37
2025-04-26,3,47.4
2025-04-26,4,48.14
2025-04-26,5,47.23
2025-04-26,6,40.85
2025-04-26,7,44.78
2025-04-26,8,42.93
2025-04-26,9,43.57
2025-04-26,10,50.34
2025-04-26,11,53.78
2025-04-26,12,40.54
2025-04-26,13,52.13
2025-04-26,14,55.72
2025-04-26,15,65.54
2025-04-26,16,58.58
2025-04-26,17,54.95
2025-04-26,18,71.5
2025-04-26,19,72.33
2025-04-26,20,61.03
2025-04-26,21,67.31
2025-04-26,22,73.9
2025-04-26,23,63.91
2025-04-26,24,69.47
2025-04-26,25,72.2
2025-04-26,26,65.69
2025-04-26,27,70.48
2025-04-26,28,67.49
2025-04-26,29,75.5
2025-04-26,30,75.57
2025-04-26,31,83.0
2025-04-26,32,88.97
2025-04-26,33,96.63
2025-04-26,34,104.58
2025-04-26,35,98.7
2025-04-26,36,96.79
2025-04-26,37,93.96
2025-04-26,38,86.6
2025-04-26,39,85.8
2025-04-26,40,75.21
2025-04-26,41,72.99
2025-04-26,42,61.93
2025-04-26,43,59.63
2025-04-26,44,59.96
2025-04-26,45,55.12
2025-04-26,46,45.74
2025-04-26,47,51.45
2025-04-26,48,46.6
2025-04-27,1,51.95
2025-04-27,2,43.99
2025-04-27,3,45.39
2025-04-27,4,46.74
2025-04-27,5,51.32
2025-04-27,6,42.78
2025-04-27,7,47.27
2025-04-27,8,45.18
2025-04-27,9,45.3
2025-04-27,10,50.9
2025-04-27,11,43.94
2025-04-27,12,50.63
2025-04-27,13,53.02
2025-04-27,14,50.67
2025-04-27,15,65.55
2025-04-27,16,67.42
2025-04-27,17,66.74
2025-04-27,18,66.87
2025-04-27,19,68.18
2025-04-27,20,70.7
2025-04-27,21,67.72
2025-04-27,22,64.81
2025-04-27,23,65.85
2025-04-27,24,68.71
2025-04-27,25,66.13
2025-04-27,26,72.42
2025-04-27,27,69.24
2025-04-27,28,70.1
2025-04-27,29,88.59
2025-04-27,30,86.14
2025-04-27,31,82.38
2025-04-27,32,89.45
2025-04-27,33,94.76
2025-04-27,34,94.52
2025-04-27,35,98.57
2025-04-27,36,96.57
2025-04-27,37,100.06
2025-04-27,38,95.14
2025-04-27,39,89.88
2025-04-27,40,77.91
2025-04-27,41,79.27
2025-04-27,42,65.07
2025-04-27,43,69.41
2025-04-27,44,56.12
2025-04-27,45,50.18
2025-04-27,46,61.3
2025-04-27,47,53.93
2025-04-27,48,51.67
2025-04-28,1,51.19
2025-04-28,2,58.19
2025-04-28,3,48.58
2025-04-28,4,43.03
2025-04-28,5,44.16
2025-04-28,6,47.25
2025-04-28,7,55.41
2025-04-28,8,44.93
2025-04-28,9,56.44
2025-04-28,10,56.79
2025-04-28,11,54.38
2025-04-28,12,46.04
2025-04-28,13,55.13
2025-04-28,14,61.61
2025-04-28,15,75.51
2025-04-28,16,70.24
2025-04-28,17,72.26
2025-04-28,18,77.58
2025-04-28,19,71.49
2025-04-28,20,76.68
2025-04-28,21,73.18
2025-04-28,22,87.1
2025-04-28,23,73.17
2025-04-28,24,85.51
2025-04-28,25,74.47
2025-04-28,26,81.48
2025-04-28,27,83.92
2025-04-28,28,84.2
2025-04-28,29,86.1
2025-04-28,30,92.12
2025-04-28,31,94.22
2025-04-28,32,96.66
2025-04-28,33,99.88
2025-04-28,34,106.62
2025-04-28,35,109.52
2025-04-28,36,109.65
2025-04-28,37,107.82
2025-04-28,38,96.26
2025-04-28,39,90.51
2025-04-28,40,90.27
2025-04-28,41,70.87
2025-04-28,42,78.74
2025-04-28,43,67.03
2025-04-28,44,72.27
2025-04-28,45,67.55
2025-04-28,46,58.86
2025-04-28,47,57.12
2025-04-28,48,62.48
2025-04-29,1,60.67
2025-04-29,2,47.61
2025-04-29,3,49.63
2025-04-29,4,50.64
2025-04-29,5,51.4
2025-04-29,6,49.01
2025-04-29,7,45.64
2025-04-29,8,51.25
2025-04-29,9,49.73
2025-04-29,10,53.85
2025-04-29,11,56.94
2025-04-29,12,50.04
2025-04-29,13,63.73
2025-04-29,14,62.84
2025-04-29,15,71.58
2025-04-29,16,74.17
2025-04-29,17,82.44
2025-04-29,18,76.52
2025-04-29,19,75.18
2025-04-29,20,74.39
2025-04-29,21,71.89
2025-04-29,22,79.24
2025-04-29,23,72.09
2025-04-29,24,80.65
2025-04-29,25,77.79
2025-04-29,26,73.02
2025-04-29,27,87.51
2025-04-29,28,69.76
2025-04-29,29,85.07
2025-04-29,30,89.22
2025-04-29,31,82.91
2025-04-29,32,98.68
2025-04-29,33,99.45
2025-04-29,34,105.81
2025-04-29,35,115.12
2025-04-29,36,110.52
2025-04-29,37,105.64
2025-04-29,38,100.76
2025-04-29,39,101.3
2025-04-29,40,88.17
2025-04-29,41,75.99
2025-04-29,42,71.68
2025-04-29,43,64.19
2025-04-29,44,63.49
2025-04-29,45,68.8
2025-04-29,46,59.24
2025-04-29,47,52.41
2025-04-29,48,57.58
2025-04-30,1,49.84
2025-04-30,2,59.21
2025-04-30,3,48.88
2025-04-30,4,46.26
2025-04-30,5,47.8
2025-04-30,6,49.29
2025-04-30,7,49.61
2025-04-30,8,51.02
2025-04-30,9,50.84
2025-04-30,10,53.7
2025-04-30,11,51.91
2025-04-30,12,64.03
2025-04-30,13,57.38
2025-04-30,14,68.98
2025-04-30,15,65.58
2025-04-30,16,66.17
2025-04-30,17,68.02
2025-04-30,18,77.37
2025-04-30,19,81.1
2025-04-30,20,71.5
2025-04-30,21,72.19
2025-04-30,22,77.21
2025-04-30,23,76.15
2025-04-30,24,74.76
2025-04-30,25,73.22
2025-04-30,26,80.95
2025-04-30,27,83.81
2025-04-30,28,84.86
2025-04-30,29,85.13
2025-04-30,30,83.67
2025-04-30,31,92.99
2025-04-30,32,97.45
2025-04-30,33,96.42
2025-04-30,34,105.12
2025-04-30,35,110.73
2025-04-30,36,109.15
2025-04-30,37,98.72
2025-04-30,38,98.43
2025-04-30,39,90.95
2025-04-30,40,88.41
2025-04-30,41,89.56
2025-04-30,42,73.84
2025-04-30,43,63.86
2025-04-30,44,64.37
2025-04-30,45,62.13
2025-04-30,46,62.67
2025-04-30,47,62.47
2025-04-30,48,61.17
2025-05-01,1,46.81
2025-05-01,2,52.99
2025-05-01,3,44.57
2025-05-01,4,49.67
2025-05-01,5,46.12
2025-05-01,6,39.77
2025-05-01,7,54.71
2025-05-01,8,44.0
2025-05-01,9,48.26
2025-05-01,10,50.37
2025-05-01,11,50.89
2025-05-01,12,57.35
2025-05-01,13,56.11
2025-05-01,14,64.82
2025-05-01,15,68.95
2025-05-01,16,66.05
2025-05-01,17,75.3
2025-05-01,18,71.6
2025-05-01,19,71.45
2025-05-01,20,76.93
2025-05-01,21,73.73
2025-05-01,22,76.83
2025-05-01,23,77.35
2025-05-01,24,71.05
2025-05-01,25,80.95
2025-05-01,26,80.5
2025-05-01,27,78.49
2025-05-01,28,81.98
2025-05-01,29,87.72
2025-05-01,30,86.22
2025-05-01,31,99.78
2025-05-01,32,102.02
2025-05-01,33,101.69
2025-05-01,34,104.95
2025-05-01,35,108.04
2025-05-01,36,106.58
2025-05-01,37,106.59
2025-05-01,38,103.29
2025-05-01,39,87.97
2025-05-01,40,88.36
2025-05-01,41,82.55
2025-05-01,42,75.27
2025-05-01,43,67.83
2025-05-01,44,66.84
2025-05-01,45,67.01
2025-05-01,46,59.14
2025-05-01,47,57.35
2025-05-01,48,63.89
2025-05-02,1,56.59
2025-05-02,2,57.6
2025-05-02,3,46.15
2025-05-02,4,50.31
2025-05-02,5,50.21
2025-05-02,6,47.65
2025-05-02,7,52.28
2025-05-02,8,46.14
2025-05-02,9,49.68
2025-05-02,10,49.17
2025-05-02,11,61.84
2025-05-02,12,52.6
2025-05-02,13,61.79
2025-05-02,14,70.2
2025-05-02,15,63.7
2025-05-02,16,71.62
2025-05-02,17,70.08
2025-05-02,18,67.43
2025-05-02,19,72.63
2025-05-02,20,73.15
2025-05-02,21,72.99
2025-05-02,22,73.8
2025-05-02,23,75.51
2025-05-02,24,71.64
2025-05-02,25,79.05
2025-05-02,26,83.86
2025-05-02,27,85.8
2025-05-02,28,81.12
2025-05-02,29,87.84
2025-05-02,30,84.39
2025-05-02,31,89.54
2025-05-02,32,97.23
2025-05-02,33,99.44
2025-05-02,34,100.33
2025-05-02,35,111.63
2025-05-02,36,105.18
2025-05-02,37,103.54
2025-05-02,38,104.33
2025-05-02,39,95.1
2025-05-02,40,86.11
2025-05-02,41,72.59
2025-05-02,42,68.0
2025-05-02,43,69.63
2025-05-02,44,66.95
2025-05-02,45,62.55
2025-05-02,46,57.22
2025-05-02,47,54.97
2025-05-02,48,55.98
2025-05-03,1,43.46
2025-05-03,2,46.47
2025-05-03,3,34.04
2025-05-03,4,44.54
2025-05-03,5,38.65
2025-05-03,6,39.97
2025-05-03,7,39.97
2025-05-03,8,46.53
2025-05-03,9,45.35
2025-05-03,10,43.72
2025-05-03,11,43.17
2025-05-03,12,51.53
2025-05-03,13,58.7
2025-05-03,14,55.09
2025-05-03,15,52.63
2025-05-03,16,59.6
2025-05-03,17,67.09
2025-05-03,18,64.36
2025-05-03,19,62.95
2025-05-03,20,62.47
2025-05-03,21,66.1
2025-05-03,22,59.57
2025-05-03,23,65.99
2025-05-03,24,67.31
2025-05-03,25,66.23
2025-05-03,26,65.05
2025-05-03,27,74.58
2025-05-03,28,66.65
2025-05-03,29,74.52
2025-05-03,30,79.23
2025-05-03,31,80.29
2025-05-03,32,88.71
2025-05-03,33,83.75
2025-05-03,34,89.17
2025-05-03,35,93.03
2025-05-03,36,108.22
2025-05-03,37,94.57
2025-05-03,38,90.48
2025-05-03,39,84.05
2025-05-03,40,75.14
2025-05-03,41,72.94
2025-05-03,42,56.17
2025-05-03,43,60.72
2025-05-03,44,58.16
2025-05-03,45,57.99
2025-05-03,46,47.17
2025-05-03,47,45.61
2025-05-03,48,44.21
2025-05-04,1,43.27
2025-05-04,2,43.67
2025-05-04,3,49.19
2025-05-04,4,47.65
2025-05-04,5,40.38
2025-05-04,6,40.64
2025-05-04,7,35.34
2025-05-04,8,34.35
2025-05-04,9,46.2
2025-05-04,10,47.68
2025-05-04,11,47.25
2025-05-04,12,48.94
2025-05-04,13,48.47
2025-05-04,14,60.83
2025-05-04,15,51.63
2025-05-04,16,60.27
2025-05-04,17,65.21
2025-05-04,18,65.83
2025-05-04,19,66.08
2025-05-04,20,63.71
2025-05-04,21,67.61
2025-05-04,22,60.55
2025-05-04,23,65.26
2025-05-04,24,68.38
2025-05-04,25,66.39
2025-05-04,26,68.93
2025-05-04,27,71.06
2025-05-04,28,64.62
2025-05-04,29,66.83
2025-05-04,30,76.52
2025-05-04,31,76.87
2025-05-04,32,81.22
2025-05-04,33,90.17
2025-05-04,34,87.97
2025-05-04,35,84.8
2025-05-04,36,101.26
2025-05-04,37,96.97
2025-05-04,38,92.1
2025-05-04,39,76.59
2025-05-04,40,74.19
2025-05-04,41,63.37
2025-05-04,42,63.13
2025-05-04,43,57.96
2025-05-04,44,51.89
2025-05-04,45,55.69
2025-05-04,46,50.52
2025-05-04,47,56.6
2025-05-04,48,48.42
2025-05-05,1,57.7
2025-05-05,2,52.98
2025-05-05,3,54.84
2025-05-05,4,43.53
2025-05-05,5,46.04
2025-05-05,6,40.9
2025-05-05,7,49.37
2025-05-05,8,46.45
2025-05-05,9,51.83
2025-05-05,10,50.11
2025-05-05,11,43.32
2025-05-05,12,47.87
2025-05-05,13,58.36
2025-05-05,14,64.04
2025-05-05,15,57.62
2025-05-05,16,69.97
2025-05-05,17,68.98
2025-05-05,18,70.04
2025-05-05,19,72.15
2025-05-05,20,74.92
2025-05-05,21,71.21
2025-05-05,22,66.06
2025-05-05,23,74.95
2025-05-05,24,74.01
2025-05-05,25,72.86
2025-05-05,26,76.73
2025-05-05,27,78.02
2025-05-05,28,81.25
2025-05-05,29,82.16
2025-05-05,30,86.62
2025-05-05,31,89.52
2025-05-05,32,97.65
2025-05-05,33,105.78
2025-05-05,34,103.93
2025-05-05,35,104.37
2025-05-05,36,101.31
2025-05-05,37,106.81
2025-05-05,38,95.16
2025-05-05,39,101.11
2025-05-05,40,95.4
2025-05-05,41,76.58
2025-05-05,42,65.03
2025-05-05,43,69.76
2025-05-05,44,71.98
2025-05-05,45,55.48
2025-05-05,46,65.92
2025-05-05,47,48.85
2025-05-05,48,48.57
2025-05-06,1,48.1
2025-05-06,2,57.17
2025-05-06,3,47.31
2025-05-06,4,52.15
2025-05-06,5,43.9
2025-05-06,6,47.76
2025-05-06,7,45.95
2025-05-06,8,46.8
2025-05-06,9,47.23
2025-05-06,10,55.54
2025-05-06,11,59.32
2025-05-06,12,55.22
2025-05-06,13,56.12
2025-05-06,14,56.59
2025-05-06,15,60.6
2025-05-06,16,75.79
2025-05-06,17,66.85
2025-05-06,18,72.39
2025-05-06,19,75.06
2025-05-06,20,63.7
2025-05-06,21,68.71
2025-05-06,22,68.33
2025-05-06,23,71.5
2025-05-06,24,76.11
2025-05-06,25,80.39
2025-05-06,26,74.96
2025-05-06,27,77.22
2025-05-06,28,80.23
2025-05-06,29,79.56
2025-05-06,30,87.25
2025-05-06,31,91.11
2025-05-06,32,83.07
2025-05-06,33,101.56
2025-05-06,34,104.04
2025-05-06,35,107.42
2025-05-06,36,111.3
2025-05-06,37,96.62
2025-05-06,38,93.31
2025-05-06,39,91.03
2025-05-06,40,74.62
2025-05-06,41,76.24
2025-05-06,42,74.76
2025-05-06,43,68.43
2025-05-06,44,63.62
2025-05-06,45,59.52
2025-05-06,46,56.36
2025-05-06,47,54.05
2025-05-06,48,55.06
2025-05-07,1,60.13
2025-05-07,2,48.57
2025-05-07,3,55.07
2025-05-07,4,44.62
2025-05-07,5,48.57
2025-05-07,6,51.95
2025-05-07,7,45.63
2025-05-07,8,48.14
2025-05-07,9,51.36
2025-05-07,10,45.94
2025-05-07,11,60.35
2025-05-07,12,58.19
2025-05-07,13,56.09
2025-05-07,14,60.69
2025-05-07,15,73.55
2025-05-07,16,68.26
2025-05-07,17,70.52
2025-05-07,18,78.41
2025-05-07,19,68.51
2025-05-07,20,73.46
2025-05-07,21,73.72
2025-05-07,22,70.54
2025-05-07,23,67.57
2025-05-07,24,75.02
2025-05-07,25,78.69
2025-05-07,26,74.56
2025-05-07,27,74.0
2025-05-07,28,85.38
2025-05-07,29,84.53
2025-05-07,30,83.76
2025-05-07,31,92.61
2025-05-07,32,94.5
2025-05-07,33,105.72
2025-05-07,34,105.74
2025-05-07,35,100.36
2025-05-07,36,103.48
2025-05-07,37,100.86
2025-05-07,38,99.14
2025-05-07,39,89.7
2025-05-07,40,79.03
2025-05-07,41,79.1
2025-05-07,42,75.06
2025-05-07,43,66.14
2025-05-07,44,63.86
2025-05-07,45,56.32
2025-05-07,46,55.73
2025-05-07,47,53.82
2025-05-07,48,56.14
2025-05-08,1,45.79
2025-05-08,2,54.42
2025-05-08,3,49.05
2025-05-08,4,46.9
2025-05-08,5,48.72
2025-05-08,6,45.17
2025-05-08,7,45.69
2025-05-08,8,48.63
2025-05-08,9,45.73
2025-05-08,10,47.45
2025-05-08,11,50.53
2025-05-08,12,54.16
2025-05-08,13,59.67
2025-05-08,14,63.69
2025-05-08,15,59.61
2025-05-08,16,75.01
2025-05-08,17,72.32
2025-05-08,18,72.17
2025-05-08,19,70.17
2025-05-08,20,81.41
2025-05-08,21,82.5
2025-05-08,22,80.5
2025-05-08,23,73.99
2025-05-08,24,75.79
2025-05-08,25,81.57
2025-05-08,26,75.97
2025-05-08,27,80.53
2025-05-08,28,80.91
2025-05-08,29,89.73
2025-05-08,30,90.57
2025-05-08,31,87.98
2025-05-08,32,99.23
2025-05-08,33,98.12
2025-05-08,34,100.44
2025-05-08,35,104.31
2025-05-08,36,106.24
2025-05-08,37,99.71
2025-05-08,38,95.4
2025-05-08,39,84.74
2025-05-08,40,79.88
2025-05-08,41,77.35
2025-05-08,42,74.92
2025-05-08,43,69.91
2025-05-08,44,64.46
2025-05-08,45,53.81
2025-05-08,46,54.12
2025-05-08,47,54.71
2025-05-08,48,57.52
2025-05-09,1,54.52
2025-05-09,2,46.29
2025-05-09,3,50.87
2025-05-09,4,45.64
2025-05-09,5,46.83
2025-05-09,6,48.6
2025-05-09,7,46.81
2025-05-09,8,50.55
2025-05-09,9,48.51
2025-05-09,10,47.26
2025-05-09,11,54.3
2025-05-09,12,57.78
2025-05-09,13,57.36
2025-05-09,14,66.43
2025-05-09,15,64.38
2025-05-09,16,68.56
2025-05-09,17,71.79
2025-05-09,18,72.66
2025-05-09,19,72.22
2025-05-09,20,70.27
2025-05-09,21,68.76
2025-05-09,22,73.15
2025-05-09,23,77.98
2025-05-09,24,77.35
2025-05-09,25,76.83
2025-05-09,26,81.59
2025-05-09,27,78.1
2025-05-09,28,75.7
2025-05-09,29,80.3
2025-05-09,30,84.21
2025-05-09,31,86.09
2025-05-09,32,95.16
2025-05-09,33,101.44
2025-05-09,34,95.25
2025-05-09,35,104.41
2025-05-09,36,93.57
2025-05-09,37,102.03
2025-05-09,38,96.63
2025-05-09,39,97.22
2025-05-09,40,88.71
2025-05-09,41,79.8
2025-05-09,42,66.6
2025-05-09,43,61.9
2025-05-09,44,58.08
2025-05-09,45,65.77
2025-05-09,46,53.67
2025-05-09,47,53.72
2025-05-09,48,49.83
2025-05-10,1,51.12
2025-05-10,2,49.23
2025-05-10,3,45.91
2025-05-10,4,45.41
2025-05-10,5,39.32
2025-05-10,6,48.66
2025-05-10,7,40.27
2025-05-10,8,43.7
2025-05-10,9,44.72
2025-05-10,10,37.54
2025-05-10,11,44.42
2025-05-10,12,47.74
2025-05-10,13,49.5
2025-05-10,14,53.37
2025-05-10,15,63.2
2025-05-10,16,57.21
2025-05-10,17,57.81
2025-05-10,18,61.77
2025-05-10,19,67.34
2025-05-10,20,67.44
2025-05-10,21,66.16
2025-05-10,22,67.35
2025-05-10,23,65.14
2025-05-10,24,62.84
2025-05-10,25,62.17
2025-05-10,26,62.06
2025-05-10,27,67.45
2025-05-10,28,72.94
2025-05-10,29,72.53
2025-05-10,30,74.09
2025-05-10,31,73.0
2025-05-10,32,91.55
2025-05-10,33,82.3
2025-05-10,34,274.4
2025-05-10,35,280.4
2025-05-10,36,276.73
2025-05-10,37,270.89
2025-05-10,38,272.66
2025-05-10,39,257.99
2025-05-10,40,79.52
2025-05-10,41,67.78
2025-05-10,42,60.7
2025-05-10,43,52.13
2025-05-10,44,50.12
2025-05-10,45,52.06
2025-05-10,46,57.78
2025-05-10,47,49.35
2025-05-10,48,48.2
2025-05-11,1,40.54
2025-05-11,2,45.68
2025-05-11,3,43.13
2025-05-11,4,40.66
2025-05-11,5,38.47
2025-05-11,6,47.27
2025-05-11,7,38.25
2025-05-11,8,38.47
2025-05-11,9,40.86
2025-05-11,10,42.43
2025-05-11,11,46.36
2025-05-11,12,50.44
2025-05-11,13,53.16
2025-05-11,14,63.01
2025-05-11,15,50.21
2025-05-11,16,61.17
2025-05-11,17,60.52
2025-05-11,18,71.87
2025-05-11,19,64.78
2025-05-11,20,55.67
2025-05-11,21,65.19
2025-05-11,22,64.49
2025-05-11,23,66.87
2025-05-11,24,61.74
2025-05-11,25,66.97
2025-05-11,26,65.74
2025-05-11,27,65.38
2025-05-11,28,70.85
2025-05-11,29,71.88
2025-05-11,30,77.87
2025-05-11,31,77.0
2025-05-11,32,83.29
2025-05-11,33,80.4
2025-05-11,34,94.71
2025-05-11,35,88.47
2025-05-11,36,95.37
2025-05-11,37,90.38
2025-05-11,38,85.2
2025-05-11,39,81.65
2025-05-11,40,63.67
2025-05-11,41,64.07
2025-05-11,42,64.43
2025-05-11,43,65.23
2025-05-11,44,54.39
2025-05-11,45,42.29
2025-05-11,46,48.72
2025-05-11,47,47.96
2025-05-11,48,51.05
2025-05-12,1,51.69
2025-05-12,2,51.55
2025-05-12,3,45.52
2025-05-12,4,44.23
2025-05-12,5,48.57
2025-05-12,6,40.4
2025-05-12,7,41.2
2025-05-12,8,49.96
2025-05-12,9,49.32
2025-05-12,10,53.47
2025-05-12,11,52.12
2025-05-12,12,52.9
2025-05-12,13,61.43
2025-05-12,14,58.6
2025-05-12,15,63.13
2025-05-12,16,67.91
2025-05-12,17,72.64
2025-05-12,18,71.95
2025-05-12,19,66.56
2025-05-12,20,71.11
2025-05-12,21,71.67
2025-05-12,22,72.22
2025-05-12,23,70.43
2025-05-12,24,75.15
2025-05-12,25,67.85
2025-05-12,26,77.26
2025-05-12,27,84.18
2025-05-12,28,76.18
2025-05-12,29,80.86
2025-05-12,30,82.37
2025-05-12,31,86.07
2025-05-12,32,87.39
2025-05-12,33,104.39
2025-05-12,34,102.38
2025-05-12,35,100.94
2025-05-12,36,100.67
2025-05-12,37,101.31
2025-05-12,38,87.11
2025-05-12,39,93.15
2025-05-12,40,79.67
2025-05-12,41,76.64
2025-05-12,42,71.26
2025-05-12,43,68.97
2025-05-12,44,63.62
2025-05-12,45,61.86
2025-05-12,46,60.64
2025-05-12,47,53.22
2025-05-12,48,61.34
2025-05-13,1,51.23
2025-05-13,2,45.76
2025-05-13,3,53.45
2025-05-13,4,47.08
2025-05-13,5,45.16
2025-05-13,6,47.96
2025-05-13,7,45.81
2025-05-13,8,51.47
2025-05-13,9,50.7
2025-05-13,10,48.63
2025-05-13,11,53.81
2025-05-13,12,53.57
2025-05-13,13,51.41
2025-05-13,14,63.59
2025-05-13,15,56.59
2025-05-13,16,53.81
2025-05-13,17,73.32
2025-05-13,18,73.68
2025-05-13,19,73.7
2025-05-13,20,77.42
2025-05-13,21,71.38
2025-05-13,22,69.94
2025-05-13,23,75.1
2025-05-13,24,69.95
2025-05-13,25,73.02
2025-05-13,26,76.28
2025-05-13,27,78.0
2025-05-13,28,76.94
2025-05-13,29,78.32
2025-05-13,30,78.51
2025-05-13,31,83.47
2025-05-13,32,98.39
2025-05-13,33,94.95
2025-05-13,34,101.16
2025-05-13,35,97.2
2025-05-13,36,113.62
2025-05-13,37,97.18
2025-05-13,38,90.66
2025-05-13,39,88.31
2025-05-13,40,77.8
2025-05-13,41,76.22
2025-05-13,42,63.17
2025-05-13,43,69.37
2025-05-13,44,65.14
2025-05-13,45,58.15
2025-05-13,46,49.69
2025-05-13,47,51.05
2025-05-13,48,52.76
2025-05-14,1,50.09
2025-05-14,2,43.47
2025-05-14,3,54.03
2025-05-14,4,52.27
2025-05-14,5,52.3
2025-05-14,6,46.01
2025-05-14,7,42.94
2025-05-14,8,42.73
2025-05-14,9,51.49
2025-05-14,10,54.47
2025-05-14,11,46.15
2025-05-14,12,42.32
2025-05-14,13,55.71
2025-05-14,14,56.15
2025-05-14,15,61.08
2025-05-14,16,66.63
2025-05-14,17,71.86
2025-05-14,18,68.47
2025-05-14,19,72.42
2025-05-14,20,71.05
2025-05-14,21,61.95
2025-05-14,22,73.32
2025-05-14,23,-26.4
2025-05-14,24,-28.77
2025-05-14,25,-25.46
2025-05-14,26,-20.45
2025-05-14,27,-19.68
2025-05-14,28,-15.69
2025-05-14,29,-14.52
2025-05-14,30,-18.26
2025-05-14,31,74.42
2025-05-14,32,91.2
2025-05-14,33,98.12
2025-05-14,34,99.16
2025-05-14,35,105.37
2025-05-14,36,98.91
2025-05-14,37,98.81
2025-05-14,38,91.27
2025-05-14,39,90.96
2025-05-14,40,77.38
2025-05-14,41,82.67
2025-05-14,42,66.91
2025-05-14,43,67.74
2025-05-14,44,59.16
2025-05-14,45,63.72
2025-05-14,46,61.27
2025-05-14,47,52.77
2025-05-14,48,53.38
2025-05-15,1,51.61
2025-05-15,2,48.48
2025-05-15,3,43.82
2025-05-15,4,45.56
2025-05-15,5,50.06
2025-05-15,6,51.93
2025-05-15,7,53.69
2025-05-15,8,48.21
2025-05-15,9,47.72
2025-05-15,10,49.64
2025-05-15,11,57.33
2025-05-15,12,54.26
2025-05-15,13,55.89
2025-05-15,14,58.41
2025-05-15,15,63.0
2025-05-15,16,68.83
2025-05-15,17,66.91
2025-05-15,18,68.78
2025-05-15,19,71.31
2025-05-15,20,69.43
2025-05-15,21,73.25
2025-05-15,22,73.53
2025-05-15,23,72.35
2025-05-15,24,74.14
2025-05-15,25,73.8
2025-05-15,26,59.45
2025-05-15,27,72.51
2025-05-15,28,80.43
2025-05-15,29,76.24
2025-05-15,30,85.7
2025-05-15,31,89.52
2025-05-15,32,89.26
2025-05-15,33,92.82
2025-05-15,34,99.58
2025-05-15,35,102.11
2025-05-15,36,104.98
2025-05-15,37,90.4
2025-05-15,38,91.61
2025-05-15,39,83.74
2025-05-15,40,70.6
2025-05-15,41,72.13
2025-05-15,42,62.62
2025-05-15,43,62.72
2025-05-15,44,58.91
2025-05-15,45,59.94
2025-05-15,46,54.83
2025-05-15,47,47.07
2025-05-15,48,53.44
2025-05-16,1,52.42
2025-05-16,2,54.74
2025-05-16,3,43.71
2025-05-16,4,48.99
2025-05-16,5,44.78
2025-05-16,6,46.55
2025-05-16,7,41.38
2025-05-16,8,45.85
2025-05-16,9,47.79
2025-05-16,10,43.76
2025-05-16,11,55.2
2025-05-16,12,45.78
2025-05-16,13,57.46
2025-05-16,14,49.55
2025-05-16,15,62.34
2025-05-16,16,68.92
2025-05-16,17,72.47
2025-05-16,18,70.56
2025-05-16,19,70.29
2025-05-16,20,73.21
2025-05-16,21,74.37
2025-05-16,22,76.05
2025-05-16,23,65.83
2025-05-16,24,71.07
2025-05-16,25,64.25
2025-05-16,26,68.83
2025-05-16,27,72.87
2025-05-16,28,80.73
2025-05-16,29,77.33
2025-05-16,30,80.77
2025-05-16,31,86.7
2025-05-16,32,87.26
2025-05-16,33,86.8
2025-05-16,34,96.13
2025-05-16,35,101.36
2025-05-16,36,103.91
2025-05-16,37,98.51
2025-05-16,38,95.94
2025-05-16,39,91.12
2025-05-16,40,84.81
2025-05-16,41,74.49
2025-05-16,42,63.78
2025-05-16,43,59.01
2025-05-16,44,55.99
2025-05-16,45,53.57
2025-05-16,46,55.99
2025-05-16,47,61.15
2025-05-16,48,52.68
2025-05-17,1,45.61
2025-05-17,2,35.96
2025-05-17,3,37.24
2025-05-17,4,31.78
2025-05-17,5,42.25
2025-05-17,6,47.9
2025-05-17,7,44.29
2025-05-17,8,40.4
2025-05-17,9,40.38
2025-05-17,10,40.33
2025-05-17,11,47.53
2025-05-17,12,46.39
2025-05-17,13,48.71
2025-05-17,14,47.51
2025-05-17,15,57.93
2025-05-17,16,58.11
2025-05-17,17,62.59
2025-05-17,18,66.2
2025-05-17,19,55.9
2025-05-17,20,60.98
2025-05-17,21,60.07
2025-05-17,22,59.69
2025-05-17,23,57.74
2025-05-17,24,60.07
2025-05-17,25,59.59
2025-05-17,26,68.41
2025-05-17,27,67.83
2025-05-17,28,68.94
2025-05-17,29,61.74
2025-05-17,30,79.58
2025-05-17,31,73.29
2025-05-17,32,85.79
2025-05-17,33,86.04
2025-05-17,34,85.92
2025-05-17,35,97.42
2025-05-17,36,91.68
2025-05-17,37,86.13
2025-05-17,38,80.92
2025-05-17,39,80.73
2025-05-17,40,68.24
2025-05-17,41,63.15
2025-05-17,42,57.48
2025-05-17,43,53.05
2025-05-17,44,50.32
2025-05-17,45,57.8
2025-05-17,46,52.74
2025-05-17,47,47.91
2025-05-17,48,43.23
2025-05-18,1,48.44
2025-05-18,2,40.46
2025-05-18,3,41.5
2025-05-18,4,41.83
2025-05-18,5,42.93
2025-05-18,6,41.61
2025-05-18,7,41.77
2025-05-18,8,41.13
2025-05-18,9,39.82
2025-05-18,10,45.17
2025-05-18,11,36.41
2025-05-18,12,42.82
2025-05-18,13,54.62
2025-05-18,14,49.02
2025-05-18,15,54.98
2025-05-18,16,64.01
2025-05-18,17,60.24
2025-05-18,18,58.6
2025-05-18,19,66.97
2025-05-18,20,60.74
2025-05-18,21,60.69
2025-05-18,22,53.62
2025-05-18,23,61.43
2025-05-18,24,65.44
2025-05-18,25,61.99
2025-05-18,26,59.71
2025-05-18,27,64.12
2025-05-18,28,64.96
2025-05-18,29,68.14
2025-05-18,30,69.41
2025-05-18,31,81.26
2025-05-18,32,79.69
2025-05-18,33,75.74
2025-05-18,34,86.77
2025-05-18,35,88.7
2025-05-18,36,93.81
2025-05-18,37,86.05
2025-05-18,38,81.4
2025-05-18,39,83.73
2025-05-18,40,65.81
2025-05-18,41,67.58
2025-05-18,42,59.87
2025-05-18,43,53.83
2025-05-18,44,50.28
2025-05-18,45,55.93
2025-05-18,46,50.37
2025-05-18,47,49.18
2025-05-18,48,48.79
2025-05-19,1,45.84
2025-05-19,2,55.61
2025-05-19,3,43.99
2025-05-19,4,44.18
2025-05-19,5,41.74
2025-05-19,6,49.62
2025-05-19,7,50.84
2025-05-19,8,50.66
2025-05-19,9,51.23
2025-05-19,10,44.65
2025-05-19,11,55.47
2025-05-19,12,50.52
2025-05-19,13,48.44
2025-05-19,14,56.81
2025-05-19,15,63.87
2025-05-19,16,63.58
2025-05-19,17,69.33
2025-05-19,18,72.23
2025-05-19,19,72.0
2025-05-19,20,72.66
2025-05-19,21,68.95
2025-05-19,22,66.73
2025-05-19,23,-9.12
2025-05-19,24,-2.72
2025-05-19,25,-3.38
2025-05-19,26,-0.44
2025-05-19,27,-6.88
2025-05-19,28,-3.12
2025-05-19,29,6.96
2025-05-19,30,1.02
2025-05-19,31,83.66
2025-05-19,32,85.48
2025-05-19,33,90.0
2025-05-19,34,98.2
2025-05-19,35,100.67
2025-05-19,36,102.93
2025-05-19,37,93.67
2025-05-19,38,89.41
2025-05-19,39,90.8
2025-05-19,40,78.41
2025-05-19,41,74.33
2025-05-19,42,65.48
2025-05-19,43,65.0
2025-05-19,44,49.88
2025-05-19,45,61.75
2025-05-19,46,53.07
2025-05-19,47,47.93
2025-05-19,48,46.93
2025-05-20,1,48.9
2025-05-20,2,50.22
2025-05-20,3,44.36
2025-05-20,4,48.6
2025-05-20,5,42.01
2025-05-20,6,46.96
2025-05-20,7,46.76
2025-05-20,8,43.94
2025-05-20,9,48.28
2025-05-20,10,53.01
2025-05-20,11,44.5
2025-05-20,12,54.9
2025-05-20,13,58.73
2025-05-20,14,57.44
2025-05-20,15,65.51
2025-05-20,16,64.86
2025-05-20,17,73.48
2025-05-20,18,58.84
2025-05-20,19,75.85
2025-05-20,20,65.3
2025-05-20,21,69.74
2025-05-20,22,66.1
2025-05-20,23,75.79
2025-05-20,24,69.75
2025-05-20,25,69.63
2025-05-20,26,77.54
2025-05-20,27,77.35
2025-05-20,28,74.64
2025-05-20,29,73.96
2025-05-20,30,76.05
2025-05-20,31,89.17
2025-05-20,32,90.11
2025-05-20,33,93.88
2025-05-20,34,99.42
2025-05-20,35,92.34
2025-05-20,36,99.03
2025-05-20,37,96.48
2025-05-20,38,96.49
2025-05-20,39,80.08
2025-05-20,40,83.19
2025-05-20,41,79.74
2025-05-20,42,60.31
2025-05-20,43,62.99
2025-05-20,44,61.58
2025-05-20,45,60.4
2025-05-20,46,46.0
2025-05-20,47,54.06
2025-05-20,48,50.09
2025-05-21,1,52.42
2025-05-21,2,44.01
2025-05-21,3,41.67
2025-05-21,4,45.45
2025-05-21,5,39.92
2025-05-21,6,43.86
2025-05-21,7,45.01
2025-05-21,8,46.16
2025-05-21,9,46.91
2025-05-21,10,43.52
2025-05-21,11,48.66
2025-05-21,12,56.0
2025-05-21,13,45.77
2025-05-21,14,59.33
2025-05-21,15,57.33
2025-05-21,16,71.22
2025-05-21,17,71.44
2025-05-21,18,72.65
2025-05-21,19,66.36
2025-05-21,20,70.51
2025-05-21,21,70.59
2025-05-21,22,59.58
2025-05-21,23,70.1
2025-05-21,24,72.83
2025-05-21,25,65.84
2025-05-21,26,75.16
2025-05-21,27,74.51
2025-05-21,28,81.18
2025-05-21,29,75.95
2025-05-21,30,80.93
2025-05-21,31,85.09
2025-05-21,32,76.84
2025-05-21,33,91.38
2025-05-21,34,97.4
2025-05-21,35,90.3
2025-05-21,36,102.61
2025-05-21,37,97.61
2025-05-21,38,92.5
2025-05-21,39,88.48
2025-05-21,40,77.01
2025-05-21,41,72.43
2025-05-21,42,70.36
2025-05-21,43,62.88
2025-05-21,44,51.96
2025-05-21,45,56.87
2025-05-21,46,54.69
2025-05-21,47,56.09
2025-05-21,48,49.38
2025-05-22,1,50.18
2025-05-22,2,47.9
2025-05-22,3,45.26
2025-05-22,4,44.68
2025-05-22,5,41.9
2025-05-22,6,42.93
2025-05-22,7,45.96
2025-05-22,8,50.92
2025-05-22,9,44.76
2025-05-22,10,43.22
2025-05-22,11,52.06
2025-05-22,12,42.66
2025-05-22,13,58.1
2025-05-22,14,52.06
2025-05-22,15,64.42
2025-05-22,16,63.43
2025-05-22,17,69.17
2025-05-22,18,77.55
2025-05-22,19,66.14
2025-05-22,20,65.17
2025-05-22,21,69.12
2025-05-22,22,74.88
2025-05-22,23,69.94
2025-05-22,24,70.26
2025-05-22,25,71.88
2025-05-22,26,68.44
2025-05-22,27,74.52
2025-05-22,28,73.77
2025-05-22,29,82.57
2025-05-22,30,83.08
2025-05-22,31,78.08
2025-05-22,32,86.57
2025-05-22,33,94.53
2025-05-22,34,92.72
2025-05-22,35,95.0
2025-05-22,36,97.65
2025-05-22,37,98.24
2025-05-22,38,95.95
2025-05-22,39,86.17
2025-05-22,40,88.18
2025-05-22,41,69.25
2025-05-22,42,69.59
2025-05-22,43,57.96
2025-05-22,44,65.53
2025-05-22,45,61.87
2025-05-22,46,57.06
2025-05-22,47,45.33
2025-05-22,48,53.35
2025-05-23,1,44.03
2025-05-23,2,47.57
2025-05-23,3,48.36
2025-05-23,4,49.85
2025-05-23,5,44.85
2025-05-23,6,49.16
2025-05-23,7,42.7
2025-05-23,8,46.75
2025-05-23,9,46.83
2025-05-23,10,45.9
2025-05-23,11,49.28
2025-05-23,12,46.96
2025-05-23,13,52.52
2025-05-23,14,52.4
2025-05-23,15,59.77
2025-05-23,16,69.62
2025-05-23,17,69.3
2025-05-23,18,70.17
2025-05-23,19,62.81
2025-05-23,20,70.17
2025-05-23,21,68.28
2025-05-23,22,70.65
2025-05-23,23,74.48
2025-05-23,24,68.16
2025-05-23,25,69.65
2025-05-23,26,75.83
2025-05-23,27,71.09
2025-05-23,28,75.39
2025-05-23,29,68.98
2025-05-23,30,78.33
2025-05-23,31,88.26
2025-05-23,32,88.69
2025-05-23,33,95.64
2025-05-23,34,100.08
2025-05-23,35,104.3
2025-05-23,36,97.7
2025-05-23,37,100.24
2025-05-23,38,100.41
2025-05-23,39,84.79
2025-05-23,40,72.73
2025-05-23,41,69.29
2025-05-23,42,68.23
2025-05-23,43,55.5
2025-05-23,44,55.8
2025-05-23,45,54.89
2025-05-23,46,54.43
2025-05-23,47,59.24
2025-05-23,48,53.09
2025-05-24,1,40.32
2025-05-24,2,43.95
2025-05-24,3,41.83
2025-05-24,4,43.97
2025-05-24,5,40.78
2025-05-24,6,37.35
2025-05-24,7,36.77
2025-05-24,8,40.82
2025-05-24,9,33.47
2025-05-24,10,27.84
2025-05-24,11,43.62
2025-05-24,12,45.16
2025-05-24,13,53.35
2025-05-24,14,53.23
2025-05-24,15,55.17
2025-05-24,16,55.78
2025-05-24,17,56.01
2025-05-24,18,59.3
2025-05-24,19,64.48
2025-05-24,20,62.23
2025-05-24,21,63.8
2025-05-24,22,60.46
2025-05-24,23,56.83
2025-05-24,24,65.82
2025-05-24,25,66.43
2025-05-24,26,63.99
2025-05-24,27,66.65
2025-05-24,28,67.77
2025-05-24,29,65.58
2025-05-24,30,68.69
2025-05-24,31,69.14
2025-05-24,32,75.5
2025-05-24,33,84.79
2025-05-24,34,87.73
2025-05-24,35,88.92
2025-05-24,36,90.69
2025-05-24,37,83.09
2025-05-24,38,75.43
2025-05-24,39,73.78
2025-05-24,40,68.06
2025-05-24,41,65.52
2025-05-24,42,60.2
2025-05-24,43,58.51
2025-05-24,44,43.52
2025-05-24,45,46.07
2025-05-24,46,46.95
2025-05-24,47,47.54
2025-05-24,48,52.5
2025-05-25,1,41.19
2025-05-25,2,43.66
2025-05-25,3,43.29
2025-05-25,4,41.09
2025-05-25,5,38.72
2025-05-25,6,42.16
2025-05-25,7,36.2
2025-05-25,8,43.37
2025-05-25,9,38.31
2025-05-25,10,45.74
2025-05-25,11,46.07
2025-05-25,12,46.24
2025-05-25,13,46.52
2025-05-25,14,54.65
2025-05-25,15,56.0
2025-05-25,16,43.93
2025-05-25,17,55.75
2025-05-25,18,60.85
2025-05-25,19,61.53
2025-05-25,20,62.97
2025-05-25,21,66.02
2025-05-25,22,62.14
2025-05-25,23,51.85
2025-05-25,24,61.72
2025-05-25,25,66.77
2025-05-25,26,63.44
2025-05-25,27,64.98
2025-05-25,28,63.52
2025-05-25,29,70.98
2025-05-25,30,68.04
2025-05-25,31,74.86
2025-05-25,32,77.96
2025-05-25,33,80.56
2025-05-25,34,85.96
2025-05-25,35,87.15
2025-05-25,36,91.61
2025-05-25,37,86.92
2025-05-25,38,83.96
2025-05-25,39,71.05
2025-05-25,40,64.79
2025-05-25,41,62.81
2025-05-25,42,60.92
2025-05-25,43,56.37
2025-05-25,44,48.37
2025-05-25,45,52.19
2025-05-25,46,44.62
2025-05-25,47,48.14
2025-05-25,48,45.09
2025-05-26,1,53.13
2025-05-26,2,50.98
2025-05-26,3,44.56
2025-05-26,4,43.75
2025-05-26,5,48.17
2025-05-26,6,46.96
2025-05-26,7,47.78
2025-05-26,8,43.99
2025-05-26,9,45.21
2025-05-26,10,44.69
2025-05-26,11,47.19
2025-05-26,12,47.11
2025-05-26,13,52.77
2025-05-26,14,56.22
2025-05-26,15,58.96
2025-05-26,16,67.45
2025-05-26,17,61.16
2025-05-26,18,69.46
2025-05-26,19,64.69
2025-05-26,20,64.67
2025-05-26,21,64.66
2025-05-26,22,69.56
2025-05-26,23,59.09
2025-05-26,24,69.64
2025-05-26,25,70.25
2025-05-26,26,67.42
2025-05-26,27,73.35
2025-05-26,28,69.29
2025-05-26,29,75.87
2025-05-26,30,73.61
2025-05-26,31,90.24
2025-05-26,32,89.75
2025-05-26,33,91.93
2025-05-26,34,91.28
2025-05-26,35,96.62
2025-05-26,36,96.97
2025-05-26,37,96.28
2025-05-26,38,91.92
2025-05-26,39,84.78
2025-05-26,40,78.44
2025-05-26,41,70.13
2025-05-26,42,66.93
2025-05-26,43,58.85
2025-05-26,44,53.89
2025-05-26,45,62.92
2025-05-26,46,55.01
2025-05-26,47,58.66
2025-05-26,48,48.64
2025-05-27,1,51.24
2025-05-27,2,51.11
2025-05-27,3,42.66
2025-05-27,4,40.1
2025-05-27,5,40.62
2025-05-27,6,44.54
2025-05-27,7,39.0
2025-05-27,8,49.01
2025-05-27,9,42.6
2025-05-27,10,47.0
2025-05-27,11,44.25
2025-05-27,12,51.99
2025-05-27,13,55.52
2025-05-27,14,49.93
2025-05-27,15,57.84
2025-05-27,16,63.41
2025-05-27,17,64.44
2025-05-27,18,71.33
2025-05-27,19,65.72
2025-05-27,20,70.66
2025-05-27,21,69.38
2025-05-27,22,66.98
2025-05-27,23,70.88
2025-05-27,24,62.54
2025-05-27,25,69.54
2025-05-27,26,67.92
2025-05-27,27,71.91
2025-05-27,28,71.97
2025-05-27,29,75.98
2025-05-27,30,78.34
2025-05-27,31,82.28
2025-05-27,32,86.67
2025-05-27,33,92.88
2025-05-27,34,89.69
2025-05-27,35,99.38
2025-05-27,36,91.47
2025-05-27,37,83.76
2025-05-27,38,97.86
2025-05-27,39,79.79
2025-05-27,40,74.98
2025-05-27,41,63.08
2025-05-27,42,63.49
2025-05-27,43,61.99
2025-05-27,44,58.89
2025-05-27,45,50.49
2025-05-27,46,51.36
2025-05-27,47,52.71
2025-05-27,48,50.49
2025-05-28,1,42.9
2025-05-28,2,49.01
2025-05-28,3,50.15
2025-05-28,4,39.85
2025-05-28,5,47.77
2025-05-28,6,43.53
2025-05-28,7,34.63
2025-05-28,8,37.96
2025-05-28,9,46.72
2025-05-28,10,38.86
2025-05-28,11,44.56
2025-05-28,12,49.14
2025-05-28,13,54.45
2025-05-28,14,57.16
2025-05-28,15,66.6
2025-05-28,16,60.52
2025-05-28,17,66.68
2025-05-28,18,69.39
2025-05-28,19,70.69
2025-05-28,20,71.74
2025-05-28,21,65.44
2025-05-28,22,69.76
2025-05-28,23,-28.44
2025-05-28,24,-24.21
2025-05-28,25,-20.8
2025-05-28,26,-17.68
2025-05-28,27,-17.98
2025-05-28,28,-18.4
2025-05-28,29,-17.19
2025-05-28,30,-12.13
2025-05-28,31,90.16
2025-05-28,32,89.04
2025-05-28,33,91.76
2025-05-28,34,88.88
2025-05-28,35,93.58
2025-05-28,36,95.84
2025-05-28,37,98.21
2025-05-28,38,85.87
2025-05-28,39,85.79
2025-05-28,40,76.95
2025-05-28,41,71.68
2025-05-28,42,64.19
2025-05-28,43,58.53
2025-05-28,44,53.79
2025-05-28,45,57.54
2025-05-28,46,52.62
2025-05-28,47,46.72
2025-05-28,48,50.24
2025-05-29,1,45.35
2025-05-29,2,48.95
2025-05-29,3,42.0
2025-05-29,4,46.46
2025-05-29,5,48.19
2025-05-29,6,43.06
2025-05-29,7,47.27
2025-05-29,8,43.26
2025-05-29,9,41.37
2025-05-29,10,38.52
2025-05-29,11,47.96
2025-05-29,12,50.46
2025-05-29,13,56.38
2025-05-29,14,59.74
2025-05-29,15,68.36
2025-05-29,16,61.22
2025-05-29,17,67.45
2025-05-29,18,64.57
2025-05-29,19,71.3
2025-05-29,20,63.57
2025-05-29,21,70.57
2025-05-29,22,63.95
2025-05-29,23,70.39
2025-05-29,24,72.99
2025-05-29,25,63.03
2025-05-29,26,65.08
2025-05-29,27,72.72
2025-05-29,28,73.79
2025-05-29,29,73.99
2025-05-29,30,75.79
2025-05-29,31,77.67
2025-05-29,32,86.62
2025-05-29,33,86.02
2025-05-29,34,95.46
2025-05-29,35,94.29
2025-05-29,36,95.08
2025-05-29,37,99.07
2025-05-29,38,93.09
2025-05-29,39,78.92
2025-05-29,40,72.69
2025-05-29,41,73.1
2025-05-29,42,59.06
2025-05-29,43,66.5
2025-05-29,44,58.01
2025-05-29,45,52.57
2025-05-29,46,52.76
2025-05-29,47,56.28
2025-05-29,48,40.63
2025-05-30,1,42.89
2025-05-30,2,49.17
2025-05-30,3,51.15
2025-05-30,4,41.16
2025-05-30,5,29.68
2025-05-30,6,38.18
2025-05-30,7,40.25
2025-05-30,8,45.61
2025-05-30,9,41.68
2025-05-30,10,45.02
2025-05-30,11,44.26
2025-05-30,12,48.57
2025-05-30,13,51.99
2025-05-30,14,53.46
2025-05-30,15,63.15
2025-05-30,16,68.82
2025-05-30,17,61.18
2025-05-30,18,67.93
2025-05-30,19,61.61
2025-05-30,20,60.01
2025-05-30,21,70.81
2025-05-30,22,74.67
2025-05-30,23,-21.3
2025-05-30,24,-11.82
2025-05-30,25,-20.66
2025-05-30,26,-17.79
2025-05-30,27,-8.88
2025-05-30,28,-17.71
2025-05-30,29,-8.52
2025-05-30,30,-11.05
2025-05-30,31,77.9
2025-05-30,32,82.94
2025-05-30,33,80.87
2025-05-30,34,98.68
2025-05-30,35,97.12
2025-05-30,36,95.81
2025-05-30,37,91.08
2025-05-30,38,90.18
2025-05-30,39,86.12
2025-05-30,40,74.79
2025-05-30,41,73.57
2025-05-30,42,65.65
2025-05-30,43,60.08
2025-05-30,44,60.9
2025-05-30,45,52.65
2025-05-30,46,47.52
2025-05-30,47,50.43
2025-05-30,48,49.11
2025-05-31,1,38.05
2025-05-31,2,37.49
2025-05-31,3,41.4
2025-05-31,4,36.06
2025-05-31,5,32.16
2025-05-31,6,35.25
2025-05-31,7,37.01
2025-05-31,8,44.82
2025-05-31,9,35.18
2025-05-31,10,39.21
2025-05-31,11,49.09
2025-05-31,12,38.66
2025-05-31,13,48.45
2025-05-31,14,46.24
2025-05-31,15,54.09
2025-05-31,16,64.83
2025-05-31,17,60.83
2025-05-31,18,59.4
2025-05-31,19,55.22
2025-05-31,20,58.05
2025-05-31,21,56.18
2025-05-31,22,52.62
2025-05-31,23,50.28
2025-05-31,24,56.21
2025-05-31,25,60.35
2025-05-31,26,66.02
2025-05-31,27,59.74
2025-05-31,28,64.76
2025-05-31,29,58.84
2025-05-31,30,64.66
2025-05-31,31,61.03
2025-05-31,32,83.43
2025-05-31,33,79.29
2025-05-31,34,82.76
2025-05-31,35,86.5
2025-05-31,36,94.64
2025-05-31,37,80.53
2025-05-31,38,74.05
2025-05-31,39,80.4
2025-05-31,40,61.61
2025-05-31,41,66.32
2025-05-31,42,56.3
2025-05-31,43,54.73
2025-05-31,44,44.44
2025-05-31,45,58.31
2025-05-31,46,44.52
2025-05-31,47,41.59
2025-05-31,48,45.13
2025-06-01,1,48.18
2025-06-01,2,43.68
2025-06-01,3,40.22
2025-06-01,4,41.21
2025-06-01,5,42.45
2025-06-01,6,39.28
2025-06-01,7,33.59
2025-06-01,8,40.39
2025-06-01,9,38.27
2025-06-01,10,37.9
2025-06-01,11,37.63
2025-06-01,12,45.19
2025-06-01,13,47.69
2025-06-01,14,45.08
2025-06-01,15,47.86
2025-06-01,16,62.86
2025-06-01,17,60.89
2025-06-01,18,58.92
2025-06-01,19,61.23
2025-06-01,20,56.67
2025-06-01,21,57.54
2025-06-01,22,58.29
2025-06-01,23,-12.22
2025-06-01,24,-21.0
2025-06-01,25,-18.48
2025-06-01,26,-18.24
2025-06-01,27,-8.79
2025-06-01,28,-11.3
2025-06-01,29,-12.93
2025-06-01,30,-7.94
2025-06-01,31,68.03
2025-06-01,32,68.48
2025-06-01,33,83.25
2025-06-01,34,81.19
2025-06-01,35,89.18
2025-06-01,36,78.4
2025-06-01,37,83.99
2025-06-01,38,71.91
2025-06-01,39,81.92
2025-06-01,40,59.37
2025-06-01,41,68.08
2025-06-01,42,56.3
2025-06-01,43,52.07
2025-06-01,44,52.36
2025-06-01,45,44.01
2025-06-01,46,49.02
2025-06-01,47,47.67
2025-06-01,48,42.82
2025-06-02,1,44.56
2025-06-02,2,49.65
2025-06-02,3,43.98
2025-06-02,4,42.78
2025-06-02,5,41.57
2025-06-02,6,35.89
2025-06-02,7,42.28
2025-06-02,8,44.82
2025-06-02,9,44.39
2025-06-02,10,47.28
2025-06-02,11,49.13
2025-06-02,12,57.34
2025-06-02,13,47.16
2025-06-02,14,56.31
2025-06-02,15,60.59
2025-06-02,16,61.32
2025-06-02,17,62.52
2025-06-02,18,68.31
2025-06-02,19,68.19
2025-06-02,20,62.06
2025-06-02,21,58.74
2025-06-02,22,63.93
2025-06-02,23,63.63
2025-06-02,24,69.56
2025-06-02,25,64.53
2025-06-02,26,68.71
2025-06-02,27,63.89
2025-06-02,28,65.98
2025-06-02,29,70.97
2025-06-02,30,75.54
2025-06-02,31,76.61
2025-06-02,32,84.6
2025-06-02,33,81.74
2025-06-02,34,91.74
2025-06-02,35,94.34
2025-06-02,36,89.54
2025-06-02,37,93.72
2025-06-02,38,79.28
2025-06-02,39,78.93
2025-06-02,40,78.2
2025-06-02,41,60.05
2025-06-02,42,66.52
2025-06-02,43,55.12
2025-06-02,44,54.25
2025-06-02,45,59.7
2025-06-02,46,49.43
2025-06-02,47,56.54
2025-06-02,48,47.21
2025-06-03,1,46.04
2025-06-03,2,39.33
2025-06-03,3,44.57
2025-06-03,4,38.29
2025-06-03,5,37.48
2025-06-03,6,38.23
2025-06-03,7,37.78
2025-06-03,8,41.89
2025-06-03,9,41.74
2025-06-03,10,45.49
2025-06-03,11,39.7
2025-06-03,12,47.36
2025-06-03,13,49.56
2025-06-03,14,55.97
2025-06-03,15,59.98
2025-06-03,16,63.0
2025-06-03,17,60.85
2025-06-03,18,66.18
2025-06-03,19,64.29
2025-06-03,20,71.29
2025-06-03,21,66.13
2025-06-03,22,65.98
2025-06-03,23,60.96
2025-06-03,24,64.55
2025-06-03,25,69.01
2025-06-03,26,68.86
2025-06-03,27,70.1
2025-06-03,28,64.91
2025-06-03,29,70.52
2025-06-03,30,75.17
2025-06-03,31,84.4
2025-06-03,32,76.16
2025-06-03,33,84.05
2025-06-03,34,84.68
2025-06-03,35,96.11
2025-06-03,36,99.73
2025-06-03,37,93.91
2025-06-03,38,89.94
2025-06-03,39,77.25
2025-06-03,40,76.25
2025-06-03,41,65.61
2025-06-03,42,63.85
2025-06-03,43,61.58
2025-06-03,44,55.24
2025-06-03,45,57.16
2025-06-03,46,51.1
2025-06-03,47,50.99
2025-06-03,48,55.82
2025-06-04,1,49.81
2025-06-04,2,44.97
2025-06-04,3,40.56
2025-06-04,4,42.82
2025-06-04,5,47.28
2025-06-04,6,50.04
2025-06-04,7,37.5
2025-06-04,8,49.13
2025-06-04,9,41.68
2025-06-04,10,44.27
2025-06-04,11,52.63
2025-06-04,12,46.56
2025-06-04,13,50.21
2025-06-04,14,52.4
2025-06-04,15,58.93
2025-06-04,16,63.4
2025-06-04,17,61.83
2025-06-04,18,71.65
2025-06-04,19,63.11
2025-06-04,20,67.8
2025-06-04,21,65.56
2025-06-04,22,70.4
2025-06-04,23,62.64
2025-06-04,24,68.96
2025-06-04,25,77.42
2025-06-04,26,63.16
2025-06-04,27,66.61
2025-06-04,28,80.01
2025-06-04,29,72.98
2025-06-04,30,76.45
2025-06-04,31,77.99
2025-06-04,32,90.05
2025-06-04,33,81.46
2025-06-04,34,96.89
2025-06-04,35,88.56
2025-06-04,36,88.38
2025-06-04,37,87.8
2025-06-04,38,86.81
2025-06-04,39,78.23
2025-06-04,40,71.42
2025-06-04,41,64.74
2025-06-04,42,59.74
2025-06-04,43,55.63
2025-06-04,44,57.15
2025-06-04,45,51.14
2025-06-04,46,40.91
2025-06-04,47,49.57
2025-06-04,48,51.08
2025-06-05,1,47.22
2025-06-05,2,47.54
2025-06-05,3,42.46
2025-06-05,4,34.4
2025-06-05,5,43.7
2025-06-05,6,41.67
2025-06-05,7,46.07
2025-06-05,8,45.88
2025-06-05,9,38.75
2025-06-05,10,53.39
2025-06-05,11,47.22
2025-06-05,12,42.89
2025-06-05,13,46.55
2025-06-05,14,46.07
2025-06-05,15,61.63
2025-06-05,16,59.83
2025-06-05,17,60.99
2025-06-05,18,63.04
2025-06-05,19,64.67
2025-06-05,20,67.87
2025-06-05,21,58.65
2025-06-05,22,60.92
2025-06-05,23,67.48
2025-06-05,24,64.06
2025-06-05,25,69.83
2025-06-05,26,66.69
2025-06-05,27,76.26
2025-06-05,28,72.26
2025-06-05,29,78.16
2025-06-05,30,77.8
2025-06-05,31,81.35
2025-06-05,32,80.13
2025-06-05,33,92.28
2025-06-05,34,92.48
2025-06-05,35,90.33
2025-06-05,36,85.88
2025-06-05,37,92.38
2025-06-05,38,93.05
2025-06-05,39,77.18
2025-06-05,40,70.49
2025-06-05,41,66.95
2025-06-05,42,67.56
2025-06-05,43,51.8
2025-06-05,44,53.41
2025-06-05,45,49.47
2025-06-05,46,53.64
2025-06-05,47,48.98
2025-06-05,48,46.53
2025-06-06,1,43.94
2025-06-06,2,38.93
2025-06-06,3,49.46
2025-06-06,4,45.65
2025-06-06,5,42.17
2025-06-06,6,42.61
2025-06-06,7,41.65
2025-06-06,8,35.22
2025-06-06,9,37.17
2025-06-06,10,43.07
2025-06-06,11,44.63
2025-06-06,12,47.81
2025-06-06,13,57.74
2025-06-06,14,53.44
2025-06-06,15,55.32
2025-06-06,16,61.93
2025-06-06,17,58.55
2025-06-06,18,66.01
2025-06-06,19,62.75
2025-06-06,20,66.25
2025-06-06,21,64.28
2025-06-06,22,64.41
2025-06-06,23,67.9
2025-06-06,24,69.15
2025-06-06,25,75.4
2025-06-06,26,71.23
2025-06-06,27,68.74
2025-06-06,28,68.65
2025-06-06,29,74.39
2025-06-06,30,81.32
2025-06-06,31,82.19
2025-06-06,32,80.0
2025-06-06,33,89.12
2025-06-06,34,92.19
2025-06-06,35,98.01
2025-06-06,36,95.2
2025-06-06,37,92.56
2025-06-06,38,81.99
2025-06-06,39,83.69
2025-06-06,40,68.43
2025-06-06,41,68.34
2025-06-06,42,60.74
2025-06-06,43,56.51
2025-06-06,44,58.15
2025-06-06,45,53.3
2025-06-06,46,41.64
2025-06-06,47,48.59
2025-06-06,48,46.2
2025-06-07,1,40.77
2025-06-07,2,44.59
2025-06-07,3,38.61
2025-06-07,4,32.4
2025-06-07,5,30.02
2025-06-07,6,37.47
2025-06-07,7,34.39
2025-06-07,8,37.55
2025-06-07,9,36.77
2025-06-07,10,38.21
2025-06-07,11,44.72
2025-06-07,12,46.19
2025-06-07,13,46.16
2025-06-07,14,44.3
2025-06-07,15,48.99
2025-06-07,16,57.18
2025-06-07,17,61.45
2025-06-07,18,52.25
2025-06-07,19,63.68
2025-06-07,20,54.19
2025-06-07,21,59.68
2025-06-07,22,68.19
2025-06-07,23,51.0
2025-06-07,24,60.09
2025-06-07,25,57.74
2025-06-07,26,61.82
2025-06-07,27,58.67
2025-06-07,28,52.51
2025-06-07,29,61.01
2025-06-07,30,67.58
2025-06-07,31,74.48
2025-06-07,32,74.29
2025-06-07,33,82.46
2025-06-07,34,78.1
2025-06-07,35,79.98
2025-06-07,36,83.81
2025-06-07,37,78.75
2025-06-07,38,80.54
2025-06-07,39,65.0
2025-06-07,40,68.35
2025-06-07,41,64.45
2025-06-07,42,56.66
2025-06-07,43,55.35
2025-06-07,44,46.36
2025-06-07,45,43.43
2025-06-07,46,46.32
2025-06-07,47,40.42
2025-06-07,48,43.08
2025-06-08,1,37.82
2025-06-08,2,43.73
2025-06-08,3,37.07
2025-06-08,4,41.57
2025-06-08,5,32.98
2025-06-08,6,35.48
2025-06-08,7,33.16
2025-06-08,8,39.15
2025-06-08,9,36.63
2025-06-08,10,41.28
2025-06-08,11,40.4
2025-06-08,12,34.05
2025-06-08,13,43.48
2025-06-08,14,41.58
2025-06-08,15,52.41
2025-06-08,16,56.17
2025-06-08,17,58.7
2025-06-08,18,56.67
2025-06-08,19,50.85
2025-06-08,20,57.96
2025-06-08,21,58.45
2025-06-08,22,56.07
2025-06-08,23,57.51
2025-06-08,24,50.32
2025-06-08,25,59.06
2025-06-08,26,59.4
2025-06-08,27,56.09
2025-06-08,28,64.33
2025-06-08,29,61.84
2025-06-08,30,66.89
2025-06-08,31,70.8
2025-06-08,32,73.74
2025-06-08,33,70.95
2025-06-08,34,78.27
2025-06-08,35,90.53
2025-06-08,36,87.74
2025-06-08,37,83.32
2025-06-08,38,76.9
2025-06-08,39,66.44
2025-06-08,40,64.03
2025-06-08,41,57.73
2025-06-08,42,54.68
2025-06-08,43,45.74
2025-06-08,44,52.61
2025-06-08,45,35.86
2025-06-08,46,48.19
2025-06-08,47,46.67
2025-06-08,48,51.05
2025-06-09,1,45.37
2025-06-09,2,40.7
2025-06-09,3,48.57
2025-06-09,4,37.57
2025-06-09,5,40.87
2025-06-09,6,36.56
2025-06-09,7,42.6
2025-06-09,8,46.02
2025-06-09,9,34.12
2025-06-09,10,46.06
2025-06-09,11,51.59
2025-06-09,12,47.9
2025-06-09,13,47.74
2025-06-09,14,53.9
2025-06-09,15,55.61
2025-06-09,16,68.96
2025-06-09,17,66.84
2025-06-09,18,68.34
2025-06-09,19,73.61
2025-06-09,20,70.08
2025-06-09,21,63.87
2025-06-09,22,64.43
2025-06-09,23,74.19
2025-06-09,24,62.59
2025-06-09,25,65.91
2025-06-09,26,63.72
2025-06-09,27,61.76
2025-06-09,28,66.95
2025-06-09,29,68.84
2025-06-09,30,72.22
2025-06-09,31,80.43
2025-06-09,32,81.98
2025-06-09,33,90.48
2025-06-09,34,91.0
2025-06-09,35,93.6
2025-06-09,36,91.89
2025-06-09,37,98.38
2025-06-09,38,84.16
2025-06-09,39,83.39
2025-06-09,40,68.53
2025-06-09,41,66.33
2025-06-09,42,70.35
2025-06-09,43,61.1
2025-06-09,44,49.67
2025-06-09,45,48.66
2025-06-09,46,57.11
2025-06-09,47,49.24
2025-06-09,48,46.17
2025-06-10,1,47.43
2025-06-10,2,46.25
2025-06-10,3,40.45
2025-06-10,4,39.29
2025-06-10,5,40.85
2025-06-10,6,43.49
2025-06-10,7,35.29
2025-06-10,8,40.82
2025-06-10,9,42.15
2025-06-10,10,41.36
2025-06-10,11,50.53
2025-06-10,12,52.16
2025-06-10,13,51.94
2025-06-10,14,60.96
2025-06-10,15,61.12
2025-06-10,16,61.45
2025-06-10,17,61.39
2025-06-10,18,62.95
2025-06-10,19,66.31
2025-06-10,20,63.0
2025-06-10,21,58.08
2025-06-10,22,62.6
2025-06-10,23,68.65
2025-06-10,24,55.04
2025-06-10,25,72.0
2025-06-10,26,69.85
2025-06-10,27,67.87
2025-06-10,28,71.39
2025-06-10,29,75.89
2025-06-10,30,74.61
2025-06-10,31,81.53
2025-06-10,32,85.17
2025-06-10,33,86.86
2025-06-10,34,85.66
2025-06-10,35,92.2
2025-06-10,36,84.6
2025-06-10,37,92.09
2025-06-10,38,83.9
2025-06-10,39,77.01
2025-06-10,40,75.65
2025-06-10,41,62.01
2025-06-10,42,62.57
2025-06-10,43,56.82
2025-06-10,44,54.37
2025-06-10,45,53.75
2025-06-10,46,57.83
2025-06-10,47,50.33
2025-06-10,48,52.56
2025-06-11,1,48.12
2025-06-11,2,48.47
2025-06-11,3,47.37
2025-06-11,4,49.11
2025-06-11,5,39.45
2025-06-11,6,39.52
2025-06-11,7,40.54
2025-06-11,8,37.14
2025-06-11,9,44.31
2025-06-11,10,45.87
2025-06-11,11,47.02
2025-06-11,12,47.68
2025-06-11,13,54.15
2025-06-11,14,56.01
2025-06-11,15,55.01
2025-06-11,16,48.92
2025-06-11,17,61.77
2025-06-11,18,64.49
2025-06-11,19,64.77
2025-06-11,20,63.57
2025-06-11,21,61.8
2025-06-11,22,60.54
2025-06-11,23,60.21
2025-06-11,24,66.88
2025-06-11,25,70.53
2025-06-11,26,62.34
2025-06-11,27,68.35
2025-06-11,28,73.18
2025-06-11,29,71.07
2025-06-11,30,77.11
2025-06-11,31,81.8
2025-06-11,32,83.09
2025-06-11,33,83.91
2025-06-11,34,95.09
2025-06-11,35,91.23
2025-06-11,36,91.4
2025-06-11,37,92.08
2025-06-11,38,84.11
2025-06-11,39,78.33
2025-06-11,40,71.3
2025-06-11,41,66.16
2025-06-11,42,62.71
2025-06-11,43,50.1
2025-06-11,44,54.53
2025-06-11,45,45.39
2025-06-11,46,48.76
2025-06-11,47,49.93
2025-06-11,48,45.67
2025-06-12,1,44.51
2025-06-12,2,45.22
2025-06-12,3,40.56
2025-06-12,4,47.36
2025-06-12,5,38.07
2025-06-12,6,41.07
2025-06-12,7,45.2
2025-06-12,8,38.01
2025-06-12,9,45.5
2025-06-12,10,34.85
2025-06-12,11,40.27
2025-06-12,12,46.57
2025-06-12,13,59.61
2025-06-12,14,54.12
2025-06-12,15,57.92
2025-06-12,16,65.13
2025-06-12,17,58.56
2025-06-12,18,52.0
2025-06-12,19,71.32
2025-06-12,20,66.51
2025-06-12,21,61.97
2025-06-12,22,63.96
2025-06-12,23,68.35
2025-06-12,24,64.42
2025-06-12,25,66.55
2025-06-12,26,75.27
2025-06-12,27,63.41
2025-06-12,28,71.88
2025-06-12,29,66.72
2025-06-12,30,80.27
2025-06-12,31,78.42
2025-06-12,32,78.51
2025-06-12,33,79.63
2025-06-12,34,88.15
2025-06-12,35,92.76
2025-06-12,36,96.82
2025-06-12,37,85.37
2025-06-12,38,81.75
2025-06-12,39,76.99
2025-06-12,40,69.47
2025-06-12,41,64.62
2025-06-12,42,57.95
2025-06-12,43,59.48
2025-06-12,44,52.82
2025-06-12,45,52.33
2025-06-12,46,51.44
2025-06-12,47,42.91
2025-06-12,48,49.21
2025-06-13,1,41.1
2025-06-13,2,52.93
2025-06-13,3,38.1
2025-06-13,4,43.94
2025-06-13,5,41.6
2025-06-13,6,39.58
2025-06-13,7,39.24
2025-06-13,8,46.79
2025-06-13,9,44.17
2025-06-13,10,42.3
2025-06-13,11,51.43
2025-06-13,12,46.33
2025-06-13,13,52.76
2025-06-13,14,48.02
2025-06-13,15,51.93
2025-06-13,16,63.19
2025-06-13,17,63.95
2025-06-13,18,72.53
2025-06-13,19,61.37
2025-06-13,20,66.6
2025-06-13,21,62.58
2025-06-13,22,66.93
2025-06-13,23,-38.11
2025-06-13,24,-40.5
2025-06-13,25,-42.32
2025-06-13,26,-39.56
2025-06-13,27,-41.4
2025-06-13,28,-34.07
2025-06-13,29,-44.98
2025-06-13,30,-33.66
2025-06-13,31,80.64
2025-06-13,32,84.54
2025-06-13,33,78.92
2025-06-13,34,91.61
2025-06-13,35,87.18
2025-06-13,36,90.4
2025-06-13,37,92.54
2025-06-13,38,80.9
2025-06-13,39,84.45
2025-06-13,40,73.38
2025-06-13,41,68.33
2025-06-13,42,65.86
2025-06-13,43,61.2
2025-06-13,44,57.8
2025-06-13,45,49.5
2025-06-13,46,45.63
2025-06-13,47,47.16
2025-06-13,48,48.59
2025-06-14,1,35.34
2025-06-14,2,36.16
2025-06-14,3,44.9
2025-06-14,4,32.34
2025-06-14,5,35.08
2025-06-14,6,33.96
2025-06-14,7,43.77
2025-06-14,8,30.23
2025-06-14,9,33.47
2025-06-14,10,37.75
2025-06-14,11,39.57
2025-06-14,12,45.4
2025-06-14,13,47.63
2025-06-14,14,43.87
2025-06-14,15,51.18
2025-06-14,16,52.11
2025-06-14,17,53.04
2025-06-14,18,60.02
2025-06-14,19,57.19
2025-06-14,20,62.29
2025-06-14,21,57.52
2025-06-14,22,59.3
2025-06-14,23,45.1
2025-06-14,24,57.02
2025-06-14,25,59.3
2025-06-14,26,60.68
2025-06-14,27,65.86
2025-06-14,28,63.4
2025-06-14,29,57.65
2025-06-14,30,66.77
2025-06-14,31,70.8
2025-06-14,32,68.52
2025-06-14,33,73.13
2025-06-14,34,285.47
2025-06-14,35,284.5
2025-06-14,36,289.02
2025-06-14,37,283.25
2025-06-14,38,269.67
2025-06-14,39,273.33
2025-06-14,40,61.79
2025-06-14,41,60.68
2025-06-14,42,55.59
2025-06-14,43,46.7
2025-06-14,44,48.58
2025-06-14,45,47.78
2025-06-14,46,45.61
2025-06-14,47,46.17
2025-06-14,48,36.78
2025-06-15,1,44.26
2025-06-15,2,48.97
2025-06-15,3,36.27
2025-06-15,4,37.0
2025-06-15,5,36.84
2025-06-15,6,30.2
2025-06-15,7,32.61
2025-06-15,8,37.39
2025-06-15,9,36.29
2025-06-15,10,37.61
2025-06-15,11,39.05
2025-06-15,12,40.48
2025-06-15,13,40.52
2025-06-15,14,48.44
2025-06-15,15,51.25
2025-06-15,16,49.28
2025-06-15,17,56.53
2025-06-15,18,53.45
2025-06-15,19,58.77
2025-06-15,20,55.73
2025-06-15,21,57.19
2025-06-15,22,56.29
2025-06-15,23,55.72
2025-06-15,24,57.95
2025-06-15,25,60.92
2025-06-15,26,59.04
2025-06-15,27,60.07
2025-06-15,28,59.48
2025-06-15,29,55.18
2025-06-15,30,64.7
2025-06-15,31,62.32
2025-06-15,32,68.62
2025-06-15,33,71.23
2025-06-15,34,75.24
2025-06-15,35,77.64
2025-06-15,36,82.36
2025-06-15,37,79.62
2025-06-15,38,74.63
2025-06-15,39,73.73
2025-06-15,40,75.54
2025-06-15,41,60.19
2025-06-15,42,57.48
2025-06-15,43,51.55
2025-06-15,44,50.35
2025-06-15,45,39.11
2025-06-15,46,32.99
2025-06-15,47,33.79
2025-06-15,48,38.35
2025-06-16,1,39.25
2025-06-16,2,33.48
2025-06-16,3,38.61
2025-06-16,4,42.38
2025-06-16,5,42.72
2025-06-16,6,40.46
2025-06-16,7,41.27
2025-06-16,8,46.28
2025-06-16,9,41.6
2025-06-16,10,43.95
2025-06-16,11,50.51
2025-06-16,12,39.16
2025-06-16,13,56.23
2025-06-16,14,42.69
2025-06-16,15,53.29
2025-06-16,16,57.6
2025-06-16,17,55.64
2025-06-16,18,62.73
2025-06-16,19,63.44
2025-06-16,20,66.31
2025-06-16,21,65.85
2025-06-16,22,63.69
2025-06-16,23,67.88
2025-06-16,24,66.77
2025-06-16,25,63.91
2025-06-16,26,66.84
2025-06-16,27,65.05
2025-06-16,28,64.1
2025-06-16,29,72.49
2025-06-16,30,67.17
2025-06-16,31,75.61
2025-06-16,32,71.13
2025-06-16,33,84.93
2025-06-16,34,85.61
2025-06-16,35,93.23
2025-06-16,36,90.24
2025-06-16,37,88.2
2025-06-16,38,84.28
2025-06-16,39,75.62
2025-06-16,40,69.47
2025-06-16,41,63.64
2025-06-16,42,60.52
2025-06-16,43,54.92
2025-06-16,44,55.92
2025-06-16,45,44.61
2025-06-16,46,43.65
2025-06-16,47,55.43
2025-06-16,48,44.56
2025-06-17,1,44.69
2025-06-17,2,40.17
2025-06-17,3,35.8
2025-06-17,4,39.49
2025-06-17,5,40.02
2025-06-17,6,42.01
2025-06-17,7,39.04
2025-06-17,8,39.88
2025-06-17,9,41.88
2025-06-17,10,48.7
2025-06-17,11,43.34
2025-06-17,12,40.08
2025-06-17,13,46.52
2025-06-17,14,60.01
2025-06-17,15,62.17
2025-06-17,16,63.43
2025-06-17,17,64.82
2025-06-17,18,66.07
2025-06-17,19,62.51
2025-06-17,20,66.65
2025-06-17,21,66.47
2025-06-17,22,66.2
2025-06-17,23,60.84
2025-06-17,24,62.71
2025-06-17,25,62.47
2025-06-17,26,70.17
2025-06-17,27,68.63
2025-06-17,28,70.39
2025-06-17,29,72.89
2025-06-17,30,67.32
2025-06-17,31,79.68
2025-06-17,32,77.94
2025-06-17,33,82.61
2025-06-17,34,84.93
2025-06-17,35,91.03
2025-06-17,36,90.61
2025-06-17,37,82.91
2025-06-17,38,76.69
2025-06-17,39,77.05
2025-06-17,40,74.8
2025-06-17,41,68.6
2025-06-17,42,64.86
2025-06-17,43,56.2
2025-06-17,44,52.56
2025-06-17,45,51.1
2025-06-17,46,52.73
2025-06-17,47,54.19
2025-06-17,48,44.33
2025-06-18,1,37.64
2025-06-18,2,48.0
2025-06-18,3,40.17
2025-06-18,4,49.2
2025-06-18,5,37.83
2025-06-18,6,46.93
2025-06-18,7,47.56
2025-06-18,8,38.82
2025-06-18,9,40.56
2025-06-18,10,41.06
2025-06-18,11,49.97
2025-06-18,12,46.87
2025-06-18,13,51.26
2025-06-18,14,52.07
2025-06-18,15,58.18
2025-06-18,16,61.67
2025-06-18,17,59.46
2025-06-18,18,70.15
2025-06-18,19,62.49
2025-06-18,20,67.13
2025-06-18,21,57.64
2025-06-18,22,65.39
2025-06-18,23,67.32
2025-06-18,24,64.91
2025-06-18,25,69.17
2025-06-18,26,63.18
2025-06-18,27,69.13
2025-06-18,28,62.55
2025-06-18,29,70.99
2025-06-18,30,69.61
2025-06-18,31,75.68
2025-06-18,32,85.41
2025-06-18,33,91.14
2025-06-18,34,82.92
2025-06-18,35,95.45
2025-06-18,36,96.24
2025-06-18,37,89.54
2025-06-18,38,89.06
2025-06-18,39,75.99
2025-06-18,40,69.3
2025-06-18,41,63.52
2025-06-18,42,63.55
2025-06-18,43,56.45
2025-06-18,44,50.97
2025-06-18,45,48.74
2025-06-18,46,49.39
2025-06-18,47,44.22
2025-06-18,48,48.72
2025-06-19,1,52.93
2025-06-19,2,44.32
2025-06-19,3,41.96
2025-06-19,4,42.49
2025-06-19,5,40.38
2025-06-19,6,35.41
2025-06-19,7,41.67
2025-06-19,8,34.86
2025-06-19,9,41.63
2025-06-19,10,35.84
2025-06-19,11,35.16
2025-06-19,12,48.49
2025-06-19,13,44.59
2025-06-19,14,54.24
2025-06-19,15,56.82
2025-06-19,16,59.95
2025-06-19,17,59.18
2025-06-19,18,62.37
2025-06-19,19,60.52
2025-06-19,20,66.63
2025-06-19,21,60.59
2025-06-19,22,61.5
2025-06-19,23,65.88
2025-06-19,24,61.2
2025-06-19,25,57.53
2025-06-19,26,61.59
2025-06-19,27,71.29
2025-06-19,28,68.79
2025-06-19,29,71.39
2025-06-19,30,73.77
2025-06-19,31,82.91
2025-06-19,32,71.39
2025-06-19,33,83.46
2025-06-19,34,87.94
2025-06-19,35,90.16
2025-06-19,36,93.61
2025-06-19,37,91.31
2025-06-19,38,82.54
2025-06-19,39,70.7
2025-06-19,40,81.2
2025-06-19,41,65.36
2025-06-19,42,60.89
2025-06-19,43,61.75
2025-06-19,44,52.12
2025-06-19,45,56.45
2025-06-19,46,48.03
2025-06-19,47,54.81
2025-06-19,48,47.75
2025-06-20,1,45.5
2025-06-20,2,43.02
2025-06-20,3,45.83
2025-06-20,4,41.59
2025-06-20,5,39.56
2025-06-20,6,39.47
2025-06-20,7,45.38
2025-06-20,8,41.38
2025-06-20,9,40.97
2025-06-20,10,40.36
2025-06-20,11,42.39
2025-06-20,12,50.24
2025-06-20,13,45.22
2025-06-20,14,55.06
2025-06-20,15,58.83
2025-06-20,16,60.08
2025-06-20,17,60.77
2025-06-20,18,56.81
2025-06-20,19,65.64
2025-06-20,20,56.32
2025-06-20,21,63.03
2025-06-20,22,62.55
2025-06-20,23,65.82
2025-06-20,24,59.94
2025-06-20,25,60.76
2025-06-20,26,67.81
2025-06-20,27,66.21
2025-06-20,28,60.22
2025-06-20,29,70.02
2025-06-20,30,79.64
2025-06-20,31,77.77
2025-06-20,32,74.75
2025-06-20,33,85.65
2025-06-20,34,91.53
2025-06-20,35,83.11
2025-06-20,36,89.03
2025-06-20,37,92.99
2025-06-20,38,77.11
2025-06-20,39,76.14
2025-06-20,40,70.13
2025-06-20,41,63.56
2025-06-20,42,65.89
2025-06-20,43,61.45
2025-06-20,44,52.35
2025-06-20,45,47.08
2025-06-20,46,54.23
2025-06-20,47,50.48
2025-06-20,48,45.75
2025-06-21,1,41.03
2025-06-21,2,36.55
2025-06-21,3,34.05
2025-06-21,4,32.94
2025-06-21,5,46.18
2025-06-21,6,26.36
2025-06-21,7,28.4
2025-06-21,8,40.03
2025-06-21,9,39.64
2025-06-21,10,38.41
2025-06-21,11,30.37
2025-06-21,12,42.47
2025-06-21,13,38.99
2025-06-21,14,45.59
2025-06-21,15,50.79
2025-06-21,16,54.01
2025-06-21,17,51.42
2025-06-21,18,60.22
2025-06-21,19,58.54
2025-06-21,20,51.2
2025-06-21,21,52.83
2025-06-21,22,51.69
2025-06-21,23,-40.17
2025-06-21,24,-36.72
2025-06-21,25,-45.75
2025-06-21,26,-45.29
2025-06-21,27,-39.6
2025-06-21,28,-29.64
2025-06-21,29,-32.56
2025-06-21,30,-25.13
2025-06-21,31,65.72
2025-06-21,32,66.42
2025-06-21,33,66.83
2025-06-21,34,73.59
2025-06-21,35,76.54
2025-06-21,36,69.47
2025-06-21,37,73.71
2025-06-21,38,69.64
2025-06-21,39,67.91
2025-06-21,40,62.16
2025-06-21,41,58.54
2025-06-21,42,46.53
2025-06-21,43,45.11
2025-06-21,44,50.72
2025-06-21,45,43.87
2025-06-21,46,46.52
2025-06-21,47,41.03
2025-06-21,48,40.97
2025-06-22,1,40.77
2025-06-22,2,35.25
2025-06-22,3,35.68
2025-06-22,4,37.13
2025-06-22,5,35.55
2025-06-22,6,40.83
2025-06-22,7,32.62
2025-06-22,8,37.68
2025-06-22,9,37.05
2025-06-22,10,30.52
2025-06-22,11,38.6
2025-06-22,12,39.87
2025-06-22,13,40.84
2025-06-22,14,52.97
2025-06-22,15,54.19
2025-06-22,16,48.82
2025-06-22,17,56.44
2025-06-22,18,57.92
2025-06-22,19,55.75
2025-06-22,20,50.52
2025-06-22,21,50.81
2025-06-22,22,56.71
2025-06-22,23,56.98
2025-06-22,24,54.5
2025-06-22,25,61.79
2025-06-22,26,63.49
2025-06-22,27,64.52
2025-06-22,28,65.76
2025-06-22,29,61.29
2025-06-22,30,58.08
2025-06-22,31,64.9
2025-06-22,32,69.16
2025-06-22,33,70.85
2025-06-22,34,75.2
2025-06-22,35,74.22
2025-06-22,36,81.84
2025-06-22,37,83.41
2025-06-22,38,82.4
2025-06-22,39,68.66
2025-06-22,40,61.49
2025-06-22,41,56.98
2025-06-22,42,58.34
2025-06-22,43,54.91
2025-06-22,44,45.95
2025-06-22,45,49.62
2025-06-22,46,43.68
2025-06-22,47,38.55
2025-06-22,48,39.51
2025-06-23,1,47.4
2025-06-23,2,45.33
2025-06-23,3,42.22
2025-06-23,4,44.9
2025-06-23,5,41.11
2025-06-23,6,38.85
2025-06-23,7,33.82
2025-06-23,8,45.37
2025-06-23,9,40.45
2025-06-23,10,40.01
2025-06-23,11,42.96
2025-06-23,12,51.6
2025-06-23,13,52.51
2025-06-23,14,50.57
2025-06-23,15,57.49
2025-06-23,16,63.72
2025-06-23,17,62.5
2025-06-23,18,62.79
2025-06-23,19,54.19
2025-06-23,20,67.25
2025-06-23,21,57.82
2025-06-23,22,54.43
2025-06-23,23,55.09
2025-06-23,24,59.66
2025-06-23,25,66.03
2025-06-23,26,69.86
2025-06-23,27,67.8
2025-06-23,28,74.76
2025-06-23,29,67.95
2025-06-23,30,70.98
2025-06-23,31,67.58
2025-06-23,32,76.64
2025-06-23,33,75.02
2025-06-23,34,81.63
2025-06-23,35,91.91
2025-06-23,36,82.81
2025-06-23,37,80.83
2025-06-23,38,75.59
2025-06-23,39,79.83
2025-06-23,40,77.06
2025-06-23,41,64.47
2025-06-23,42,63.74
2025-06-23,43,51.51
2025-06-23,44,58.11
2025-06-23,45,47.93
2025-06-23,46,51.46
2025-06-23,47,46.94
2025-06-23,48,37.82
2025-06-24,1,39.55
2025-06-24,2,42.19
2025-06-24,3,42.34
2025-06-24,4,38.12
2025-06-24,5,45.67
2025-06-24,6,43.14
2025-06-24,7,41.45
2025-06-24,8,40.47
2025-06-24,9,34.49
2025-06-24,10,47.15
2025-06-24,11,45.59
2025-06-24,12,47.14
2025-06-24,13,45.49
2025-06-24,14,49.3
2025-06-24,15,57.47
2025-06-24,16,63.09
2025-06-24,17,67.87
2025-06-24,18,59.23
2025-06-24,19,61.78
2025-06-24,20,53.75
2025-06-24,21,51.96
2025-06-24,22,63.87
2025-06-24,23,58.76
2025-06-24,24,55.05
2025-06-24,25,59.3
2025-06-24,26,66.45
2025-06-24,27,67.82
2025-06-24,28,61.12
2025-06-24,29,74.36
2025-06-24,30,68.97
2025-06-24,31,75.98
2025-06-24,32,78.92
2025-06-24,33,82.96
2025-06-24,34,83.06
2025-06-24,35,89.1
2025-06-24,36,90.44
2025-06-24,37,86.2
2025-06-24,38,82.85
2025-06-24,39,80.97
2025-06-24,40,68.46
2025-06-24,41,67.25
2025-06-24,42,59.0
2025-06-24,43,61.74
2025-06-24,44,47.45
2025-06-24,45,55.9
2025-06-24,46,46.56
2025-06-24,47,55.39
2025-06-24,48,47.14
2025-06-25,1,46.19
2025-06-25,2,46.16
2025-06-25,3,38.27
2025-06-25,4,46.53
2025-06-25,5,41.96
2025-06-25,6,39.72
2025-06-25,7,32.81
2025-06-25,8,33.26
2025-06-25,9,46.95
2025-06-25,10,46.92
2025-06-25,11,49.58
2025-06-25,12,52.84
2025-06-25,13,53.84
2025-06-25,14,52.75
2025-06-25,15,57.62
2025-06-25,16,55.82
2025-06-25,17,61.8
2025-06-25,18,65.02
2025-06-25,19,65.34
2025-06-25,20,61.5
2025-06-25,21,53.55
2025-06-25,22,55.59
2025-06-25,23,63.95
2025-06-25,24,60.79
2025-06-25,25,66.48
2025-06-25,26,60.07
2025-06-25,27,71.6
2025-06-25,28,63.78
2025-06-25,29,75.17
2025-06-25,30,65.4
2025-06-25,31,77.14
2025-06-25,32,74.88
2025-06-25,33,82.8
2025-06-25,34,90.93
2025-06-25,35,92.62
2025-06-25,36,85.89
2025-06-25,37,84.37
2025-06-25,38,75.99
2025-06-25,39,69.23
2025-06-25,40,66.87
2025-06-25,41,61.08
2025-06-25,42,53.69
2025-06-25,43,55.11
2025-06-25,44,52.83
2025-06-25,45,50.53
2025-06-25,46,45.39
2025-06-25,47,44.53
2025-06-25,48,44.04
2025-06-26,1,41.99
2025-06-26,2,44.9
2025-06-26,3,38.56
2025-06-26,4,45.13
2025-06-26,5,36.32
2025-06-26,6,40.74
2025-06-26,7,43.19
2025-06-26,8,41.83
2025-06-26,9,33.19
2025-06-26,10,42.09
2025-06-26,11,40.15
2025-06-26,12,40.03
2025-06-26,13,49.13
2025-06-26,14,46.69
2025-06-26,15,56.25
2025-06-26,16,64.27
2025-06-26,17,61.94
2025-06-26,18,60.99
2025-06-26,19,61.52
2025-06-26,20,65.53
2025-06-26,21,60.33
2025-06-26,22,59.66
2025-06-26,23,58.2
2025-06-26,24,59.12
2025-06-26,25,67.27
2025-06-26,26,62.87
2025-06-26,27,68.24
2025-06-26,28,69.94
2025-06-26,29,65.3
2025-06-26,30,68.28
2025-06-26,31,76.89
2025-06-26,32,79.01
2025-06-26,33,81.95
2025-06-26,34,88.3
2025-06-26,35,92.89
2025-06-26,36,88.85
2025-06-26,37,84.37
2025-06-26,38,82.58
2025-06-26,39,73.03
2025-06-26,40,70.64
2025-06-26,41,64.38
2025-06-26,42,56.34
2025-06-26,43,54.2
2025-06-26,44,51.56
2025-06-26,45,53.41
2025-06-26,46,44.99
2025-06-26,47,43.52
2025-06-26,48,43.72
2025-06-27,1,43.37
2025-06-27,2,39.99
2025-06-27,3,41.03
2025-06-27,4,37.67
2025-06-27,5,36.15
2025-06-27,6,41.0
2025-06-27,7,44.22
2025-06-27,8,43.22
2025-06-27,9,44.95
2025-06-27,10,46.4
2025-06-27,11,42.37
2025-06-27,12,52.72
2025-06-27,13,51.17
2025-06-27,14,47.79
2025-06-27,15,52.49
2025-06-27,16,58.94
2025-06-27,17,64.14
2025-06-27,18,60.88
2025-06-27,19,58.16
2025-06-27,20,64.92
2025-06-27,21,56.97
2025-06-27,22,62.62
2025-06-27,23,61.98
2025-06-27,24,57.2
2025-06-27,25,70.68
2025-06-27,26,64.76
2025-06-27,27,61.15
2025-06-27,28,67.46
2025-06-27,29,62.08
2025-06-27,30,72.77
2025-06-27,31,77.88
2025-06-27,32,89.11
2025-06-27,33,82.9
2025-06-27,34,271.82
2025-06-27,35,277.66
2025-06-27,36,282.76
2025-06-27,37,276.65
2025-06-27,38,273.45
2025-06-27,39,267.31
2025-06-27,40,71.96
2025-06-27,41,58.64
2025-06-27,42,53.66
2025-06-27,43,49.39
2025-06-27,44,47.97
2025-06-27,45,46.06
2025-06-27,46,55.84
2025-06-27,47,43.84
2025-06-27,48,45.53
2025-06-28,1,38.25
2025-06-28,2,36.56
2025-06-28,3,33.82
2025-06-28,4,36.37
2025-06-28,5,30.64
2025-06-28,6,37.01
2025-06-28,7,39.57
2025-06-28,8,33.58
2025-06-28,9,37.31
2025-06-28,10,36.38
2025-06-28,11,39.56
2025-06-28,12,43.58
2025-06-28,13,44.15
2025-06-28,14,48.96
2025-06-28,15,50.74
2025-06-28,16,54.89
2025-06-28,17,54.71
2025-06-28,18,55.81
2025-06-28,19,57.46
2025-06-28,20,54.16
2025-06-28,21,55.96
2025-06-28,22,50.58
2025-06-28,23,47.24
2025-06-28,24,55.53
2025-06-28,25,52.84
2025-06-28,26,64.74
2025-06-28,27,54.87
2025-06-28,28,62.33
2025-06-28,29,57.95
2025-06-28,30,62.74
2025-06-28,31,61.1
2025-06-28,32,64.12
2025-06-28,33,73.8
2025-06-28,34,74.39
2025-06-28,35,81.03
2025-06-28,36,83.2
2025-06-28,37,69.76
2025-06-28,38,76.36
2025-06-28,39,63.01
2025-06-28,40,60.1
2025-06-28,41,50.83
2025-06-28,42,46.77
2025-06-28,43,41.16
2025-06-28,44,44.72
2025-06-28,45,44.5
2025-06-28,46,41.03
2025-06-28,47,33.83
2025-06-28,48,31.81
2025-06-29,1,37.8
2025-06-29,2,40.54
2025-06-29,3,37.76
2025-06-29,4,36.43
2025-06-29,5,43.73
2025-06-29,6,41.68
2025-06-29,7,31.22
2025-06-29,8,37.86
2025-06-29,9,30.76
2025-06-29,10,37.44
2025-06-29,11,32.23
2025-06-29,12,37.24
2025-06-29,13,44.72
2025-06-29,14,43.42
2025-06-29,15,44.06
2025-06-29,16,48.4
2025-06-29,17,49.38
2025-06-29,18,55.84
2025-06-29,19,59.21
2025-06-29,20,53.37
2025-06-29,21,57.99
2025-06-29,22,51.56
2025-06-29,23,53.79
2025-06-29,24,62.01
2025-06-29,25,55.03
2025-06-29,26,61.01
2025-06-29,27,54.9
2025-06-29,28,58.91
2025-06-29,29,57.07
2025-06-29,30,62.81
2025-06-29,31,66.23
2025-06-29,32,71.69
2025-06-29,33,70.04
2025-06-29,34,75.0
2025-06-29,35,82.51
2025-06-29,36,73.06
2025-06-29,37,65.93
2025-06-29,38,69.25
2025-06-29,39,69.18
2025-06-29,40,61.65
2025-06-29,41,52.51
2025-06-29,42,52.45
2025-06-29,43,47.39
2025-06-29,44,40.0
2025-06-29,45,42.82
2025-06-29,46,45.42
2025-06-29,47,39.81
2025-06-29,48,33.52
2025-06-30,1,43.01
2025-06-30,2,38.57
2025-06-30,3,42.85
2025-06-30,4,38.58
2025-06-30,5,41.79
2025-06-30,6,32.85
2025-06-30,7,38.39
2025-06-30,8,40.38
2025-06-30,9,40.97
2025-06-30,10,44.06
2025-06-30,11,41.82
2025-06-30,12,46.79
2025-06-30,13,47.62
2025-06-30,14,54.26
2025-06-30,15,48.73
2025-06-30,16,47.61
2025-06-30,17,65.32
2025-06-30,18,59.21
2025-06-30,19,54.91
2025-06-30,20,60.8
2025-06-30,21,59.04
2025-06-30,22,62.57
2025-06-30,23,63.46
2025-06-30,24,60.58
2025-06-30,25,66.96
2025-06-30,26,59.51
2025-06-30,27,56.15
2025-06-30,28,67.51
2025-06-30,29,67.61
2025-06-30,30,63.38
2025-06-30,31,76.49
2025-06-30,32,71.11
2025-06-30,33,81.64
2025-06-30,34,88.91
2025-06-30,35,89.24
2025-06-30,36,89.18
2025-06-30,37,84.14
2025-06-30,38,82.21
2025-06-30,39,77.75
2025-06-30,40,66.99
2025-06-30,41,59.39
2025-06-30,42,62.33
2025-06-30,43,62.83
2025-06-30,44,58.46
2025-06-30,45,39.62
2025-06-30,46,53.16
2025-06-30,47,43.89
2025-06-30,48,52.1
2025-07-01,1,46.46
2025-07-01,2,44.63
2025-07-01,3,42.1
2025-07-01,4,41.07
2025-07-01,5,41.67
2025-07-01,6,32.73
2025-07-01,7,43.18
2025-07-01,8,42.54
2025-07-01,9,33.09
2025-07-01,10,50.82
2025-07-01,11,42.74
2025-07-01,12,40.46
2025-07-01,13,49.08
2025-07-01,14,47.61
2025-07-01,15,48.36
2025-07-01,16,56.85
2025-07-01,17,59.3
2025-07-01,18,55.09
2025-07-01,19,58.51
2025-07-01,20,57.21
2025-07-01,21,59.59
2025-07-01,22,63.59
2025-07-01,23,61.96
2025-07-01,24,62.02
2025-07-01,25,55.85
2025-07-01,26,64.15
2025-07-01,27,61.1
2025-07-01,28,59.95
2025-07-01,29,72.05
2025-07-01,30,65.53
2025-07-01,31,74.32
2025-07-01,32,75.83
2025-07-01,33,78.15
2025-07-01,34,90.59
2025-07-01,35,85.67
2025-07-01,36,86.11
2025-07-01,37,82.96
2025-07-01,38,82.11
2025-07-01,39,74.96
2025-07-01,40,66.66
2025-07-01,41,60.13
2025-07-01,42,58.92
2025-07-01,43,52.74
2025-07-01,44,59.3
2025-07-01,45,47.95
2025-07-01,46,49.41
2025-07-01,47,45.99
2025-07-01,48,43.67
2025-07-02,1,40.74
2025-07-02,2,43.81
2025-07-02,3,46.89
2025-07-02,4,39.64
2025-07-02,5,42.26
2025-07-02,6,39.67
2025-07-02,7,39.27
2025-07-02,8,44.24
2025-07-02,9,40.61
2025-07-02,10,39.37
2025-07-02,11,40.66
2025-07-02,12,43.64
2025-07-02,13,44.99
2025-07-02,14,50.22
2025-07-02,15,54.95
2025-07-02,16,59.0
2025-07-02,17,56.18
2025-07-02,18,59.61
2025-07-02,19,60.05
2025-07-02,20,58.2
2025-07-02,21,58.62
2025-07-02,22,64.51
2025-07-02,23,-37.2
2025-07-02,24,-43.14
2025-07-02,25,-43.75
2025-07-02,26,-40.12
2025-07-02,27,-38.26
2025-07-02,28,-34.47
2025-07-02,29,-37.11
2025-07-02,30,-35.38
2025-07-02,31,83.64
2025-07-02,32,72.49
2025-07-02,33,85.45
2025-07-02,34,91.55
2025-07-02,35,86.93
2025-07-02,36,89.87
2025-07-02,37,79.07
2025-07-02,38,81.39
2025-07-02,39,80.13
2025-07-02,40,69.85
2025-07-02,41,63.88
2025-07-02,42,65.94
2025-07-02,43,58.53
2025-07-02,44,55.16
2025-07-02,45,46.73
2025-07-02,46,38.23
2025-07-02,47,47.78
2025-07-02,48,44.78
2025-07-03,1,52.49
2025-07-03,2,49.03
2025-07-03,3,41.8
2025-07-03,4,44.98
2025-07-03,5,40.33
2025-07-03,6,39.32
2025-07-03,7,42.75
2025-07-03,8,43.12
2025-07-03,9,42.14
2025-07-03,10,40.41
2025-07-03,11,40.68
2025-07-03,12,39.98
2025-07-03,13,48.34
2025-07-03,14,52.05
2025-07-03,15,57.96
2025-07-03,16,51.94
2025-07-03,17,60.46
2025-07-03,18,60.4
2025-07-03,19,61.22
2025-07-03,20,66.16
2025-07-03,21,65.98
2025-07-03,22,64.89
2025-07-03,23,61.6
2025-07-03,24,61.22
2025-07-03,25,67.79
2025-07-03,26,70.92
2025-07-03,27,71.67
2025-07-03,28,68.59
2025-07-03,29,68.5
2025-07-03,30,73.42
2025-07-03,31,76.76
2025-07-03,32,75.96
2025-07-03,33,80.96
2025-07-03,34,97.66
2025-07-03,35,86.23
2025-07-03,36,91.4
2025-07-03,37,83.61
2025-07-03,38,80.68
2025-07-03,39,71.7
2025-07-03,40,65.59
2025-07-03,41,66.11
2025-07-03,42,60.92
2025-07-03,43,62.55
2025-07-03,44,52.36
2025-07-03,45,50.53
2025-07-03,46,47.77
2025-07-03,47,42.33
2025-07-03,48,47.06
2025-07-04,1,39.05
2025-07-04,2,40.92
2025-07-04,3,42.85
2025-07-04,4,35.46
2025-07-04,5,36.12
2025-07-04,6,38.96
2025-07-04,7,47.18
2025-07-04,8,36.12
2025-07-04,9,38.93
2025-07-04,10,50.95
2025-07-04,11,45.73
2025-07-04,12,37.97
2025-07-04,13,46.7
2025-07-04,14,53.38
2025-07-04,15,60.36
2025-07-04,16,63.28
2025-07-04,17,62.2
2025-07-04,18,64.0
2025-07-04,19,56.18
2025-07-04,20,58.33
2025-07-04,21,55.59
2025-07-04,22,64.87
2025-07-04,23,62.65
2025-07-04,24,62.33
2025-07-04,25,69.07
2025-07-04,26,66.15
2025-07-04,27,69.74
2025-07-04,28,69.57
2025-07-04,29,71.67
2025-07-04,30,66.39
2025-07-04,31,77.54
2025-07-04,32,79.36
2025-07-04,33,79.99
2025-07-04,34,88.1
2025-07-04,35,92.86
2025-07-04,36,87.49
2025-07-04,37,82.56
2025-07-04,38,78.26
2025-07-04,39,69.71
2025-07-04,40,68.51
2025-07-04,41,65.92
2025-07-04,42,65.78
2025-07-04,43,51.89
2025-07-04,44,53.63
2025-07-04,45,49.94
2025-07-04,46,47.85
2025-07-04,47,40.05
2025-07-04,48,40.6
2025-07-05,1,38.12
2025-07-05,2,40.0
2025-07-05,3,39.54
2025-07-05,4,35.39
2025-07-05,5,34.14
2025-07-05,6,34.51
2025-07-05,7,31.44
2025-07-05,8,39.09
2025-07-05,9,32.97
2025-07-05,10,35.43
2025-07-05,11,38.11
2025-07-05,12,40.57
2025-07-05,13,42.94
2025-07-05,14,44.32
2025-07-05,15,54.55
2025-07-05,16,51.02
2025-07-05,17,51.7
2025-07-05,18,60.93
2025-07-05,19,50.84
2025-07-05,20,60.88
2025-07-05,21,45.44
2025-07-05,22,51.79
2025-07-05,23,47.06
2025-07-05,24,48.96
2025-07-05,25,57.09
2025-07-05,26,57.39
2025-07-05,27,54.87
2025-07-05,28,65.03
2025-07-05,29,64.53
2025-07-05,30,61.82
2025-07-05,31,57.5
2025-07-05,32,71.92
2025-07-05,33,69.82
2025-07-05,34,76.2
2025-07-05,35,80.29
2025-07-05,36,75.64
2025-07-05,37,80.32
2025-07-05,38,69.75
2025-07-05,39,68.33
2025-07-05,40,63.83
2025-07-05,41,59.52
2025-07-05,42,58.7
2025-07-05,43,45.15
2025-07-05,44,41.34
2025-07-05,45,42.53
2025-07-05,46,54.26
2025-07-05,47,45.98
2025-07-05,48,37.04
2025-07-06,1,41.54
2025-07-06,2,33.84
2025-07-06,3,31.33
2025-07-06,4,36.12
2025-07-06,5,31.65
2025-07-06,6,40.81
2025-07-06,7,34.71
2025-07-06,8,35.53
2025-07-06,9,36.01
2025-07-06,10,38.31
2025-07-06,11,40.21
2025-07-06,12,39.41
2025-07-06,13,37.76
2025-07-06,14,44.2
2025-07-06,15,48.15
2025-07-06,16,44.14
2025-07-06,17,44.23
2025-07-06,18,48.83
2025-07-06,19,46.09
2025-07-06,20,51.7
2025-07-06,21,50.27
2025-07-06,22,53.69
2025-07-06,23,56.52
2025-07-06,24,55.51
2025-07-06,25,56.96
2025-07-06,26,59.97
2025-07-06,27,55.93
2025-07-06,28,48.0
2025-07-06,29,52.95
2025-07-06,30,63.95
2025-07-06,31,65.44
2025-07-06,32,70.8
2025-07-06,33,83.04
2025-07-06,34,75.83
2025-07-06,35,76.64
2025-07-06,36,78.55
2025-07-06,37,70.36
2025-07-06,38,74.21
2025-07-06,39,65.42
2025-07-06,40,67.47
2025-07-06,41,49.4
2025-07-06,42,51.69
2025-07-06,43,45.88
2025-07-06,44,41.56
2025-07-06,45,46.26
2025-07-06,46,40.77
2025-07-06,47,45.86
2025-07-06,48,37.07
2025-07-07,1,42.05
2025-07-07,2,48.37
2025-07-07,3,36.35
2025-07-07,4,31.14
2025-07-07,5,34.93
2025-07-07,6,37.0
2025-07-07,7,39.22
2025-07-07,8,35.68
2025-07-07,9,40.45
2025-07-07,10,43.49
2025-07-07,11,43.83
2025-07-07,12,44.05
2025-07-07,13,52.29
2025-07-07,14,47.67
2025-07-07,15,53.43
2025-07-07,16,55.32
2025-07-07,17,62.38
2025-07-07,18,59.24
2025-07-07,19,62.78
2025-07-07,20,64.17
2025-07-07,21,58.55
2025-07-07,22,54.16
2025-07-07,23,60.05
2025-07-07,24,58.52
2025-07-07,25,60.12
2025-07-07,26,53.91
2025-07-07,27,58.5
2025-07-07,28,69.53
2025-07-07,29,64.29
2025-07-07,30,74.96
2025-07-07,31,70.54
2025-07-07,32,79.16
2025-07-07,33,80.35
2025-07-07,34,87.69
2025-07-07,35,86.42
2025-07-07,36,88.45
2025-07-07,37,90.2
2025-07-07,38,82.7
2025-07-07,39,72.29
2025-07-07,40,61.47
2025-07-07,41,62.92
2025-07-07,42,60.38
2025-07-07,43,55.55
2025-07-07,44,48.51
2025-07-07,45,50.29
2025-07-07,46,50.37
2025-07-07,47,51.59
2025-07-07,48,43.6
2025-07-08,1,45.07
2025-07-08,2,37.75
2025-07-08,3,40.71
2025-07-08,4,38.35
2025-07-08,5,41.68
2025-07-08,6,37.02
2025-07-08,7,36.4
2025-07-08,8,43.69
2025-07-08,9,41.06
2025-07-08,10,40.98
2025-07-08,11,34.68
2025-07-08,12,47.05
2025-07-08,13,45.56
2025-07-08,14,51.94
2025-07-08,15,46.97
2025-07-08,16,58.58
2025-07-08,17,60.49
2025-07-08,18,59.97
2025-07-08,19,57.58
2025-07-08,20,65.51
2025-07-08,21,57.54
2025-07-08,22,64.14
2025-07-08,23,65.08
2025-07-08,24,58.32
2025-07-08,25,65.63
2025-07-08,26,62.02
2025-07-08,27,67.48
2025-07-08,28,62.53
2025-07-08,29,67.52
2025-07-08,30,70.58
2025-07-08,31,73.22
2025-07-08,32,78.67
2025-07-08,33,78.06
2025-07-08,34,82.81
2025-07-08,35,90.21
2025-07-08,36,85.87
2025-07-08,37,83.22
2025-07-08,38,77.38
2025-07-08,39,73.14
2025-07-08,40,64.79
2025-07-08,41,66.22
2025-07-08,42,56.81
2025-07-08,43,50.55
2025-07-08,44,51.16
2025-07-08,45,44.06
2025-07-08,46,44.26
2025-07-08,47,51.4
2025-07-08,48,40.11
2025-07-09,1,42.11
2025-07-09,2,45.6
2025-07-09,3,36.4
2025-07-09,4,38.39
2025-07-09,5,39.57
2025-07-09,6,35.61
2025-07-09,7,44.73
2025-07-09,8,40.62
2025-07-09,9,34.97
2025-07-09,10,42.46
2025-07-09,11,47.59
2025-07-09,12,41.65
2025-07-09,13,52.85
2025-07-09,14,51.82
2025-07-09,15,55.11
2025-07-09,16,62.22
2025-07-09,17,60.49
2025-07-09,18,62.4
2025-07-09,19,61.45
2025-07-09,20,53.78
2025-07-09,21,62.12
2025-07-09,22,61.46
2025-07-09,23,-40.12
2025-07-09,24,-48.04
2025-07-09,25,-34.37
2025-07-09,26,-39.2
2025-07-09,27,-39.08
2025-07-09,28,-38.11
2025-07-09,29,-39.35
2025-07-09,30,-27.38
2025-07-09,31,82.71
2025-07-09,32,74.77
2025-07-09,33,84.51
2025-07-09,34,84.57
2025-07-09,35,88.39
2025-07-09,36,87.19
2025-07-09,37,88.27
2025-07-09,38,75.85
2025-07-09,39,75.32
2025-07-09,40,73.38
2025-07-09,41,66.05
2025-07-09,42,59.87
2025-07-09,43,55.24
2025-07-09,44,50.49
2025-07-09,45,48.19
2025-07-09,46,41.43
2025-07-09,47,47.96
2025-07-09,48,49.89
2025-07-10,1,42.52
2025-07-10,2,41.08
2025-07-10,3,38.33
2025-07-10,4,42.74
2025-07-10,5,36.54
2025-07-10,6,39.04
2025-07-10,7,34.26
2025-07-10,8,39.71
2025-07-10,9,40.65
2025-07-10,10,36.96
2025-07-10,11,42.6
2025-07-10,12,44.11
2025-07-10,13,45.53
2025-07-10,14,48.95
2025-07-10,15,56.06
2025-07-10,16,57.5
2025-07-10,17,63.46
2025-07-10,18,56.65
2025-07-10,19,60.28
2025-07-10,20,58.3
2025-07-10,21,60.68
2025-07-10,22,61.49
2025-07-10,23,56.08
2025-07-10,24,63.93
2025-07-10,25,71.19
2025-07-10,26,64.32
2025-07-10,27,61.36
2025-07-10,28,65.01
2025-07-10,29,66.58
2025-07-10,30,67.5
2025-07-10,31,76.12
2025-07-10,32,69.74
2025-07-10,33,82.26
2025-07-10,34,90.05
2025-07-10,35,92.13
2025-07-10,36,91.49
2025-07-10,37,82.44
2025-07-10,38,86.46
2025-07-10,39,76.34
2025-07-10,40,74.49
2025-07-10,41,67.53
2025-07-10,42,59.78
2025-07-10,43,53.83
2025-07-10,44,61.36
2025-07-10,45,42.45
2025-07-10,46,46.92
2025-07-10,47,40.29
2025-07-10,48,44.86
2025-07-11,1,42.86
2025-07-11,2,43.31
2025-07-11,3,38.69
2025-07-11,4,40.24
2025-07-11,5,38.43
2025-07-11,6,39.61
2025-07-11,7,32.48
2025-07-11,8,34.83
2025-07-11,9,44.57
2025-07-11,10,46.35
2025-07-11,11,35.37
2025-07-11,12,42.21
2025-07-11,13,44.35
2025-07-11,14,51.74
2025-07-11,15,53.9
2025-07-11,16,60.07
2025-07-11,17,54.19
2025-07-11,18,62.16
2025-07-11,19,59.66
2025-07-11,20,57.77
2025-07-11,21,62.17
2025-07-11,22,59.39
2025-07-11,23,60.36
2025-07-11,24,66.87
2025-07-11,25,62.79
2025-07-11,26,71.38
2025-07-11,27,55.47
2025-07-11,28,66.1
2025-07-11,29,63.39
2025-07-11,30,66.42
2025-07-11,31,70.57
2025-07-11,32,80.68
2025-07-11,33,79.5
2025-07-11,34,80.27
2025-07-11,35,89.82
2025-07-11,36,82.61
2025-07-11,37,91.72
2025-07-11,38,75.42
2025-07-11,39,73.68
2025-07-11,40,76.45
2025-07-11,41,61.87
2025-07-11,42,60.18
2025-07-11,43,54.34
2025-07-11,44,51.86
2025-07-11,45,46.27
2025-07-11,46,49.4
2025-07-11,47,51.19
2025-07-11,48,36.6
2025-07-12,1,45.69
2025-07-12,2,30.13
2025-07-12,3,39.64
2025-07-12,4,38.62
2025-07-12,5,37.4
2025-07-12,6,30.55
2025-07-12,7,34.03
2025-07-12,8,30.71
2025-07-12,9,36.74
2025-07-12,10,30.65
2025-07-12,11,35.45
2025-07-12,12,41.64
2025-07-12,13,38.71
2025-07-12,14,43.03
2025-07-12,15,44.08
2025-07-12,16,51.47
2025-07-12,17,51.87
2025-07-12,18,50.51
2025-07-12,19,51.13
2025-07-12,20,54.04
2025-07-12,21,48.89
2025-07-12,22,52.93
2025-07-12,23,53.58
2025-07-12,24,54.74
2025-07-12,25,52.86
2025-07-12,26,58.36
2025-07-12,27,60.83
2025-07-12,28,60.76
2025-07-12,29,60.51
2025-07-12,30,55.98
2025-07-12,31,71.08
2025-07-12,32,67.95
2025-07-12,33,72.6
2025-07-12,34,71.8
2025-07-12,35,75.82
2025-07-12,36,81.54
2025-07-12,37,77.92
2025-07-12,38,69.63
2025-07-12,39,71.93
2025-07-12,40,56.44
2025-07-12,41,48.84
2025-07-12,42,43.73
2025-07-12,43,51.36
2025-07-12,44,42.84
2025-07-12,45,43.01
2025-07-12,46,46.23
2025-07-12,47,41.67
2025-07-12,48,34.28
2025-07-13,1,32.67
2025-07-13,2,35.33
2025-07-13,3,35.47
2025-07-13,4,33.68
2025-07-13,5,32.69
2025-07-13,6,34.62
2025-07-13,7,38.34
2025-07-13,8,30.78
2025-07-13,9,24.9
2025-07-13,10,40.81
2025-07-13,11,34.55
2025-07-13,12,36.81
2025-07-13,13,39.44
2025-07-13,14,39.29
2025-07-13,15,46.11
2025-07-13,16,49.31
2025-07-13,17,54.14
2025-07-13,18,51.23
2025-07-13,19,43.87
2025-07-13,20,48.04
2025-07-13,21,57.57
2025-07-13,22,49.72
2025-07-13,23,55.61
2025-07-13,24,51.24
2025-07-13,25,58.21
2025-07-13,26,56.32
2025-07-13,27,51.16
2025-07-13,28,53.47
2025-07-13,29,53.69
2025-07-13,30,65.31
2025-07-13,31,59.31
2025-07-13,32,66.21
2025-07-13,33,71.01
2025-07-13,34,75.48
2025-07-13,35,74.8
2025-07-13,36,70.49
2025-07-13,37,69.93
2025-07-13,38,66.64
2025-07-13,39,55.2
2025-07-13,40,62.18
2025-07-13,41,57.56
2025-07-13,42,47.14
2025-07-13,43,53.38
2025-07-13,44,45.18
2025-07-13,45,46.95
2025-07-13,46,44.94
2025-07-13,47,39.81
2025-07-13,48,30.89
2025-07-14,1,48.43
2025-07-14,2,41.45
2025-07-14,3,31.98
2025-07-14,4,35.23
2025-07-14,5,42.34
2025-07-14,6,37.51
2025-07-14,7,34.14
2025-07-14,8,37.73
2025-07-14,9,43.7
2025-07-14,10,49.43
2025-07-14,11,42.01
2025-07-14,12,46.38
2025-07-14,13,46.88
2025-07-14,14,51.54
2025-07-14,15,50.47
2025-07-14,16,63.06
2025-07-14,17,57.69
2025-07-14,18,56.29
2025-07-14,19,57.85
2025-07-14,20,63.31
2025-07-14,21,57.53
2025-07-14,22,66.37
2025-07-14,23,-20.7
2025-07-14,24,-19.06
2025-07-14,25,-23.2
2025-07-14,26,-22.91
2025-07-14,27,-19.11
2025-07-14,28,-22.64
2025-07-14,29,-14.31
2025-07-14,30,-10.24
2025-07-14,31,70.34
2025-07-14,32,79.66
2025-07-14,33,82.05
2025-07-14,34,89.21
2025-07-14,35,93.65
2025-07-14,36,90.36
2025-07-14,37,84.7
2025-07-14,38,85.31
2025-07-14,39,74.93
2025-07-14,40,67.61
2025-07-14,41,60.65
2025-07-14,42,58.81
2025-07-14,43,58.73
2025-07-14,44,47.68
2025-07-14,45,44.52
2025-07-14,46,42.65
2025-07-14,47,49.92
2025-07-14,48,45.91
2025-07-15,1,44.02
2025-07-15,2,41.57
2025-07-15,3,41.08
2025-07-15,4,42.0
2025-07-15,5,44.23
2025-07-15,6,39.07
2025-07-15,7,34.88
2025-07-15,8,40.48
2025-07-15,9,42.62
2025-07-15,10,31.71
2025-07-15,11,39.35
2025-07-15,12,44.53
2025-07-15,13,45.35
2025-07-15,14,51.19
2025-07-15,15,51.67
2025-07-15,16,61.02
2025-07-15,17,59.72
2025-07-15,18,53.48
2025-07-15,19,63.84
2025-07-15,20,63.82
2025-07-15,21,60.17
2025-07-15,22,52.94
2025-07-15,23,64.29
2025-07-15,24,57.35
2025-07-15,25,60.97
2025-07-15,26,61.22
2025-07-15,27,58.94
2025-07-15,28,66.07
2025-07-15,29,68.56
2025-07-15,30,70.48
2025-07-15,31,72.25
2025-07-15,32,73.9
2025-07-15,33,86.89
2025-07-15,34,85.47
2025-07-15,35,83.32
2025-07-15,36,88.98
2025-07-15,37,86.37
2025-07-15,38,82.93
2025-07-15,39,74.59
2025-07-15,40,66.17
2025-07-15,41,57.6
2025-07-15,42,56.29
2025-07-15,43,48.07
2025-07-15,44,53.0
2025-07-15,45,43.05
2025-07-15,46,46.1
2025-07-15,47,48.74
2025-07-15,48,43.34
2025-07-16,1,41.54
2025-07-16,2,38.8
2025-07-16,3,40.3
2025-07-16,4,37.64
2025-07-16,5,41.27
2025-07-16,6,37.72
2025-07-16,7,32.58
2025-07-16,8,36.74
2025-07-16,9,34.95
2025-07-16,10,48.4
2025-07-16,11,42.41
2025-07-16,12,47.08
2025-07-16,13,46.89
2025-07-16,14,57.99
2025-07-16,15,49.11
2025-07-16,16,54.1
2025-07-16,17,63.96
2025-07-16,18,58.6
2025-07-16,19,57.92
2025-07-16,20,58.39
2025-07-16,21,68.04
2025-07-16,22,68.47
2025-07-16,23,62.32
2025-07-16,24,62.22
2025-07-16,25,65.55
2025-07-16,26,65.08
2025-07-16,27,65.4
2025-07-16,28,64.24
2025-07-16,29,65.28
2025-07-16,30,72.01
2025-07-16,31,73.64
2025-07-16,32,82.75
2025-07-16,33,79.97
2025-07-16,34,321.08
2025-07-16,35,321.27
2025-07-16,36,324.21
2025-07-16,37,319.22
2025-07-16,38,325.12
2025-07-16,39,313.08
2025-07-16,40,65.58
2025-07-16,41,64.99
2025-07-16,42,66.2
2025-07-16,43,52.99
2025-07-16,44,47.26
2025-07-16,45,47.88
2025-07-16,46,40.08
2025-07-16,47,47.87
2025-07-16,48,46.61
2025-07-17,1,37.61
2025-07-17,2,41.6
2025-07-17,3,48.34
2025-07-17,4,37.88
2025-07-17,5,41.89
2025-07-17,6,36.55
2025-07-17,7,45.84
2025-07-17,8,39.4
2025-07-17,9,34.91
2025-07-17,10,37.46
2025-07-17,11,38.65
2025-07-17,12,44.87
2025-07-17,13,44.49
2025-07-17,14,48.67
2025-07-17,15,61.94
2025-07-17,16,54.92
2025-07-17,17,60.21
2025-07-17,18,59.58
2025-07-17,19,60.71
2025-07-17,20,63.3
2025-07-17,21,51.52
2025-07-17,22,60.89
2025-07-17,23,-4.62
2025-07-17,24,-1.66
2025-07-17,25,-2.2
2025-07-17,26,-1.06
2025-07-17,27,2.08
2025-07-17,28,0.05
2025-07-17,29,11.81
2025-07-17,30,2.38
2025-07-17,31,78.84
2025-07-17,32,71.91
2025-07-17,33,79.95
2025-07-17,34,85.96
2025-07-17,35,83.32
2025-07-17,36,83.2
2025-07-17,37,83.78
2025-07-17,38,84.04
2025-07-17,39,75.04
2025-07-17,40,76.23
2025-07-17,41,65.33
2025-07-17,42,56.57
2025-07-17,43,43.92
2025-07-17,44,45.59
2025-07-17,45,48.4
2025-07-17,46,41.26
2025-07-17,47,45.05
2025-07-17,48,45.2
2025-07-18,1,41.12
2025-07-18,2,45.13
2025-07-18,3,35.87
2025-07-18,4,36.8
2025-07-18,5,32.13
2025-07-18,6,38.88
2025-07-18,7,41.77
2025-07-18,8,35.58
2025-07-18,9,39.59
2025-07-18,10,37.56
2025-07-18,11,40.06
2025-07-18,12,40.42
2025-07-18,13,52.44
2025-07-18,14,48.09
2025-07-18,15,53.36
2025-07-18,16,55.37
2025-07-18,17,60.97
2025-07-18,18,70.83
2025-07-18,19,72.25
2025-07-18,20,59.96
2025-07-18,21,62.19
2025-07-18,22,64.34
2025-07-18,23,65.91
2025-07-18,24,64.18
2025-07-18,25,67.05
2025-07-18,26,65.37
2025-07-18,27,62.39
2025-07-18,28,70.65
2025-07-18,29,68.51
2025-07-18,30,71.58
2025-07-18,31,67.88
2025-07-18,32,74.01
2025-07-18,33,79.69
2025-07-18,34,87.04
2025-07-18,35,94.45
2025-07-18,36,90.55
2025-07-18,37,84.39
2025-07-18,38,76.73
2025-07-18,39,79.92
2025-07-18,40,70.15
2025-07-18,41,50.49
2025-07-18,42,62.78
2025-07-18,43,56.4
2025-07-18,44,43.41
2025-07-18,45,52.17
2025-07-18,46,48.07
2025-07-18,47,40.76
2025-07-18,48,52.67
2025-07-19,1,37.1
2025-07-19,2,33.65
2025-07-19,3,38.24
2025-07-19,4,39.09
2025-07-19,5,29.14
2025-07-19,6,30.79
2025-07-19,7,32.8
2025-07-19,8,31.14
2025-07-19,9,33.93
2025-07-19,10,37.16
2025-07-19,11,42.18
2025-07-19,12,36.94
2025-07-19,13,39.27
2025-07-19,14,45.94
2025-07-19,15,47.33
2025-07-19,16,44.04
2025-07-19,17,48.79
2025-07-19,18,51.87
2025-07-19,19,56.58
2025-07-19,20,57.67
2025-07-19,21,48.7
2025-07-19,22,49.84
2025-07-19,23,56.71
2025-07-19,24,52.07
2025-07-19,25,56.21
2025-07-19,26,54.98
2025-07-19,27,56.92
2025-07-19,28,56.32
2025-07-19,29,63.93
2025-07-19,30,55.27
2025-07-19,31,62.58
2025-07-19,32,71.6
2025-07-19,33,70.29
2025-07-19,34,73.94
2025-07-19,35,80.27
2025-07-19,36,78.43
2025-07-19,37,77.92
2025-07-19,38,75.41
2025-07-19,39,59.79
2025-07-19,40,58.4
2025-07-19,41,52.02
2025-07-19,42,52.49
2025-07-19,43,52.08
2025-07-19,44,35.36
2025-07-19,45,36.98
2025-07-19,46,33.3
2025-07-19,47,36.63
2025-07-19,48,38.87
2025-07-20,1,41.76
2025-07-20,2,38.87
2025-07-20,3,34.47
2025-07-20,4,33.52
2025-07-20,5,37.33
2025-07-20,6,34.62
2025-07-20,7,29.45
2025-07-20,8,28.43
2025-07-20,9,37.36
2025-07-20,10,32.8
2025-07-20,11,37.33
2025-07-20,12,41.45
2025-07-20,13,36.81
2025-07-20,14,40.54
2025-07-20,15,54.18
2025-07-20,16,48.78
2025-07-20,17,56.47
2025-07-20,18,63.45
2025-07-20,19,54.59
2025-07-20,20,49.94
2025-07-20,21,53.61
2025-07-20,22,52.33
2025-07-20,23,-31.1
2025-07-20,24,-27.83
2025-07-20,25,-26.51
2025-07-20,26,-36.89
2025-07-20,27,-23.07
2025-07-20,28,-25.55
2025-07-20,29,-27.44
2025-07-20,30,-20.2
2025-07-20,31,60.15
2025-07-20,32,63.67
2025-07-20,33,75.56
2025-07-20,34,74.86
2025-07-20,35,82.92
2025-07-20,36,74.05
2025-07-20,37,75.92
2025-07-20,38,72.4
2025-07-20,39,67.41
2025-07-20,40,62.94
2025-07-20,41,57.38
2025-07-20,42,51.5
2025-07-20,43,40.39
2025-07-20,44,49.06
2025-07-20,45,34.06
2025-07-20,46,36.9
2025-07-20,47,37.52
2025-07-20,48,42.62
2025-07-21,1,49.84
2025-07-21,2,40.5
2025-07-21,3,41.14
2025-07-21,4,39.58
2025-07-21,5,42.38
2025-07-21,6,35.28
2025-07-21,7,35.08
2025-07-21,8,37.02
2025-07-21,9,42.14
2025-07-21,10,44.91
2025-07-21,11,41.9
2025-07-21,12,46.82
2025-07-21,13,49.35
2025-07-21,14,50.47
2025-07-21,15,53.89
2025-07-21,16,60.37
2025-07-21,17,67.23
2025-07-21,18,64.68
2025-07-21,19,65.78
2025-07-21,20,68.85
2025-07-21,21,57.58
2025-07-21,22,63.15
2025-07-21,23,66.56
2025-07-21,24,65.25
2025-07-21,25,60.08
2025-07-21,26,60.38
2025-07-21,27,71.29
2025-07-21,28,67.77
2025-07-21,29,69.03
2025-07-21,30,70.17
2025-07-21,31,79.19
2025-07-21,32,80.85
2025-07-21,33,80.34
2025-07-21,34,308.46
2025-07-21,35,307.87
2025-07-21,36,310.8
2025-07-21,37,310.43
2025-07-21,38,305.5
2025-07-21,39,287.9
2025-07-21,40,70.78
2025-07-21,41,69.05
2025-07-21,42,55.58
2025-07-21,43,62.71
2025-07-21,44,54.33
2025-07-21,45,53.35
2025-07-21,46,51.39
2025-07-21,47,40.48
2025-07-21,48,48.33
2025-07-22,1,42.62
2025-07-22,2,42.81
2025-07-22,3,37.69
2025-07-22,4,41.63
2025-07-22,5,43.92
2025-07-22,6,40.76
2025-07-22,7,38.9
2025-07-22,8,35.93
2025-07-22,9,39.34
2025-07-22,10,37.77
2025-07-22,11,39.95
2025-07-22,12,43.99
2025-07-22,13,46.51
2025-07-22,14,54.86
2025-07-22,15,51.89
2025-07-22,16,58.91
2025-07-22,17,57.74
2025-07-22,18,57.12
2025-07-22,19,63.43
2025-07-22,20,62.4
2025-07-22,21,58.0
2025-07-22,22,47.88
2025-07-22,23,65.25
2025-07-22,24,64.63
2025-07-22,25,67.12
2025-07-22,26,68.43
2025-07-22,27,64.85
2025-07-22,28,64.47
2025-07-22,29,60.67
2025-07-22,30,70.67
2025-07-22,31,71.39
2025-07-22,32,73.86
2025-07-22,33,75.69
2025-07-22,34,80.72
2025-07-22,35,81.79
2025-07-22,36,91.31
2025-07-22,37,89.49
2025-07-22,38,77.61
2025-07-22,39,79.73
2025-07-22,40,69.17
2025-07-22,41,69.04
2025-07-22,42,60.87
2025-07-22,43,57.3
2025-07-22,44,52.85
2025-07-22,45,46.65
2025-07-22,46,42.31
2025-07-22,47,46.7
2025-07-22,48,43.99
2025-07-23,1,36.5
2025-07-23,2,44.34
2025-07-23,3,40.2
2025-07-23,4,43.65
2025-07-23,5,36.68
2025-07-23,6,33.08
2025-07-23,7,37.32
2025-07-23,8,41.28
2025-07-23,9,41.37
2025-07-23,10,40.87
2025-07-23,11,39.87
2025-07-23,12,43.97
2025-07-23,13,53.3
2025-07-23,14,60.96
2025-07-23,15,55.97
2025-07-23,16,61.49
2025-07-23,17,56.72
2025-07-23,18,66.21
2025-07-23,19,59.64
2025-07-23,20,55.69
2025-07-23,21,65.05
2025-07-23,22,60.77
2025-07-23,23,66.38
2025-07-23,24,64.86
2025-07-23,25,57.37
2025-07-23,26,64.38
2025-07-23,27,61.24
2025-07-23,28,71.23
2025-07-23,29,68.22
2025-07-23,30,67.54
2025-07-23,31,65.11
2025-07-23,32,81.7
2025-07-23,33,79.8
2025-07-23,34,83.84
2025-07-23,35,89.16
2025-07-23,36,83.85
2025-07-23,37,79.01
2025-07-23,38,81.4
2025-07-23,39,71.15
2025-07-23,40,68.49
2025-07-23,41,59.74
2025-07-23,42,53.09
2025-07-23,43,48.24
2025-07-23,44,52.3
2025-07-23,45,53.95
2025-07-23,46,51.53
2025-07-23,47,46.01
2025-07-23,48,50.09
2025-07-24,1,46.04
2025-07-24,2,44.28
2025-07-24,3,38.77
2025-07-24,4,41.98
2025-07-24,5,38.92
2025-07-24,6,36.3
2025-07-24,7,42.99
2025-07-24,8,39.96
2025-07-24,9,41.91
2025-07-24,10,36.44
2025-07-24,11,40.27
2025-07-24,12,47.81
2025-07-24,13,46.28
2025-07-24,14,49.9
2025-07-24,15,50.06
2025-07-24,16,58.21
2025-07-24,17,55.35
2025-07-24,18,62.3
2025-07-24,19,57.11
2025-07-24,20,59.96
2025-07-24,21,66.78
2025-07-24,22,61.92
2025-07-24,23,59.46
2025-07-24,24,65.03
2025-07-24,25,59.69
2025-07-24,26,59.74
2025-07-24,27,63.41
2025-07-24,28,70.62
2025-07-24,29,72.09
2025-07-24,30,68.23
2025-07-24,31,72.15
2025-07-24,32,78.77
2025-07-24,33,90.94
2025-07-24,34,84.0
2025-07-24,35,92.82
2025-07-24,36,88.45
2025-07-24,37,88.55
2025-07-24,38,84.74
2025-07-24,39,75.63
2025-07-24,40,68.73
2025-07-24,41,62.42
2025-07-24,42,59.96
2025-07-24,43,59.6
2025-07-24,44,57.23
2025-07-24,45,54.45
2025-07-24,46,45.78
2025-07-24,47,43.67
2025-07-24,48,41.11
2025-07-25,1,37.8
2025-07-25,2,47.2
2025-07-25,3,38.24
2025-07-25,4,44.79
2025-07-25,5,38.38
2025-07-25,6,40.69
2025-07-25,7,37.06
2025-07-25,8,48.88
2025-07-25,9,35.31
2025-07-25,10,28.65
2025-07-25,11,43.42
2025-07-25,12,40.47
2025-07-25,13,48.26
2025-07-25,14,50.55
2025-07-25,15,52.23
2025-07-25,16,55.84
2025-07-25,17,61.35
2025-07-25,18,59.44
2025-07-25,19,60.51
2025-07-25,20,58.86
2025-07-25,21,67.04
2025-07-25,22,65.74
2025-07-25,23,55.0
2025-07-25,24,61.66
2025-07-25,25,59.38
2025-07-25,26,58.75
2025-07-25,27,52.13
2025-07-25,28,64.97
2025-07-25,29,66.98
2025-07-25,30,75.7
2025-07-25,31,77.53
2025-07-25,32,79.11
2025-07-25,33,84.25
2025-07-25,34,88.42
2025-07-25,35,89.31
2025-07-25,36,93.06
2025-07-25,37,80.13
2025-07-25,38,78.8
2025-07-25,39,72.47
2025-07-25,40,66.69
2025-07-25,41,62.69
2025-07-25,42,65.14
2025-07-25,43,58.47
2025-07-25,44,56.87
2025-07-25,45,49.33
2025-07-25,46,47.19
2025-07-25,47,48.29
2025-07-25,48,46.19
2025-07-26,1,39.05
2025-07-26,2,38.92
2025-07-26,3,35.93
2025-07-26,4,38.96
2025-07-26,5,40.35
2025-07-26,6,37.57
2025-07-26,7,35.99
2025-07-26,8,33.81
2025-07-26,9,35.44
2025-07-26,10,30.53
2025-07-26,11,32.57
2025-07-26,12,44.29
2025-07-26,13,48.8
2025-07-26,14,39.31
2025-07-26,15,50.06
2025-07-26,16,44.52
2025-07-26,17,59.19
2025-07-26,18,53.56
2025-07-26,19,63.91
2025-07-26,20,51.05
2025-07-26,21,51.27
2025-07-26,22,54.89
2025-07-26,23,57.25
2025-07-26,24,57.54
2025-07-26,25,59.06
2025-07-26,26,55.23
2025-07-26,27,61.12
2025-07-26,28,67.27
2025-07-26,29,63.08
2025-07-26,30,58.62
2025-07-26,31,66.3
2025-07-26,32,60.12
2025-07-26,33,74.41
2025-07-26,34,68.21
2025-07-26,35,79.82
2025-07-26,36,76.93
2025-07-26,37,79.07
2025-07-26,38,71.31
2025-07-26,39,71.7
2025-07-26,40,62.97
2025-07-26,41,60.16
2025-07-26,42,50.08
2025-07-26,43,46.6
2025-07-26,44,40.2
2025-07-26,45,39.17
2025-07-26,46,42.39
2025-07-26,47,40.76
2025-07-26,48,40.77
2025-07-27,1,35.45
2025-07-27,2,38.63
2025-07-27,3,41.8
2025-07-27,4,35.52
2025-07-27,5,28.4
2025-07-27,6,35.0
2025-07-27,7,37.97
2025-07-27,8,35.99
2025-07-27,9,37.15
2025-07-27,10,28.54
2025-07-27,11,32.0
2025-07-27,12,38.76
2025-07-27,13,46.36
2025-07-27,14,41.66
2025-07-27,15,48.74
2025-07-27,16,51.33
2025-07-27,17,48.48
2025-07-27,18,50.73
2025-07-27,19,53.79
2025-07-27,20,52.18
2025-07-27,21,56.64
2025-07-27,22,51.66
2025-07-27,23,57.23
2025-07-27,24,52.9
2025-07-27,25,55.32
2025-07-27,26,59.39
2025-07-27,27,56.81
2025-07-27,28,56.73
2025-07-27,29,59.66
2025-07-27,30,65.53
2025-07-27,31,65.99
2025-07-27,32,59.44
2025-07-27,33,68.78
2025-07-27,34,305.47
2025-07-27,35,312.72
2025-07-27,36,302.86
2025-07-27,37,309.61
2025-07-27,38,307.1
2025-07-27,39,302.02
2025-07-27,40,60.41
2025-07-27,41,49.34
2025-07-27,42,50.64
2025-07-27,43,54.29
2025-07-27,44,43.44
2025-07-27,45,52.49
2025-07-27,46,45.29
2025-07-27,47,39.96
2025-07-27,48,40.1
2025-07-28,1,46.07
2025-07-28,2,46.16
2025-07-28,3,33.89
2025-07-28,4,41.29
2025-07-28,5,38.75
2025-07-28,6,41.11
2025-07-28,7,40.04
2025-07-28,8,42.57
2025-07-28,9,33.69
2025-07-28,10,46.24
2025-07-28,11,40.41
2025-07-28,12,44.16
2025-07-28,13,40.54
2025-07-28,14,50.57
2025-07-28,15,54.44
2025-07-28,16,57.32
2025-07-28,17,56.95
2025-07-28,18,56.19
2025-07-28,19,63.87
2025-07-28,20,54.08
2025-07-28,21,63.92
2025-07-28,22,67.46
2025-07-28,23,69.94
2025-07-28,24,57.5
2025-07-28,25,65.18
2025-07-28,26,61.67
2025-07-28,27,70.01
2025-07-28,28,68.04
2025-07-28,29,67.01
2025-07-28,30,66.84
2025-07-28,31,72.08
2025-07-28,32,74.68
2025-07-28,33,81.44
2025-07-28,34,85.37
2025-07-28,35,85.4
2025-07-28,36,85.2
2025-07-28,37,87.96
2025-07-28,38,83.79
2025-07-28,39,71.95
2025-07-28,40,68.88
2025-07-28,41,60.03
2025-07-28,42,69.21
2025-07-28,43,51.29
2025-07-28,44,53.14
2025-07-28,45,51.57
2025-07-28,46,45.16
2025-07-28,47,42.67
2025-07-28,48,43.47
2025-07-29,1,46.5
2025-07-29,2,45.19
2025-07-29,3,47.65
2025-07-29,4,38.03
2025-07-29,5,42.04
2025-07-29,6,44.55
2025-07-29,7,39.99
2025-07-29,8,43.48
2025-07-29,9,39.67
2025-07-29,10,46.29
2025-07-29,11,39.51
2025-07-29,12,38.54
2025-07-29,13,46.12
2025-07-29,14,50.69
2025-07-29,15,56.32
2025-07-29,16,59.51
2025-07-29,17,57.13
2025-07-29,18,57.14
2025-07-29,19,67.88
2025-07-29,20,60.55
2025-07-29,21,58.87
2025-07-29,22,62.03
2025-07-29,23,57.26
2025-07-29,24,59.04
2025-07-29,25,66.06
2025-07-29,26,59.94
2025-07-29,27,59.87
2025-07-29,28,65.12
2025-07-29,29,69.29
2025-07-29,30,76.06
2025-07-29,31,75.0
2025-07-29,32,79.53
2025-07-29,33,77.54
2025-07-29,34,86.11
2025-07-29,35,83.24
2025-07-29,36,91.54
2025-07-29,37,86.01
2025-07-29,38,80.87
2025-07-29,39,77.31
2025-07-29,40,67.22
2025-07-29,41,61.62
2025-07-29,42,55.05
2025-07-29,43,62.24
2025-07-29,44,51.28
2025-07-29,45,48.58
2025-07-29,46,50.66
2025-07-29,47,46.21
2025-07-29,48,35.36
2025-07-30,1,45.16
2025-07-30,2,39.36
2025-07-30,3,34.27
2025-07-30,4,44.94
2025-07-30,5,37.08
2025-07-30,6,46.68
2025-07-30,7,42.92
2025-07-30,8,36.21
2025-07-30,9,42.47
2025-07-30,10,43.19
2025-07-30,11,49.5
2025-07-30,12,42.85
2025-07-30,13,46.77
2025-07-30,14,52.84
2025-07-30,15,54.72
2025-07-30,16,52.22
2025-07-30,17,64.1
2025-07-30,18,67.61
2025-07-30,19,62.07
2025-07-30,20,56.08
2025-07-30,21,60.4
2025-07-30,22,57.19
2025-07-30,23,60.18
2025-07-30,24,62.72
2025-07-30,25,65.59
2025-07-30,26,69.7
2025-07-30,27,67.78
2025-07-30,28,62.4
2025-07-30,29,71.07
2025-07-30,30,69.51
2025-07-30,31,73.04
2025-07-30,32,77.51
2025-07-30,33,82.27
2025-07-30,34,89.52
2025-07-30,35,89.81
2025-07-30,36,83.25
2025-07-30,37,79.65
2025-07-30,38,83.78
2025-07-30,39,77.54
2025-07-30,40,74.31
2025-07-30,41,63.25
2025-07-30,42,60.04
2025-07-30,43,57.09
2025-07-30,44,46.04
2025-07-30,45,43.46
2025-07-30,46,50.88
2025-07-30,47,47.7
2025-07-30,48,50.09
2025-07-31,1,34.35
2025-07-31,2,30.66
2025-07-31,3,41.44
2025-07-31,4,43.39
2025-07-31,5,45.83
2025-07-31,6,45.97
2025-07-31,7,40.24
2025-07-31,8,41.63
2025-07-31,9,41.14
2025-07-31,10,47.24
2025-07-31,11,37.72
2025-07-31,12,42.21
2025-07-31,13,51.18
2025-07-31,14,55.38
2025-07-31,15,60.1
2025-07-31,16,57.58
2025-07-31,17,58.13
2025-07-31,18,64.11
2025-07-31,19,57.15
2025-07-31,20,67.92
2025-07-31,21,58.92
2025-07-31,22,59.8
2025-07-31,23,64.31
2025-07-31,24,59.16
2025-07-31,25,58.46
2025-07-31,26,68.78
2025-07-31,27,61.19
2025-07-31,28,67.76
2025-07-31,29,68.52
2025-07-31,30,63.15
2025-07-31,31,69.65
2025-07-31,32,79.09
2025-07-31,33,86.77
2025-07-31,34,82.54
2025-07-31,35,84.4
2025-07-31,36,90.64
2025-07-31,37,88.99
2025-07-31,38,85.03
2025-07-31,39,76.37
2025-07-31,40,67.24
2025-07-31,41,66.86
2025-07-31,42,58.67
2025-07-31,43,57.94
2025-07-31,44,50.25
2025-07-31,45,49.14
2025-07-31,46,50.15
2025-07-31,47,38.06
2025-07-31,48,50.12
2025-08-01,1,43.77
2025-08-01,2,44.19
2025-08-01,3,43.57
2025-08-01,4,42.04
2025-08-01,5,40.53
2025-08-01,6,39.93
2025-08-01,7,37.23
2025-08-01,8,43.33
2025-08-01,9,48.15
2025-08-01,10,36.72
2025-08-01,11,42.87
2025-08-01,12,42.32
2025-08-01,13,50.03
2025-08-01,14,52.95
2025-08-01,15,55.34
2025-08-01,16,55.58
2025-08-01,17,58.32
2025-08-01,18,58.34
2025-08-01,19,54.74
2025-08-01,20,66.26
2025-08-01,21,63.7
2025-08-01,22,66.16
2025-08-01,23,60.0
2025-08-01,24,64.11
2025-08-01,25,59.76
2025-08-01,26,61.98
2025-08-01,27,73.65
2025-08-01,28,65.33
2025-08-01,29,72.33
2025-08-01,30,71.85
2025-08-01,31,68.36
2025-08-01,32,77.24
2025-08-01,33,83.47
2025-08-01,34,88.55
2025-08-01,35,80.93
2025-08-01,36,84.38
2025-08-01,37,87.15
2025-08-01,38,77.65
2025-08-01,39,80.47
2025-08-01,40,69.22
2025-08-01,41,65.76
2025-08-01,42,64.27
2025-08-01,43,50.48
2025-08-01,44,54.25
2025-08-01,45,50.59
2025-08-01,46,48.74
2025-08-01,47,45.46
2025-08-01,48,45.46
2025-08-02,1,39.64
2025-08-02,2,35.14
2025-08-02,3,34.4
2025-08-02,4,35.74
2025-08-02,5,37.89
2025-08-02,6,36.59
2025-08-02,7,39.52
2025-08-02,8,34.63
2025-08-02,9,39.51
2025-08-02,10,31.65
2025-08-02,11,39.25
2025-08-02,12,40.98
2025-08-02,13,51.58
2025-08-02,14,42.49
2025-08-02,15,43.49
2025-08-02,16,47.99
2025-08-02,17,50.54
2025-08-02,18,55.74
2025-08-02,19,49.27
2025-08-02,20,55.45
2025-08-02,21,53.92
2025-08-02,22,57.42
2025-08-02,23,56.59
2025-08-02,24,58.09
2025-08-02,25,57.62
2025-08-02,26,61.31
2025-08-02,27,51.73
2025-08-02,28,53.07
2025-08-02,29,60.32
2025-08-02,30,62.78
2025-08-02,31,61.07
2025-08-02,32,70.79
2025-08-02,33,67.02
2025-08-02,34,74.47
2025-08-02,35,77.55
2025-08-02,36,80.06
2025-08-02,37,73.7
2025-08-02,38,76.61
2025-08-02,39,73.35
2025-08-02,40,67.37
2025-08-02,41,63.48
2025-08-02,42,56.34
2025-08-02,43,51.23
2025-08-02,44,43.19
2025-08-02,45,41.85
2025-08-02,46,46.17
2025-08-02,47,33.73
2025-08-02,48,44.8
2025-08-03,1,35.73
2025-08-03,2,31.58
2025-08-03,3,41.26
2025-08-03,4,44.52
2025-08-03,5,32.63
2025-08-03,6,37.35
2025-08-03,7,39.96
2025-08-03,8,30.47
2025-08-03,9,37.0
2025-08-03,10,41.78
2025-08-03,11,36.77
2025-08-03,12,39.46
2025-08-03,13,47.87
2025-08-03,14,43.67
2025-08-03,15,46.21
2025-08-03,16,50.55
2025-08-03,17,60.57
2025-08-03,18,57.53
2025-08-03,19,56.71
2025-08-03,20,56.42
2025-08-03,21,49.57
2025-08-03,22,56.28
2025-08-03,23,52.69
2025-08-03,24,54.31
2025-08-03,25,54.98
2025-08-03,26,60.73
2025-08-03,27,65.35
2025-08-03,28,55.59
2025-08-03,29,65.05
2025-08-03,30,62.22
2025-08-03,31,68.72
2025-08-03,32,70.28
2025-08-03,33,70.32
2025-08-03,34,73.57
2025-08-03,35,77.32
2025-08-03,36,79.76
2025-08-03,37,78.26
2025-08-03,38,84.19
2025-08-03,39,69.36
2025-08-03,40,56.58
2025-08-03,41,61.83
2025-08-03,42,55.01
2025-08-03,43,48.66
2025-08-03,44,42.29
2025-08-03,45,43.53
2025-08-03,46,47.59
2025-08-03,47,43.38
2025-08-03,48,45.47
2025-08-04,1,45.7
2025-08-04,2,38.22
2025-08-04,3,41.66
2025-08-04,4,39.86
2025-08-04,5,40.07
2025-08-04,6,33.37
2025-08-04,7,34.07
2025-08-04,8,44.77
2025-08-04,9,43.45
2025-08-04,10,42.28
2025-08-04,11,46.54
2025-08-04,12,39.85
2025-08-04,13,47.16
2025-08-04,14,50.22
2025-08-04,15,51.98
2025-08-04,16,53.69
2025-08-04,17,65.77
2025-08-04,18,59.17
2025-08-04,19,63.73
2025-08-04,20,62.98
2025-08-04,21,65.5
2025-08-04,22,64.23
2025-08-04,23,60.46
2025-08-04,24,57.4
2025-08-04,25,67.03
2025-08-04,26,69.46
2025-08-04,27,75.63
2025-08-04,28,71.06
2025-08-04,29,66.32
2025-08-04,30,69.16
2025-08-04,31,66.0
2025-08-04,32,74.91
2025-08-04,33,77.29
2025-08-04,34,88.49
2025-08-04,35,92.34
2025-08-04,36,97.7
2025-08-04,37,98.67
2025-08-04,38,82.8
2025-08-04,39,73.64
2025-08-04,40,68.24
2025-08-04,41,61.36
2025-08-04,42,68.75
2025-08-04,43,44.53
2025-08-04,44,59.14
2025-08-04,45,46.56
2025-08-04,46,46.75
2025-08-04,47,36.26
2025-08-04,48,49.27
2025-08-05,1,33.83
2025-08-05,2,49.98
2025-08-05,3,39.72
2025-08-05,4,37.03
2025-08-05,5,40.52
2025-08-05,6,37.16
2025-08-05,7,39.48
2025-08-05,8,36.97
2025-08-05,9,45.01
2025-08-05,10,52.21
2025-08-05,11,45.91
2025-08-05,12,46.03
2025-08-05,13,45.94
2025-08-05,14,55.84
2025-08-05,15,52.09
2025-08-05,16,59.61
2025-08-05,17,58.53
2025-08-05,18,56.77
2025-08-05,19,61.19
2025-08-05,20,57.82
2025-08-05,21,67.34
2025-08-05,22,58.39
2025-08-05,23,61.29
2025-08-05,24,59.97
2025-08-05,25,58.63
2025-08-05,26,67.43
2025-08-05,27,65.52
2025-08-05,28,76.64
2025-08-05,29,73.19
2025-08-05,30,71.61
2025-08-05,31,75.91
2025-08-05,32,77.94
2025-08-05,33,78.4
2025-08-05,34,80.54
2025-08-05,35,84.45
2025-08-05,36,94.18
2025-08-05,37,87.51
2025-08-05,38,84.11
2025-08-05,39,79.25
2025-08-05,40,69.13
2025-08-05,41,61.83
2025-08-05,42,67.57
2025-08-05,43,57.83
2025-08-05,44,46.1
2025-08-05,45,43.37
2025-08-05,46,51.4
2025-08-05,47,43.13
2025-08-05,48,44.61
2025-08-06,1,44.82
2025-08-06,2,42.86
2025-08-06,3,42.84
2025-08-06,4,40.31
2025-08-06,5,48.64
2025-08-06,6,48.14
2025-08-06,7,44.74
2025-08-06,8,44.48
2025-08-06,9,38.95
2025-08-06,10,43.84
2025-08-06,11,35.5
2025-08-06,12,44.02
2025-08-06,13,42.44
2025-08-06,14,54.11
2025-08-06,15,55.28
2025-08-06,16,61.93
2025-08-06,17,63.76
2025-08-06,18,66.83
2025-08-06,19,59.51
2025-08-06,20,55.1
2025-08-06,21,69.73
2025-08-06,22,59.77
2025-08-06,23,62.16
2025-08-06,24,67.4
2025-08-06,25,62.94
2025-08-06,26,60.66
2025-08-06,27,74.91
2025-08-06,28,65.62
2025-08-06,29,76.94
2025-08-06,30,73.37
2025-08-06,31,79.05
2025-08-06,32,82.84
2025-08-06,33,81.47
2025-08-06,34,89.3
2025-08-06,35,97.18
2025-08-06,36,94.74
2025-08-06,37,91.73
2025-08-06,38,85.33
2025-08-06,39,76.31
2025-08-06,40,67.11
2025-08-06,41,71.22
2025-08-06,42,57.79
2025-08-06,43,54.34
2025-08-06,44,53.4
2025-08-06,45,45.1
2025-08-06,46,47.48
2025-08-06,47,44.21
2025-08-06,48,39.94
2025-08-07,1,45.1
2025-08-07,2,38.37
2025-08-07,3,39.25
2025-08-07,4,49.2
2025-08-07,5,42.94
2025-08-07,6,41.53
2025-08-07,7,41.38
2025-08-07,8,45.95
2025-08-07,9,40.15
2025-08-07,10,45.38
2025-08-07,11,33.74
2025-08-07,12,44.93
2025-08-07,13,47.1
2025-08-07,14,49.7
2025-08-07,15,58.34
2025-08-07,16,58.02
2025-08-07,17,60.21
2025-08-07,18,58.9
2025-08-07,19,60.71
2025-08-07,20,53.97
2025-08-07,21,60.41
2025-08-07,22,55.99
2025-08-07,23,68.23
2025-08-07,24,65.75
2025-08-07,25,67.47
2025-08-07,26,59.66
2025-08-07,27,69.5
2025-08-07,28,64.86
2025-08-07,29,70.37
2025-08-07,30,70.86
2025-08-07,31,69.22
2025-08-07,32,74.46
2025-08-07,33,85.47
2025-08-07,34,89.14
2025-08-07,35,83.52
2025-08-07,36,93.73
2025-08-07,37,85.29
2025-08-07,38,77.15
2025-08-07,39,74.2
2025-08-07,40,64.78
2025-08-07,41,61.6
2025-08-07,42,57.81
2025-08-07,43,57.99
2025-08-07,44,56.21
2025-08-07,45,54.83
2025-08-07,46,51.73
2025-08-07,47,39.24
2025-08-07,48,39.52
2025-08-08,1,48.7
2025-08-08,2,41.45
2025-08-08,3,42.23
2025-08-08,4,33.01
2025-08-08,5,37.02
2025-08-08,6,42.93
2025-08-08,7,44.24
2025-08-08,8,41.04
2025-08-08,9,43.08
2025-08-08,10,40.12
2025-08-08,11,43.35
2025-08-08,12,41.26
2025-08-08,13,46.48
2025-08-08,14,51.79
2025-08-08,15,49.24
2025-08-08,16,68.26
2025-08-08,17,58.16
2025-08-08,18,63.01
2025-08-08,19,57.41
2025-08-08,20,50.03
2025-08-08,21,68.65
2025-08-08,22,62.0
2025-08-08,23,53.48
2025-08-08,24,58.84
2025-08-08,25,72.23
2025-08-08,26,67.01
2025-08-08,27,55.97
2025-08-08,28,65.62
2025-08-08,29,68.68
2025-08-08,30,73.85
2025-08-08,31,74.85
2025-08-08,32,71.83
2025-08-08,33,80.47
2025-08-08,34,83.18
2025-08-08,35,92.19
2025-08-08,36,87.19
2025-08-08,37,84.78
2025-08-08,38,81.4
2025-08-08,39,73.11
2025-08-08,40,76.38
2025-08-08,41,69.12
2025-08-08,42,64.52
2025-08-08,43,51.11
2025-08-08,44,54.48
2025-08-08,45,53.84
2025-08-08,46,44.58
2025-08-08,47,42.25
2025-08-08,48,41.43
2025-08-09,1,46.07
2025-08-09,2,39.24
2025-08-09,3,36.47
2025-08-09,4,35.38
2025-08-09,5,33.34
2025-08-09,6,39.78
2025-08-09,7,36.93
2025-08-09,8,28.76
2025-08-09,9,40.28
2025-08-09,10,33.31
2025-08-09,11,35.54
2025-08-09,12,41.74
2025-08-09,13,40.32
2025-08-09,14,54.74
2025-08-09,15,47.99
2025-08-09,16,54.28
2025-08-09,17,47.6
2025-08-09,18,52.36
2025-08-09,19,54.52
2025-08-09,20,58.78
2025-08-09,21,50.2
2025-08-09,22,59.28
2025-08-09,23,55.34
2025-08-09,24,56.82
2025-08-09,25,53.42
2025-08-09,26,53.53
2025-08-09,27,49.75
2025-08-09,28,60.88
2025-08-09,29,63.72
2025-08-09,30,61.83
2025-08-09,31,59.71
2025-08-09,32,67.24
2025-08-09,33,74.69
2025-08-09,34,77.29
2025-08-09,35,81.35
2025-08-09,36,72.34
2025-08-09,37,75.1
2025-08-09,38,72.31
2025-08-09,39,70.05
2025-08-09,40,59.63
2025-08-09,41,59.14
2025-08-09,42,48.98
2025-08-09,43,50.29
2025-08-09,44,45.63
2025-08-09,45,43.29
2025-08-09,46,52.59
2025-08-09,47,40.07
2025-08-09,48,38.34
2025-08-10,1,44.41
2025-08-10,2,42.53
2025-08-10,3,37.7
2025-08-10,4,40.67
2025-08-10,5,38.2
2025-08-10,6,35.35
2025-08-10,7,29.7
2025-08-10,8,34.89
2025-08-10,9,34.68
2025-08-10,10,36.44
2025-08-10,11,37.33
2025-08-10,12,44.63
2025-08-10,13,47.67
2025-08-10,14,43.92
2025-08-10,15,43.75
2025-08-10,16,47.98
2025-08-10,17,58.86
2025-08-10,18,58.78
2025-08-10,19,50.61
2025-08-10,20,49.05
2025-08-10,21,52.26
2025-08-10,22,61.78
2025-08-10,23,56.63
2025-08-10,24,54.69
2025-08-10,25,56.02
2025-08-10,26,49.99
2025-08-10,27,57.42
2025-08-10,28,64.77
2025-08-10,29,59.77
2025-08-10,30,62.44
2025-08-10,31,67.51
2025-08-10,32,65.13
2025-08-10,33,74.7
2025-08-10,34,73.41
2025-08-10,35,76.84
2025-08-10,36,77.47
2025-08-10,37,75.39
2025-08-10,38,73.28
2025-08-10,39,67.38
2025-08-10,40,61.45
2025-08-10,41,57.61
2025-08-10,42,49.26
2025-08-10,43,40.91
2025-08-10,44,46.87
2025-08-10,45,42.05
2025-08-10,46,44.85
2025-08-10,47,39.29
2025-08-10,48,32.53
2025-08-11,1,51.58
2025-08-11,2,37.48
2025-08-11,3,41.14
2025-08-11,4,41.36
2025-08-11,5,40.91
2025-08-11,6,40.59
2025-08-11,7,42.53
2025-08-11,8,38.72
2025-08-11,9,40.22
2025-08-11,10,43.58
2025-08-11,11,40.77
2025-08-11,12,43.45
2025-08-11,13,48.5
2025-08-11,14,49.89
2025-08-11,15,51.96
2025-08-11,16,54.7
2025-08-11,17,61.21
2025-08-11,18,68.07
2025-08-11,19,64.4
2025-08-11,20,58.74
2025-08-11,21,68.41
2025-08-11,22,60.19
2025-08-11,23,68.94
2025-08-11,24,63.07
2025-08-11,25,65.45
2025-08-11,26,64.05
2025-08-11,27,65.54
2025-08-11,28,73.66
2025-08-11,29,69.16
2025-08-11,30,76.01
2025-08-11,31,75.58
2025-08-11,32,78.84
2025-08-11,33,86.06
2025-08-11,34,86.92
2025-08-11,35,86.65
2025-08-11,36,86.93
2025-08-11,37,89.9
2025-08-11,38,74.17
2025-08-11,39,78.58
2025-08-11,40,65.07
2025-08-11,41,65.77
2025-08-11,42,65.6
2025-08-11,43,52.89
2025-08-11,44,55.53
2025-08-11,45,55.53
2025-08-11,46,46.71
2025-08-11,47,44.67
2025-08-11,48,47.2
2025-08-12,1,46.45
2025-08-12,2,40.8
2025-08-12,3,38.39
2025-08-12,4,44.56
2025-08-12,5,42.6
2025-08-12,6,47.42
2025-08-12,7,42.12
2025-08-12,8,33.48
2025-08-12,9,34.99
2025-08-12,10,41.23
2025-08-12,11,46.9
2025-08-12,12,47.21
2025-08-12,13,46.41
2025-08-12,14,45.65
2025-08-12,15,61.88
2025-08-12,16,64.9
2025-08-12,17,55.91
2025-08-12,18,65.4
2025-08-12,19,64.0
2025-08-12,20,65.43
2025-08-12,21,68.44
2025-08-12,22,68.04
2025-08-12,23,64.77
2025-08-12,24,62.55
2025-08-12,25,63.34
2025-08-12,26,64.8
2025-08-12,27,77.82
2025-08-12,28,68.47
2025-08-12,29,73.16
2025-08-12,30,74.07
2025-08-12,31,71.61
2025-08-12,32,81.4
2025-08-12,33,81.12
2025-08-12,34,83.82
2025-08-12,35,92.39
2025-08-12,36,85.12
2025-08-12,37,91.31
2025-08-12,38,85.48
2025-08-12,39,82.32
2025-08-12,40,72.91
2025-08-12,41,61.4
2025-08-12,42,64.85
2025-08-12,43,61.22
2025-08-12,44,57.13
2025-08-12,45,54.08
2025-08-12,46,43.22
2025-08-12,47,50.8
2025-08-12,48,40.82
2025-08-13,1,43.54
2025-08-13,2,43.18
2025-08-13,3,35.97
2025-08-13,4,44.82
2025-08-13,5,48.06
2025-08-13,6,37.1
2025-08-13,7,45.52
2025-08-13,8,44.96
2025-08-13,9,42.31
2025-08-13,10,45.53
2025-08-13,11,40.72
2025-08-13,12,50.64
2025-08-13,13,54.07
2025-08-13,14,54.42
2025-08-13,15,57.36
2025-08-13,16,56.19
2025-08-13,17,65.47
2025-08-13,18,62.95
2025-08-13,19,62.59
2025-08-13,20,66.63
2025-08-13,21,61.37
2025-08-13,22,59.67
2025-08-13,23,67.25
2025-08-13,24,57.64
2025-08-13,25,67.61
2025-08-13,26,60.91
2025-08-13,27,59.82
2025-08-13,28,71.09
2025-08-13,29,71.52
2025-08-13,30,70.06
2025-08-13,31,71.14
2025-08-13,32,81.04
2025-08-13,33,82.1
2025-08-13,34,90.98
2025-08-13,35,87.93
2025-08-13,36,88.71
2025-08-13,37,92.45
2025-08-13,38,79.3
2025-08-13,39,71.63
2025-08-13,40,67.43
2025-08-13,41,66.35
2025-08-13,42,68.19
2025-08-13,43,57.31
2025-08-13,44,50.2
2025-08-13,45,47.96
2025-08-13,46,50.9
2025-08-13,47,40.56
2025-08-13,48,38.4
2025-08-14,1,36.83
2025-08-14,2,48.76
2025-08-14,3,43.07
2025-08-14,4,42.37
2025-08-14,5,47.18
2025-08-14,6,38.29
2025-08-14,7,41.04
2025-08-14,8,37.32
2025-08-14,9,35.33
2025-08-14,10,43.43
2025-08-14,11,44.82
2025-08-14,12,37.66
2025-08-14,13,52.05
2025-08-14,14,52.47
2025-08-14,15,59.3
2025-08-14,16,60.46
2025-08-14,17,66.03
2025-08-14,18,67.7
2025-08-14,19,64.1
2025-08-14,20,66.71
2025-08-14,21,66.21
2025-08-14,22,57.93
2025-08-14,23,59.53
2025-08-14,24,59.8
2025-08-14,25,67.52
2025-08-14,26,63.18
2025-08-14,27,59.11
2025-08-14,28,64.6
2025-08-14,29,68.87
2025-08-14,30,74.62
2025-08-14,31,81.13
2025-08-14,32,83.7
2025-08-14,33,84.9
2025-08-14,34,84.74
2025-08-14,35,82.45
2025-08-14,36,88.69
2025-08-14,37,87.09
2025-08-14,38,84.02
2025-08-14,39,81.23
2025-08-14,40,74.04
2025-08-14,41,65.93
2025-08-14,42,59.1
2025-08-14,43,50.75
2025-08-14,44,50.63
2025-08-14,45,47.55
2025-08-14,46,59.75
2025-08-14,47,55.6
2025-08-14,48,41.01
2025-08-15,1,46.08
2025-08-15,2,40.8
2025-08-15,3,44.1
2025-08-15,4,35.31
2025-08-15,5,41.69
2025-08-15,6,43.09
2025-08-15,7,36.91
2025-08-15,8,47.53
2025-08-15,9,33.85
2025-08-15,10,45.15
2025-08-15,11,47.26
2025-08-15,12,42.73
2025-08-15,13,50.44
2025-08-15,14,49.26
2025-08-15,15,57.52
2025-08-15,16,58.7
2025-08-15,17,61.92
2025-08-15,18,60.79
2025-08-15,19,61.06
2025-08-15,20,60.0
2025-08-15,21,65.33
2025-08-15,22,69.4
2025-08-15,23,72.25
2025-08-15,24,67.66
2025-08-15,25,64.93
2025-08-15,26,70.08
2025-08-15,27,68.73
2025-08-15,28,67.36
2025-08-15,29,78.4
2025-08-15,30,76.8
2025-08-15,31,73.11
2025-08-15,32,83.89
2025-08-15,33,86.66
2025-08-15,34,84.47
2025-08-15,35,90.95
2025-08-15,36,90.6
2025-08-15,37,78.04
2025-08-15,38,78.16
2025-08-15,39,82.18
2025-08-15,40,68.63
2025-08-15,41,68.06
2025-08-15,42,65.91
2025-08-15,43,48.7
2025-08-15,44,60.41
2025-08-15,45,50.85
2025-08-15,46,51.06
2025-08-15,47,55.49
2025-08-15,48,50.02
2025-08-16,1,41.44
2025-08-16,2,46.34
2025-08-16,3,41.36
2025-08-16,4,39.56
2025-08-16,5,28.33
2025-08-16,6,32.03
2025-08-16,7,39.26
2025-08-16,8,34.73
2025-08-16,9,34.48
2025-08-16,10,42.05
2025-08-16,11,41.38
2025-08-16,12,37.44
2025-08-16,13,46.41
2025-08-16,14,42.62
2025-08-16,15,43.33
2025-08-16,16,53.81
2025-08-16,17,49.64
2025-08-16,18,50.64
2025-08-16,19,51.79
2025-08-16,20,56.27
2025-08-16,21,58.45
2025-08-16,22,54.11
2025-08-16,23,50.82
2025-08-16,24,51.82
2025-08-16,25,51.01
2025-08-16,26,61.1
2025-08-16,27,55.71
2025-08-16,28,61.46
2025-08-16,29,54.89
2025-08-16,30,69.29
2025-08-16,31,66.97
2025-08-16,32,64.23
2025-08-16,33,71.88
2025-08-16,34,78.44
2025-08-16,35,76.32
2025-08-16,36,81.46
2025-08-16,37,83.0
2025-08-16,38,77.45
2025-08-16,39,68.41
2025-08-16,40,68.65
2025-08-16,41,58.59
2025-08-16,42,53.0
2025-08-16,43,49.7
2025-08-16,44,47.78
2025-08-16,45,47.03
2025-08-16,46,39.92
2025-08-16,47,46.46
2025-08-16,48,45.73
2025-08-17,1,40.22
2025-08-17,2,40.41
2025-08-17,3,38.1
2025-08-17,4,37.08
2025-08-17,5,45.01
2025-08-17,6,38.37
2025-08-17,7,46.52
2025-08-17,8,39.29
2025-08-17,9,34.05
2025-08-17,10,42.52
2025-08-17,11,38.63
2025-08-17,12,47.05
2025-08-17,13,40.88
2025-08-17,14,40.36
2025-08-17,15,50.35
2025-08-17,16,58.68
2025-08-17,17,52.35
2025-08-17,18,58.26
2025-08-17,19,53.47
2025-08-17,20,59.68
2025-08-17,21,54.15
2025-08-17,22,56.66
2025-08-17,23,54.62
2025-08-17,24,53.64
2025-08-17,25,49.86
2025-08-17,26,53.36
2025-08-17,27,58.54
2025-08-17,28,62.69
2025-08-17,29,69.87
2025-08-17,30,62.49
2025-08-17,31,64.84
2025-08-17,32,65.58
2025-08-17,33,78.12
2025-08-17,34,80.4
2025-08-17,35,82.05
2025-08-17,36,81.79
2025-08-17,37,76.79
2025-08-17,38,79.62
2025-08-17,39,65.79
2025-08-17,40,61.41
2025-08-17,41,54.09
2025-08-17,42,53.33
2025-08-17,43,47.33
2025-08-17,44,45.24
2025-08-17,45,40.81
2025-08-17,46,39.98
2025-08-17,47,35.81
2025-08-17,48,42.28
2025-08-18,1,35.49
2025-08-18,2,42.15
2025-08-18,3,49.01
2025-08-18,4,42.44
2025-08-18,5,41.05
2025-08-18,6,52.72
2025-08-18,7,45.78
2025-08-18,8,44.31
2025-08-18,9,41.53
2025-08-18,10,43.88
2025-08-18,11,52.93
2025-08-18,12,55.59
2025-08-18,13,47.52
2025-08-18,14,46.73
2025-08-18,15,57.11
2025-08-18,16,63.23
2025-08-18,17,69.75
2025-08-18,18,63.33
2025-08-18,19,62.61
2025-08-18,20,68.16
2025-08-18,21,59.68
2025-08-18,22,62.4
2025-08-18,23,63.78
2025-08-18,24,64.26
2025-08-18,25,70.7
2025-08-18,26,68.88
2025-08-18,27,65.82
2025-08-18,28,68.45
2025-08-18,29,82.37
2025-08-18,30,67.81
2025-08-18,31,69.28
2025-08-18,32,75.81
2025-08-18,33,86.34
2025-08-18,34,93.57
2025-08-18,35,91.01
2025-08-18,36,89.39
2025-08-18,37,86.28
2025-08-18,38,77.62
2025-08-18,39,84.91
2025-08-18,40,71.33
2025-08-18,41,67.17
2025-08-18,42,64.78
2025-08-18,43,63.02
2025-08-18,44,53.52
2025-08-18,45,48.33
2025-08-18,46,49.84
2025-08-18,47,47.62
2025-08-18,48,44.32
2025-08-19,1,41.05
2025-08-19,2,44.83
2025-08-19,3,45.67
2025-08-19,4,42.42
2025-08-19,5,38.98
2025-08-19,6,35.97
2025-08-19,7,41.0
2025-08-19,8,39.72
2025-08-19,9,43.25
2025-08-19,10,41.19
2025-08-19,11,50.11
2025-08-19,12,46.99
2025-08-19,13,53.5
2025-08-19,14,51.38
2025-08-19,15,60.02
2025-08-19,16,62.85
2025-08-19,17,59.99
2025-08-19,18,57.95
2025-08-19,19,69.26
2025-08-19,20,62.22
2025-08-19,21,60.98
2025-08-19,22,62.33
2025-08-19,23,60.16
2025-08-19,24,67.26
2025-08-19,25,65.74
2025-08-19,26,67.14
2025-08-19,27,72.73
2025-08-19,28,70.0
2025-08-19,29,77.69
2025-08-19,30,73.72
2025-08-19,31,71.0
2025-08-19,32,77.47
2025-08-19,33,82.46
2025-08-19,34,89.73
2025-08-19,35,97.83
2025-08-19,36,92.67
2025-08-19,37,88.56
2025-08-19,38,83.58
2025-08-19,39,80.92
2025-08-19,40,74.02
2025-08-19,41,69.67
2025-08-19,42,58.73
2025-08-19,43,66.65
2025-08-19,44,53.21
2025-08-19,45,49.59
2025-08-19,46,54.86
2025-08-19,47,51.9
2025-08-19,48,44.12
2025-08-20,1,47.47
2025-08-20,2,43.04
2025-08-20,3,41.35
2025-08-20,4,43.13
2025-08-20,5,38.62
2025-08-20,6,43.25
2025-08-20,7,41.43
2025-08-20,8,37.2
2025-08-20,9,44.87
2025-08-20,10,45.98
2025-08-20,11,49.13
2025-08-20,12,45.02
2025-08-20,13,54.08
2025-08-20,14,62.21
2025-08-20,15,57.37
2025-08-20,16,61.01
2025-08-20,17,65.62
2025-08-20,18,55.47
2025-08-20,19,58.92
2025-08-20,20,61.89
2025-08-20,21,62.39
2025-08-20,22,64.18
2025-08-20,23,65.21
2025-08-20,24,59.44
2025-08-20,25,70.58
2025-08-20,26,68.47
2025-08-20,27,68.62
2025-08-20,28,71.77
2025-08-20,29,69.14
2025-08-20,30,73.07
2025-08-20,31,72.92
2025-08-20,32,72.44
2025-08-20,33,84.68
2025-08-20,34,96.45
2025-08-20,35,89.74
2025-08-20,36,85.96
2025-08-20,37,92.01
2025-08-20,38,83.14
2025-08-20,39,80.73
2025-08-20,40,75.22
2025-08-20,41,64.65
2025-08-20,42,63.39
2025-08-20,43,57.67
2025-08-20,44,46.88
2025-08-20,45,50.19
2025-08-20,46,46.91
2025-08-20,47,42.4
2025-08-20,48,43.44
2025-08-21,1,43.74
2025-08-21,2,43.46
2025-08-21,3,44.11
2025-08-21,4,45.11
2025-08-21,5,44.47
2025-08-21,6,30.65
2025-08-21,7,48.46
2025-08-21,8,48.04
2025-08-21,9,47.17
2025-08-21,10,43.76
2025-08-21,11,49.77
2025-08-21,12,48.14
2025-08-21,13,51.12
2025-08-21,14,56.5
2025-08-21,15,59.6
2025-08-21,16,64.82
2025-08-21,17,54.49
2025-08-21,18,63.98
2025-08-21,19,59.7
2025-08-21,20,68.01
2025-08-21,21,60.3
2025-08-21,22,62.79
2025-08-21,23,68.08
2025-08-21,24,70.37
2025-08-21,25,69.71
2025-08-21,26,70.35
2025-08-21,27,63.85
2025-08-21,28,65.96
2025-08-21,29,66.46
2025-08-21,30,70.02
2025-08-21,31,78.12
2025-08-21,32,85.53
2025-08-21,33,89.9
2025-08-21,34,82.42
2025-08-21,35,92.15
2025-08-21,36,91.38
2025-08-21,37,80.76
2025-08-21,38,88.63
2025-08-21,39,82.43
2025-08-21,40,70.37
2025-08-21,41,65.64
2025-08-21,42,62.51
2025-08-21,43,59.65
2025-08-21,44,52.32
2025-08-21,45,49.01
2025-08-21,46,46.04
2025-08-21,47,54.53
2025-08-21,48,51.85
2025-08-22,1,49.57
2025-08-22,2,37.44
2025-08-22,3,39.42
2025-08-22,4,33.99
2025-08-22,5,42.25
2025-08-22,6,42.71
2025-08-22,7,40.24
2025-08-22,8,32.99
2025-08-22,9,40.16
2025-08-22,10,43.83
2025-08-22,11,41.26
2025-08-22,12,47.12
2025-08-22,13,54.6
2025-08-22,14,51.58
2025-08-22,15,53.26
2025-08-22,16,60.59
2025-08-22,17,70.56
2025-08-22,18,66.55
2025-08-22,19,58.75
2025-08-22,20,69.91
2025-08-22,21,62.49
2025-08-22,22,63.19
2025-08-22,23,59.38
2025-08-22,24,65.93
2025-08-22,25,58.57
2025-08-22,26,63.05
2025-08-22,27,71.24
2025-08-22,28,70.75
2025-08-22,29,69.03
2025-08-22,30,73.71
2025-08-22,31,80.52
2025-08-22,32,83.3
2025-08-22,33,88.81
2025-08-22,34,85.36
2025-08-22,35,89.76
2025-08-22,36,100.5
2025-08-22,37,88.72
2025-08-22,38,83.74
2025-08-22,39,79.96
2025-08-22,40,73.91
2025-08-22,41,63.1
2025-08-22,42,52.16
2025-08-22,43,56.89
2025-08-22,44,55.01
2025-08-22,45,45.54
2025-08-22,46,51.61
2025-08-22,47,50.07
2025-08-22,48,51.01
2025-08-23,1,49.32
2025-08-23,2,40.01
2025-08-23,3,42.62
2025-08-23,4,36.26
2025-08-23,5,34.29
2025-08-23,6,30.26
2025-08-23,7,38.74
2025-08-23,8,33.36
2025-08-23,9,33.43
2025-08-23,10,31.93
2025-08-23,11,39.73
2025-08-23,12,44.7
2025-08-23,13,43.39
2025-08-23,14,46.22
2025-08-23,15,56.94
2025-08-23,16,47.29
2025-08-23,17,63.09
2025-08-23,18,51.55
2025-08-23,19,56.7
2025-08-23,20,58.39
2025-08-23,21,60.54
2025-08-23,22,50.2
2025-08-23,23,57.63
2025-08-23,24,55.22
2025-08-23,25,62.58
2025-08-23,26,57.12
2025-08-23,27,52.99
2025-08-23,28,63.47
2025-08-23,29,63.48
2025-08-23,30,72.85
2025-08-23,31,72.47
2025-08-23,32,68.67
2025-08-23,33,79.95
2025-08-23,34,79.93
2025-08-23,35,84.59
2025-08-23,36,78.86
2025-08-23,37,78.21
2025-08-23,38,78.15
2025-08-23,39,73.08
2025-08-23,40,56.04
2025-08-23,41,61.54
2025-08-23,42,51.46
2025-08-23,43,52.3
2025-08-23,44,42.02
2025-08-23,45,49.98
2025-08-23,46,47.32
2025-08-23,47,39.72
2025-08-23,48,43.21
2025-08-24,1,37.56
2025-08-24,2,38.36
2025-08-24,3,33.3
2025-08-24,4,40.46
2025-08-24,5,30.02
2025-08-24,6,34.1
2025-08-24,7,31.59
2025-08-24,8,35.68
2025-08-24,9,44.88
2025-08-24,10,39.9
2025-08-24,11,40.74
2025-08-24,12,43.02
2025-08-24,13,44.44
2025-08-24,14,52.85
2025-08-24,15,54.12
2025-08-24,16,48.75
2025-08-24,17,59.96
2025-08-24,18,58.1
2025-08-24,19,59.2
2025-08-24,20,49.08
2025-08-24,21,56.82
2025-08-24,22,56.24
2025-08-24,23,-38.41
2025-08-24,24,-30.63
2025-08-24,25,-40.54
2025-08-24,26,-20.86
2025-08-24,27,-36.32
2025-08-24,28,-28.7
2025-08-24,29,-28.12
2025-08-24,30,-22.16
2025-08-24,31,75.53
2025-08-24,32,70.68
2025-08-24,33,77.02
2025-08-24,34,78.1
2025-08-24,35,78.14
2025-08-24,36,82.3
2025-08-24,37,79.88
2025-08-24,38,75.85
2025-08-24,39,68.88
2025-08-24,40,66.04
2025-08-24,41,62.55
2025-08-24,42,50.19
2025-08-24,43,53.99
2025-08-24,44,55.04
2025-08-24,45,41.5
2025-08-24,46,45.38
2025-08-24,47,44.98
2025-08-24,48,44.87
2025-08-25,1,54.28
2025-08-25,2,46.34
2025-08-25,3,50.88
2025-08-25,4,46.56
2025-08-25,5,36.69
2025-08-25,6,44.94
2025-08-25,7,43.29
2025-08-25,8,44.63
2025-08-25,9,36.71
2025-08-25,10,37.88
2025-08-25,11,44.98
2025-08-25,12,40.68
2025-08-25,13,53.59
2025-08-25,14,55.0
2025-08-25,15,65.96
2025-08-25,16,63.01
2025-08-25,17,66.69
2025-08-25,18,67.48
2025-08-25,19,65.74
2025-08-25,20,65.6
2025-08-25,21,64.56
2025-08-25,22,55.21
2025-08-25,23,-24.01
2025-08-25,24,-23.16
2025-08-25,25,-23.18
2025-08-25,26,-25.1
2025-08-25,27,-24.73
2025-08-25,28,-27.28
2025-08-25,29,-25.92
2025-08-25,30,-20.84
2025-08-25,31,79.31
2025-08-25,32,84.07
2025-08-25,33,84.95
2025-08-25,34,85.78
2025-08-25,35,90.83
2025-08-25,36,93.2
2025-08-25,37,84.95
2025-08-25,38,87.16
2025-08-25,39,86.7
2025-08-25,40,70.53
2025-08-25,41,76.23
2025-08-25,42,59.91
2025-08-25,43,57.86
2025-08-25,44,57.56
2025-08-25,45,52.95
2025-08-25,46,44.26
2025-08-25,47,50.21
2025-08-25,48,47.9
2025-08-26,1,45.5
2025-08-26,2,51.78
2025-08-26,3,41.93
2025-08-26,4,41.06
2025-08-26,5,44.52
2025-08-26,6,33.14
2025-08-26,7,42.72
2025-08-26,8,42.6
2025-08-26,9,39.44
2025-08-26,10,43.82
2025-08-26,11,46.55
2025-08-26,12,47.69
2025-08-26,13,54.21
2025-08-26,14,55.67
2025-08-26,15,57.69
2025-08-26,16,64.53
2025-08-26,17,65.21
2025-08-26,18,77.4
2025-08-26,19,69.74
2025-08-26,20,63.23
2025-08-26,21,58.12
2025-08-26,22,62.26
2025-08-26,23,57.23
2025-08-26,24,68.87
2025-08-26,25,66.1
2025-08-26,26,65.37
2025-08-26,27,72.12
2025-08-26,28,69.7
2025-08-26,29,74.58
2025-08-26,30,74.41
2025-08-26,31,79.07
2025-08-26,32,88.01
2025-08-26,33,90.97
2025-08-26,34,97.04
2025-08-26,35,95.2
2025-08-26,36,86.75
2025-08-26,37,88.77
2025-08-26,38,80.26
2025-08-26,39,84.2
2025-08-26,40,74.06
2025-08-26,41,73.02
2025-08-26,42,67.09
2025-08-26,43,58.44
2025-08-26,44,62.8
2025-08-26,45,57.15
2025-08-26,46,51.54
2025-08-26,47,51.12
2025-08-26,48,53.4
2025-08-27,1,53.76
2025-08-27,2,41.5
2025-08-27,3,45.14
2025-08-27,4,38.19
2025-08-27,5,44.83
2025-08-27,6,41.33
2025-08-27,7,41.6
2025-08-27,8,41.34
2025-08-27,9,33.02
2025-08-27,10,36.4
2025-08-27,11,49.09
2025-08-27,12,45.33
2025-08-27,13,55.21
2025-08-27,14,54.13
2025-08-27,15,52.23
2025-08-27,16,56.33
2025-08-27,17,61.67
2025-08-27,18,61.9
2025-08-27,19,65.52
2025-08-27,20,66.58
2025-08-27,21,66.59
2025-08-27,22,66.11
2025-08-27,23,69.16
2025-08-27,24,70.45
2025-08-27,25,63.78
2025-08-27,26,61.23
2025-08-27,27,67.25
2025-08-27,28,71.76
2025-08-27,29,71.16
2025-08-27,30,78.26
2025-08-27,31,73.71
2025-08-27,32,89.46
2025-08-27,33,90.74
2025-08-27,34,90.08
2025-08-27,35,91.09
2025-08-27,36,93.71
2025-08-27,37,96.41
2025-08-27,38,85.42
2025-08-27,39,78.48
2025-08-27,40,74.23
2025-08-27,41,63.19
2025-08-27,42,67.46
2025-08-27,43,61.64
2025-08-27,44,59.64
2025-08-27,45,59.04
2025-08-27,46,48.23
2025-08-27,47,49.61
2025-08-27,48,47.54
2025-08-28,1,48.24
2025-08-28,2,44.45
2025-08-28,3,41.31
2025-08-28,4,42.99
2025-08-28,5,41.18
2025-08-28,6,43.7
2025-08-28,7,41.12
2025-08-28,8,38.71
2025-08-28,9,47.54
2025-08-28,10,46.36
2025-08-28,11,41.84
2025-08-28,12,45.84
2025-08-28,13,54.14
2025-08-28,14,51.62
2025-08-28,15,58.1
2025-08-28,16,60.99
2025-08-28,17,61.69
2025-08-28,18,61.6
2025-08-28,19,65.88
2025-08-28,20,62.08
2025-08-28,21,63.07
2025-08-28,22,68.83
2025-08-28,23,62.98
2025-08-28,24,68.5
2025-08-28,25,71.56
2025-08-28,26,68.5
2025-08-28,27,72.25
2025-08-28,28,68.24
2025-08-28,29,76.48
2025-08-28,30,78.58
2025-08-28,31,85.13
2025-08-28,32,88.12
2025-08-28,33,88.97
2025-08-28,34,102.98
2025-08-28,35,98.01
2025-08-28,36,99.74
2025-08-28,37,90.3
2025-08-28,38,85.85
2025-08-28,39,81.38
2025-08-28,40,70.5
2025-08-28,41,68.61
2025-08-28,42,63.22
2025-08-28,43,63.74
2025-08-28,44,60.88
2025-08-28,45,54.17
2025-08-28,46,50.08
2025-08-28,47,56.89
2025-08-28,48,42.0
2025-08-29,1,46.52
2025-08-29,2,43.7
2025-08-29,3,50.03
2025-08-29,4,48.12
2025-08-29,5,37.51
2025-08-29,6,45.5
2025-08-29,7,45.24
2025-08-29,8,34.01
2025-08-29,9,45.55
2025-08-29,10,42.7
2025-08-29,11,50.51
2025-08-29,12,44.95
2025-08-29,13,51.98
2025-08-29,14,53.03
2025-08-29,15,56.44
2025-08-29,16,53.62
2025-08-29,17,69.07
2025-08-29,18,70.72
2025-08-29,19,66.63
2025-08-29,20,67.52
2025-08-29,21,62.75
2025-08-29,22,69.96
2025-08-29,23,67.07
2025-08-29,24,67.16
2025-08-29,25,73.86
2025-08-29,26,63.97
2025-08-29,27,62.69
2025-08-29,28,73.71
2025-08-29,29,72.94
2025-08-29,30,71.73
2025-08-29,31,80.29
2025-08-29,32,85.18
2025-08-29,33,91.75
2025-08-29,34,87.86
2025-08-29,35,93.17
2025-08-29,36,96.18
2025-08-29,37,96.91
2025-08-29,38,91.27
2025-08-29,39,79.41
2025-08-29,40,76.85
2025-08-29,41,66.62
2025-08-29,42,61.96
2025-08-29,43,58.32
2025-08-29,44,53.84
2025-08-29,45,56.82
2025-08-29,46,55.48
2025-08-29,47,48.3
2025-08-29,48,48.95
2025-08-30,1,47.8
2025-08-30,2,36.13
2025-08-30,3,40.36
2025-08-30,4,38.03
2025-08-30,5,41.27
2025-08-30,6,35.89
2025-08-30,7,41.17
2025-08-30,8,37.02
2025-08-30,9,49.56
2025-08-30,10,41.07
2025-08-30,11,50.23
2025-08-30,12,45.76
2025-08-30,13,44.41
2025-08-30,14,49.34
2025-08-30,15,54.1
2025-08-30,16,46.36
2025-08-30,17,61.55
2025-08-30,18,59.49
2025-08-30,19,61.23
2025-08-30,20,61.25
2025-08-30,21,53.29
2025-08-30,22,58.79
2025-08-30,23,58.85
2025-08-30,24,54.56
2025-08-30,25,66.29
2025-08-30,26,69.03
2025-08-30,27,61.12
2025-08-30,28,66.01
2025-08-30,29,65.35
2025-08-30,30,66.34
2025-08-30,31,68.93
2025-08-30,32,69.31
2025-08-30,33,79.78
2025-08-30,34,79.34
2025-08-30,35,86.52
2025-08-30,36,82.48
2025-08-30,37,77.33
2025-08-30,38,75.0
2025-08-30,39,73.63
2025-08-30,40,64.97
2025-08-30,41,57.28
2025-08-30,42,62.91
2025-08-30,43,47.47
2025-08-30,44,55.32
2025-08-30,45,52.38
2025-08-30,46,49.54
2025-08-30,47,47.41
2025-08-30,48,39.82
2025-08-31,1,41.57
2025-08-31,2,37.2
2025-08-31,3,47.06
2025-08-31,4,31.03
2025-08-31,5,35.43
2025-08-31,6,35.48
2025-08-31,7,41.2
2025-08-31,8,36.48
2025-08-31,9,35.65
2025-08-31,10,43.49
2025-08-31,11,43.9
2025-08-31,12,41.72
2025-08-31,13,46.57
2025-08-31,14,44.39
2025-08-31,15,51.37
2025-08-31,16,55.01
2025-08-31,17,52.27
2025-08-31,18,51.96
2025-08-31,19,57.21
2025-08-31,20,62.76
2025-08-31,21,60.55
2025-08-31,22,55.81
2025-08-31,23,68.96
2025-08-31,24,55.02
2025-08-31,25,62.46
2025-08-31,26,59.2
2025-08-31,27,67.31
2025-08-31,28,63.3
2025-08-31,29,64.44
2025-08-31,30,71.46
2025-08-31,31,69.9
2025-08-31,32,77.17
2025-08-31,33,77.77
2025-08-31,34,71.28
2025-08-31,35,92.67
2025-08-31,36,86.27
2025-08-31,37,80.74
2025-08-31,38,83.14
2025-08-31,39,68.27
2025-08-31,40,62.64
2025-08-31,41,55.24
2025-08-31,42,55.58
2025-08-31,43,50.16
2025-08-31,44,48.84
2025-08-31,45,41.88
2025-08-31,46,43.13
2025-08-31,47,46.05
2025-08-31,48,48.24
2025-09-01,1,45.44
2025-09-01,2,48.11
2025-09-01,3,41.0
2025-09-01,4,47.8
2025-09-01,5,47.23
2025-09-01,6,44.14
2025-09-01,7,45.81
2025-09-01,8,41.77
2025-09-01,9,42.84
2025-09-01,10,43.66
2025-09-01,11,51.48
2025-09-01,12,49.48
2025-09-01,13,48.77
2025-09-01,14,55.32
2025-09-01,15,57.52
2025-09-01,16,63.56
2025-09-01,17,64.66
2025-09-01,18,61.18
2025-09-01,19,62.57
2025-09-01,20,65.07
2025-09-01,21,71.72
2025-09-01,22,58.86
2025-09-01,23,68.21
2025-09-01,24,73.88
2025-09-01,25,72.59
2025-09-01,26,69.84
2025-09-01,27,70.33
2025-09-01,28,75.29
2025-09-01,29,80.62
2025-09-01,30,79.98
2025-09-01,31,81.22
2025-09-01,32,89.49
2025-09-01,33,89.92
2025-09-01,34,93.66
2025-09-01,35,98.4
2025-09-01,36,93.48
2025-09-01,37,105.46
2025-09-01,38,89.24
2025-09-01,39,81.54
2025-09-01,40,78.98
2025-09-01,41,73.84
2025-09-01,42,61.57
2025-09-01,43,53.39
2025-09-01,44,55.71
2025-09-01,45,55.61
2025-09-01,46,49.36
2025-09-01,47,50.35
2025-09-01,48,48.27
2025-09-02,1,51.55
2025-09-02,2,34.7
2025-09-02,3,43.71
2025-09-02,4,47.5
2025-09-02,5,42.11
2025-09-02,6,48.99
2025-09-02,7,44.78
2025-09-02,8,39.77
2025-09-02,9,44.87
2025-09-02,10,52.04
2025-09-02,11,47.71
2025-09-02,12,51.25
2025-09-02,13,54.17
2025-09-02,14,53.16
2025-09-02,15,53.28
2025-09-02,16,64.9
2025-09-02,17,71.65
2025-09-02,18,69.51
2025-09-02,19,62.01
2025-09-02,20,68.78
2025-09-02,21,70.51
2025-09-02,22,71.48
2025-09-02,23,69.62
2025-09-02,24,69.0
2025-09-02,25,66.51
2025-09-02,26,69.54
2025-09-02,27,75.58
2025-09-02,28,69.7
2025-09-02,29,71.42
2025-09-02,30,80.34
2025-09-02,31,82.37
2025-09-02,32,90.9
2025-09-02,33,93.25
2025-09-02,34,91.51
2025-09-02,35,102.49
2025-09-02,36,97.7
2025-09-02,37,96.75
2025-09-02,38,87.61
2025-09-02,39,84.73
2025-09-02,40,73.9
2025-09-02,41,61.32
2025-09-02,42,71.93
2025-09-02,43,57.1
2025-09-02,44,55.12
2025-09-02,45,52.3
2025-09-02,46,59.92
2025-09-02,47,52.71
2025-09-02,48,51.64
2025-09-03,1,48.15
2025-09-03,2,41.24
2025-09-03,3,41.12
2025-09-03,4,48.63
2025-09-03,5,41.95
2025-09-03,6,42.12
2025-09-03,7,46.38
2025-09-03,8,43.04
2025-09-03,9,46.96
2025-09-03,10,44.75
2025-09-03,11,42.74
2025-09-03,12,53.34
2025-09-03,13,49.16
2025-09-03,14,61.25
2025-09-03,15,62.38
2025-09-03,16,61.45
2025-09-03,17,68.4
2025-09-03,18,65.46
2025-09-03,19,64.52
2025-09-03,20,68.12
2025-09-03,21,70.03
2025-09-03,22,68.0
2025-09-03,23,64.38
2025-09-03,24,62.77
2025-09-03,25,68.55
2025-09-03,26,66.09
2025-09-03,27,71.39
2025-09-03,28,73.14
2025-09-03,29,78.01
2025-09-03,30,80.28
2025-09-03,31,85.02
2025-09-03,32,85.23
2025-09-03,33,88.27
2025-09-03,34,95.75
2025-09-03,35,98.28
2025-09-03,36,98.28
2025-09-03,37,101.85
2025-09-03,38,91.94
2025-09-03,39,87.64
2025-09-03,40,71.84
2025-09-03,41,66.09
2025-09-03,42,61.7
2025-09-03,43,60.75
2025-09-03,44,56.9
2025-09-03,45,55.94
2025-09-03,46,59.33
2025-09-03,47,50.48
2025-09-03,48,51.09
2025-09-04,1,51.69
2025-09-04,2,44.79
2025-09-04,3,46.57
2025-09-04,4,47.64
2025-09-04,5,39.68
2025-09-04,6,40.32
2025-09-04,7,37.76
2025-09-04,8,42.3
2025-09-04,9,48.52
2025-09-04,10,45.26
2025-09-04,11,52.69
2025-09-04,12,50.77
2025-09-04,13,50.37
2025-09-04,14,53.69
2025-09-04,15,66.65
2025-09-04,16,66.91
2025-09-04,17,65.56
2025-09-04,18,68.12
2025-09-04,19,66.06
2025-09-04,20,57.43
2025-09-04,21,67.53
2025-09-04,22,62.17
2025-09-04,23,66.14
2025-09-04,24,63.38
2025-09-04,25,68.77
2025-09-04,26,66.76
2025-09-04,27,72.33
2025-09-04,28,76.34
2025-09-04,29,76.7
2025-09-04,30,72.1
2025-09-04,31,74.74
2025-09-04,32,80.5
2025-09-04,33,94.33
2025-09-04,34,103.12
2025-09-04,35,94.27
2025-09-04,36,93.05
2025-09-04,37,100.12
2025-09-04,38,87.95
2025-09-04,39,82.91
2025-09-04,40,77.12
2025-09-04,41,67.52
2025-09-04,42,61.95
2025-09-04,43,60.61
2025-09-04,44,56.05
2025-09-04,45,47.98
2025-09-04,46,49.33
2025-09-04,47,50.48
2025-09-04,48,47.13
2025-09-05,1,51.89
2025-09-05,2,43.16
2025-09-05,3,49.69
2025-09-05,4,42.02
2025-09-05,5,47.81
2025-09-05,6,42.08
2025-09-05,7,38.61
2025-09-05,8,45.58
2025-09-05,9,42.53
2025-09-05,10,49.85
2025-09-05,11,52.45
2025-09-05,12,42.75
2025-09-05,13,52.86
2025-09-05,14,59.24
2025-09-05,15,61.06
2025-09-05,16,64.62
2025-09-05,17,67.62
2025-09-05,18,61.44
2025-09-05,19,74.5
2025-09-05,20,70.44
2025-09-05,21,64.84
2025-09-05,22,64.42
2025-09-05,23,71.32
2025-09-05,24,69.74
2025-09-05,25,71.25
2025-09-05,26,73.23
2025-09-05,27,73.25
2025-09-05,28,66.33
2025-09-05,29,74.11
2025-09-05,30,80.54
2025-09-05,31,84.3
2025-09-05,32,84.06
2025-09-05,33,90.44
2025-09-05,34,99.38
2025-09-05,35,102.96
2025-09-05,36,98.84
2025-09-05,37,98.49
2025-09-05,38,91.39
2025-09-05,39,86.37
2025-09-05,40,76.73
2025-09-05,41,68.12
2025-09-05,42,72.7
2025-09-05,43,68.36
2025-09-05,44,58.03
2025-09-05,45,56.9
2025-09-05,46,53.82
2025-09-05,47,51.44
2025-09-05,48,49.93
2025-09-06,1,36.65
2025-09-06,2,38.67
2025-09-06,3,44.12
2025-09-06,4,46.52
2025-09-06,5,41.98
2025-09-06,6,43.87
2025-09-06,7,39.41
2025-09-06,8,45.71
2025-09-06,9,40.41
2025-09-06,10,42.46
2025-09-06,11,42.75
2025-09-06,12,43.03
2025-09-06,13,48.63
2025-09-06,14,51.27
2025-09-06,15,55.55
2025-09-06,16,47.84
2025-09-06,17,55.54
2025-09-06,18,58.09
2025-09-06,19,54.43
2025-09-06,20,56.39
2025-09-06,21,62.63
2025-09-06,22,61.04
2025-09-06,23,64.07
2025-09-06,24,64.54
2025-09-06,25,65.82
2025-09-06,26,63.12
2025-09-06,27,69.51
2025-09-06,28,63.17
2025-09-06,29,72.31
2025-09-06,30,72.92
2025-09-06,31,75.0
2025-09-06,32,76.06
2025-09-06,33,77.5
2025-09-06,34,261.35
2025-09-06,35,257.57
2025-09-06,36,267.96
2025-09-06,37,259.6
2025-09-06,38,255.46
2025-09-06,39,244.15
2025-09-06,40,63.79
2025-09-06,41,72.96
2025-09-06,42,55.28
2025-09-06,43,58.26
2025-09-06,44,46.13
2025-09-06,45,43.57
2025-09-06,46,46.9
2025-09-06,47,45.56
2025-09-06,48,41.39
2025-09-07,1,36.11
2025-09-07,2,39.57
2025-09-07,3,37.05
2025-09-07,4,30.58
2025-09-07,5,39.7
2025-09-07,6,37.12
2025-09-07,7,40.78
2025-09-07,8,41.09
2025-09-07,9,41.9
2025-09-07,10,42.41
2025-09-07,11,43.86
2025-09-07,12,47.87
2025-09-07,13,48.32
2025-09-07,14,51.1
2025-09-07,15,53.05
2025-09-07,16,57.83
2025-09-07,17,61.1
2025-09-07,18,62.14
2025-09-07,19,59.69
2025-09-07,20,68.62
2025-09-07,21,65.95
2025-09-07,22,56.52
2025-09-07,23,60.15
2025-09-07,24,67.37
2025-09-07,25,58.36
2025-09-07,26,58.05
2025-09-07,27,74.87
2025-09-07,28,63.56
2025-09-07,29,59.1
2025-09-07,30,66.16
2025-09-07,31,70.77
2025-09-07,32,79.48
2025-09-07,33,80.48
2025-09-07,34,78.38
2025-09-07,35,74.58
2025-09-07,36,88.45
2025-09-07,37,84.45
2025-09-07,38,84.62
2025-09-07,39,71.55
2025-09-07,40,67.0
2025-09-07,41,60.38
2025-09-07,42,55.45
2025-09-07,43,55.76
2025-09-07,44,49.52
2025-09-07,45,42.3
2025-09-07,46,52.36
2025-09-07,47,46.3
2025-09-07,48,46.55
2025-09-08,1,52.44
2025-09-08,2,52.82
2025-09-08,3,51.37
2025-09-08,4,51.46
2025-09-08,5,40.07
2025-09-08,6,49.08
2025-09-08,7,44.53
2025-09-08,8,44.8
2025-09-08,9,42.11
2025-09-08,10,44.57
2025-09-08,11,38.97
2025-09-08,12,52.48
2025-09-08,13,52.68
2025-09-08,14,55.24
2025-09-08,15,66.63
2025-09-08,16,64.84
2025-09-08,17,63.64
2025-09-08,18,68.59
2025-09-08,19,75.78
2025-09-08,20,68.09
2025-09-08,21,71.48
2025-09-08,22,65.34
2025-09-08,23,70.64
2025-09-08,24,70.34
2025-09-08,25,70.63
2025-09-08,26,69.92
2025-09-08,27,72.08
2025-09-08,28,67.19
2025-09-08,29,70.2
2025-09-08,30,73.01
2025-09-08,31,76.6
2025-09-08,32,85.85
2025-09-08,33,89.65
2025-09-08,34,91.64
2025-09-08,35,103.3
2025-09-08,36,97.59
2025-09-08,37,99.62
2025-09-08,38,85.13
2025-09-08,39,86.21
2025-09-08,40,81.61
2025-09-08,41,72.95
2025-09-08,42,64.29
2025-09-08,43,60.73
2025-09-08,44,59.95
2025-09-08,45,56.18
2025-09-08,46,58.12
2025-09-08,47,48.06
2025-09-08,48,53.96
2025-09-09,1,40.91
2025-09-09,2,44.54
2025-09-09,3,49.83
2025-09-09,4,40.17
2025-09-09,5,42.77
2025-09-09,6,39.93
2025-09-09,7,45.55
2025-09-09,8,42.81
2025-09-09,9,40.73
2025-09-09,10,52.81
2025-09-09,11,50.2
2025-09-09,12,52.59
2025-09-09,13,54.12
2025-09-09,14,60.6
2025-09-09,15,63.38
2025-09-09,16,57.43
2025-09-09,17,75.07
2025-09-09,18,75.74
2025-09-09,19,67.18
2025-09-09,20,62.05
2025-09-09,21,63.99
2025-09-09,22,64.1
2025-09-09,23,69.97
2025-09-09,24,68.0
2025-09-09,25,68.32
2025-09-09,26,74.51
2025-09-09,27,72.92
2025-09-09,28,78.73
2025-09-09,29,76.63
2025-09-09,30,86.23
2025-09-09,31,91.9
2025-09-09,32,88.2
2025-09-09,33,90.68
2025-09-09,34,95.91
2025-09-09,35,103.06
2025-09-09,36,102.5
2025-09-09,37,88.76
2025-09-09,38,93.56
2025-09-09,39,83.26
2025-09-09,40,79.03
2025-09-09,41,71.57
2025-09-09,42,64.67
2025-09-09,43,55.39
2025-09-09,44,52.41
2025-09-09,45,55.0
2025-09-09,46,53.36
2025-09-09,47,51.71
2025-09-09,48,51.3
2025-09-10,1,45.39
2025-09-10,2,41.79
2025-09-10,3,50.47
2025-09-10,4,46.4
2025-09-10,5,43.8
2025-09-10,6,48.1
2025-09-10,7,39.65
2025-09-10,8,46.02
2025-09-10,9,44.61
2025-09-10,10,46.59
2025-09-10,11,48.38
2025-09-10,12,60.2
2025-09-10,13,51.92
2025-09-10,14,54.42
2025-09-10,15,63.93
2025-09-10,16,69.42
2025-09-10,17,62.48
2025-09-10,18,70.78
2025-09-10,19,64.82
2025-09-10,20,63.76
2025-09-10,21,67.92
2025-09-10,22,66.13
2025-09-10,23,64.07
2025-09-10,24,66.68
2025-09-10,25,69.13
2025-09-10,26,74.94
2025-09-10,27,69.88
2025-09-10,28,75.63
2025-09-10,29,69.91
2025-09-10,30,79.01
2025-09-10,31,86.31
2025-09-10,32,85.79
2025-09-10,33,94.56
2025-09-10,34,88.98
2025-09-10,35,94.85
2025-09-10,36,101.75
2025-09-10,37,99.39
2025-09-10,38,99.27
2025-09-10,39,88.06
2025-09-10,40,82.96
2025-09-10,41,68.13
2025-09-10,42,66.61
2025-09-10,43,56.88
2025-09-10,44,63.43
2025-09-10,45,55.27
2025-09-10,46,56.15
2025-09-10,47,43.08
2025-09-10,48,40.47
2025-09-11,1,47.37
2025-09-11,2,47.96
2025-09-11,3,44.54
2025-09-11,4,47.14
2025-09-11,5,39.94
2025-09-11,6,44.5
2025-09-11,7,40.1
2025-09-11,8,43.29
2025-09-11,9,46.33
2025-09-11,10,43.0
2025-09-11,11,47.8
2025-09-11,12,49.39
2025-09-11,13,62.31
2025-09-11,14,59.36
2025-09-11,15,63.97
2025-09-11,16,62.03
2025-09-11,17,58.06
2025-09-11,18,66.99
2025-09-11,19,63.18
2025-09-11,20,70.25
2025-09-11,21,70.09
2025-09-11,22,69.78
2025-09-11,23,69.11
2025-09-11,24,66.71
2025-09-11,25,68.46
2025-09-11,26,74.3
2025-09-11,27,81.96
2025-09-11,28,76.52
2025-09-11,29,78.95
2025-09-11,30,87.71
2025-09-11,31,83.55
2025-09-11,32,84.21
2025-09-11,33,94.21
2025-09-11,34,103.58
2025-09-11,35,103.23
2025-09-11,36,100.69
2025-09-11,37,89.55
2025-09-11,38,85.98
2025-09-11,39,86.92
2025-09-11,40,77.24
2025-09-11,41,71.87
2025-09-11,42,70.8
2025-09-11,43,57.63
2025-09-11,44,56.83
2025-09-11,45,61.47
2025-09-11,46,49.42
2025-09-11,47,57.13
2025-09-11,48,52.17
2025-09-12,1,47.91
2025-09-12,2,43.94
2025-09-12,3,44.26
2025-09-12,4,42.51
2025-09-12,5,44.78
2025-09-12,6,42.56
2025-09-12,7,44.19
2025-09-12,8,44.53
2025-09-12,9,46.79
2025-09-12,10,42.99
2025-09-12,11,55.39
2025-09-12,12,56.07
2025-09-12,13,56.54
2025-09-12,14,61.21
2025-09-12,15,57.76
2025-09-12,16,63.54
2025-09-12,17,66.56
2025-09-12,18,64.11
2025-09-12,19,68.56
2025-09-12,20,78.84
2025-09-12,21,69.81
2025-09-12,22,75.48
2025-09-12,23,75.66
2025-09-12,24,66.89
2025-09-12,25,71.94
2025-09-12,26,71.47
2025-09-12,27,78.15
2025-09-12,28,77.85
2025-09-12,29,84.59
2025-09-12,30,81.38
2025-09-12,31,87.38
2025-09-12,32,85.86
2025-09-12,33,87.32
2025-09-12,34,100.14
2025-09-12,35,100.73
2025-09-12,36,102.54
2025-09-12,37,103.33
2025-09-12,38,93.91
2025-09-12,39,89.27
2025-09-12,40,83.07
2025-09-12,41,71.97
2025-09-12,42,64.78
2025-09-12,43,70.83
2025-09-12,44,61.13
2025-09-12,45,58.05
2025-09-12,46,50.73
2025-09-12,47,53.69
2025-09-12,48,52.25
2025-09-13,1,45.34
2025-09-13,2,44.49
2025-09-13,3,41.45
2025-09-13,4,41.98
2025-09-13,5,47.22
2025-09-13,6,41.22
2025-09-13,7,34.36
2025-09-13,8,36.71
2025-09-13,9,36.94
2025-09-13,10,47.05
2025-09-13,11,40.91
2025-09-13,12,41.02
2025-09-13,13,43.48
2025-09-13,14,49.19
2025-09-13,15,52.59
2025-09-13,16,55.16
2025-09-13,17,63.99
2025-09-13,18,60.5
2025-09-13,19,61.59
2025-09-13,20,64.63
2025-09-13,21,64.6
2025-09-13,22,58.84
2025-09-13,23,66.51
2025-09-13,24,62.35
2025-09-13,25,61.08
2025-09-13,26,68.21
2025-09-13,27,67.33
2025-09-13,28,68.31
2025-09-13,29,67.41
2025-09-13,30,71.18
2025-09-13,31,71.37
2025-09-13,32,77.3
2025-09-13,33,80.67
2025-09-13,34,87.09
2025-09-13,35,94.64
2025-09-13,36,87.95
2025-09-13,37,89.45
2025-09-13,38,82.33
2025-09-13,39,80.54
2025-09-13,40,76.61
2025-09-13,41,62.07
2025-09-13,42,52.54
2025-09-13,43,50.62
2025-09-13,44,56.59
2025-09-13,45,51.56
2025-09-13,46,44.39
2025-09-13,47,52.98
2025-09-13,48,43.76
2025-09-14,1,36.46
2025-09-14,2,34.61
2025-09-14,3,35.83
2025-09-14,4,40.14
2025-09-14,5,43.41
2025-09-14,6,35.92
2025-09-14,7,36.28
2025-09-14,8,42.58
2025-09-14,9,38.92
2025-09-14,10,42.29
2025-09-14,11,43.51
2025-09-14,12,40.35
2025-09-14,13,55.43
2025-09-14,14,48.17
2025-09-14,15,62.88
2025-09-14,16,60.65
2025-09-14,17,61.84
2025-09-14,18,55.98
2025-09-14,19,63.55
2025-09-14,20,61.57
2025-09-14,21,60.66
2025-09-14,22,56.34
2025-09-14,23,65.45
2025-09-14,24,66.4
2025-09-14,25,56.87
2025-09-14,26,62.43
2025-09-14,27,64.89
2025-09-14,28,68.78
2025-09-14,29,69.72
2025-09-14,30,71.2
2025-09-14,31,76.55
2025-09-14,32,85.94
2025-09-14,33,81.52
2025-09-14,34,90.61
2025-09-14,35,95.88
2025-09-14,36,95.14
2025-09-14,37,89.31
2025-09-14,38,84.76
2025-09-14,39,78.0
2025-09-14,40,76.85
2025-09-14,41,62.84
2025-09-14,42,58.12
2025-09-14,43,53.2
2025-09-14,44,62.63
2025-09-14,45,56.64
2025-09-14,46,46.09
2025-09-14,47,41.95
2025-09-14,48,44.43
2025-09-15,1,56.18
2025-09-15,2,52.05
2025-09-15,3,55.0
2025-09-15,4,47.3
2025-09-15,5,46.32
2025-09-15,6,42.97
2025-09-15,7,43.02
2025-09-15,8,45.8
2025-09-15,9,49.01
2025-09-15,10,50.79
2025-09-15,11,45.51
2025-09-15,12,51.68
2025-09-15,13,56.33
2025-09-15,14,50.74
2025-09-15,15,66.88
2025-09-15,16,66.02
2025-09-15,17,69.72
2025-09-15,18,76.84
2025-09-15,19,67.31
2025-09-15,20,67.48
2025-09-15,21,61.43
2025-09-15,22,70.25
2025-09-15,23,75.36
2025-09-15,24,63.41
2025-09-15,25,68.85
2025-09-15,26,74.92
2025-09-15,27,73.79
2025-09-15,28,75.4
2025-09-15,29,79.8
2025-09-15,30,89.19
2025-09-15,31,85.57
2025-09-15,32,90.79
2025-09-15,33,96.57
2025-09-15,34,91.17
2025-09-15,35,102.98
2025-09-15,36,95.7
2025-09-15,37,99.29
2025-09-15,38,98.38
2025-09-15,39,85.64
2025-09-15,40,84.55
2025-09-15,41,66.84
2025-09-15,42,69.41
2025-09-15,43,65.16
2025-09-15,44,49.82
2025-09-15,45,59.95
2025-09-15,46,43.68
2025-09-15,47,54.32
2025-09-15,48,53.65
2025-09-16,1,52.43
2025-09-16,2,47.02
2025-09-16,3,48.58
2025-09-16,4,45.8
2025-09-16,5,37.72
2025-09-16,6,44.93
2025-09-16,7,44.03
2025-09-16,8,49.08
2025-09-16,9,42.1
2025-09-16,10,43.69
2025-09-16,11,53.64
2025-09-16,12,48.27
2025-09-16,13,52.55
2025-09-16,14,61.25
2025-09-16,15,66.22
2025-09-16,16,72.59
2025-09-16,17,68.2
2025-09-16,18,69.79
2025-09-16,19,70.61
2025-09-16,20,68.53
2025-09-16,21,72.3
2025-09-16,22,69.22
2025-09-16,23,66.1
2025-09-16,24,64.8
2025-09-16,25,72.52
2025-09-16,26,76.79
2025-09-16,27,72.94
2025-09-16,28,72.04
2025-09-16,29,85.39
2025-09-16,30,80.51
2025-09-16,31,89.1
2025-09-16,32,94.15
2025-09-16,33,100.82
2025-09-16,34,98.89
2025-09-16,35,96.13
2025-09-16,36,94.39
2025-09-16,37,98.27
2025-09-16,38,100.92
2025-09-16,39,87.71
2025-09-16,40,85.75
2025-09-16,41,69.91
2025-09-16,42,74.14
2025-09-16,43,66.69
2025-09-16,44,61.12
2025-09-16,45,61.63
2025-09-16,46,53.32
2025-09-16,47,55.45
2025-09-16,48,48.45
2025-09-17,1,51.5
2025-09-17,2,45.1
2025-09-17,3,51.47
2025-09-17,4,49.93
2025-09-17,5,52.35
2025-09-17,6,50.36
2025-09-17,7,39.54
2025-09-17,8,44.98
2025-09-17,9,51.28
2025-09-17,10,42.37
2025-09-17,11,48.11
2025-09-17,12,52.46
2025-09-17,13,55.34
2025-09-17,14,60.7
2025-09-17,15,60.92
2025-09-17,16,63.54
2025-09-17,17,71.72
2025-09-17,18,70.57
2025-09-17,19,80.02
2025-09-17,20,66.8
2025-09-17,21,70.63
2025-09-17,22,65.54
2025-09-17,23,72.76
2025-09-17,24,71.35
2025-09-17,25,75.43
2025-09-17,26,71.77
2025-09-17,27,68.66
2025-09-17,28,82.7
2025-09-17,29,83.19
2025-09-17,30,86.05
2025-09-17,31,89.43
2025-09-17,32,90.72
2025-09-17,33,97.63
2025-09-17,34,95.91
2025-09-17,35,100.61
2025-09-17,36,107.01
2025-09-17,37,107.88
2025-09-17,38,95.86
2025-09-17,39,74.56
2025-09-17,40,82.09
2025-09-17,41,79.79
2025-09-17,42,67.41
2025-09-17,43,60.25
2025-09-17,44,64.7
2025-09-17,45,56.7
2025-09-17,46,54.38
2025-09-17,47,47.15
2025-09-17,48,45.46
2025-09-18,1,57.22
2025-09-18,2,56.22
2025-09-18,3,43.87
2025-09-18,4,42.52
2025-09-18,5,41.85
2025-09-18,6,50.71
2025-09-18,7,49.08
2025-09-18,8,49.02
2025-09-18,9,49.12
2025-09-18,10,46.41
2025-09-18,11,50.19
2025-09-18,12,53.75
2025-09-18,13,56.23
2025-09-18,14,57.18
2025-09-18,15,70.35
2025-09-18,16,62.78
2025-09-18,17,68.55
2025-09-18,18,77.44
2025-09-18,19,75.59
2025-09-18,20,66.47
2025-09-18,21,62.41
2025-09-18,22,67.02
2025-09-18,23,-1.28
2025-09-18,24,-0.63
2025-09-18,25,0.15
2025-09-18,26,3.88
2025-09-18,27,3.08
2025-09-18,28,8.38
2025-09-18,29,9.6
2025-09-18,30,0.64
2025-09-18,31,86.59
2025-09-18,32,89.86
2025-09-18,33,96.69
2025-09-18,34,99.01
2025-09-18,35,96.28
2025-09-18,36,104.75
2025-09-18,37,102.97
2025-09-18,38,87.57
2025-09-18,39,95.08
2025-09-18,40,84.78
2025-09-18,41,70.84
2025-09-18,42,64.52
2025-09-18,43,65.35
2025-09-18,44,61.64
2025-09-18,45,60.85
2025-09-18,46,58.04
2025-09-18,47,56.41
2025-09-18,48,47.84
2025-09-19,1,51.0
2025-09-19,2,44.93
2025-09-19,3,46.67
2025-09-19,4,45.51
2025-09-19,5,44.78
2025-09-19,6,53.86
2025-09-19,7,46.35
2025-09-19,8,47.89
2025-09-19,9,49.75
2025-09-19,10,48.0
2025-09-19,11,48.27
2025-09-19,12,58.59
2025-09-19,13,62.02
2025-09-19,14,63.66
2025-09-19,15,63.74
2025-09-19,16,69.28
2025-09-19,17,67.27
2025-09-19,18,72.3
2025-09-19,19,67.48
2025-09-19,20,75.05
2025-09-19,21,78.06
2025-09-19,22,66.94
2025-09-19,23,78.93
2025-09-19,24,75.31
2025-09-19,25,70.86
2025-09-19,26,76.29
2025-09-19,27,82.83
2025-09-19,28,83.23
2025-09-19,29,85.12
2025-09-19,30,81.5
2025-09-19,31,82.86
2025-09-19,32,91.1
2025-09-19,33,96.49
2025-09-19,34,99.54
2025-09-19,35,100.73
2025-09-19,36,99.32
2025-09-19,37,103.47
2025-09-19,38,92.53
2025-09-19,39,91.77
2025-09-19,40,80.17
2025-09-19,41,74.37
2025-09-19,42,64.5
2025-09-19,43,66.43
2025-09-19,44,60.28
2025-09-19,45,54.32
2025-09-19,46,55.4
2025-09-19,47,50.85
2025-09-19,48,46.2
2025-09-20,1,41.19
2025-09-20,2,44.23
2025-09-20,3,42.95
2025-09-20,4,39.07
2025-09-20,5,42.22
2025-09-20,6,40.88
2025-09-20,7,44.52
2025-09-20,8,42.78
2025-09-20,9,39.5
2025-09-20,10,40.4
2025-09-20,11,45.99
2025-09-20,12,39.33
2025-09-20,13,45.01
2025-09-20,14,52.32
2025-09-20,15,56.2
2025-09-20,16,63.95
2025-09-20,17,56.68
2025-09-20,18,61.77
2025-09-20,19,63.77
2025-09-20,20,62.22
2025-09-20,21,60.19
2025-09-20,22,60.61
2025-09-20,23,64.57
2025-09-20,24,63.26
2025-09-20,25,63.87
2025-09-20,26,61.81
2025-09-20,27,76.91
2025-09-20,28,69.76
2025-09-20,29,77.26
2025-09-20,30,72.23
2025-09-20,31,77.04
2025-09-20,32,82.56
2025-09-20,33,84.37
2025-09-20,34,325.17
2025-09-20,35,328.08
2025-09-20,36,326.44
2025-09-20,37,324.48
2025-09-20,38,324.37
2025-09-20,39,310.33
2025-09-20,40,78.9
2025-09-20,41,68.41
2025-09-20,42,60.03
2025-09-20,43,60.94
2025-09-20,44,57.64
2025-09-20,45,53.16
2025-09-20,46,49.38
2025-09-20,47,41.52
2025-09-20,48,43.67
2025-09-21,1,39.31
2025-09-21,2,39.56
2025-09-21,3,41.46
2025-09-21,4,42.28
2025-09-21,5,36.81
2025-09-21,6,32.79
2025-09-21,7,40.66
2025-09-21,8,41.31
2025-09-21,9,45.29
2025-09-21,10,50.57
2025-09-21,11,39.0
2025-09-21,12,48.09
2025-09-21,13,59.25
2025-09-21,14,48.02
2025-09-21,15,53.07
2025-09-21,16,64.14
2025-09-21,17,63.36
2025-09-21,18,64.93
2025-09-21,19,66.56
2025-09-21,20,66.75
2025-09-21,21,65.15
2025-09-21,22,65.61
2025-09-21,23,59.05
2025-09-21,24,68.56
2025-09-21,25,71.92
2025-09-21,26,71.26
2025-09-21,27,70.06
2025-09-21,28,77.03
2025-09-21,29,72.01
2025-09-21,30,77.64
2025-09-21,31,83.66
2025-09-21,32,79.42
2025-09-21,33,90.47
2025-09-21,34,84.6
2025-09-21,35,88.13
2025-09-21,36,87.82
2025-09-21,37,80.73
2025-09-21,38,81.79
2025-09-21,39,78.94
2025-09-21,40,71.01
2025-09-21,41,61.26
2025-09-21,42,51.58
2025-09-21,43,54.54
2025-09-21,44,51.1
2025-09-21,45,59.62
2025-09-21,46,49.91
2025-09-21,47,55.22
2025-09-21,48,43.74
2025-09-22,1,54.14
2025-09-22,2,48.85
2025-09-22,3,50.74
2025-09-22,4,45.62
2025-09-22,5,52.27
2025-09-22,6,39.93
2025-09-22,7,45.84
2025-09-22,8,49.39
2025-09-22,9,46.59
2025-09-22,10,52.31
2025-09-22,11,50.99
2025-09-22,12,54.53
2025-09-22,13,59.02
2025-09-22,14,60.61
2025-09-22,15,58.41
2025-09-22,16,75.78
2025-09-22,17,76.92
2025-09-22,18,75.75
2025-09-22,19,71.69
2025-09-22,20,74.59
2025-09-22,21,65.52
2025-09-22,22,66.14
2025-09-22,23,82.5
2025-09-22,24,68.81
2025-09-22,25,73.73
2025-09-22,26,76.84
2025-09-22,27,79.06
2025-09-22,28,79.3
2025-09-22,29,79.86
2025-09-22,30,83.68
2025-09-22,31,92.3
2025-09-22,32,94.86
2025-09-22,33,100.0
2025-09-22,34,93.97
2025-09-22,35,106.63
2025-09-22,36,105.23
2025-09-22,37,99.41
2025-09-22,38,103.98
2025-09-22,39,83.85
2025-09-22,40,82.3
2025-09-22,41,80.47
2025-09-22,42,70.75
2025-09-22,43,57.83
2025-09-22,44,67.96
2025-09-22,45,52.59
2025-09-22,46,52.27
2025-09-22,47,58.88
2025-09-22,48,49.35
2025-09-23,1,53.49
2025-09-23,2,54.45
2025-09-23,3,51.22
2025-09-23,4,49.59
2025-09-23,5,49.87
2025-09-23,6,44.92
2025-09-23,7,50.82
2025-09-23,8,47.01
2025-09-23,9,47.19
2025-09-23,10,44.12
2025-09-23,11,52.7
2025-09-23,12,54.91
2025-09-23,13,59.99
2025-09-23,14,55.55
2025-09-23,15,68.19
2025-09-23,16,68.36
2025-09-23,17,68.18
2025-09-23,18,71.32
2025-09-23,19,70.19
2025-09-23,20,74.44
2025-09-23,21,71.0
2025-09-23,22,72.38
2025-09-23,23,71.31
2025-09-23,24,73.59
2025-09-23,25,70.73
2025-09-23,26,68.56
2025-09-23,27,88.66
2025-09-23,28,79.8
2025-09-23,29,93.5
2025-09-23,30,84.15
2025-09-23,31,88.02
2025-09-23,32,91.54
2025-09-23,33,99.94
2025-09-23,34,102.56
2025-09-23,35,99.59
2025-09-23,36,100.94
2025-09-23,37,97.52
2025-09-23,38,97.45
2025-09-23,39,90.7
2025-09-23,40,83.2
2025-09-23,41,73.16
2025-09-23,42,65.54
2025-09-23,43,70.47
2025-09-23,44,63.22
2025-09-23,45,61.92
2025-09-23,46,61.07
2025-09-23,47,47.0
2025-09-23,48,53.62
2025-09-24,1,54.11
2025-09-24,2,47.77
2025-09-24,3,49.43
2025-09-24,4,43.93
2025-09-24,5,53.03
2025-09-24,6,43.82
2025-09-24,7,44.34
2025-09-24,8,52.09
2025-09-24,9,49.27
2025-09-24,10,56.5
2025-09-24,11,54.71
2025-09-24,12,58.2
2025-09-24,13,53.09
2025-09-24,14,62.75
2025-09-24,15,72.92
2025-09-24,16,65.02
2025-09-24,17,72.13
2025-09-24,18,73.1
2025-09-24,19,74.88
2025-09-24,20,76.5
2025-09-24,21,73.6
2025-09-24,22,81.14
2025-09-24,23,64.09
2025-09-24,24,63.67
2025-09-24,25,74.61
2025-09-24,26,82.04
2025-09-24,27,77.74
2025-09-24,28,78.32
2025-09-24,29,74.46
2025-09-24,30,83.61
2025-09-24,31,86.41
2025-09-24,32,92.45
2025-09-24,33,97.57
2025-09-24,34,105.39
2025-09-24,35,103.71
2025-09-24,36,102.24
2025-09-24,37,102.93
2025-09-24,38,97.4
2025-09-24,39,85.61
2025-09-24,40,84.67
2025-09-24,41,71.35
2025-09-24,42,73.36
2025-09-24,43,64.15
2025-09-24,44,58.19
2025-09-24,45,71.01
2025-09-24,46,57.98
2025-09-24,47,59.73
2025-09-24,48,53.38
2025-09-25,1,51.07
2025-09-25,2,54.76
2025-09-25,3,49.01
2025-09-25,4,50.6
2025-09-25,5,40.3
2025-09-25,6,45.38
2025-09-25,7,48.17
2025-09-25,8,46.68
2025-09-25,9,53.56
2025-09-25,10,50.99
2025-09-25,11,53.84
2025-09-25,12,54.9
2025-09-25,13,57.6
2025-09-25,14,65.32
2025-09-25,15,73.05
2025-09-25,16,61.33
2025-09-25,17,68.37
2025-09-25,18,74.06
2025-09-25,19,79.51
2025-09-25,20,76.93
2025-09-25,21,70.13
2025-09-25,22,71.8
2025-09-25,23,76.85
2025-09-25,24,72.35
2025-09-25,25,77.08
2025-09-25,26,74.56
2025-09-25,27,80.67
2025-09-25,28,82.9
2025-09-25,29,71.66
2025-09-25,30,92.4
2025-09-25,31,96.55
2025-09-25,32,85.4
2025-09-25,33,97.65
2025-09-25,34,96.55
2025-09-25,35,97.4
2025-09-25,36,109.36
2025-09-25,37,110.56
2025-09-25,38,97.81
2025-09-25,39,97.16
2025-09-25,40,80.89
2025-09-25,41,70.95
2025-09-25,42,69.5
2025-09-25,43,63.42
2025-09-25,44,64.74
2025-09-25,45,64.54
2025-09-25,46,53.2
2025-09-25,47,50.33
2025-09-25,48,57.42
2025-09-26,1,57.11
2025-09-26,2,48.74
2025-09-26,3,50.42
2025-09-26,4,50.56
2025-09-26,5,47.35
2025-09-26,6,44.17
2025-09-26,7,48.72
2025-09-26,8,57.17
2025-09-26,9,46.73
2025-09-26,10,47.62
2025-09-26,11,54.58
2025-09-26,12,63.81
2025-09-26,13,54.37
2025-09-26,14,57.18
2025-09-26,15,69.38
2025-09-26,16,73.27
2025-09-26,17,68.82
2025-09-26,18,72.96
2025-09-26,19,69.81
2025-09-26,20,72.63
2025-09-26,21,72.56
2025-09-26,22,77.49
2025-09-26,23,79.06
2025-09-26,24,74.69
2025-09-26,25,82.29
2025-09-26,26,81.46
2025-09-26,27,73.79
2025-09-26,28,85.24
2025-09-26,29,86.02
2025-09-26,30,93.27
2025-09-26,31,90.38
2025-09-26,32,101.04
2025-09-26,33,92.07
2025-09-26,34,101.76
2025-09-26,35,98.46
2025-09-26,36,105.35
2025-09-26,37,104.43
2025-09-26,38,98.23
2025-09-26,39,95.04
2025-09-26,40,93.82
2025-09-26,41,75.65
2025-09-26,42,76.46
2025-09-26,43,69.69
2025-09-26,44,64.79
2025-09-26,45,63.88
2025-09-26,46,56.71
2025-09-26,47,60.22
2025-09-26,48,48.38
2025-09-27,1,48.62
2025-09-27,2,43.83
2025-09-27,3,42.77
2025-09-27,4,43.16
2025-09-27,5,37.04
2025-09-27,6,43.43
2025-09-27,7,47.88
2025-09-27,8,40.92
2025-09-27,9,43.35
2025-09-27,10,40.64
2025-09-27,11,42.73
2025-09-27,12,51.91
2025-09-27,13,51.71
2025-09-27,14,57.37
2025-09-27,15,59.57
2025-09-27,16,61.24
2025-09-27,17,69.14
2025-09-27,18,58.4
2025-09-27,19,62.56
2025-09-27,20,63.98
2025-09-27,21,65.33
2025-09-27,22,63.93
2025-09-27,23,66.39
2025-09-27,24,71.84
2025-09-27,25,62.82
2025-09-27,26,74.7
2025-09-27,27,69.01
2025-09-27,28,72.12
2025-09-27,29,73.27
2025-09-27,30,76.76
2025-09-27,31,83.76
2025-09-27,32,78.45
2025-09-27,33,84.64
2025-09-27,34,94.02
2025-09-27,35,90.83
2025-09-27,36,86.74
2025-09-27,37,94.3
2025-09-27,38,83.84
2025-09-27,39,84.23
2025-09-27,40,72.37
2025-09-27,41,72.7
2025-09-27,42,64.11
2025-09-27,43,56.29
2025-09-27,44,51.05
2025-09-27,45,52.51
2025-09-27,46,51.55
2025-09-27,47,46.93
2025-09-27,48,42.69
2025-09-28,1,49.98
2025-09-28,2,48.02
2025-09-28,3,45.02
2025-09-28,4,41.94
2025-09-28,5,48.55
2025-09-28,6,46.09
2025-09-28,7,45.32
2025-09-28,8,42.8
2025-09-28,9,40.99
2025-09-28,10,36.44
2025-09-28,11,47.92
2025-09-28,12,46.85
2025-09-28,13,52.18
2025-09-28,14,64.83
2025-09-28,15,63.77
2025-09-28,16,63.93
2025-09-28,17,64.17
2025-09-28,18,68.96
2025-09-28,19,69.71
2025-09-28,20,64.24
2025-09-28,21,64.4
2025-09-28,22,66.35
2025-09-28,23,62.81
2025-09-28,24,63.91
2025-09-28,25,63.21
2025-09-28,26,75.88
2025-09-28,27,64.8
2025-09-28,28,66.41
2025-09-28,29,64.37
2025-09-28,30,78.46
2025-09-28,31,75.51
2025-09-28,32,86.44
2025-09-28,33,87.7
2025-09-28,34,97.01
2025-09-28,35,91.05
2025-09-28,36,94.87
2025-09-28,37,96.57
2025-09-28,38,92.17
2025-09-28,39,85.42
2025-09-28,40,76.71
2025-09-28,41,68.34
2025-09-28,42,65.71
2025-09-28,43,54.11
2025-09-28,44,54.69
2025-09-28,45,59.32
2025-09-28,46,55.25
2025-09-28,47,44.83
2025-09-28,48,49.48
2025-09-29,1,56.67
2025-09-29,2,51.29
2025-09-29,3,50.43
2025-09-29,4,49.21
2025-09-29,5,47.3
2025-09-29,6,45.28
2025-09-29,7,41.69
2025-09-29,8,50.13
2025-09-29,9,50.45
2025-09-29,10,55.01
2025-09-29,11,53.92
2025-09-29,12,53.21
2025-09-29,13,57.91
2025-09-29,14,65.03
2025-09-29,15,71.49
2025-09-29,16,69.33
2025-09-29,17,78.14
2025-09-29,18,74.85
2025-09-29,19,72.8
2025-09-29,20,72.55
2025-09-29,21,73.56
2025-09-29,22,74.63
2025-09-29,23,79.76
2025-09-29,24,83.64
2025-09-29,25,76.45
2025-09-29,26,73.14
2025-09-29,27,77.76
2025-09-29,28,80.6
2025-09-29,29,85.02
2025-09-29,30,79.55
2025-09-29,31,94.75
2025-09-29,32,91.62
2025-09-29,33,101.56
2025-09-29,34,300.81
2025-09-29,35,301.52
2025-09-29,36,309.75
2025-09-29,37,299.73
2025-09-29,38,292.21
2025-09-29,39,291.04
2025-09-29,40,88.56
2025-09-29,41,77.34
2025-09-29,42,73.07
2025-09-29,43,71.6
2025-09-29,44,63.31
2025-09-29,45,60.29
2025-09-29,46,62.01
2025-09-29,47,56.16
2025-09-29,48,51.79
2025-09-30,1,54.07
2025-09-30,2,53.89
2025-09-30,3,43.58
2025-09-30,4,51.05
2025-09-30,5,42.31
2025-09-30,6,47.2
2025-09-30,7,51.14
2025-09-30,8,57.09
2025-09-30,9,45.49
2025-09-30,10,47.33
2025-09-30,11,45.8
2025-09-30,12,52.35
2025-09-30,13,67.97
2025-09-30,14,56.66
2025-09-30,15,54.94
2025-09-30,16,74.77
2025-09-30,17,77.47
2025-09-30,18,75.67
2025-09-30,19,76.29
2025-09-30,20,78.57
2025-09-30,21,78.26
2025-09-30,22,70.91
2025-09-30,23,70.49
2025-09-30,24,72.4
2025-09-30,25,74.56
2025-09-30,26,81.91
2025-09-30,27,84.7
2025-09-30,28,80.79
2025-09-30,29,85.4
2025-09-30,30,86.74
2025-09-30,31,87.58
2025-09-30,32,92.11
2025-09-30,33,101.04
2025-09-30,34,108.42
2025-09-30,35,109.93
2025-09-30,36,107.69
2025-09-30,37,111.2
2025-09-30,38,106.35
2025-09-30,39,86.91
2025-09-30,40,80.66
2025-09-30,41,72.67
2025-09-30,42,76.26
2025-09-30,43,66.92
2025-09-30,44,64.67
2025-09-30,45,63.95
2025-09-30,46,59.07
2025-09-30,47,54.42
2025-09-30,48,50.72
2025-10-01,1,58.88
2025-10-01,2,55.19
2025-10-01,3,49.37
2025-10-01,4,46.11
2025-10-01,5,44.96
2025-10-01,6,55.87
2025-10-01,7,48.69
2025-10-01,8,49.82
2025-10-01,9,45.71
2025-10-01,10,51.01
2025-10-01,11,49.34
2025-10-01,12,56.02
2025-10-01,13,57.74
2025-10-01,14,60.44
2025-10-01,15,72.47
2025-10-01,16,76.68
2025-10-01,17,76.34
2025-10-01,18,68.63
2025-10-01,19,71.88
2025-10-01,20,71.71
2025-10-01,21,82.89
2025-10-01,22,79.57
2025-10-01,23,81.26
2025-10-01,24,73.77
2025-10-01,25,71.85
2025-10-01,26,83.43
2025-10-01,27,71.77
2025-10-01,28,82.85
2025-10-01,29,87.06
2025-10-01,30,83.02
2025-10-01,31,97.36
2025-10-01,32,94.92
2025-10-01,33,102.53
2025-10-01,34,107.99
2025-10-01,35,109.53
2025-10-01,36,106.73
2025-10-01,37,102.85
2025-10-01,38,102.07
2025-10-01,39,95.87
2025-10-01,40,89.7
2025-10-01,41,78.23
2025-10-01,42,73.3
2025-10-01,43,64.81
2025-10-01,44,68.81
2025-10-01,45,58.43
2025-10-01,46,61.73
2025-10-01,47,61.31
2025-10-01,48,59.35
2025-10-02,1,61.39
2025-10-02,2,53.02
2025-10-02,3,53.21
2025-10-02,4,49.02
2025-10-02,5,48.75
2025-10-02,6,50.98
2025-10-02,7,54.62
2025-10-02,8,54.4
2025-10-02,9,37.26
2025-10-02,10,44.39
2025-10-02,11,61.31
2025-10-02,12,53.61
2025-10-02,13,57.8
2025-10-02,14,61.25
2025-10-02,15,62.75
2025-10-02,16,68.79
2025-10-02,17,72.52
2025-10-02,18,74.15
2025-10-02,19,72.53
2025-10-02,20,79.77
2025-10-02,21,75.33
2025-10-02,22,76.26
2025-10-02,23,76.52
2025-10-02,24,75.01
2025-10-02,25,75.51
2025-10-02,26,73.79
2025-10-02,27,84.09
2025-10-02,28,82.3
2025-10-02,29,89.93
2025-10-02,30,89.4
2025-10-02,31,98.05
2025-10-02,32,94.96
2025-10-02,33,97.78
2025-10-02,34,113.77
2025-10-02,35,113.87
2025-10-02,36,102.02
2025-10-02,37,108.4
2025-10-02,38,103.82
2025-10-02,39,92.89
2025-10-02,40,81.03
2025-10-02,41,78.43
2025-10-02,42,74.08
2025-10-02,43,65.84
2025-10-02,44,67.89
2025-10-02,45,55.66
2025-10-02,46,60.35
2025-10-02,47,65.27
2025-10-02,48,58.0
2025-10-03,1,52.52
2025-10-03,2,56.02
2025-10-03,3,46.94
2025-10-03,4,52.18
2025-10-03,5,45.19
2025-10-03,6,52.65
2025-10-03,7,49.48
2025-10-03,8,50.12
2025-10-03,9,49.59
2025-10-03,10,53.51
2025-10-03,11,49.83
2025-10-03,12,60.03
2025-10-03,13,58.57
2025-10-03,14,65.83
2025-10-03,15,70.92
2025-10-03,16,69.14
2025-10-03,17,77.0
2025-10-03,18,73.51
2025-10-03,19,70.43
2025-10-03,20,77.21
2025-10-03,21,84.69
2025-10-03,22,73.39
2025-10-03,23,78.55
2025-10-03,24,80.72
2025-10-03,25,74.05
2025-10-03,26,77.6
2025-10-03,27,86.56
2025-10-03,28,85.88
2025-10-03,29,85.68
2025-10-03,30,81.98
2025-10-03,31,89.83
2025-10-03,32,99.0
2025-10-03,33,89.55
2025-10-03,34,110.05
2025-10-03,35,114.27
2025-10-03,36,117.15
2025-10-03,37,112.14
2025-10-03,38,103.05
2025-10-03,39,97.31
2025-10-03,40,85.13
2025-10-03,41,77.31
2025-10-03,42,75.38
2025-10-03,43,65.66
2025-10-03,44,63.59
2025-10-03,45,71.13
2025-10-03,46,56.95
2025-10-03,47,58.71
2025-10-03,48,49.36
2025-10-04,1,43.94
2025-10-04,2,44.99
2025-10-04,3,38.24
2025-10-04,4,46.54
2025-10-04,5,47.51
2025-10-04,6,36.6
2025-10-04,7,40.61
2025-10-04,8,40.54
2025-10-04,9,42.88
2025-10-04,10,47.58
2025-10-04,11,46.95
2025-10-04,12,49.49
2025-10-04,13,46.98
2025-10-04,14,56.28
2025-10-04,15,64.17
2025-10-04,16,64.24
2025-10-04,17,58.29
2025-10-04,18,72.69
2025-10-04,19,73.28
2025-10-04,20,69.84
2025-10-04,21,70.94
2025-10-04,22,69.1
2025-10-04,23,70.25
2025-10-04,24,66.16
2025-10-04,25,72.72
2025-10-04,26,61.82
2025-10-04,27,71.46
2025-10-04,28,77.25
2025-10-04,29,81.35
2025-10-04,30,79.7
2025-10-04,31,86.24
2025-10-04,32,85.45
2025-10-04,33,92.83
2025-10-04,34,97.26
2025-10-04,35,87.56
2025-10-04,36,100.31
2025-10-04,37,95.09
2025-10-04,38,90.54
2025-10-04,39,86.85
2025-10-04,40,74.37
2025-10-04,41,70.4
2025-10-04,42,65.36
2025-10-04,43,62.5
2025-10-04,44,49.12
2025-10-04,45,57.81
2025-10-04,46,55.79
2025-10-04,47,45.84
2025-10-04,48,46.41
2025-10-05,1,44.02
2025-10-05,2,46.34
2025-10-05,3,48.4
2025-10-05,4,50.62
2025-10-05,5,46.57
2025-10-05,6,41.4
2025-10-05,7,39.58
2025-10-05,8,39.58
2025-10-05,9,43.46
2025-10-05,10,43.51
2025-10-05,11,42.13
2025-10-05,12,52.56
2025-10-05,13,51.51
2025-10-05,14,58.44
2025-10-05,15,55.42
2025-10-05,16,68.14
2025-10-05,17,69.93
2025-10-05,18,72.53
2025-10-05,19,67.7
2025-10-05,20,66.92
2025-10-05,21,70.01
2025-10-05,22,72.66
2025-10-05,23,67.82
2025-10-05,24,62.51
2025-10-05,25,68.04
2025-10-05,26,76.5
2025-10-05,27,75.5
2025-10-05,28,75.16
2025-10-05,29,74.12
2025-10-05,30,85.21
2025-10-05,31,77.67
2025-10-05,32,86.12
2025-10-05,33,92.6
2025-10-05,34,96.54
2025-10-05,35,94.27
2025-10-05,36,100.94
2025-10-05,37,97.43
2025-10-05,38,90.8
2025-10-05,39,85.35
2025-10-05,40,74.71
2025-10-05,41,78.04
2025-10-05,42,70.8
2025-10-05,43,58.61
2025-10-05,44,57.34
2025-10-05,45,60.0
2025-10-05,46,55.88
2025-10-05,47,51.84
2025-10-05,48,45.71
2025-10-06,1,56.17
2025-10-06,2,59.93
2025-10-06,3,50.3
2025-10-06,4,52.6
2025-10-06,5,54.54
2025-10-06,6,51.15
2025-10-06,7,50.38
2025-10-06,8,43.39
2025-10-06,9,51.28
2025-10-06,10,54.47
2025-10-06,11,61.2
2025-10-06,12,55.27
2025-10-06,13,65.29
2025-10-06,14,62.23
2025-10-06,15,72.93
2025-10-06,16,69.84
2025-10-06,17,76.53
2025-10-06,18,74.9
2025-10-06,19,77.85
2025-10-06,20,77.48
2025-10-06,21,77.43
2025-10-06,22,73.85
2025-10-06,23,77.33
2025-10-06,24,79.86
2025-10-06,25,78.43
2025-10-06,26,77.67
2025-10-06,27,79.65
2025-10-06,28,88.34
2025-10-06,29,86.58
2025-10-06,30,95.05
2025-10-06,31,92.4
2025-10-06,32,97.62
2025-10-06,33,105.64
2025-10-06,34,110.45
2025-10-06,35,116.57
2025-10-06,36,102.77
2025-10-06,37,110.38
2025-10-06,38,98.54
2025-10-06,39,94.96
2025-10-06,40,83.27
2025-10-06,41,81.44
2025-10-06,42,70.34
2025-10-06,43,62.26
2025-10-06,44,61.53
2025-10-06,45,67.75
2025-10-06,46,63.37
2025-10-06,47,63.6
2025-10-06,48,48.75
2025-10-07,1,63.42
2025-10-07,2,53.96
2025-10-07,3,50.98
2025-10-07,4,51.08
2025-10-07,5,46.28
2025-10-07,6,50.9
2025-10-07,7,58.78
2025-10-07,8,48.65
2025-10-07,9,47.78
2025-10-07,10,54.15
2025-10-07,11,57.17
2025-10-07,12,57.4
2025-10-07,13,59.43
2025-10-07,14,67.22
2025-10-07,15,63.64
2025-10-07,16,71.54
2025-10-07,17,67.12
2025-10-07,18,77.43
2025-10-07,19,77.31
2025-10-07,20,82.01
2025-10-07,21,73.98
2025-10-07,22,81.52
2025-10-07,23,77.03
2025-10-07,24,81.39
2025-10-07,25,83.18
2025-10-07,26,81.69
2025-10-07,27,84.12
2025-10-07,28,82.45
2025-10-07,29,91.72
2025-10-07,30,100.64
2025-10-07,31,87.95
2025-10-07,32,98.92
2025-10-07,33,102.8
2025-10-07,34,110.5
2025-10-07,35,105.26
2025-10-07,36,107.7
2025-10-07,37,115.86
2025-10-07,38,109.11
2025-10-07,39,89.48
2025-10-07,40,95.99
2025-10-07,41,77.97
2025-10-07,42,78.29
2025-10-07,43,69.75
2025-10-07,44,67.52
2025-10-07,45,64.11
2025-10-07,46,64.85
2025-10-07,47,56.84
2025-10-07,48,64.42
2025-10-08,1,54.84
2025-10-08,2,51.38
2025-10-08,3,49.06
2025-10-08,4,48.65
2025-10-08,5,44.38
2025-10-08,6,51.25
2025-10-08,7,56.67
2025-10-08,8,52.15
2025-10-08,9,47.97
2025-10-08,10,53.8
2025-10-08,11,43.82
2025-10-08,12,64.06
2025-10-08,13,58.69
2025-10-08,14,67.34
2025-10-08,15,69.58
2025-10-08,16,76.14
2025-10-08,17,86.03
2025-10-08,18,69.65
2025-10-08,19,79.54
2025-10-08,20,79.29
2025-10-08,21,76.23
2025-10-08,22,74.74
2025-10-08,23,82.03
2025-10-08,24,79.04
2025-10-08,25,80.45
2025-10-08,26,80.66
2025-10-08,27,82.75
2025-10-08,28,87.57
2025-10-08,29,89.59
2025-10-08,30,87.15
2025-10-08,31,92.99
2025-10-08,32,103.16
2025-10-08,33,111.14
2025-10-08,34,115.93
2025-10-08,35,118.63
2025-10-08,36,113.21
2025-10-08,37,113.58
2025-10-08,38,105.18
2025-10-08,39,93.35
2025-10-08,40,88.01
2025-10-08,41,80.48
2025-10-08,42,78.98
2025-10-08,43,73.68
2025-10-08,44,66.35
2025-10-08,45,62.85
2025-10-08,46,58.52
2025-10-08,47,57.74
2025-10-08,48,56.68
2025-10-09,1,54.97
2025-10-09,2,51.95
2025-10-09,3,46.1
2025-10-09,4,46.61
2025-10-09,5,50.61
2025-10-09,6,49.0
2025-10-09,7,50.06
2025-10-09,8,56.97
2025-10-09,9,52.39
2025-10-09,10,45.13
2025-10-09,11,52.0
2025-10-09,12,58.76
2025-10-09,13,58.36
2025-10-09,14,61.47
2025-10-09,15,73.61
2025-10-09,16,72.33
2025-10-09,17,73.42
2025-10-09,18,74.97
2025-10-09,19,85.45
2025-10-09,20,73.79
2025-10-09,21,77.13
2025-10-09,22,77.34
2025-10-09,23,81.17
2025-10-09,24,76.15
2025-10-09,25,77.3
2025-10-09,26,85.32
2025-10-09,27,93.54
2025-10-09,28,83.1
2025-10-09,29,85.03
2025-10-09,30,100.47
2025-10-09,31,93.04
2025-10-09,32,98.11
2025-10-09,33,105.6
2025-10-09,34,111.31
2025-10-09,35,113.69
2025-10-09,36,116.76
2025-10-09,37,104.34
2025-10-09,38,103.26
2025-10-09,39,101.08
2025-10-09,40,79.7
2025-10-09,41,76.4
2025-10-09,42,78.44
2025-10-09,43,71.14
2025-10-09,44,64.47
2025-10-09,45,65.3
2025-10-09,46,63.27
2025-10-09,47,55.76
2025-10-09,48,57.05
2025-10-10,1,58.92
2025-10-10,2,53.22
2025-10-10,3,53.07
2025-10-10,4,48.87
2025-10-10,5,41.5
2025-10-10,6,47.86
2025-10-10,7,45.23
2025-10-10,8,44.99
2025-10-10,9,48.86
2025-10-10,10,62.39
2025-10-10,11,50.24
2025-10-10,12,59.77
2025-10-10,13,53.93
2025-10-10,14,67.03
2025-10-10,15,73.11
2025-10-10,16,69.99
2025-10-10,17,74.76
2025-10-10,18,75.14
2025-10-10,19,81.17
2025-10-10,20,79.97
2025-10-10,21,81.6
2025-10-10,22,77.74
2025-10-10,23,72.74
2025-10-10,24,75.41
2025-10-10,25,75.69
2025-10-10,26,79.11
2025-10-10,27,81.75
2025-10-10,28,83.96
2025-10-10,29,87.45
2025-10-10,30,83.53
2025-10-10,31,98.25
2025-10-10,32,101.04
2025-10-10,33,103.77
2025-10-10,34,107.91
2025-10-10,35,111.06
2025-10-10,36,111.89
2025-10-10,37,112.14
2025-10-10,38,103.95
2025-10-10,39,98.24
2025-10-10,40,89.55
2025-10-10,41,79.57
2025-10-10,42,69.46
2025-10-10,43,76.58
2025-10-10,44,69.78
2025-10-10,45,69.43
2025-10-10,46,59.75
2025-10-10,47,60.89
2025-10-10,48,55.14
2025-10-11,1,50.93
2025-10-11,2,49.74
2025-10-11,3,46.87
2025-10-11,4,43.11
2025-10-11,5,43.09
2025-10-11,6,52.24
2025-10-11,7,35.12
2025-10-11,8,57.17
2025-10-11,9,53.1
2025-10-11,10,46.07
2025-10-11,11,51.05
2025-10-11,12,50.52
2025-10-11,13,53.59
2025-10-11,14,56.33
2025-10-11,15,59.5
2025-10-11,16,68.59
2025-10-11,17,64.86
2025-10-11,18,69.91
2025-10-11,19,68.33
2025-10-11,20,77.45
2025-10-11,21,73.6
2025-10-11,22,66.27
2025-10-11,23,74.89
2025-10-11,24,72.12
2025-10-11,25,76.13
2025-10-11,26,76.75
2025-10-11,27,68.55
2025-10-11,28,78.14
2025-10-11,29,77.57
2025-10-11,30,88.21
2025-10-11,31,80.23
2025-10-11,32,91.19
2025-10-11,33,88.2
2025-10-11,34,106.02
2025-10-11,35,102.33
2025-10-11,36,98.11
2025-10-11,37,103.34
2025-10-11,38,99.53
2025-10-11,39,87.48
2025-10-11,40,78.09
2025-10-11,41,67.81
2025-10-11,42,63.06
2025-10-11,43,57.67
2025-10-11,44,64.04
2025-10-11,45,61.57
2025-10-11,46,50.15
2025-10-11,47,57.53
2025-10-11,48,49.61
2025-10-12,1,47.88
2025-10-12,2,47.07
2025-10-12,3,45.64
2025-10-12,4,48.13
2025-10-12,5,52.14
2025-10-12,6,45.18
2025-10-12,7,51.2
2025-10-12,8,45.67
2025-10-12,9,40.84
2025-10-12,10,51.46
2025-10-12,11,48.66
2025-10-12,12,56.99
2025-10-12,13,57.87
2025-10-12,14,62.2
2025-10-12,15,59.47
2025-10-12,16,62.26
2025-10-12,17,68.54
2025-10-12,18,64.61
2025-10-12,19,65.99
2025-10-12,20,66.99
2025-10-12,21,64.72
2025-10-12,22,69.16
2025-10-12,23,70.13
2025-10-12,24,68.81
2025-10-12,25,67.05
2025-10-12,26,69.99
2025-10-12,27,75.59
2025-10-12,28,75.24
2025-10-12,29,78.6
2025-10-12,30,77.25
2025-10-12,31,86.03
2025-10-12,32,91.86
2025-10-12,33,88.28
2025-10-12,34,95.96
2025-10-12,35,93.86
2025-10-12,36,103.96
2025-10-12,37,106.9
2025-10-12,38,96.49
2025-10-12,39,85.66
2025-10-12,40,79.88
2025-10-12,41,75.09
2025-10-12,42,62.36
2025-10-12,43,63.35
2025-10-12,44,59.69
2025-10-12,45,56.2
2025-10-12,46,53.14
2025-10-12,47,53.23
2025-10-12,48,47.11
2025-10-13,1,58.14
2025-10-13,2,55.41
2025-10-13,3,45.61
2025-10-13,4,56.53
2025-10-13,5,59.84
2025-10-13,6,50.56
2025-10-13,7,49.49
2025-10-13,8,50.53
2025-10-13,9,55.39
2025-10-13,10,57.7
2025-10-13,11,57.94
2025-10-13,12,57.47
2025-10-13,13,66.67
2025-10-13,14,62.17
2025-10-13,15,76.08
2025-10-13,16,80.73
2025-10-13,17,76.83
2025-10-13,18,86.97
2025-10-13,19,84.26
2025-10-13,20,79.9
2025-10-13,21,78.1
2025-10-13,22,82.56
2025-10-13,23,77.39
2025-10-13,24,86.74
2025-10-13,25,79.99
2025-10-13,26,93.53
2025-10-13,27,86.43
2025-10-13,28,81.71
2025-10-13,29,94.48
2025-10-13,30,90.72
2025-10-13,31,88.83
2025-10-13,32,108.86
2025-10-13,33,117.68
2025-10-13,34,113.74
2025-10-13,35,117.29
2025-10-13,36,116.78
2025-10-13,37,114.36
2025-10-13,38,104.8
2025-10-13,39,98.43
2025-10-13,40,89.7
2025-10-13,41,83.13
2025-10-13,42,72.14
2025-10-13,43,75.95
2025-10-13,44,68.68
2025-10-13,45,68.05
2025-10-13,46,64.62
2025-10-13,47,51.31
2025-10-13,48,60.21
2025-10-14,1,53.86
2025-10-14,2,50.82
2025-10-14,3,52.73
2025-10-14,4,59.07
2025-10-14,5,49.42
2025-10-14,6,50.47
2025-10-14,7,53.94
2025-10-14,8,59.13
2025-10-14,9,53.36
2025-10-14,10,55.71
2025-10-14,11,59.26
2025-10-14,12,60.71
2025-10-14,13,55.91
2025-10-14,14,63.96
2025-10-14,15,74.49
2025-10-14,16,73.63
2025-10-14,17,73.54
2025-10-14,18,79.2
2025-10-14,19,82.8
2025-10-14,20,82.27
2025-10-14,21,80.0
2025-10-14,22,72.39
2025-10-14,23,81.11
2025-10-14,24,76.11
2025-10-14,25,84.81
2025-10-14,26,85.53
2025-10-14,27,83.42
2025-10-14,28,82.0
2025-10-14,29,94.17
2025-10-14,30,93.84
2025-10-14,31,92.98
2025-10-14,32,107.63
2025-10-14,33,107.37
2025-10-14,34,109.51
2025-10-14,35,119.43
2025-10-14,36,118.6
2025-10-14,37,114.7
2025-10-14,38,107.46
2025-10-14,39,94.4
2025-10-14,40,86.58
2025-10-14,41,81.86
2025-10-14,42,69.35
2025-10-14,43,73.51
2025-10-14,44,68.21
2025-10-14,45,65.66
2025-10-14,46,69.14
2025-10-14,47,56.05
2025-10-14,48,59.17
2025-10-15,1,56.88
2025-10-15,2,55.29
2025-10-15,3,53.38
2025-10-15,4,51.47
2025-10-15,5,45.61
2025-10-15,6,46.4
2025-10-15,7,51.66
2025-10-15,8,51.94
2025-10-15,9,56.28
2025-10-15,10,52.21
2025-10-15,11,51.83
2025-10-15,12,57.77
2025-10-15,13,54.02
2025-10-15,14,68.02
2025-10-15,15,74.27
2025-10-15,16,81.39
2025-10-15,17,80.19
2025-10-15,18,76.12
2025-10-15,19,78.18
2025-10-15,20,79.84
2025-10-15,21,77.34
2025-10-15,22,75.42
2025-10-15,23,78.21
2025-10-15,24,85.51
2025-10-15,25,84.43
2025-10-15,26,87.81
2025-10-15,27,82.82
2025-10-15,28,93.25
2025-10-15,29,91.41
2025-10-15,30,94.67
2025-10-15,31,96.9
2025-10-15,32,92.26
2025-10-15,33,113.17
2025-10-15,34,113.8
2025-10-15,35,111.61
2025-10-15,36,124.18
2025-10-15,37,112.91
2025-10-15,38,105.44
2025-10-15,39,95.39
2025-10-15,40,88.72
2025-10-15,41,77.39
2025-10-15,42,75.82
2025-10-15,43,72.17
2025-10-15,44,71.04
2025-10-15,45,58.46
2025-10-15,46,59.92
2025-10-15,47,55.94
2025-10-15,48,62.49
2025-10-16,1,54.84
2025-10-16,2,55.57
2025-10-16,3,55.78
2025-10-16,4,53.15
2025-10-16,5,52.54
2025-10-16,6,54.58
2025-10-16,7,51.01
2025-10-16,8,56.46
2025-10-16,9,57.66
2025-10-16,10,52.01
2025-10-16,11,54.13
2025-10-16,12,61.78
2025-10-16,13,69.79
2025-10-16,14,72.0
2025-10-16,15,68.7
2025-10-16,16,75.27
2025-10-16,17,76.16
2025-10-16,18,86.86
2025-10-16,19,82.99
2025-10-16,20,76.92
2025-10-16,21,78.75
2025-10-16,22,76.69
2025-10-16,23,79.39
2025-10-16,24,84.26
2025-10-16,25,80.83
2025-10-16,26,85.14
2025-10-16,27,87.59
2025-10-16,28,80.51
2025-10-16,29,83.6
2025-10-16,30,91.55
2025-10-16,31,93.98
2025-10-16,32,104.25
2025-10-16,33,106.74
2025-10-16,34,296.37
2025-10-16,35,298.61
2025-10-16,36,300.27
2025-10-16,37,291.64
2025-10-16,38,286.94
2025-10-16,39,288.18
2025-10-16,40,87.45
2025-10-16,41,86.86
2025-10-16,42,82.0
2025-10-16,43,74.9
2025-10-16,44,72.71
2025-10-16,45,66.03
2025-10-16,46,65.35
2025-10-16,47,62.04
2025-10-16,48,53.5
2025-10-17,1,57.35
2025-10-17,2,56.89
2025-10-17,3,51.25
2025-10-17,4,51.61
2025-10-17,5,48.5
2025-10-17,6,55.04
2025-10-17,7,55.09
2025-10-17,8,49.2
2025-10-17,9,52.26
2025-10-17,10,55.21
2025-10-17,11,51.06
2025-10-17,12,61.66
2025-10-17,13,59.08
2025-10-17,14,61.12
2025-10-17,15,72.83
2025-10-17,16,79.18
2025-10-17,17,83.36
2025-10-17,18,83.17
2025-10-17,19,78.92
2025-10-17,20,88.67
2025-10-17,21,81.1
2025-10-17,22,77.11
2025-10-17,23,85.21
2025-10-17,24,83.51
2025-10-17,25,91.79
2025-10-17,26,91.32
2025-10-17,27,85.13
2025-10-17,28,83.64
2025-10-17,29,88.81
2025-10-17,30,84.61
2025-10-17,31,98.11
2025-10-17,32,106.98
2025-10-17,33,108.69
2025-10-17,34,115.48
2025-10-17,35,119.78
2025-10-17,36,122.88
2025-10-17,37,114.47
2025-10-17,38,106.99
2025-10-17,39,97.87
2025-10-17,40,98.44
2025-10-17,41,82.19
2025-10-17,42,85.69
2025-10-17,43,72.0
2025-10-17,44,66.08
2025-10-17,45,68.02
2025-10-17,46,64.68
2025-10-17,47,54.78
2025-10-17,48,62.18
2025-10-18,1,51.0
2025-10-18,2,49.19
2025-10-18,3,41.88
2025-10-18,4,55.65
2025-10-18,5,51.71
2025-10-18,6,42.04
2025-10-18,7,51.5
2025-10-18,8,47.39
2025-10-18,9,50.0
2025-10-18,10,44.87
2025-10-18,11,52.51
2025-10-18,12,61.5
2025-10-18,13,60.72
2025-10-18,14,62.96
2025-10-18,15,56.75
2025-10-18,16,71.26
2025-10-18,17,72.33
2025-10-18,18,68.62
2025-10-18,19,70.86
2025-10-18,20,71.48
2025-10-18,21,73.59
2025-10-18,22,65.65
2025-10-18,23,72.09
2025-10-18,24,78.97
2025-10-18,25,76.07
2025-10-18,26,70.94
2025-10-18,27,77.72
2025-10-18,28,80.17
2025-10-18,29,71.98
2025-10-18,30,84.18
2025-10-18,31,86.64
2025-10-18,32,84.79
2025-10-18,33,103.62
2025-10-18,34,101.6
2025-10-18,35,102.3
2025-10-18,36,99.87
2025-10-18,37,101.03
2025-10-18,38,96.99
2025-10-18,39,93.83
2025-10-18,40,80.87
2025-10-18,41,69.32
2025-10-18,42,68.87
2025-10-18,43,64.44
2025-10-18,44,67.92
2025-10-18,45,59.76
2025-10-18,46,57.82
2025-10-18,47,52.08
2025-10-18,48,53.9
2025-10-19,1,52.92
2025-10-19,2,49.53
2025-10-19,3,45.93
2025-10-19,4,49.35
2025-10-19,5,43.17
2025-10-19,6,44.88
2025-10-19,7,44.2
2025-10-19,8,48.57
2025-10-19,9,52.6
2025-10-19,10,46.37
2025-10-19,11,48.55
2025-10-19,12,57.85
2025-10-19,13,53.95
2025-10-19,14,48.82
2025-10-19,15,71.7
2025-10-19,16,72.0
2025-10-19,17,73.86
2025-10-19,18,73.53
2025-10-19,19,71.99
2025-10-19,20,64.51
2025-10-19,21,70.73
2025-10-19,22,70.61
2025-10-19,23,71.51
2025-10-19,24,75.23
2025-10-19,25,80.13
2025-10-19,26,75.09
2025-10-19,27,75.98
2025-10-19,28,84.42
2025-10-19,29,77.25
2025-10-19,30,83.02
2025-10-19,31,86.9
2025-10-19,32,88.12
2025-10-19,33,94.85
2025-10-19,34,99.31
2025-10-19,35,106.5
2025-10-19,36,102.43
2025-10-19,37,99.8
2025-10-19,38,97.46
2025-10-19,39,86.78
2025-10-19,40,77.88
2025-10-19,41,85.49
2025-10-19,42,69.11
2025-10-19,43,65.82
2025-10-19,44,60.39
2025-10-19,45,52.68
2025-10-19,46,54.31
2025-10-19,47,49.89
2025-10-19,48,54.73
2025-10-20,1,62.51
2025-10-20,2,57.64
2025-10-20,3,53.7
2025-10-20,4,58.52
2025-10-20,5,54.44
2025-10-20,6,55.7
2025-10-20,7,58.91
2025-10-20,8,46.83
2025-10-20,9,55.59
2025-10-20,10,51.45
2025-10-20,11,56.45
2025-10-20,12,57.01
2025-10-20,13,68.64
2025-10-20,14,70.44
2025-10-20,15,73.57
2025-10-20,16,71.36
2025-10-20,17,78.47
2025-10-20,18,80.28
2025-10-20,19,83.72
2025-10-20,20,80.4
2025-10-20,21,80.41
2025-10-20,22,71.9
2025-10-20,23,85.9
2025-10-20,24,78.47
2025-10-20,25,81.74
2025-10-20,26,88.1
2025-10-20,27,91.11
2025-10-20,28,89.51
2025-10-20,29,93.2
2025-10-20,30,98.66
2025-10-20,31,88.53
2025-10-20,32,107.66
2025-10-20,33,101.11
2025-10-20,34,113.49
2025-10-20,35,119.62
2025-10-20,36,114.27
2025-10-20,37,114.22
2025-10-20,38,96.28
2025-10-20,39,95.98
2025-10-20,40,89.73
2025-10-20,41,81.4
2025-10-20,42,78.4
2025-10-20,43,80.86
2025-10-20,44,73.45
2025-10-20,45,70.44
2025-10-20,46,66.07
2025-10-20,47,56.22
2025-10-20,48,64.61
2025-10-21,1,61.08
2025-10-21,2,58.47
2025-10-21,3,54.16
2025-10-21,4,60.7
2025-10-21,5,51.26
2025-10-21,6,53.78
2025-10-21,7,51.58
2025-10-21,8,52.59
2025-10-21,9,57.38
2025-10-21,10,57.99
2025-10-21,11,50.2
2025-10-21,12,56.32
2025-10-21,13,67.64
2025-10-21,14,63.7
2025-10-21,15,69.66
2025-10-21,16,79.33
2025-10-21,17,84.9
2025-10-21,18,85.98
2025-10-21,19,76.48
2025-10-21,20,81.46
2025-10-21,21,80.58
2025-10-21,22,79.67
2025-10-21,23,76.3
2025-10-21,24,89.1
2025-10-21,25,84.51
2025-10-21,26,82.56
2025-10-21,27,89.51
2025-10-21,28,89.24
2025-10-21,29,95.58
2025-10-21,30,93.38
2025-10-21,31,97.78
2025-10-21,32,104.8
2025-10-21,33,113.09
2025-10-21,34,111.47
2025-10-21,35,112.98
2025-10-21,36,120.85
2025-10-21,37,116.79
2025-10-21,38,109.81
2025-10-21,39,102.11
2025-10-21,40,93.64
2025-10-21,41,91.31
2025-10-21,42,80.38
2025-10-21,43,73.71
2025-10-21,44,66.38
2025-10-21,45,65.82
2025-10-21,46,66.92
2025-10-21,47,65.35
2025-10-21,48,54.48
2025-10-22,1,53.8
2025-10-22,2,61.83
2025-10-22,3,61.54
2025-10-22,4,59.17
2025-10-22,5,50.58
2025-10-22,6,54.77
2025-10-22,7,58.13
2025-10-22,8,56.14
2025-10-22,9,54.91
2025-10-22,10,56.93
2025-10-22,11,70.46
2025-10-22,12,57.16
2025-10-22,13,59.96
2025-10-22,14,65.89
2025-10-22,15,82.98
2025-10-22,16,81.61
2025-10-22,17,79.56
2025-10-22,18,92.3
2025-10-22,19,79.16
2025-10-22,20,80.95
2025-10-22,21,78.16
2025-10-22,22,83.13
2025-10-22,23,85.25
2025-10-22,24,84.99
2025-10-22,25,90.53
2025-10-22,26,85.65
2025-10-22,27,87.72
2025-10-22,28,91.92
2025-10-22,29,100.38
2025-10-22,30,98.01
2025-10-22,31,99.19
2025-10-22,32,108.74
2025-10-22,33,110.34
2025-10-22,34,117.29
2025-10-22,35,118.75
2025-10-22,36,114.78
2025-10-22,37,113.91
2025-10-22,38,116.55
2025-10-22,39,103.77
2025-10-22,40,94.86
2025-10-22,41,86.75
2025-10-22,42,79.05
2025-10-22,43,75.31
2025-10-22,44,69.65
2025-10-22,45,68.98
2025-10-22,46,61.08
2025-10-22,47,65.73
2025-10-22,48,60.59
2025-10-23,1,60.12
2025-10-23,2,62.24
2025-10-23,3,51.67
2025-10-23,4,63.19
2025-10-23,5,56.09
2025-10-23,6,49.12
2025-10-23,7,54.27
2025-10-23,8,51.05
2025-10-23,9,48.4
2025-10-23,10,55.34
2025-10-23,11,57.52
2025-10-23,12,62.17
2025-10-23,13,61.19
2025-10-23,14,66.12
2025-10-23,15,78.22
2025-10-23,16,81.78
2025-10-23,17,76.83
2025-10-23,18,76.73
2025-10-23,19,79.25
2025-10-23,20,87.83
2025-10-23,21,71.36
2025-10-23,22,80.54
2025-10-23,23,87.12
2025-10-23,24,85.23
2025-10-23,25,85.2
2025-10-23,26,91.0
2025-10-23,27,88.05
2025-10-23,28,88.61
2025-10-23,29,96.13
2025-10-23,30,103.93
2025-10-23,31,91.36
2025-10-23,32,102.55
2025-10-23,33,110.14
2025-10-23,34,114.21
2025-10-23,35,119.92
2025-10-23,36,119.81
2025-10-23,37,111.84
2025-10-23,38,112.91
2025-10-23,39,102.23
2025-10-23,40,99.39
2025-10-23,41,90.99
2025-10-23,42,79.44
2025-10-23,43,77.32
2025-10-23,44,62.02
2025-10-23,45,59.5
2025-10-23,46,69.69
2025-10-23,47,62.44
2025-10-23,48,65.99
2025-10-24,1,60.11
2025-10-24,2,55.93
2025-10-24,3,54.01
2025-10-24,4,53.65
2025-10-24,5,55.31
2025-10-24,6,53.3
2025-10-24,7,52.0
2025-10-24,8,51.08
2025-10-24,9,56.2
2025-10-24,10,54.64
2025-10-24,11,60.55
2025-10-24,12,67.58
2025-10-24,13,60.77
2025-10-24,14,68.93
2025-10-24,15,68.36
2025-10-24,16,78.08
2025-10-24,17,89.7
2025-10-24,18,86.13
2025-10-24,19,81.41
2025-10-24,20,85.54
2025-10-24,21,78.74
2025-10-24,22,78.7
2025-10-24,23,86.38
2025-10-24,24,83.55
2025-10-24,25,85.27
2025-10-24,26,87.48
2025-10-24,27,88.28
2025-10-24,28,96.39
2025-10-24,29,87.67
2025-10-24,30,93.46
2025-10-24,31,101.79
2025-10-24,32,101.45
2025-10-24,33,108.78
2025-10-24,34,120.39
2025-10-24,35,116.8
2025-10-24,36,123.67
2025-10-24,37,111.83
2025-10-24,38,119.3
2025-10-24,39,105.86
2025-10-24,40,97.59
2025-10-24,41,85.52
2025-10-24,42,80.66
2025-10-24,43,86.3
2025-10-24,44,67.13
2025-10-24,45,66.03
2025-10-24,46,64.27
2025-10-24,47,63.94
2025-10-24,48,63.91
2025-10-25,1,57.84
2025-10-25,2,50.2
2025-10-25,3,45.2
2025-10-25,4,45.36
2025-10-25,5,56.5
2025-10-25,6,48.7
2025-10-25,7,49.45
2025-10-25,8,45.69
2025-10-25,9,39.56
2025-10-25,10,44.56
2025-10-25,11,48.86
2025-10-25,12,51.63
2025-10-25,13,57.58
2025-10-25,14,65.08
2025-10-25,15,66.11
2025-10-25,16,71.49
2025-10-25,17,76.18
2025-10-25,18,79.73
2025-10-25,19,70.51
2025-10-25,20,75.54
2025-10-25,21,75.33
2025-10-25,22,74.5
2025-10-25,23,72.31
2025-10-25,24,70.93
2025-10-25,25,75.37
2025-10-25,26,78.33
2025-10-25,27,83.07
2025-10-25,28,79.86
2025-10-25,29,77.81
2025-10-25,30,81.29
2025-10-25,31,84.25
2025-10-25,32,93.28
2025-10-25,33,93.18
2025-10-25,34,100.06
2025-10-25,35,112.49
2025-10-25,36,105.55
2025-10-25,37,103.75
2025-10-25,38,92.8
2025-10-25,39,90.81
2025-10-25,40,76.98
2025-10-25,41,77.36
2025-10-25,42,66.11
2025-10-25,43,71.87
2025-10-25,44,70.77
2025-10-25,45,57.61
2025-10-25,46,51.57
2025-10-25,47,53.95
2025-10-25,48,47.3
2025-10-26,1,49.23
2025-10-26,2,47.55
2025-10-26,3,44.61
2025-10-26,4,48.64
2025-10-26,5,41.48
2025-10-26,6,53.78
2025-10-26,7,46.88
2025-10-26,8,51.22
2025-10-26,9,48.26
2025-10-26,10,50.99
2025-10-26,11,46.41
2025-10-26,12,56.41
2025-10-26,13,52.99
2025-10-26,14,67.34
2025-10-26,15,64.13
2025-10-26,16,72.75
2025-10-26,17,67.81
2025-10-26,18,77.14
2025-10-26,19,67.7
2025-10-26,20,67.69
2025-10-26,21,77.87
2025-10-26,22,77.44
2025-10-26,23,72.34
2025-10-26,24,73.61
2025-10-26,25,75.74
2025-10-26,26,78.76
2025-10-26,27,83.04
2025-10-26,28,79.38
2025-10-26,29,76.57
2025-10-26,30,85.27
2025-10-26,31,86.41
2025-10-26,32,99.21
2025-10-26,33,97.56
2025-10-26,34,108.39
2025-10-26,35,106.31
2025-10-26,36,104.07
2025-10-26,37,108.54
2025-10-26,38,95.28
2025-10-26,39,91.35
2025-10-26,40,82.54
2025-10-26,41,73.86
2025-10-26,42,72.61
2025-10-26,43,64.44
2025-10-26,44,59.94
2025-10-26,45,59.71
2025-10-26,46,55.6
2025-10-26,47,54.31
2025-10-26,48,53.52
2025-10-27,1,60.49
2025-10-27,2,63.94
2025-10-27,3,57.89
2025-10-27,4,61.55
2025-10-27,5,55.47
2025-10-27,6,53.56
2025-10-27,7,48.63
2025-10-27,8,57.75
2025-10-27,9,61.66
2025-10-27,10,60.84
2025-10-27,11,57.27
2025-10-27,12,65.21
2025-10-27,13,61.78
2025-10-27,14,66.7
2025-10-27,15,72.88
2025-10-27,16,77.28
2025-10-27,17,85.49
2025-10-27,18,88.07
2025-10-27,19,83.45
2025-10-27,20,91.08
2025-10-27,21,82.23
2025-10-27,22,88.91
2025-10-27,23,83.32
2025-10-27,24,85.89
2025-10-27,25,87.49
2025-10-27,26,92.1
2025-10-27,27,89.6
2025-10-27,28,85.57
2025-10-27,29,97.73
2025-10-27,30,97.83
2025-10-27,31,109.09
2025-10-27,32,102.25
2025-10-27,33,112.37
2025-10-27,34,111.94
2025-10-27,35,122.05
2025-10-27,36,122.28
2025-10-27,37,124.26
2025-10-27,38,114.38
2025-10-27,39,102.38
2025-10-27,40,96.3
2025-10-27,41,92.07
2025-10-27,42,74.58
2025-10-27,43,78.6
2025-10-27,44,69.52
2025-10-27,45,67.67
2025-10-27,46,66.47
2025-10-27,47,57.95
2025-10-27,48,55.88
2025-10-28,1,72.32
2025-10-28,2,59.39
2025-10-28,3,51.66
2025-10-28,4,51.1
2025-10-28,5,58.16
2025-10-28,6,48.65
2025-10-28,7,55.51
2025-10-28,8,53.71
2025-10-28,9,63.42
2025-10-28,10,52.46
2025-10-28,11,63.23
2025-10-28,12,60.92
2025-10-28,13,64.57
2025-10-28,14,77.16
2025-10-28,15,73.93
2025-10-28,16,76.75
2025-10-28,17,81.61
2025-10-28,18,81.09
2025-10-28,19,79.34
2025-10-28,20,81.95
2025-10-28,21,78.18
2025-10-28,22,81.13
2025-10-28,23,81.58
2025-10-28,24,87.19
2025-10-28,25,82.4
2025-10-28,26,91.49
2025-10-28,27,82.14
2025-10-28,28,88.94
2025-10-28,29,94.18
2025-10-28,30,96.63
2025-10-28,31,102.76
2025-10-28,32,102.48
2025-10-28,33,121.26
2025-10-28,34,125.34
2025-10-28,35,111.75
2025-10-28,36,124.77
2025-10-28,37,117.71
2025-10-28,38,112.39
2025-10-28,39,104.42
2025-10-28,40,93.13
2025-10-28,41,88.02
2025-10-28,42,88.03
2025-10-28,43,84.01
2025-10-28,44,72.18
2025-10-28,45,62.89
2025-10-28,46,65.62
2025-10-28,47,63.02
2025-10-28,48,67.89
2025-10-29,1,62.72
2025-10-29,2,54.11
2025-10-29,3,59.39
2025-10-29,4,56.18
2025-10-29,5,54.93
2025-10-29,6,57.95
2025-10-29,7,53.05
2025-10-29,8,68.4
2025-10-29,9,54.82
2025-10-29,10,54.38
2025-10-29,11,68.58
2025-10-29,12,62.45
2025-10-29,13,62.33
2025-10-29,14,70.69
2025-10-29,15,83.59
2025-10-29,16,81.69
2025-10-29,17,80.15
2025-10-29,18,89.28
2025-10-29,19,88.33
2025-10-29,20,87.83
2025-10-29,21,78.41
2025-10-29,22,80.7
2025-10-29,23,79.29
2025-10-29,24,85.17
2025-10-29,25,93.76
2025-10-29,26,82.01
2025-10-29,27,86.35
2025-10-29,28,86.16
2025-10-29,29,98.55
2025-10-29,30,106.12
2025-10-29,31,103.96
2025-10-29,32,110.18
2025-10-29,33,113.95
2025-10-29,34,118.6
2025-10-29,35,125.41
2025-10-29,36,119.19
2025-10-29,37,122.15
2025-10-29,38,112.07
2025-10-29,39,105.08
2025-10-29,40,94.46
2025-10-29,41,80.38
2025-10-29,42,85.22
2025-10-29,43,76.55
2025-10-29,44,72.67
2025-10-29,45,77.25
2025-10-29,46,67.47
2025-10-29,47,61.52
2025-10-29,48,56.19
2025-10-30,1,56.41
2025-10-30,2,59.34
2025-10-30,3,61.15
2025-10-30,4,49.76
2025-10-30,5,54.05
2025-10-30,6,51.55
2025-10-30,7,55.86
2025-10-30,8,51.02
2025-10-30,9,58.96
2025-10-30,10,56.59
2025-10-30,11,59.51
2025-10-30,12,63.72
2025-10-30,13,55.68
2025-10-30,14,67.36
2025-10-30,15,82.43
2025-10-30,16,76.07
2025-10-30,17,79.94
2025-10-30,18,84.36
2025-10-30,19,89.26
2025-10-30,20,80.2
2025-10-30,21,84.24
2025-10-30,22,90.15
2025-10-30,23,87.08
2025-10-30,24,82.92
2025-10-30,25,92.41
2025-10-30,26,88.49
2025-10-30,27,93.33
2025-10-30,28,90.27
2025-10-30,29,99.75
2025-10-30,30,97.71
2025-10-30,31,104.25
2025-10-30,32,101.41
2025-10-30,33,120.55
2025-10-30,34,125.04
2025-10-30,35,118.38
2025-10-30,36,129.48
2025-10-30,37,114.72
2025-10-30,38,108.74
2025-10-30,39,104.84
2025-10-30,40,97.84
2025-10-30,41,92.76
2025-10-30,42,82.24
2025-10-30,43,73.11
2025-10-30,44,77.54
2025-10-30,45,69.27
2025-10-30,46,69.77
2025-10-30,47,68.62
2025-10-30,48,60.43
2025-10-31,1,62.73
2025-10-31,2,62.05
2025-10-31,3,59.87
2025-10-31,4,54.97
2025-10-31,5,58.8
2025-10-31,6,50.52
2025-10-31,7,46.01
2025-10-31,8,56.82
2025-10-31,9,65.05
2025-10-31,10,59.95
2025-10-31,11,56.54
2025-10-31,12,61.44
2025-10-31,13,66.81
2025-10-31,14,67.97
2025-10-31,15,72.62
2025-10-31,16,82.5
2025-10-31,17,85.9
2025-10-31,18,82.1
2025-10-31,19,80.66
2025-10-31,20,84.87
2025-10-31,21,83.55
2025-10-31,22,87.76
2025-10-31,23,82.75
2025-10-31,24,88.1
2025-10-31,25,89.83
2025-10-31,26,92.91
2025-10-31,27,91.09
2025-10-31,28,90.59
2025-10-31,29,94.54
2025-10-31,30,98.22
2025-10-31,31,111.27
2025-10-31,32,106.58
2025-10-31,33,122.14
2025-10-31,34,120.03
2025-10-31,35,121.55
2025-10-31,36,120.7
2025-10-31,37,115.78
2025-10-31,38,113.05
2025-10-31,39,105.35
2025-10-31,40,97.06
2025-10-31,41,97.92
2025-10-31,42,87.98
2025-10-31,43,77.54
2025-10-31,44,71.43
2025-10-31,45,64.11
2025-10-31,46,68.03
2025-10-31,47,68.53
2025-10-31,48,67.65
2025-11-01,1,47.2
2025-11-01,2,54.58
2025-11-01,3,53.6
2025-11-01,4,59.35
2025-11-01,5,52.73
2025-11-01,6,52.95
2025-11-01,7,41.69
2025-11-01,8,46.98
2025-11-01,9,58.34
2025-11-01,10,54.69
2025-11-01,11,54.9
2025-11-01,12,63.02
2025-11-01,13,55.94
2025-11-01,14,65.08
2025-11-01,15,69.91
2025-11-01,16,71.32
2025-11-01,17,68.97
2025-11-01,18,82.1
2025-11-01,19,76.79
2025-11-01,20,77.85
2025-11-01,21,72.92
2025-11-01,22,72.74
2025-11-01,23,74.79
2025-11-01,24,76.15
2025-11-01,25,82.77
2025-11-01,26,81.21
2025-11-01,27,77.19
2025-11-01,28,76.83
2025-11-01,29,88.72
2025-11-01,30,92.02
2025-11-01,31,90.45
2025-11-01,32,93.91
2025-11-01,33,101.82
2025-11-01,34,106.5
2025-11-01,35,110.31
2025-11-01,36,113.67
2025-11-01,37,110.45
2025-11-01,38,104.4
2025-11-01,39,89.66
2025-11-01,40,88.22
2025-11-01,41,80.46
2025-11-01,42,68.14
2025-11-01,43,67.11
2025-11-01,44,66.95
2025-11-01,45,56.38
2025-11-01,46,57.23
2025-11-01,47,57.84
2025-11-01,48,53.89
2025-11-02,1,56.75
2025-11-02,2,56.79
2025-11-02,3,60.29
2025-11-02,4,48.34
2025-11-02,5,50.14
2025-11-02,6,47.43
2025-11-02,7,56.27
2025-11-02,8,46.32
2025-11-02,9,48.1
2025-11-02,10,45.45
2025-11-02,11,41.99
2025-11-02,12,55.94
2025-11-02,13,59.11
2025-11-02,14,62.85
2025-11-02,15,70.63
2025-11-02,16,75.18
2025-11-02,17,72.18
2025-11-02,18,76.64
2025-11-02,19,76.23
2025-11-02,20,76.36
2025-11-02,21,81.92
2025-11-02,22,77.56
2025-11-02,23,80.55
2025-11-02,24,76.53
2025-11-02,25,74.04
2025-11-02,26,84.26
2025-11-02,27,84.38
2025-11-02,28,81.25
2025-11-02,29,84.57
2025-11-02,30,90.36
2025-11-02,31,93.47
2025-11-02,32,96.29
2025-11-02,33,97.62
2025-11-02,34,280.9
2025-11-02,35,276.17
2025-11-02,36,281.0
2025-11-02,37,263.7
2025-11-02,38,262.97
2025-11-02,39,265.08
2025-11-02,40,85.7
2025-11-02,41,83.64
2025-11-02,42,71.17
2025-11-02,43,68.34
2025-11-02,44,62.17
2025-11-02,45,66.2
2025-11-02,46,58.5
2025-11-02,47,61.01
2025-11-02,48,61.82
2025-11-03,1,64.43
2025-11-03,2,54.5
2025-11-03,3,55.02
2025-11-03,4,52.04
2025-11-03,5,53.81
2025-11-03,6,67.91
2025-11-03,7,54.73
2025-11-03,8,56.26
2025-11-03,9,53.04
2025-11-03,10,58.01
2025-11-03,11,64.55
2025-11-03,12,64.19
2025-11-03,13,75.92
2025-11-03,14,69.66
2025-11-03,15,69.2
2025-11-03,16,83.86
2025-11-03,17,87.15
2025-11-03,18,87.41
2025-11-03,19,82.02
2025-11-03,20,84.89
2025-11-03,21,87.42
2025-11-03,22,87.59
2025-11-03,23,89.84
2025-11-03,24,84.27
2025-11-03,25,82.06
2025-11-03,26,90.5
2025-11-03,27,95.41
2025-11-03,28,89.57
2025-11-03,29,103.64
2025-11-03,30,99.21
2025-11-03,31,109.5
2025-11-03,32,117.5
2025-11-03,33,109.82
2025-11-03,34,123.64
2025-11-03,35,132.27
2025-11-03,36,123.46
2025-11-03,37,129.76
2025-11-03,38,119.55
2025-11-03,39,106.0
2025-11-03,40,98.47
2025-11-03,41,84.29
2025-11-03,42,81.16
2025-11-03,43,81.22
2025-11-03,44,73.29
2025-11-03,45,72.43
2025-11-03,46,72.87
2025-11-03,47,70.28
2025-11-03,48,65.21
2025-11-04,1,65.95
2025-11-04,2,61.18
2025-11-04,3,54.61
2025-11-04,4,56.9
2025-11-04,5,53.35
2025-11-04,6,55.28
2025-11-04,7,52.51
2025-11-04,8,56.79
2025-11-04,9,55.96
2025-11-04,10,54.88
2025-11-04,11,55.73
2025-11-04,12,70.37
2025-11-04,13,65.15
2025-11-04,14,77.09
2025-11-04,15,77.43
2025-11-04,16,82.78
2025-11-04,17,86.06
2025-11-04,18,86.11
2025-11-04,19,87.6
2025-11-04,20,89.44
2025-11-04,21,81.66
2025-11-04,22,85.98
2025-11-04,23,87.41
2025-11-04,24,91.01
2025-11-04,25,88.13
2025-11-04,26,90.55
2025-11-04,27,96.2
2025-11-04,28,88.55
2025-11-04,29,101.96
2025-11-04,30,97.36
2025-11-04,31,109.4
2025-11-04,32,115.67
2025-11-04,33,115.2
2025-11-04,34,125.95
2025-11-04,35,123.87
2025-11-04,36,122.67
2025-11-04,37,123.79
2025-11-04,38,119.34
2025-11-04,39,103.7
2025-11-04,40,91.86
2025-11-04,41,91.6
2025-11-04,42,90.62
2025-11-04,43,78.62
2025-11-04,44,79.71
2025-11-04,45,75.58
2025-11-04,46,71.95
2025-11-04,47,65.29
2025-11-04,48,61.15
2025-11-05,1,59.6
2025-11-05,2,64.42
2025-11-05,3,66.87
2025-11-05,4,58.18
2025-11-05,5,56.59
2025-11-05,6,54.39
2025-11-05,7,46.8
2025-11-05,8,62.98
2025-11-05,9,54.36
2025-11-05,10,52.25
2025-11-05,11,62.29
2025-11-05,12,64.23
2025-11-05,13,76.94
2025-11-05,14,75.24
2025-11-05,15,84.72
2025-11-05,16,85.74
2025-11-05,17,83.73
2025-11-05,18,97.87
2025-11-05,19,94.67
2025-11-05,20,90.06
2025-11-05,21,91.76
2025-11-05,22,88.67
2025-11-05,23,88.76
2025-11-05,24,90.89
2025-11-05,25,98.77
2025-11-05,26,96.88
2025-11-05,27,93.63
2025-11-05,28,96.5
2025-11-05,29,91.78
2025-11-05,30,101.93
2025-11-05,31,108.28
2025-11-05,32,112.93
2025-11-05,33,118.08
2025-11-05,34,119.96
2025-11-05,35,129.63
2025-11-05,36,130.32
2025-11-05,37,123.23
2025-11-05,38,116.81
2025-11-05,39,108.05
2025-11-05,40,100.63
2025-11-05,41,93.41
2025-11-05,42,77.91
2025-11-05,43,77.28
2025-11-05,44,69.86
2025-11-05,45,69.41
2025-11-05,46,73.66
2025-11-05,47,62.33
2025-11-05,48,57.73
2025-11-06,1,63.77
2025-11-06,2,62.02
2025-11-06,3,58.82
2025-11-06,4,56.17
2025-11-06,5,52.64
2025-11-06,6,57.49
2025-11-06,7,57.5
2025-11-06,8,50.95
2025-11-06,9,65.37
2025-11-06,10,53.24
2025-11-06,11,58.47
2025-11-06,12,65.33
2025-11-06,13,70.02
2025-11-06,14,70.11
2025-11-06,15,74.72
2025-11-06,16,82.58
2025-11-06,17,86.13
2025-11-06,18,93.66
2025-11-06,19,83.98
2025-11-06,20,88.16
2025-11-06,21,86.78
2025-11-06,22,88.9
2025-11-06,23,86.85
2025-11-06,24,93.27
2025-11-06,25,93.17
2025-11-06,26,97.3
2025-11-06,27,94.28
2025-11-06,28,95.69
2025-11-06,29,96.61
2025-11-06,30,95.58
2025-11-06,31,107.47
2025-11-06,32,113.26
2025-11-06,33,119.71
2025-11-06,34,121.29
2025-11-06,35,121.6
2025-11-06,36,123.24
2025-11-06,37,124.04
2025-11-06,38,121.11
2025-11-06,39,102.02
2025-11-06,40,106.0
2025-11-06,41,82.99
2025-11-06,42,91.99
2025-11-06,43,75.11
2025-11-06,44,80.89
2025-11-06,45,69.88
2025-11-06,46,74.5
2025-11-06,47,57.12
2025-11-06,48,66.52
2025-11-07,1,63.68
2025-11-07,2,49.39
2025-11-07,3,59.23
2025-11-07,4,51.92
2025-11-07,5,59.22
2025-11-07,6,60.66
2025-11-07,7,46.73
2025-11-07,8,59.89
2025-11-07,9,57.54
2025-11-07,10,61.35
2025-11-07,11,65.55
2025-11-07,12,65.63
2025-11-07,13,69.47
2025-11-07,14,69.2
2025-11-07,15,75.47
2025-11-07,16,91.5
2025-11-07,17,90.73
2025-11-07,18,90.3
2025-11-07,19,84.97
2025-11-07,20,89.82
2025-11-07,21,86.19
2025-11-07,22,96.8
2025-11-07,23,94.0
2025-11-07,24,86.23
2025-11-07,25,88.06
2025-11-07,26,91.69
2025-11-07,27,99.47
2025-11-07,28,100.68
2025-11-07,29,90.04
2025-11-07,30,103.77
2025-11-07,31,111.2
2025-11-07,32,111.22
2025-11-07,33,120.31
2025-11-07,34,131.1
2025-11-07,35,132.49
2025-11-07,36,129.1
2025-11-07,37,125.14
2025-11-07,38,117.16
2025-11-07,39,111.17
2025-11-07,40,99.31
2025-11-07,41,96.17
2025-11-07,42,81.04
2025-11-07,43,77.28
2025-11-07,44,73.91
2025-11-07,45,77.04
2025-11-07,46,72.48
2025-11-07,47,68.02
2025-11-07,48,66.01
2025-11-08,1,57.62
2025-11-08,2,51.84
2025-11-08,3,55.48
2025-11-08,4,49.86
2025-11-08,5,53.26
2025-11-08,6,49.27
2025-11-08,7,50.66
2025-11-08,8,55.76
2025-11-08,9,51.43
2025-11-08,10,49.93
2025-11-08,11,50.55
2025-11-08,12,59.13
2025-11-08,13,65.36
2025-11-08,14,67.89
2025-11-08,15,76.71
2025-11-08,16,74.92
2025-11-08,17,74.38
2025-11-08,18,83.58
2025-11-08,19,73.04
2025-11-08,20,74.85
2025-11-08,21,77.97
2025-11-08,22,73.53
2025-11-08,23,80.29
2025-11-08,24,77.37
2025-11-08,25,84.59
2025-11-08,26,83.73
2025-11-08,27,90.88
2025-11-08,28,77.97
2025-11-08,29,89.11
2025-11-08,30,90.69
2025-11-08,31,94.59
2025-11-08,32,97.31
2025-11-08,33,105.61
2025-11-08,34,101.2
2025-11-08,35,104.07
2025-11-08,36,108.97
2025-11-08,37,101.28
2025-11-08,38,105.14
2025-11-08,39,92.2
2025-11-08,40,88.08
2025-11-08,41,82.33
2025-11-08,42,74.5
2025-11-08,43,73.0
2025-11-08,44,64.71
2025-11-08,45,63.34
2025-11-08,46,59.04
2025-11-08,47,62.63
2025-11-08,48,51.59
2025-11-09,1,53.84
2025-11-09,2,52.11
2025-11-09,3,51.86
2025-11-09,4,47.34
2025-11-09,5,53.5
2025-11-09,6,49.67
2025-11-09,7,49.15
2025-11-09,8,45.34
2025-11-09,9,47.3
2025-11-09,10,48.87
2025-11-09,11,56.47
2025-11-09,12,68.43
2025-11-09,13,62.05
2025-11-09,14,68.58
2025-11-09,15,73.41
2025-11-09,16,67.49
2025-11-09,17,81.5
2025-11-09,18,79.41
2025-11-09,19,82.99
2025-11-09,20,74.24
2025-11-09,21,79.03
2025-11-09,22,80.68
2025-11-09,23,78.06
2025-11-09,24,74.77
2025-11-09,25,73.67
2025-11-09,26,84.89
2025-11-09,27,85.91
2025-11-09,28,82.57
2025-11-09,29,90.78
2025-11-09,30,88.25
2025-11-09,31,90.48
2025-11-09,32,101.02
2025-11-09,33,97.71
2025-11-09,34,110.28
2025-11-09,35,105.7
2025-11-09,36,108.01
2025-11-09,37,108.16
2025-11-09,38,106.76
2025-11-09,39,88.35
2025-11-09,40,91.62
2025-11-09,41,86.23
2025-11-09,42,76.42
2025-11-09,43,69.95
2025-11-09,44,66.81
2025-11-09,45,58.16
2025-11-09,46,61.18
2025-11-09,47,60.42
2025-11-09,48,71.92
2025-11-10,1,61.48
2025-11-10,2,59.84
2025-11-10,3,53.86
2025-11-10,4,59.26
2025-11-10,5,53.19
2025-11-10,6,59.25
2025-11-10,7,59.51
2025-11-10,8,62.23
2025-11-10,9,60.43
2025-11-10,10,62.61
2025-11-10,11,56.33
2025-11-10,12,62.15
2025-11-10,13,69.05
2025-11-10,14,78.08
2025-11-10,15,79.62
2025-11-10,16,83.3
2025-11-10,17,90.04
2025-11-10,18,81.74
2025-11-10,19,85.67
2025-11-10,20,90.06
2025-11-10,21,89.02
2025-11-10,22,90.73
2025-11-10,23,90.48
2025-11-10,24,92.12
2025-11-10,25,89.65
2025-11-10,26,98.93
2025-11-10,27,91.11
2025-11-10,28,96.37
2025-11-10,29,99.95
2025-11-10,30,105.74
2025-11-10,31,103.97
2025-11-10,32,112.95
2025-11-10,33,123.54
2025-11-10,34,124.82
2025-11-10,35,128.94
2025-11-10,36,126.99
2025-11-10,37,125.13
2025-11-10,38,118.46
2025-11-10,39,111.75
2025-11-10,40,96.24
2025-11-10,41,92.4
2025-11-10,42,86.62
2025-11-10,43,83.8
2025-11-10,44,79.0
2025-11-10,45,78.48
2025-11-10,46,70.12
2025-11-10,47,62.31
2025-11-10,48,64.99
2025-11-11,1,61.21
2025-11-11,2,61.0
2025-11-11,3,60.08
2025-11-11,4,60.67
2025-11-11,5,56.79
2025-11-11,6,64.9
2025-11-11,7,64.21
2025-11-11,8,59.17
2025-11-11,9,66.22
2025-11-11,10,66.07
2025-11-11,11,61.29
2025-11-11,12,67.61
2025-11-11,13,69.72
2025-11-11,14,80.73
2025-11-11,15,76.68
2025-11-11,16,79.07
2025-11-11,17,87.97
2025-11-11,18,86.36
2025-11-11,19,86.82
2025-11-11,20,88.99
2025-11-11,21,87.47
2025-11-11,22,88.04
2025-11-11,23,88.94
2025-11-11,24,92.0
2025-11-11,25,89.73
2025-11-11,26,91.73
2025-11-11,27,99.22
2025-11-11,28,102.44
2025-11-11,29,107.38
2025-11-11,30,103.76
2025-11-11,31,112.64
2025-11-11,32,112.5
2025-11-11,33,121.7
2025-11-11,34,125.73
2025-11-11,35,135.75
2025-11-11,36,126.53
2025-11-11,37,122.32
2025-11-11,38,119.21
2025-11-11,39,102.81
2025-11-11,40,101.84
2025-11-11,41,83.51
2025-11-11,42,82.89
2025-11-11,43,80.88
2025-11-11,44,70.01
2025-11-11,45,74.19
2025-11-11,46,61.55
2025-11-11,47,67.47
2025-11-11,48,68.47
2025-11-12,1,68.05
2025-11-12,2,64.99
2025-11-12,3,55.73
2025-11-12,4,53.77
2025-11-12,5,59.24
2025-11-12,6,56.12
2025-11-12,7,60.59
2025-11-12,8,57.29
2025-11-12,9,55.53
2025-11-12,10,61.81
2025-11-12,11,54.37
2025-11-12,12,60.59
2025-11-12,13,66.0
2025-11-12,14,65.58
2025-11-12,15,81.82
2025-11-12,16,81.57
2025-11-12,17,89.25
2025-11-12,18,93.02
2025-11-12,19,95.46
2025-11-12,20,93.17
2025-11-12,21,83.09
2025-11-12,22,85.86
2025-11-12,23,83.09
2025-11-12,24,87.49
2025-11-12,25,98.48
2025-11-12,26,95.44
2025-11-12,27,99.98
2025-11-12,28,92.66
2025-11-12,29,99.7
2025-11-12,30,106.31
2025-11-12,31,104.42
2025-11-12,32,113.19
2025-11-12,33,124.0
2025-11-12,34,129.72
2025-11-12,35,131.3
2025-11-12,36,129.26
2025-11-12,37,126.44
2025-11-12,38,114.94
2025-11-12,39,118.4
2025-11-12,40,96.74
2025-11-12,41,98.79
2025-11-12,42,78.96
2025-11-12,43,80.07
2025-11-12,44,78.37
2025-11-12,45,70.49
2025-11-12,46,64.5
2025-11-12,47,64.69
2025-11-12,48,64.74
2025-11-13,1,61.68
2025-11-13,2,65.07
2025-11-13,3,64.57
2025-11-13,4,57.23
2025-11-13,5,63.44
2025-11-13,6,53.99
2025-11-13,7,60.51
2025-11-13,8,57.78
2025-11-13,9,60.6
2025-11-13,10,62.71
2025-11-13,11,62.28
2025-11-13,12,67.89
2025-11-13,13,73.2
2025-11-13,14,68.62
2025-11-13,15,76.82
2025-11-13,16,88.61
2025-11-13,17,80.61
2025-11-13,18,85.5
2025-11-13,19,96.56
2025-11-13,20,88.49
2025-11-13,21,90.3
2025-11-13,22,91.11
2025-11-13,23,91.87
2025-11-13,24,89.14
2025-11-13,25,91.23
2025-11-13,26,102.89
2025-11-13,27,90.75
2025-11-13,28,95.29
2025-11-13,29,95.93
2025-11-13,30,103.19
2025-11-13,31,104.83
2025-11-13,32,119.26
2025-11-13,33,126.68
2025-11-13,34,125.71
2025-11-13,35,125.25
2025-11-13,36,136.86
2025-11-13,37,123.09
2025-11-13,38,120.39
2025-11-13,39,112.43
2025-11-13,40,98.0
2025-11-13,41,91.93
2025-11-13,42,94.07
2025-11-13,43,82.23
2025-11-13,44,78.78
2025-11-13,45,76.61
2025-11-13,46,72.16
2025-11-13,47,71.95
2025-11-13,48,67.84
2025-11-14,1,63.65
2025-11-14,2,71.49
2025-11-14,3,58.07
2025-11-14,4,59.15
2025-11-14,5,55.51
2025-11-14,6,59.41
2025-11-14,7,60.42
2025-11-14,8,61.61
2025-11-14,9,60.42
2025-11-14,10,61.22
2025-11-14,11,53.4
2025-11-14,12,69.22
2025-11-14,13,76.13
2025-11-14,14,72.55
2025-11-14,15,77.46
2025-11-14,16,81.19
2025-11-14,17,91.39
2025-11-14,18,86.14
2025-11-14,19,90.51
2025-11-14,20,84.65
2025-11-14,21,91.78
2025-11-14,22,88.34
2025-11-14,23,91.52
2025-11-14,24,88.36
2025-11-14,25,90.4
2025-11-14,26,92.6
2025-11-14,27,93.26
2025-11-14,28,95.07
2025-11-14,29,96.09
2025-11-14,30,106.51
2025-11-14,31,110.4
2025-11-14,32,113.17
2025-11-14,33,124.05
2025-11-14,34,132.49
2025-11-14,35,127.23
2025-11-14,36,131.15
2025-11-14,37,127.7
2025-11-14,38,117.66
2025-11-14,39,106.43
2025-11-14,40,112.38
2025-11-14,41,95.62
2025-11-14,42,87.38
2025-11-14,43,83.03
2025-11-14,44,87.09
2025-11-14,45,73.04
2025-11-14,46,71.19
2025-11-14,47,68.69
2025-11-14,48,70.56
2025-11-15,1,53.95
2025-11-15,2,58.51
2025-11-15,3,53.47
2025-11-15,4,52.12
2025-11-15,5,46.48
2025-11-15,6,54.58
2025-11-15,7,59.22
2025-11-15,8,47.49
2025-11-15,9,48.62
2025-11-15,10,59.84
2025-11-15,11,58.23
2025-11-15,12,55.83
2025-11-15,13,69.06
2025-11-15,14,64.98
2025-11-15,15,71.56
2025-11-15,16,76.9
2025-11-15,17,81.55
2025-11-15,18,81.81
2025-11-15,19,88.61
2025-11-15,20,85.48
2025-11-15,21,85.85
2025-11-15,22,76.89
2025-11-15,23,81.34
2025-11-15,24,87.78
2025-11-15,25,80.75
2025-11-15,26,82.23
2025-11-15,27,89.04
2025-11-15,28,89.0
2025-11-15,29,89.29
2025-11-15,30,93.47
2025-11-15,31,89.13
2025-11-15,32,100.08
2025-11-15,33,103.47
2025-11-15,34,118.18
2025-11-15,35,114.13
2025-11-15,36,115.39
2025-11-15,37,116.42
2025-11-15,38,112.36
2025-11-15,39,99.64
2025-11-15,40,87.17
2025-11-15,41,81.02
2025-11-15,42,78.22
2025-11-15,43,73.45
2025-11-15,44,65.09
2025-11-15,45,57.01
2025-11-15,46,56.2
2025-11-15,47,55.7
2025-11-15,48,57.57
2025-11-16,1,59.84
2025-11-16,2,54.98
2025-11-16,3,56.8
2025-11-16,4,55.48
2025-11-16,5,56.56
2025-11-16,6,48.25
2025-11-16,7,46.92
2025-11-16,8,51.57
2025-11-16,9,52.03
2025-11-16,10,58.89
2025-11-16,11,57.94
2025-11-16,12,59.37
2025-11-16,13,57.71
2025-11-16,14,64.22
2025-11-16,15,65.22
2025-11-16,16,72.53
2025-11-16,17,79.5
2025-11-16,18,82.11
2025-11-16,19,83.19
2025-11-16,20,83.31
2025-11-16,21,82.11
2025-11-16,22,77.39
2025-11-16,23,77.26
2025-11-16,24,86.51
2025-11-16,25,81.05
2025-11-16,26,82.68
2025-11-16,27,85.16
2025-11-16,28,81.45
2025-11-16,29,88.93
2025-11-16,30,86.43
2025-11-16,31,99.25
2025-11-16,32,99.98
2025-11-16,33,104.89
2025-11-16,34,104.46
2025-11-16,35,116.5
2025-11-16,36,125.01
2025-11-16,37,110.09
2025-11-16,38,106.31
2025-11-16,39,105.21
2025-11-16,40,100.35
2025-11-16,41,78.65
2025-11-16,42,82.14
2025-11-16,43,61.29
2025-11-16,44,55.96
2025-11-16,45,58.32
2025-11-16,46,61.41
2025-11-16,47,52.65
2025-11-16,48,63.88
2025-11-17,1,70.82
2025-11-17,2,68.17
2025-11-17,3,63.07
2025-11-17,4,59.45
2025-11-17,5,58.23
2025-11-17,6,56.13
2025-11-17,7,58.39
2025-11-17,8,64.12
2025-11-17,9,57.23
2025-11-17,10,56.1
2025-11-17,11,67.39
2025-11-17,12,65.3
2025-11-17,13,67.13
2025-11-17,14,76.3
2025-11-17,15,80.13
2025-11-17,16,86.36
2025-11-17,17,91.49
2025-11-17,18,92.7
2025-11-17,19,93.43
2025-11-17,20,91.73
2025-11-17,21,83.57
2025-11-17,22,90.98
2025-11-17,23,86.07
2025-11-17,24,89.48
2025-11-17,25,91.02
2025-11-17,26,97.78
2025-11-17,27,90.13
2025-11-17,28,98.52
2025-11-17,29,101.49
2025-11-17,30,108.42
2025-11-17,31,110.33
2025-11-17,32,117.84
2025-11-17,33,122.35
2025-11-17,34,134.33
2025-11-17,35,129.28
2025-11-17,36,140.59
2025-11-17,37,125.56
2025-11-17,38,124.2
2025-11-17,39,118.52
2025-11-17,40,102.53
2025-11-17,41,94.57
2025-11-17,42,82.44
2025-11-17,43,95.79
2025-11-17,44,77.03
2025-11-17,45,80.07
2025-11-17,46,68.63
2025-11-17,47,63.31
2025-11-17,48,64.11
2025-11-18,1,64.94
2025-11-18,2,66.07
2025-11-18,3,61.95
2025-11-18,4,60.79
2025-11-18,5,61.74
2025-11-18,6,54.47
2025-11-18,7,66.65
2025-11-18,8,59.7
2025-11-18,9,59.84
2025-11-18,10,62.64
2025-11-18,11,68.49
2025-11-18,12,68.89
2025-11-18,13,74.11
2025-11-18,14,77.03
2025-11-18,15,77.66
2025-11-18,16,76.31
2025-11-18,17,93.4
2025-11-18,18,95.88
2025-11-18,19,87.41
2025-11-18,20,86.52
2025-11-18,21,86.62
2025-11-18,22,88.7
2025-11-18,23,88.04
2025-11-18,24,93.3
2025-11-18,25,94.92
2025-11-18,26,96.1
2025-11-18,27,95.58
2025-11-18,28,96.06
2025-11-18,29,96.34
2025-11-18,30,103.41
2025-11-18,31,112.85
2025-11-18,32,109.57
2025-11-18,33,122.03
2025-11-18,34,123.69
2025-11-18,35,126.25
2025-11-18,36,135.57
2025-11-18,37,133.14
2025-11-18,38,123.49
2025-11-18,39,108.04
2025-11-18,40,106.97
2025-11-18,41,98.15
2025-11-18,42,96.1
2025-11-18,43,80.37
2025-11-18,44,79.62
2025-11-18,45,71.03
2025-11-18,46,64.04
2025-11-18,47,61.74
2025-11-18,48,67.02
2025-11-19,1,60.81
2025-11-19,2,64.52
2025-11-19,3,64.72
2025-11-19,4,62.81
2025-11-19,5,64.63
2025-11-19,6,62.06
2025-11-19,7,52.76
2025-11-19,8,58.05
2025-11-19,9,64.36
2025-11-19,10,55.31
2025-11-19,11,64.41
2025-11-19,12,65.74
2025-11-19,13,66.84
2025-11-19,14,80.68
2025-11-19,15,79.11
2025-11-19,16,95.44
2025-11-19,17,89.51
2025-11-19,18,96.44
2025-11-19,19,99.21
2025-11-19,20,93.39
2025-11-19,21,91.93
2025-11-19,22,94.63
2025-11-19,23,98.77
2025-11-19,24,94.59
2025-11-19,25,91.98
2025-11-19,26,90.69
2025-11-19,27,99.63
2025-11-19,28,96.26
2025-11-19,29,106.57
2025-11-19,30,111.39
2025-11-19,31,113.32
2025-11-19,32,116.51
2025-11-19,33,125.49
2025-11-19,34,270.16
2025-11-19,35,272.55
2025-11-19,36,272.09
2025-11-19,37,270.8
2025-11-19,38,263.66
2025-11-19,39,259.84
2025-11-19,40,106.56
2025-11-19,41,90.5
2025-11-19,42,90.7
2025-11-19,43,83.45
2025-11-19,44,79.8
2025-11-19,45,74.15
2025-11-19,46,72.32
2025-11-19,47,76.18
2025-11-19,48,65.83
2025-11-20,1,65.4
2025-11-20,2,59.93
2025-11-20,3,60.69
2025-11-20,4,61.78
2025-11-20,5,58.43
2025-11-20,6,58.29
2025-11-20,7,62.06
2025-11-20,8,58.96
2025-11-20,9,61.84
2025-11-20,10,61.13
2025-11-20,11,56.3
2025-11-20,12,59.61
2025-11-20,13,73.52
2025-11-20,14,76.8
2025-11-20,15,83.06
2025-11-20,16,88.34
2025-11-20,17,91.52
2025-11-20,18,92.22
2025-11-20,19,97.9
2025-11-20,20,93.21
2025-11-20,21,92.83
2025-11-20,22,89.77
2025-11-20,23,87.81
2025-11-20,24,102.26
2025-11-20,25,98.35
2025-11-20,26,97.74
2025-11-20,27,97.61
2025-11-20,28,103.09
2025-11-20,29,101.16
2025-11-20,30,109.48
2025-11-20,31,117.31
2025-11-20,32,116.79
2025-11-20,33,129.6
2025-11-20,34,306.72
2025-11-20,35,304.21
2025-11-20,36,314.87
2025-11-20,37,307.66
2025-11-20,38,304.61
2025-11-20,39,288.06
2025-11-20,40,102.64
2025-11-20,41,101.46
2025-11-20,42,90.15
2025-11-20,43,89.31
2025-11-20,44,76.39
2025-11-20,45,84.8
2025-11-20,46,81.49
2025-11-20,47,72.81
2025-11-20,48,68.11
2025-11-21,1,68.47
2025-11-21,2,57.69
2025-11-21,3,61.55
2025-11-21,4,71.72
2025-11-21,5,65.61
2025-11-21,6,68.65
2025-11-21,7,55.82
2025-11-21,8,58.61
2025-11-21,9,57.51
2025-11-21,10,62.48
2025-11-21,11,65.75
2025-11-21,12,70.07
2025-11-21,13,70.58
2025-11-21,14,74.92
2025-11-21,15,79.34
2025-11-21,16,87.02
2025-11-21,17,93.53
2025-11-21,18,95.85
2025-11-21,19,98.33
2025-11-21,20,94.25
2025-11-21,21,95.47
2025-11-21,22,86.58
2025-11-21,23,96.96
2025-11-21,24,98.57
2025-11-21,25,102.63
2025-11-21,26,105.66
2025-11-21,27,94.42
2025-11-21,28,104.79
2025-11-21,29,102.27
2025-11-21,30,105.28
2025-11-21,31,110.42
2025-11-21,32,115.74
2025-11-21,33,123.39
2025-11-21,34,127.96
2025-11-21,35,135.12
2025-11-21,36,136.27
2025-11-21,37,134.7
2025-11-21,38,125.33
2025-11-21,39,114.06
2025-11-21,40,107.94
2025-11-21,41,100.69
2025-11-21,42,91.88
2025-11-21,43,85.98
2025-11-21,44,90.34
2025-11-21,45,73.47
2025-11-21,46,76.51
2025-11-21,47,70.9
2025-11-21,48,61.31
2025-11-22,1,58.65
2025-11-22,2,60.46
2025-11-22,3,52.35
2025-11-22,4,50.1
2025-11-22,5,54.7
2025-11-22,6,53.45
2025-11-22,7,58.73
2025-11-22,8,57.74
2025-11-22,9,48.57
2025-11-22,10,50.79
2025-11-22,11,45.8
2025-11-22,12,60.67
2025-11-22,13,60.69
2025-11-22,14,76.25
2025-11-22,15,71.04
2025-11-22,16,75.91
2025-11-22,17,77.45
2025-11-22,18,82.19
2025-11-22,19,87.55
2025-11-22,20,73.35
2025-11-22,21,85.82
2025-11-22,22,73.46
2025-11-22,23,80.66
2025-11-22,24,78.52
2025-11-22,25,80.05
2025-11-22,26,80.11
2025-11-22,27,88.82
2025-11-22,28,87.28
2025-11-22,29,93.5
2025-11-22,30,97.08
2025-11-22,31,97.46
2025-11-22,32,106.3
2025-11-22,33,109.55
2025-11-22,34,112.34
2025-11-22,35,121.07
2025-11-22,36,123.53
2025-11-22,37,119.54
2025-11-22,38,101.71
2025-11-22,39,101.03
2025-11-22,40,97.81
2025-11-22,41,80.16
2025-11-22,42,78.39
2025-11-22,43,70.77
2025-11-22,44,70.93
2025-11-22,45,78.4
2025-11-22,46,64.05
2025-11-22,47,61.12
2025-11-22,48,68.65
2025-11-23,1,57.17
2025-11-23,2,57.61
2025-11-23,3,53.55
2025-11-23,4,53.85
2025-11-23,5,55.95
2025-11-23,6,49.84
2025-11-23,7,59.34
2025-11-23,8,47.82
2025-11-23,9,58.5
2025-11-23,10,56.6
2025-11-23,11,58.8
2025-11-23,12,63.92
2025-11-23,13,63.83
2025-11-23,14,69.14
2025-11-23,15,73.42
2025-11-23,16,80.75
2025-11-23,17,84.5
2025-11-23,18,81.96
2025-11-23,19,80.87
2025-11-23,20,77.74
2025-11-23,21,82.27
2025-11-23,22,79.52
2025-11-23,23,74.87
2025-11-23,24,82.48
2025-11-23,25,84.53
2025-11-23,26,89.0
2025-11-23,27,87.3
2025-11-23,28,85.09
2025-11-23,29,95.59
2025-11-23,30,86.28
2025-11-23,31,92.57
2025-11-23,32,102.78
2025-11-23,33,108.16
2025-11-23,34,113.42
2025-11-23,35,114.2
2025-11-23,36,121.52
2025-11-23,37,113.79
2025-11-23,38,103.07
2025-11-23,39,102.26
2025-11-23,40,89.42
2025-11-23,41,81.19
2025-11-23,42,78.31
2025-11-23,43,80.07
2025-11-23,44,61.03
2025-11-23,45,59.97
2025-11-23,46,60.24
2025-11-23,47,68.22
2025-11-23,48,55.03
2025-11-24,1,65.17
2025-11-24,2,60.62
2025-11-24,3,70.8
2025-11-24,4,59.39
2025-11-24,5,61.36
2025-11-24,6,64.53
2025-11-24,7,56.67
2025-11-24,8,57.43
2025-11-24,9,66.03
2025-11-24,10,67.38
2025-11-24,11,61.1
2025-11-24,12,64.28
2025-11-24,13,75.03
2025-11-24,14,80.21
2025-11-24,15,81.09
2025-11-24,16,89.26
2025-11-24,17,87.18
2025-11-24,18,95.46
2025-11-24,19,94.76
2025-11-24,20,86.75
2025-11-24,21,91.39
2025-11-24,22,91.55
2025-11-24,23,95.93
2025-11-24,24,90.46
2025-11-24,25,100.53
2025-11-24,26,98.0
2025-11-24,27,103.8
2025-11-24,28,96.21
2025-11-24,29,105.41
2025-11-24,30,108.52
2025-11-24,31,113.37
2025-11-24,32,119.79
2025-11-24,33,125.88
2025-11-24,34,121.63
2025-11-24,35,140.75
2025-11-24,36,131.83
2025-11-24,37,128.51
2025-11-24,38,124.28
2025-11-24,39,117.09
2025-11-24,40,100.56
2025-11-24,41,91.26
2025-11-24,42,95.93
2025-11-24,43,82.93
2025-11-24,44,81.04
2025-11-24,45,72.19
2025-11-24,46,79.7
2025-11-24,47,73.97
2025-11-24,48,66.06
2025-11-25,1,60.34
2025-11-25,2,63.98
2025-11-25,3,59.67
2025-11-25,4,65.67
2025-11-25,5,60.06
2025-11-25,6,61.55
2025-11-25,7,58.86
2025-11-25,8,61.3
2025-11-25,9,63.91
2025-11-25,10,63.92
2025-11-25,11,58.75
2025-11-25,12,66.89
2025-11-25,13,81.26
2025-11-25,14,79.81
2025-11-25,15,81.95
2025-11-25,16,86.51
2025-11-25,17,97.62
2025-11-25,18,95.92
2025-11-25,19,89.12
2025-11-25,20,101.75
2025-11-25,21,94.39
2025-11-25,22,94.25
2025-11-25,23,99.74
2025-11-25,24,95.64
2025-11-25,25,98.21
2025-11-25,26,92.12
2025-11-25,27,99.67
2025-11-25,28,97.06
2025-11-25,29,102.66
2025-11-25,30,109.27
2025-11-25,31,104.04
2025-11-25,32,120.16
2025-11-25,33,128.61
2025-11-25,34,123.66
2025-11-25,35,131.88
2025-11-25,36,128.79
2025-11-25,37,133.36
2025-11-25,38,122.4
2025-11-25,39,120.02
2025-11-25,40,100.91
2025-11-25,41,98.32
2025-11-25,42,86.96
2025-11-25,43,84.64
2025-11-25,44,78.77
2025-11-25,45,79.3
2025-11-25,46,74.62
2025-11-25,47,75.43
2025-11-25,48,68.12
2025-11-26,1,79.56
2025-11-26,2,61.8
2025-11-26,3,66.77
2025-11-26,4,56.24
2025-11-26,5,62.86
2025-11-26,6,54.03
2025-11-26,7,64.1
2025-11-26,8,60.96
2025-11-26,9,65.63
2025-11-26,10,58.33
2025-11-26,11,66.28
2025-11-26,12,71.32
2025-11-26,13,75.72
2025-11-26,14,74.99
2025-11-26,15,84.57
2025-11-26,16,86.76
2025-11-26,17,93.07
2025-11-26,18,87.4
2025-11-26,19,100.37
2025-11-26,20,91.6
2025-11-26,21,95.46
2025-11-26,22,88.84
2025-11-26,23,87.44
2025-11-26,24,97.94
2025-11-26,25,99.37
2025-11-26,26,101.89
2025-11-26,27,101.75
2025-11-26,28,107.12
2025-11-26,29,106.41
2025-11-26,30,104.89
2025-11-26,31,122.94
2025-11-26,32,115.86
2025-11-26,33,128.98
2025-11-26,34,263.47
2025-11-26,35,269.34
2025-11-26,36,264.97
2025-11-26,37,263.11
2025-11-26,38,252.37
2025-11-26,39,248.29
2025-11-26,40,101.32
2025-11-26,41,102.89
2025-11-26,42,99.96
2025-11-26,43,89.21
2025-11-26,44,72.02
2025-11-26,45,74.58
2025-11-26,46,77.61
2025-11-26,47,66.57
2025-11-26,48,63.31
2025-11-27,1,62.29
2025-11-27,2,63.98
2025-11-27,3,67.67
2025-11-27,4,57.14
2025-11-27,5,68.13
2025-11-27,6,61.3
2025-11-27,7,63.3
2025-11-27,8,53.39
2025-11-27,9,64.71
2025-11-27,10,59.84
2025-11-27,11,65.96
2025-11-27,12,64.27
2025-11-27,13,77.52
2025-11-27,14,74.54
2025-11-27,15,86.1
2025-11-27,16,90.5
2025-11-27,17,93.62
2025-11-27,18,93.62
2025-11-27,19,96.91
2025-11-27,20,94.05
2025-11-27,21,92.72
2025-11-27,22,96.7
2025-11-27,23,102.56
2025-11-27,24,95.41
2025-11-27,25,91.73
2025-11-27,26,97.66
2025-11-27,27,103.15
2025-11-27,28,101.27
2025-11-27,29,99.58
2025-11-27,30,109.9
2025-11-27,31,112.84
2025-11-27,32,117.02
2025-11-27,33,127.07
2025-11-27,34,135.33
2025-11-27,35,133.7
2025-11-27,36,138.86
2025-11-27,37,132.45
2025-11-27,38,121.09
2025-11-27,39,108.43
2025-11-27,40,107.67
2025-11-27,41,97.85
2025-11-27,42,87.95
2025-11-27,43,82.68
2025-11-27,44,75.86
2025-11-27,45,77.98
2025-11-27,46,69.67
2025-11-27,47,70.14
2025-11-27,48,66.98
2025-11-28,1,67.32
2025-11-28,2,68.87
2025-11-28,3,61.12
2025-11-28,4,61.46
2025-11-28,5,67.93
2025-11-28,6,61.78
2025-11-28,7,57.7
2025-11-28,8,55.3
2025-11-28,9,61.38
2025-11-28,10,60.97
2025-11-28,11,70.72
2025-11-28,12,66.12
2025-11-28,13,77.12
2025-11-28,14,78.73
2025-11-28,15,82.45
2025-11-28,16,87.97
2025-11-28,17,97.64
2025-11-28,18,97.6
2025-11-28,19,95.7
2025-11-28,20,91.96
2025-11-28,21,96.84
2025-11-28,22,94.34
2025-11-28,23,92.79
2025-11-28,24,91.97
2025-11-28,25,94.91
2025-11-28,26,94.6
2025-11-28,27,97.45
2025-11-28,28,113.65
2025-11-28,29,98.16
2025-11-28,30,112.62
2025-11-28,31,115.83
2025-11-28,32,113.44
2025-11-28,33,129.52
2025-11-28,34,140.35
2025-11-28,35,135.63
2025-11-28,36,139.65
2025-11-28,37,131.75
2025-11-28,38,127.08
2025-11-28,39,108.96
2025-11-28,40,107.04
2025-11-28,41,98.38
2025-11-28,42,89.28
2025-11-28,43,91.12
2025-11-28,44,80.55
2025-11-28,45,76.5
2025-11-28,46,72.59
2025-11-28,47,69.69
2025-11-28,48,68.49
2025-11-29,1,64.98
2025-11-29,2,49.55
2025-11-29,3,55.06
2025-11-29,4,52.56
2025-11-29,5,57.34
2025-11-29,6,51.51
2025-11-29,7,61.71
2025-11-29,8,50.59
2025-11-29,9,48.78
2025-11-29,10,56.75
2025-11-29,11,61.12
2025-11-29,12,57.12
2025-11-29,13,70.1
2025-11-29,14,67.16
2025-11-29,15,73.11
2025-11-29,16,79.25
2025-11-29,17,79.57
2025-11-29,18,91.31
2025-11-29,19,78.57
2025-11-29,20,77.46
2025-11-29,21,80.05
2025-11-29,22,78.32
2025-11-29,23,77.1
2025-11-29,24,85.53
2025-11-29,25,81.14
2025-11-29,26,86.82
2025-11-29,27,87.01
2025-11-29,28,96.32
2025-11-29,29,88.13
2025-11-29,30,98.07
2025-11-29,31,100.28
2025-11-29,32,103.02
2025-11-29,33,111.03
2025-11-29,34,118.15
2025-11-29,35,113.66
2025-11-29,36,120.65
2025-11-29,37,116.88
2025-11-29,38,113.94
2025-11-29,39,104.51
2025-11-29,40,101.03
2025-11-29,41,91.21
2025-11-29,42,79.45
2025-11-29,43,80.85
2025-11-29,44,72.06
2025-11-29,45,72.32
2025-11-29,46,65.1
2025-11-29,47,64.56
2025-11-29,48,53.89
2025-11-30,1,62.51
2025-11-30,2,59.91
2025-11-30,3,52.28
2025-11-30,4,51.62
2025-11-30,5,57.11
2025-11-30,6,48.51
2025-11-30,7,54.43
2025-11-30,8,52.24
2025-11-30,9,53.2
2025-11-30,10,57.69
2025-11-30,11,63.53
2025-11-30,12,63.42
2025-11-30,13,59.75
2025-11-30,14,70.06
2025-11-30,15,78.08
2025-11-30,16,77.69
2025-11-30,17,81.67
2025-11-30,18,81.5
2025-11-30,19,88.47
2025-11-30,20,79.6
2025-11-30,21,81.53
2025-11-30,22,78.94
2025-11-30,23,86.86
2025-11-30,24,80.61
2025-11-30,25,83.11
2025-11-30,26,86.33
2025-11-30,27,89.72
2025-11-30,28,89.54
2025-11-30,29,93.45
2025-11-30,30,88.91
2025-11-30,31,103.52
2025-11-30,32,107.31
2025-11-30,33,112.01
2025-11-30,34,106.87
2025-11-30,35,120.2
2025-11-30,36,117.55
2025-11-30,37,114.53
2025-11-30,38,110.89
2025-11-30,39,107.85
2025-11-30,40,102.06
2025-11-30,41,91.82
2025-11-30,42,80.03
2025-11-30,43,81.92
2025-11-30,44,77.36
2025-11-30,45,68.53
2025-11-30,46,58.13
2025-11-30,47,59.79
2025-11-30,48,52.41
2025-12-01,1,66.4
2025-12-01,2,67.8
2025-12-01,3,62.13
2025-12-01,4,62.97
2025-12-01,5,66.55
2025-12-01,6,62.06
2025-12-01,7,55.56
2025-12-01,8,64.43
2025-12-01,9,60.8
2025-12-01,10,61.89
2025-12-01,11,76.08
2025-12-01,12,70.39
2025-12-01,13,82.69
2025-12-01,14,76.61
2025-12-01,15,82.44
2025-12-01,16,88.11
2025-12-01,17,93.13
2025-12-01,18,94.15
2025-12-01,19,91.76
2025-12-01,20,99.06
2025-12-01,21,95.19
2025-12-01,22,98.13
2025-12-01,23,96.66
2025-12-01,24,106.78
2025-12-01,25,98.69
2025-12-01,26,103.75
2025-12-01,27,106.87
2025-12-01,28,99.15
2025-12-01,29,102.27
2025-12-01,30,106.09
2025-12-01,31,113.41
2025-12-01,32,119.63
2025-12-01,33,128.29
2025-12-01,34,139.55
2025-12-01,35,130.44
2025-12-01,36,130.92
2025-12-01,37,131.15
2025-12-01,38,122.58
2025-12-01,39,111.42
2025-12-01,40,106.57
2025-12-01,41,100.08
2025-12-01,42,91.5
2025-12-01,43,83.74
2025-12-01,44,81.46
2025-12-01,45,70.85
2025-12-01,46,77.51
2025-12-01,47,72.03
2025-12-01,48,71.09
2025-12-02,1,67.78
2025-12-02,2,63.27
2025-12-02,3,66.67
2025-12-02,4,60.72
2025-12-02,5,57.72
2025-12-02,6,65.53
2025-12-02,7,61.37
2025-12-02,8,65.24
2025-12-02,9,60.67
2025-12-02,10,71.14
2025-12-02,11,68.02
2025-12-02,12,65.57
2025-12-02,13,67.96
2025-12-02,14,81.05
2025-12-02,15,87.09
2025-12-02,16,93.11
2025-12-02,17,86.63
2025-12-02,18,88.58
2025-12-02,19,88.76
2025-12-02,20,91.83
2025-12-02,21,97.48
2025-12-02,22,95.07
2025-12-02,23,88.81
2025-12-02,24,90.73
2025-12-02,25,99.7
2025-12-02,26,104.66
2025-12-02,27,103.99
2025-12-02,28,110.29
2025-12-02,29,108.35
2025-12-02,30,116.49
2025-12-02,31,124.86
2025-12-02,32,120.33
2025-12-02,33,130.51
2025-12-02,34,244.69
2025-12-02,35,259.91
2025-12-02,36,252.99
2025-12-02,37,256.08
2025-12-02,38,244.82
2025-12-02,39,239.37
2025-12-02,40,103.45
2025-12-02,41,97.98
2025-12-02,42,95.05
2025-12-02,43,87.62
2025-12-02,44,73.87
2025-12-02,45,77.38
2025-12-02,46,72.35
2025-12-02,47,68.21
2025-12-02,48,66.96
2025-12-03,1,60.26
2025-12-03,2,57.97
2025-12-03,3,61.37
2025-12-03,4,59.27
2025-12-03,5,62.62
2025-12-03,6,54.43
2025-12-03,7,61.92
2025-12-03,8,58.12
2025-12-03,9,66.99
2025-12-03,10,61.32
2025-12-03,11,70.27
2025-12-03,12,69.87
2025-12-03,13,72.73
2025-12-03,14,74.9
2025-12-03,15,82.32
2025-12-03,16,95.93
2025-12-03,17,93.59
2025-12-03,18,92.37
2025-12-03,19,97.43
2025-12-03,20,93.83
2025-12-03,21,92.4
2025-12-03,22,93.5
2025-12-03,23,99.65
2025-12-03,24,96.86
2025-12-03,25,101.35
2025-12-03,26,98.54
2025-12-03,27,99.67
2025-12-03,28,110.14
2025-12-03,29,102.69
2025-12-03,30,109.3
2025-12-03,31,119.87
2025-12-03,32,119.55
2025-12-03,33,135.35
2025-12-03,34,130.22
2025-12-03,35,140.02
2025-12-03,36,144.57
2025-12-03,37,134.85
2025-12-03,38,128.71
2025-12-03,39,121.31
2025-12-03,40,98.2
2025-12-03,41,105.33
2025-12-03,42,93.6
2025-12-03,43,86.63
2025-12-03,44,82.43
2025-12-03,45,69.94
2025-12-03,46,78.67
2025-12-03,47,73.86
2025-12-03,48,66.15
2025-12-04,1,68.03
2025-12-04,2,66.06
2025-12-04,3,62.51
2025-12-04,4,60.56
2025-12-04,5,65.14
2025-12-04,6,57.66
2025-12-04,7,64.82
2025-12-04,8,61.88
2025-12-04,9,60.69
2025-12-04,10,60.44
2025-12-04,11,72.42
2025-12-04,12,63.32
2025-12-04,13,76.57
2025-12-04,14,79.64
2025-12-04,15,84.68
2025-12-04,16,85.5
2025-12-04,17,91.12
2025-12-04,18,105.34
2025-12-04,19,100.8
2025-12-04,20,100.01
2025-12-04,21,98.33
2025-12-04,22,96.5
2025-12-04,23,101.87
2025-12-04,24,98.16
2025-12-04,25,108.29
2025-12-04,26,105.69
2025-12-04,27,103.9
2025-12-04,28,107.22
2025-12-04,29,107.07
2025-12-04,30,117.9
2025-12-04,31,113.44
2025-12-04,32,124.42
2025-12-04,33,128.83
2025-12-04,34,131.03
2025-12-04,35,139.58
2025-12-04,36,127.18
2025-12-04,37,138.07
2025-12-04,38,133.67
2025-12-04,39,116.26
2025-12-04,40,107.33
2025-12-04,41,99.18
2025-12-04,42,96.64
2025-12-04,43,92.79
2025-12-04,44,87.32
2025-12-04,45,83.1
2025-12-04,46,76.81
2025-12-04,47,64.54
2025-12-04,48,69.4
2025-12-05,1,75.26
2025-12-05,2,64.5
2025-12-05,3,74.18
2025-12-05,4,65.56
2025-12-05,5,61.84
2025-12-05,6,59.33
2025-12-05,7,61.21
2025-12-05,8,60.51
2025-12-05,9,63.12
2025-12-05,10,63.65
2025-12-05,11,73.31
2025-12-05,12,73.4
2025-12-05,13,79.0
2025-12-05,14,85.12
2025-12-05,15,84.25
2025-12-05,16,85.93
2025-12-05,17,96.03
2025-12-05,18,96.36
2025-12-05,19,96.1
2025-12-05,20,105.7
2025-12-05,21,98.12
2025-12-05,22,91.57
2025-12-05,23,97.44
2025-12-05,24,99.37
2025-12-05,25,96.24
2025-12-05,26,103.96
2025-12-05,27,98.13
2025-12-05,28,101.59
2025-12-05,29,106.3
2025-12-05,30,109.48
2025-12-05,31,116.45
2025-12-05,32,119.01
2025-12-05,33,130.16
2025-12-05,34,135.78
2025-12-05,35,125.28
2025-12-05,36,143.75
2025-12-05,37,136.74
2025-12-05,38,126.99
2025-12-05,39,115.26
2025-12-05,40,111.74
2025-12-05,41,97.57
2025-12-05,42,90.95
2025-12-05,43,85.6
2025-12-05,44,80.66
2025-12-05,45,77.46
2025-12-05,46,68.77
2025-12-05,47,74.4
2025-12-05,48,67.02
2025-12-06,1,60.22
2025-12-06,2,65.99
2025-12-06,3,61.18
2025-12-06,4,65.89
2025-12-06,5,54.0
2025-12-06,6,54.76
2025-12-06,7,57.55
2025-12-06,8,54.69
2025-12-06,9,55.44
2025-12-06,10,52.93
2025-12-06,11,55.66
2025-12-06,12,71.41
2025-12-06,13,64.01
2025-12-06,14,75.36
2025-12-06,15,69.17
2025-12-06,16,80.39
2025-12-06,17,79.14
2025-12-06,18,84.08
2025-12-06,19,88.98
2025-12-06,20,83.72
2025-12-06,21,92.11
2025-12-06,22,85.73
2025-12-06,23,85.75
2025-12-06,24,84.57
2025-12-06,25,83.88
2025-12-06,26,86.02
2025-12-06,27,92.52
2025-12-06,28,89.42
2025-12-06,29,93.75
2025-12-06,30,96.7
2025-12-06,31,109.05
2025-12-06,32,108.26
2025-12-06,33,114.5
2025-12-06,34,115.16
2025-12-06,35,118.47
2025-12-06,36,117.94
2025-12-06,37,118.41
2025-12-06,38,105.98
2025-12-06,39,107.6
2025-12-06,40,97.93
2025-12-06,41,83.42
2025-12-06,42,80.8
2025-12-06,43,81.19
2025-12-06,44,72.34
2025-12-06,45,64.25
2025-12-06,46,71.32
2025-12-06,47,68.17
2025-12-06,48,66.89
2025-12-07,1,56.48
2025-12-07,2,61.55
2025-12-07,3,52.75
2025-12-07,4,60.48
2025-12-07,5,56.06
2025-12-07,6,55.47
2025-12-07,7,60.0
2025-12-07,8,55.62
2025-12-07,9,54.35
2025-12-07,10,58.26
2025-12-07,11,55.87
2025-12-07,12,63.3
2025-12-07,13,65.69
2025-12-07,14,68.38
2025-12-07,15,85.58
2025-12-07,16,79.62
2025-12-07,17,81.16
2025-12-07,18,78.37
2025-12-07,19,82.51
2025-12-07,20,88.1
2025-12-07,21,78.47
2025-12-07,22,79.99
2025-12-07,23,89.05
2025-12-07,24,84.73
2025-12-07,25,85.66
2025-12-07,26,89.41
2025-12-07,27,95.55
2025-12-07,28,88.85
2025-12-07,29,102.87
2025-12-07,30,98.59
2025-12-07,31,102.34
2025-12-07,32,110.39
2025-12-07,33,104.99
2025-12-07,34,119.99
2025-12-07,35,122.88
2025-12-07,36,129.64
2025-12-07,37,128.3
2025-12-07,38,113.6
2025-12-07,39,105.29
2025-12-07,40,95.63
2025-12-07,41,88.34
2025-12-07,42,80.37
2025-12-07,43,80.73
2025-12-07,44,78.19
2025-12-07,45,74.31
2025-12-07,46,71.88
2025-12-07,47,66.26
2025-12-07,48,65.25
2025-12-08,1,72.41
2025-12-08,2,63.7
2025-12-08,3,67.67
2025-12-08,4,66.98
2025-12-08,5,71.74
2025-12-08,6,69.66
2025-12-08,7,65.43
2025-12-08,8,61.59
2025-12-08,9,64.29
2025-12-08,10,66.76
2025-12-08,11,65.23
2025-12-08,12,73.82
2025-12-08,13,78.8
2025-12-08,14,84.2
2025-12-08,15,82.29
2025-12-08,16,91.53
2025-12-08,17,99.09
2025-12-08,18,100.16
2025-12-08,19,96.83
2025-12-08,20,96.83
2025-12-08,21,94.87
2025-12-08,22,98.84
2025-12-08,23,90.53
2025-12-08,24,94.44
2025-12-08,25,97.54
2025-12-08,26,103.8
2025-12-08,27,109.28
2025-12-08,28,107.1
2025-12-08,29,103.59
2025-12-08,30,111.11
2025-12-08,31,113.1
2025-12-08,32,121.87
2025-12-08,33,125.79
2025-12-08,34,133.94
2025-12-08,35,135.81
2025-12-08,36,147.58
2025-12-08,37,137.33
2025-12-08,38,125.12
2025-12-08,39,119.26
2025-12-08,40,116.78
2025-12-08,41,104.28
2025-12-08,42,92.7
2025-12-08,43,85.19
2025-12-08,44,84.11
2025-12-08,45,76.99
2025-12-08,46,80.6
2025-12-08,47,83.43
2025-12-08,48,71.59
2025-12-09,1,64.96
2025-12-09,2,64.34
2025-12-09,3,65.8
2025-12-09,4,64.11
2025-12-09,5,67.12
2025-12-09,6,64.0
2025-12-09,7,62.04
2025-12-09,8,60.94
2025-12-09,9,64.28
2025-12-09,10,68.95
2025-12-09,11,64.92
2025-12-09,12,82.19
2025-12-09,13,70.26
2025-12-09,14,77.87
2025-12-09,15,84.88
2025-12-09,16,95.45
2025-12-09,17,101.13
2025-12-09,18,95.82
2025-12-09,19,94.06
2025-12-09,20,93.46
2025-12-09,21,100.4
2025-12-09,22,91.63
2025-12-09,23,98.36
2025-12-09,24,99.92
2025-12-09,25,101.33
2025-12-09,26,98.55
2025-12-09,27,98.58
2025-12-09,28,105.76
2025-12-09,29,110.95
2025-12-09,30,110.64
2025-12-09,31,119.57
2025-12-09,32,122.51
2025-12-09,33,132.12
2025-12-09,34,131.47
2025-12-09,35,138.5
2025-12-09,36,146.47
2025-12-09,37,133.61
2025-12-09,38,130.28
2025-12-09,39,119.54
2025-12-09,40,107.91
2025-12-09,41,104.33
2025-12-09,42,90.81
2025-12-09,43,91.93
2025-12-09,44,85.79
2025-12-09,45,73.7
2025-12-09,46,79.3
2025-12-09,47,73.79
2025-12-09,48,66.64
2025-12-10,1,65.05
2025-12-10,2,63.04
2025-12-10,3,66.86
2025-12-10,4,58.88
2025-12-10,5,62.47
2025-12-10,6,63.71
2025-12-10,7,64.03
2025-12-10,8,53.75
2025-12-10,9,61.15
2025-12-10,10,68.62
2025-12-10,11,70.08
2025-12-10,12,71.43
2025-12-10,13,73.75
2025-12-10,14,80.5
2025-12-10,15,88.43
2025-12-10,16,90.41
2025-12-10,17,97.5
2025-12-10,18,101.15
2025-12-10,19,96.37
2025-12-10,20,99.54
2025-12-10,21,94.69
2025-12-10,22,95.3
2025-12-10,23,99.73
2025-12-10,24,106.34
2025-12-10,25,99.3
2025-12-10,26,111.43
2025-12-10,27,101.64
2025-12-10,28,110.21
2025-12-10,29,112.85
2025-12-10,30,117.37
2025-12-10,31,115.81
2025-12-10,32,125.43
2025-12-10,33,130.72
2025-12-10,34,135.35
2025-12-10,35,139.41
2025-12-10,36,134.45
2025-12-10,37,135.96
2025-12-10,38,127.47
2025-12-10,39,118.99
2025-12-10,40,105.32
2025-12-10,41,100.01
2025-12-10,42,94.86
2025-12-10,43,84.19
2025-12-10,44,84.41
2025-12-10,45,79.84
2025-12-10,46,74.88
2025-12-10,47,75.84
2025-12-10,48,74.97
2025-12-11,1,69.21
2025-12-11,2,73.42
2025-12-11,3,67.71
2025-12-11,4,63.77
2025-12-11,5,58.15
2025-12-11,6,59.44
2025-12-11,7,55.48
2025-12-11,8,64.69
2025-12-11,9,60.73
2025-12-11,10,69.93
2025-12-11,11,58.59
2025-12-11,12,69.23
2025-12-11,13,79.96
2025-12-11,14,76.18
2025-12-11,15,81.77
2025-12-11,16,89.65
2025-12-11,17,91.03
2025-12-11,18,95.76
2025-12-11,19,88.74
2025-12-11,20,102.06
2025-12-11,21,99.97
2025-12-11,22,94.55
2025-12-11,23,89.97
2025-12-11,24,94.98
2025-12-11,25,103.08
2025-12-11,26,105.0
2025-12-11,27,101.26
2025-12-11,28,107.76
2025-12-11,29,102.55
2025-12-11,30,111.99
2025-12-11,31,112.1
2025-12-11,32,124.8
2025-12-11,33,128.24
2025-12-11,34,134.89
2025-12-11,35,139.65
2025-12-11,36,132.81
2025-12-11,37,136.37
2025-12-11,38,133.73
2025-12-11,39,120.36
2025-12-11,40,114.47
2025-12-11,41,99.71
2025-12-11,42,94.8
2025-12-11,43,89.31
2025-12-11,44,85.75
2025-12-11,45,83.24
2025-12-11,46,70.79
2025-12-11,47,70.53
2025-12-11,48,73.17
2025-12-12,1,65.64
2025-12-12,2,67.97
2025-12-12,3,63.42
2025-12-12,4,57.27
2025-12-12,5,66.01
2025-12-12,6,68.11
2025-12-12,7,72.43
2025-12-12,8,64.41
2025-12-12,9,62.41
2025-12-12,10,69.23
2025-12-12,11,65.22
2025-12-12,12,69.2
2025-12-12,13,75.88
2025-12-12,14,77.94
2025-12-12,15,83.74
2025-12-12,16,98.37
2025-12-12,17,92.37
2025-12-12,18,100.06
2025-12-12,19,94.79
2025-12-12,20,97.09
2025-12-12,21,98.6
2025-12-12,22,97.6
2025-12-12,23,94.41
2025-12-12,24,102.55
2025-12-12,25,101.05
2025-12-12,26,95.51
2025-12-12,27,107.88
2025-12-12,28,106.7
2025-12-12,29,108.5
2025-12-12,30,113.86
2025-12-12,31,111.02
2025-12-12,32,120.61
2025-12-12,33,131.23
2025-12-12,34,132.5
2025-12-12,35,143.05
2025-12-12,36,135.4
2025-12-12,37,136.15
2025-12-12,38,135.11
2025-12-12,39,116.9
2025-12-12,40,110.66
2025-12-12,41,97.96
2025-12-12,42,87.91
2025-12-12,43,90.58
2025-12-12,44,83.24
2025-12-12,45,79.98
2025-12-12,46,77.74
2025-12-12,47,70.48
2025-12-12,48,66.54
2025-12-13,1,56.95
2025-12-13,2,59.81
2025-12-13,3,59.5
2025-12-13,4,56.93
2025-12-13,5,59.19
2025-12-13,6,59.07
2025-12-13,7,56.22
2025-12-13,8,51.91
2025-12-13,9,56.89
2025-12-13,10,62.54
2025-12-13,11,59.47
2025-12-13,12,57.23
2025-12-13,13,71.72
2025-12-13,14,70.1
2025-12-13,15,80.45
2025-12-13,16,79.15
2025-12-13,17,86.58
2025-12-13,18,85.13
2025-12-13,19,84.03
2025-12-13,20,88.09
2025-12-13,21,82.5
2025-12-13,22,78.67
2025-12-13,23,89.08
2025-12-13,24,84.94
2025-12-13,25,89.79
2025-12-13,26,91.2
2025-12-13,27,94.62
2025-12-13,28,97.41
2025-12-13,29,98.17
2025-12-13,30,101.95
2025-12-13,31,107.46
2025-12-13,32,107.04
2025-12-13,33,112.6
2025-12-13,34,122.73
2025-12-13,35,116.84
2025-12-13,36,118.81
2025-12-13,37,113.93
2025-12-13,38,118.73
2025-12-13,39,110.48
2025-12-13,40,100.82
2025-12-13,41,89.78
2025-12-13,42,81.15
2025-12-13,43,76.78
2025-12-13,44,75.1
2025-12-13,45,73.05
2025-12-13,46,63.04
2025-12-13,47,67.94
2025-12-13,48,67.25
2025-12-14,1,62.76
2025-12-14,2,65.55
2025-12-14,3,59.02
2025-12-14,4,49.41
2025-12-14,5,61.32
2025-12-14,6,55.97
2025-12-14,7,56.51
2025-12-14,8,55.76
2025-12-14,9,55.76
2025-12-14,10,61.19
2025-12-14,11,60.75
2025-12-14,12,64.16
2025-12-14,13,63.92
2025-12-14,14,81.44
2025-12-14,15,82.41
2025-12-14,16,85.62
2025-12-14,17,91.15
2025-12-14,18,87.01
2025-12-14,19,90.85
2025-12-14,20,89.76
2025-12-14,21,86.48
2025-12-14,22,85.59
2025-12-14,23,86.39
2025-12-14,24,88.3
2025-12-14,25,83.72
2025-12-14,26,93.06
2025-12-14,27,96.92
2025-12-14,28,91.85
2025-12-14,29,94.49
2025-12-14,30,97.06
2025-12-14,31,102.69
2025-12-14,32,104.92
2025-12-14,33,113.6
2025-12-14,34,124.76
2025-12-14,35,119.69
2025-12-14,36,123.4
2025-12-14,37,123.86
2025-12-14,38,116.11
2025-12-14,39,108.77
2025-12-14,40,99.93
2025-12-14,41,90.64
2025-12-14,42,78.66
2025-12-14,43,78.26
2025-12-14,44,71.27
2025-12-14,45,73.81
2025-12-14,46,65.1
2025-12-14,47,69.31
2025-12-14,48,63.55
2025-12-15,1,75.13
2025-12-15,2,68.27
2025-12-15,3,64.27
2025-12-15,4,67.48
2025-12-15,5,70.04
2025-12-15,6,64.34
2025-12-15,7,67.63
2025-12-15,8,68.4
2025-12-15,9,65.12
2025-12-15,10,65.14
2025-12-15,11,72.46
2025-12-15,12,73.36
2025-12-15,13,77.9
2025-12-15,14,82.02
2025-12-15,15,88.99
2025-12-15,16,91.14
2025-12-15,17,94.75
2025-12-15,18,107.26
2025-12-15,19,98.62
2025-12-15,20,101.43
2025-12-15,21,96.64
2025-12-15,22,103.31
2025-12-15,23,99.95
2025-12-15,24,99.13
2025-12-15,25,93.8
2025-12-15,26,100.66
2025-12-15,27,108.17
2025-12-15,28,98.42
2025-12-15,29,106.41
2025-12-15,30,100.82
2025-12-15,31,109.52
2025-12-15,32,125.71
2025-12-15,33,126.23
2025-12-15,34,138.58
2025-12-15,35,145.52
2025-12-15,36,140.23
2025-12-15,37,137.51
2025-12-15,38,127.87
2025-12-15,39,122.23
2025-12-15,40,111.29
2025-12-15,41,97.25
2025-12-15,42,92.8
2025-12-15,43,93.97
2025-12-15,44,89.28
2025-12-15,45,80.7
2025-12-15,46,66.07
2025-12-15,47,77.84
2025-12-15,48,66.53
2025-12-16,1,73.55
2025-12-16,2,64.96
2025-12-16,3,66.14
2025-12-16,4,68.22
2025-12-16,5,65.27
2025-12-16,6,73.83
2025-12-16,7,66.08
2025-12-16,8,62.4
2025-12-16,9,58.81
2025-12-16,10,70.84
2025-12-16,11,66.73
2025-12-16,12,68.91
2025-12-16,13,72.99
2025-12-16,14,77.7
2025-12-16,15,86.97
2025-12-16,16,90.86
2025-12-16,17,97.35
2025-12-16,18,107.32
2025-12-16,19,99.11
2025-12-16,20,105.39
2025-12-16,21,96.6
2025-12-16,22,96.94
2025-12-16,23,89.22
2025-12-16,24,104.57
2025-12-16,25,97.84
2025-12-16,26,106.18
2025-12-16,27,95.11
2025-12-16,28,104.42
2025-12-16,29,110.42
2025-12-16,30,112.78
2025-12-16,31,115.22
2025-12-16,32,125.53
2025-12-16,33,134.43
2025-12-16,34,131.67
2025-12-16,35,143.24
2025-12-16,36,145.83
2025-12-16,37,141.69
2025-12-16,38,130.66
2025-12-16,39,120.03
2025-12-16,40,113.96
2025-12-16,41,101.68
2025-12-16,42,99.75
2025-12-16,43,98.04
2025-12-16,44,79.35
2025-12-16,45,81.65
2025-12-16,46,76.76
2025-12-16,47,66.32
2025-12-16,48,73.48
2025-12-17,1,70.49
2025-12-17,2,62.5
2025-12-17,3,66.8
2025-12-17,4,62.85
2025-12-17,5,64.94
2025-12-17,6,61.28
2025-12-17,7,67.92
2025-12-17,8,63.67
2025-12-17,9,63.22
2025-12-17,10,64.94
2025-12-17,11,67.52
2025-12-17,12,74.67
2025-12-17,13,77.05
2025-12-17,14,81.21
2025-12-17,15,90.96
2025-12-17,16,101.45
2025-12-17,17,94.04
2025-12-17,18,99.57
2025-12-17,19,95.8
2025-12-17,20,100.62
2025-12-17,21,103.24
2025-12-17,22,92.48
2025-12-17,23,99.97
2025-12-17,24,93.19
2025-12-17,25,99.13
2025-12-17,26,102.88
2025-12-17,27,107.61
2025-12-17,28,103.06
2025-12-17,29,105.23
2025-12-17,30,110.86
2025-12-17,31,119.5
2025-12-17,32,119.06
2025-12-17,33,141.31
2025-12-17,34,134.9
2025-12-17,35,137.98
2025-12-17,36,136.46
2025-12-17,37,140.05
2025-12-17,38,128.63
2025-12-17,39,123.7
2025-12-17,40,112.98
2025-12-17,41,110.11
2025-12-17,42,90.18
2025-12-17,43,88.67
2025-12-17,44,83.18
2025-12-17,45,72.16
2025-12-17,46,79.02
2025-12-17,47,73.26
2025-12-17,48,74.93
2025-12-18,1,64.84
2025-12-18,2,67.56
2025-12-18,3,63.67
2025-12-18,4,62.35
2025-12-18,5,60.07
2025-12-18,6,62.64
2025-12-18,7,60.73
2025-12-18,8,64.02
2025-12-18,9,62.1
2025-12-18,10,63.52
2025-12-18,11,67.97
2025-12-18,12,65.74
2025-12-18,13,73.46
2025-12-18,14,87.44
2025-12-18,15,90.93
2025-12-18,16,93.32
2025-12-18,17,90.88
2025-12-18,18,94.63
2025-12-18,19,98.18
2025-12-18,20,100.31
2025-12-18,21,95.73
2025-12-18,22,100.43
2025-12-18,23,98.18
2025-12-18,24,103.52
2025-12-18,25,103.34
2025-12-18,26,106.97
2025-12-18,27,105.41
2025-12-18,28,105.46
2025-12-18,29,113.73
2025-12-18,30,114.68
2025-12-18,31,119.79
2025-12-18,32,127.1
2025-12-18,33,136.58
2025-12-18,34,139.67
2025-12-18,35,146.0
2025-12-18,36,132.8
2025-12-18,37,140.33
2025-12-18,38,136.73
2025-12-18,39,125.93
2025-12-18,40,107.87
2025-12-18,41,100.1
2025-12-18,42,102.07
2025-12-18,43,98.72
2025-12-18,44,86.32
2025-12-18,45,94.71
2025-12-18,46,76.58
2025-12-18,47,79.65
2025-12-18,48,68.61
2025-12-19,1,72.99
2025-12-19,2,73.23
2025-12-19,3,64.28
2025-12-19,4,69.87
2025-12-19,5,61.26
2025-12-19,6,57.54
2025-12-19,7,70.33
2025-12-19,8,64.13
2025-12-19,9,65.67
2025-12-19,10,64.01
2025-12-19,11,65.06
2025-12-19,12,72.36
2025-12-19,13,85.58
2025-12-19,14,81.02
2025-12-19,15,92.58
2025-12-19,16,101.82
2025-12-19,17,96.49
2025-12-19,18,99.28
2025-12-19,19,98.14
2025-12-19,20,96.65
2025-12-19,21,96.23
2025-12-19,22,88.77
2025-12-19,23,97.14
2025-12-19,24,97.19
2025-12-19,25,102.1
2025-12-19,26,113.43
2025-12-19,27,107.35
2025-12-19,28,108.84
2025-12-19,29,108.8
2025-12-19,30,116.68
2025-12-19,31,119.29
2025-12-19,32,122.06
2025-12-19,33,133.92
2025-12-19,34,378.68
2025-12-19,35,384.88
2025-12-19,36,385.85
2025-12-19,37,381.71
2025-12-19,38,382.02
2025-12-19,39,370.12
2025-12-19,40,107.33
2025-12-19,41,99.1
2025-12-19,42,96.24
2025-12-19,43,94.98
2025-12-19,44,83.13
2025-12-19,45,75.36
2025-12-19,46,78.49
2025-12-19,47,73.46
2025-12-19,48,80.36
2025-12-20,1,59.47
2025-12-20,2,59.08
2025-12-20,3,66.01
2025-12-20,4,61.39
2025-12-20,5,51.75
2025-12-20,6,56.73
2025-12-20,7,59.06
2025-12-20,8,56.11
2025-12-20,9,56.7
2025-12-20,10,53.31
2025-12-20,11,63.32
2025-12-20,12,72.24
2025-12-20,13,69.59
2025-12-20,14,76.68
2025-12-20,15,74.38
2025-12-20,16,78.09
2025-12-20,17,82.42
2025-12-20,18,88.44
2025-12-20,19,88.06
2025-12-20,20,80.71
2025-12-20,21,85.33
2025-12-20,22,86.87
2025-12-20,23,88.62
2025-12-20,24,88.61
2025-12-20,25,93.27
2025-12-20,26,85.85
2025-12-20,27,100.36
2025-12-20,28,86.89
2025-12-20,29,101.73
2025-12-20,30,106.09
2025-12-20,31,101.18
2025-12-20,32,118.22
2025-12-20,33,115.91
2025-12-20,34,121.13
2025-12-20,35,128.78
2025-12-20,36,125.93
2025-12-20,37,120.21
2025-12-20,38,114.36
2025-12-20,39,108.27
2025-12-20,40,96.36
2025-12-20,41,92.88
2025-12-20,42,81.99
2025-12-20,43,76.87
2025-12-20,44,72.78
2025-12-20,45,63.21
2025-12-20,46,67.2
2025-12-20,47,67.55
2025-12-20,48,70.4
2025-12-21,1,59.31
2025-12-21,2,63.49
2025-12-21,3,59.0
2025-12-21,4,58.63
2025-12-21,5,56.8
2025-12-21,6,56.37
2025-12-21,7,56.59
2025-12-21,8,61.77
2025-12-21,9,60.81
2025-12-21,10,63.34
2025-12-21,11,52.66
2025-12-21,12,65.67
2025-12-21,13,63.86
2025-12-21,14,73.67
2025-12-21,15,82.71
2025-12-21,16,78.14
2025-12-21,17,86.62
2025-12-21,18,85.15
2025-12-21,19,91.71
2025-12-21,20,88.17
2025-12-21,21,85.58
2025-12-21,22,85.82
2025-12-21,23,88.52
2025-12-21,24,95.37
2025-12-21,25,90.92
2025-12-21,26,93.45
2025-12-21,27,97.02
2025-12-21,28,94.4
2025-12-21,29,93.59
2025-12-21,30,101.27
2025-12-21,31,108.88
2025-12-21,32,110.4
2025-12-21,33,112.48
2025-12-21,34,124.69
2025-12-21,35,132.44
2025-12-21,36,125.81
2025-12-21,37,119.04
2025-12-21,38,120.08
2025-12-21,39,111.3
2025-12-21,40,101.21
2025-12-21,41,91.8
2025-12-21,42,84.83
2025-12-21,43,84.98
2025-12-21,44,77.51
2025-12-21,45,71.01
2025-12-21,46,70.08
2025-12-21,47,65.33
2025-12-21,48,63.0
2025-12-22,1,69.13
2025-12-22,2,68.21
2025-12-22,3,63.66
2025-12-22,4,66.66
2025-12-22,5,61.64
2025-12-22,6,64.98
2025-12-22,7,65.55
2025-12-22,8,64.86
2025-12-22,9,63.08
2025-12-22,10,72.27
2025-12-22,11,62.24
2025-12-22,12,74.65
2025-12-22,13,84.31
2025-12-22,14,87.4
2025-12-22,15,84.31
2025-12-22,16,90.98
2025-12-22,17,97.09
2025-12-22,18,94.82
2025-12-22,19,96.99
2025-12-22,20,93.44
2025-12-22,21,101.52
2025-12-22,22,103.09
2025-12-22,23,96.68
2025-12-22,24,99.26
2025-12-22,25,98.39
2025-12-22,26,106.31
2025-12-22,27,103.12
2025-12-22,28,104.41
2025-12-22,29,113.88
2025-12-22,30,119.5
2025-12-22,31,120.21
2025-12-22,32,119.25
2025-12-22,33,137.19
2025-12-22,34,132.38
2025-12-22,35,137.6
2025-12-22,36,141.33
2025-12-22,37,140.22
2025-12-22,38,130.06
2025-12-22,39,127.62
2025-12-22,40,113.49
2025-12-22,41,103.52
2025-12-22,42,90.33
2025-12-22,43,94.95
2025-12-22,44,84.26
2025-12-22,45,76.98
2025-12-22,46,75.27
2025-12-22,47,80.58
2025-12-22,48,73.59
2025-12-23,1,71.46
2025-12-23,2,71.36
2025-12-23,3,68.62
2025-12-23,4,66.97
2025-12-23,5,63.18
2025-12-23,6,68.02
2025-12-23,7,55.98
2025-12-23,8,65.47
2025-12-23,9,60.7
2025-12-23,10,65.85
2025-12-23,11,71.55
2025-12-23,12,71.44
2025-12-23,13,76.68
2025-12-23,14,86.4
2025-12-23,15,83.79
2025-12-23,16,96.97
2025-12-23,17,96.82
2025-12-23,18,104.99
2025-12-23,19,96.74
2025-12-23,20,101.65
2025-12-23,21,100.75
2025-12-23,22,91.63
2025-12-23,23,100.77
2025-12-23,24,103.33
2025-12-23,25,100.34
2025-12-23,26,109.55
2025-12-23,27,101.08
2025-12-23,28,103.61
2025-12-23,29,108.72
2025-12-23,30,111.55
2025-12-23,31,121.2
2025-12-23,32,129.12
2025-12-23,33,128.04
2025-12-23,34,136.89
2025-12-23,35,141.47
2025-12-23,36,144.77
2025-12-23,37,134.42
2025-12-23,38,126.75
2025-12-23,39,122.5
2025-12-23,40,113.64
2025-12-23,41,106.84
2025-12-23,42,105.65
2025-12-23,43,87.2
2025-12-23,44,81.86
2025-12-23,45,82.98
2025-12-23,46,78.61
2025-12-23,47,79.29
2025-12-23,48,71.12
2025-12-24,1,70.51
2025-12-24,2,73.37
2025-12-24,3,66.18
2025-12-24,4,71.17
2025-12-24,5,61.43
2025-12-24,6,73.51
2025-12-24,7,58.64
2025-12-24,8,66.74
2025-12-24,9,63.72
2025-12-24,10,57.63
2025-12-24,11,71.12
2025-12-24,12,75.36
2025-12-24,13,81.78
2025-12-24,14,81.28
2025-12-24,15,89.49
2025-12-24,16,97.27
2025-12-24,17,97.03
2025-12-24,18,97.54
2025-12-24,19,100.8
2025-12-24,20,105.94
2025-12-24,21,96.95
2025-12-24,22,98.22
2025-12-24,23,95.69
2025-12-24,24,101.46
2025-12-24,25,106.69
2025-12-24,26,98.01
2025-12-24,27,105.22
2025-12-24,28,112.56
2025-12-24,29,109.35
2025-12-24,30,112.51
2025-12-24,31,117.76
2025-12-24,32,128.9
2025-12-24,33,133.66
2025-12-24,34,272.68
2025-12-24,35,270.32
2025-12-24,36,272.68
2025-12-24,37,268.18
2025-12-24,38,262.93
2025-12-24,39,245.49
2025-12-24,40,112.98
2025-12-24,41,105.46
2025-12-24,42,83.1
2025-12-24,43,87.69
2025-12-24,44,85.04
2025-12-24,45,83.27
2025-12-24,46,83.42
2025-12-24,47,84.34
2025-12-24,48,73.51
2025-12-25,1,68.45
2025-12-25,2,66.61
2025-12-25,3,71.68
2025-12-25,4,71.45
2025-12-25,5,62.33
2025-12-25,6,69.32
2025-12-25,7,65.2
2025-12-25,8,63.69
2025-12-25,9,63.38
2025-12-25,10,66.03
2025-12-25,11,68.89
2025-12-25,12,67.5
2025-12-25,13,76.93
2025-12-25,14,83.5
2025-12-25,15,84.09
2025-12-25,16,92.34
2025-12-25,17,96.21
2025-12-25,18,94.46
2025-12-25,19,105.04
2025-12-25,20,99.81
2025-12-25,21,92.54
2025-12-25,22,101.67
2025-12-25,23,97.01
2025-12-25,24,95.74
2025-12-25,25,102.3
2025-12-25,26,111.45
2025-12-25,27,106.33
2025-12-25,28,106.17
2025-12-25,29,114.22
2025-12-25,30,112.06
2025-12-25,31,126.39
2025-12-25,32,126.13
2025-12-25,33,135.93
2025-12-25,34,132.55
2025-12-25,35,143.33
2025-12-25,36,139.08
2025-12-25,37,138.47
2025-12-25,38,133.21
2025-12-25,39,121.1
2025-12-25,40,111.02
2025-12-25,41,109.35
2025-12-25,42,87.01
2025-12-25,43,93.02
2025-12-25,44,84.28
2025-12-25,45,78.7
2025-12-25,46,75.97
2025-12-25,47,76.39
2025-12-25,48,74.89
2025-12-26,1,70.83
2025-12-26,2,70.51
2025-12-26,3,68.69
2025-12-26,4,63.65
2025-12-26,5,66.45
2025-12-26,6,54.58
2025-12-26,7,72.03
2025-12-26,8,73.31
2025-12-26,9,66.3
2025-12-26,10,64.6
2025-12-26,11,71.54
2025-12-26,12,67.89
2025-12-26,13,83.34
2025-12-26,14,85.55
2025-12-26,15,86.41
2025-12-26,16,89.59
2025-12-26,17,88.44
2025-12-26,18,101.75
2025-12-26,19,94.04
2025-12-26,20,98.27
2025-12-26,21,99.19
2025-12-26,22,97.18
2025-12-26,23,94.45
2025-12-26,24,101.36
2025-12-26,25,102.89
2025-12-26,26,104.07
2025-12-26,27,113.42
2025-12-26,28,116.36
2025-12-26,29,110.87
2025-12-26,30,118.73
2025-12-26,31,118.51
2025-12-26,32,120.66
2025-12-26,33,134.97
2025-12-26,34,133.95
2025-12-26,35,147.75
2025-12-26,36,143.43
2025-12-26,37,138.6
2025-12-26,38,128.53
2025-12-26,39,123.02
2025-12-26,40,111.52
2025-12-26,41,97.5
2025-12-26,42,95.27
2025-12-26,43,90.03
2025-12-26,44,87.19
2025-12-26,45,79.37
2025-12-26,46,77.82
2025-12-26,47,73.63
2025-12-26,48,71.08
2025-12-27,1,65.21
2025-12-27,2,51.99
2025-12-27,3,50.18
2025-12-27,4,58.9
2025-12-27,5,51.05
2025-12-27,6,63.56
2025-12-27,7,60.83
2025-12-27,8,63.51
2025-12-27,9,56.23
2025-12-27,10,60.36
2025-12-27,11,60.97
2025-12-27,12,63.18
2025-12-27,13,64.56
2025-12-27,14,72.32
2025-12-27,15,75.42
2025-12-27,16,85.06
2025-12-27,17,84.08
2025-12-27,18,93.16
2025-12-27,19,85.06
2025-12-27,20,86.94
2025-12-27,21,89.01
2025-12-27,22,87.23
2025-12-27,23,85.71
2025-12-27,24,92.26
2025-12-27,25,89.23
2025-12-27,26,96.54
2025-12-27,27,93.52
2025-12-27,28,98.27
2025-12-27,29,100.04
2025-12-27,30,94.97
2025-12-27,31,113.45
2025-12-27,32,105.35
2025-12-27,33,121.78
2025-12-27,34,121.33
2025-12-27,35,126.19
2025-12-27,36,124.04
2025-12-27,37,127.09
2025-12-27,38,113.74
2025-12-27,39,103.93
2025-12-27,40,105.03
2025-12-27,41,97.04
2025-12-27,42,84.33
2025-12-27,43,74.61
2025-12-27,44,73.31
2025-12-27,45,70.1
2025-12-27,46,72.88
2025-12-27,47,72.91
2025-12-27,48,66.59
2025-12-28,1,62.88
2025-12-28,2,54.89
2025-12-28,3,56.36
2025-12-28,4,56.78
2025-12-28,5,59.33
2025-12-28,6,54.87
2025-12-28,7,58.55
2025-12-28,8,53.74
2025-12-28,9,63.69
2025-12-28,10,59.67
2025-12-28,11,62.89
2025-12-28,12,66.47
2025-12-28,13,58.62
2025-12-28,14,75.02
2025-12-28,15,78.24
2025-12-28,16,81.89
2025-12-28,17,87.86
2025-12-28,18,86.22
2025-12-28,19,93.66
2025-12-28,20,95.24
2025-12-28,21,88.23
2025-12-28,22,90.64
2025-12-28,23,86.69
2025-12-28,24,84.72
2025-12-28,25,92.22
2025-12-28,26,87.86
2025-12-28,27,91.18
2025-12-28,28,95.83
2025-12-28,29,97.9
2025-12-28,30,101.5
2025-12-28,31,110.52
2025-12-28,32,115.6
2025-12-28,33,121.54
2025-12-28,34,123.79
2025-12-28,35,121.35
2025-12-28,36,125.39
2025-12-28,37,120.75
2025-12-28,38,117.37
2025-12-28,39,113.01
2025-12-28,40,101.1
2025-12-28,41,91.04
2025-12-28,42,87.66
2025-12-28,43,79.15
2025-12-28,44,74.54
2025-12-28,45,74.66
2025-12-28,46,70.84
2025-12-28,47,63.91
2025-12-28,48,58.66
2025-12-29,1,68.94
2025-12-29,2,71.38
2025-12-29,3,64.58
2025-12-29,4,66.13
2025-12-29,5,65.68
2025-12-29,6,65.47
2025-12-29,7,65.11
2025-12-29,8,66.09
2025-12-29,9,69.46
2025-12-29,10,68.38
2025-12-29,11,75.91
2025-12-29,12,72.44
2025-12-29,13,78.19
2025-12-29,14,92.77
2025-12-29,15,86.63
2025-12-29,16,92.37
2025-12-29,17,97.02
2025-12-29,18,106.84
2025-12-29,19,102.8
2025-12-29,20,103.64
2025-12-29,21,98.64
2025-12-29,22,96.28
2025-12-29,23,96.43
2025-12-29,24,100.32
2025-12-29,25,107.29
2025-12-29,26,104.37
2025-12-29,27,108.51
2025-12-29,28,101.22
2025-12-29,29,110.48
2025-12-29,30,113.16
2025-12-29,31,121.75
2025-12-29,32,133.81
2025-12-29,33,137.9
2025-12-29,34,138.13
2025-12-29,35,138.61
2025-12-29,36,145.82
2025-12-29,37,140.91
2025-12-29,38,133.81
2025-12-29,39,121.34
2025-12-29,40,116.37
2025-12-29,41,103.31
2025-12-29,42,91.43
2025-12-29,43,95.71
2025-12-29,44,86.79
2025-12-29,45,86.58
2025-12-29,46,81.79
2025-12-29,47,78.84
2025-12-29,48,82.35
2025-12-30,1,68.58
2025-12-30,2,71.57
2025-12-30,3,72.67
2025-12-30,4,65.13
2025-12-30,5,63.24
2025-12-30,6,62.43
2025-12-30,7,71.7
2025-12-30,8,60.5
2025-12-30,9,66.45
2025-12-30,10,62.9
2025-12-30,11,62.26
2025-12-30,12,71.8
2025-12-30,13,78.53
2025-12-30,14,80.15
2025-12-30,15,85.62
2025-12-30,16,89.88
2025-12-30,17,97.36
2025-12-30,18,99.62
2025-12-30,19,106.53
2025-12-30,20,103.82
2025-12-30,21,99.54
2025-12-30,22,94.56
2025-12-30,23,95.57
2025-12-30,24,103.63
2025-12-30,25,112.31
2025-12-30,26,104.14
2025-12-30,27,100.07
2025-12-30,28,111.95
2025-12-30,29,116.71
2025-12-30,30,117.15
2025-12-30,31,120.64
2025-12-30,32,124.09
2025-12-30,33,130.34
2025-12-30,34,141.9
2025-12-30,35,140.37
2025-12-30,36,145.6
2025-12-30,37,137.2
2025-12-30,38,136.84
2025-12-30,39,121.96
2025-12-30,40,113.12
2025-12-30,41,106.14
2025-12-30,42,101.36
2025-12-30,43,93.54
2025-12-30,44,86.05
2025-12-30,45,82.03
2025-12-30,46,74.15
2025-12-30,47,74.77
2025-12-30,48,79.05
2025-12-31,1,72.46
2025-12-31,2,66.92
2025-12-31,3,68.65
2025-12-31,4,69.69
2025-12-31,5,60.37
2025-12-31,6,55.41
2025-12-31,7,58.26
2025-12-31,8,61.95
2025-12-31,9,64.36
2025-12-31,10,65.49
2025-12-31,11,69.58
2025-12-31,12,69.47
2025-12-31,13,78.91
2025-12-31,14,82.39
2025-12-31,15,87.34
2025-12-31,16,94.71
2025-12-31,17,95.99
2025-12-31,18,106.11
2025-12-31,19,98.81
2025-12-31,20,99.86
2025-12-31,21,106.0
2025-12-31,22,96.92
2025-12-31,23,104.25
2025-12-31,24,99.67
2025-12-31,25,111.74
2025-12-31,26,103.18
2025-12-31,27,102.47
2025-12-31,28,113.82
2025-12-31,29,121.07
2025-12-31,30,118.18
2025-12-31,31,119.7
2025-12-31,32,121.77
2025-12-31,33,135.2
2025-12-31,34,147.19
2025-12-31,35,146.86
2025-12-31,36,143.09
2025-12-31,37,138.89
2025-12-31,38,134.45
2025-12-31,39,119.74
2025-12-31,40,114.8
2025-12-31,41,108.76
2025-12-31,42,98.58
2025-12-31,43,91.14
2025-12-31,44,81.45
2025-12-31,45,83.73
2025-12-31,46,74.97
2025-12-31,47,79.0
2025-12-31,48,76.51
2026-01-01,1,70.39
2026-01-01,2,69.81
2026-01-01,3,65.76
2026-01-01,4,70.83
2026-01-01,5,66.71
2026-01-01,6,58.8
2026-01-01,7,65.67
2026-01-01,8,64.35
2026-01-01,9,67.84
2026-01-01,10,67.22
2026-01-01,11,70.85
2026-01-01,12,75.82
2026-01-01,13,83.26
2026-01-01,14,84.11
2026-01-01,15,90.64
2026-01-01,16,101.8
2026-01-01,17,100.97
2026-01-01,18,85.28
2026-01-01,19,96.53
2026-01-01,20,100.26
2026-01-01,21,102.73
2026-01-01,22,105.21
2026-01-01,23,93.82
2026-01-01,24,98.76
2026-01-01,25,104.59
2026-01-01,26,103.81
2026-01-01,27,107.26
2026-01-01,28,108.42
2026-01-01,29,113.79
2026-01-01,30,122.66
2026-01-01,31,119.99
2026-01-01,32,125.86
2026-01-01,33,135.49
2026-01-01,34,140.75
2026-01-01,35,154.02
2026-01-01,36,143.28
2026-01-01,37,143.12
2026-01-01,38,130.9
2026-01-01,39,122.36
2026-01-01,40,109.85
2026-01-01,41,105.62
2026-01-01,42,91.59
2026-01-01,43,90.78
2026-01-01,44,90.42
2026-01-01,45,84.54
2026-01-01,46,78.22
2026-01-01,47,83.75
2026-01-01,48,70.39
