date,efa_block,product,avail_gbp_mw_h,util_gbp_mwh
2025-01-01,1,PQR,7.207,103.9
2025-01-01,1,NQR,0.804,50.9
2025-01-01,1,SR,14.872,82.1
2025-01-01,2,PQR,2.703,107.9
2025-01-01,2,NQR,1.139,31.2
2025-01-01,2,SR,2.703,81.3
2025-01-01,3,PQR,2.872,157.5
2025-01-01,3,NQR,1.092,29.2
2025-01-01,3,SR,3.729,96.2
2025-01-01,4,PQR,3.95,92.3
2025-01-01,4,NQR,2.766,53.3
2025-01-01,4,SR,2.497,138.8
2025-01-01,5,PQR,9.726,122.9
2025-01-01,5,NQR,2.318,45.9
2025-01-01,5,SR,7.565,87.8
2025-01-01,6,PQR,3.314,141.6
2025-01-01,6,NQR,1.619,54.6
2025-01-01,6,SR,6.403,114.0
2025-01-02,1,PQR,1.707,155.4
2025-01-02,1,NQR,0.748,42.0
2025-01-02,1,SR,2.694,85.1
2025-01-02,2,PQR,2.01,161.9
2025-01-02,2,NQR,1.603,36.6
2025-01-02,2,SR,1.477,77.6
2025-01-02,3,PQR,2.467,159.9
2025-01-02,3,NQR,0.47,55.0
2025-01-02,3,SR,3.383,143.7
2025-01-02,4,PQR,1.687,108.2
2025-01-02,4,NQR,4.329,49.0
2025-01-02,4,SR,3.522,86.5
2025-01-02,5,PQR,6.035,150.7
2025-01-02,5,NQR,4.94,43.6
2025-01-02,5,SR,4.75,148.2
2025-01-02,6,PQR,1.678,149.0
2025-01-02,6,NQR,1.28,48.7
2025-01-02,6,SR,6.842,80.8
2025-01-03,1,PQR,1.272,127.8
2025-01-03,1,NQR,1.041,35.3
2025-01-03,1,SR,4.007,114.1
2025-01-03,2,PQR,2.068,157.6
2025-01-03,2,NQR,1.365,55.6
2025-01-03,2,SR,1.75,150.4
2025-01-03,3,PQR,1.847,129.6
2025-01-03,3,NQR,1.279,35.1
2025-01-03,3,SR,3.355,142.6
2025-01-03,4,PQR,2.891,101.4
2025-01-03,4,NQR,1.277,31.4
2025-01-03,4,SR,3.892,84.7
2025-01-03,5,PQR,7.647,155.5
2025-01-03,5,NQR,5.36,42.9
2025-01-03,5,SR,12.921,95.8
2025-01-03,6,PQR,3.144,129.1
2025-01-03,6,NQR,1.707,31.7
2025-01-03,6,SR,4.806,150.3
2025-01-04,1,PQR,3.069,110.4
2025-01-04,1,NQR,2.139,46.9
2025-01-04,1,SR,4.786,77.1
2025-01-04,2,PQR,3.607,162.6
2025-01-04,2,NQR,1.776,34.0
2025-01-04,2,SR,8.133,92.1
2025-01-04,3,PQR,2.663,156.3
2025-01-04,3,NQR,1.12,38.1
2025-01-04,3,SR,2.527,104.5
2025-01-04,4,PQR,1.563,93.7
2025-01-04,4,NQR,0.566,31.4
2025-01-04,4,SR,8.455,135.1
2025-01-04,5,PQR,3.501,132.5
2025-01-04,5,NQR,3.472,32.8
2025-01-04,5,SR,3.73,115.4
2025-01-04,6,PQR,7.442,156.8
2025-01-04,6,NQR,1.163,38.0
2025-01-04,6,SR,3.677,110.2
2025-01-05,1,PQR,1.826,143.2
2025-01-05,1,NQR,1.17,41.5
2025-01-05,1,SR,4.101,134.6
2025-01-05,2,PQR,1.962,116.9
2025-01-05,2,NQR,0.426,49.0
2025-01-05,2,SR,8.29,98.0
2025-01-05,3,PQR,1.961,125.8
2025-01-05,3,NQR,1.341,52.3
2025-01-05,3,SR,2.083,124.2
2025-01-05,4,PQR,1.072,125.5
2025-01-05,4,NQR,2.303,43.9
2025-01-05,4,SR,7.126,141.4
2025-01-05,5,PQR,4.102,110.4
2025-01-05,5,NQR,2.946,35.5
2025-01-05,5,SR,12.94,149.3
2025-01-05,6,PQR,2.562,117.8
2025-01-05,6,NQR,0.965,47.1
2025-01-05,6,SR,3.333,90.5
2025-01-06,1,PQR,2.142,118.6
2025-01-06,1,NQR,1.463,34.5
2025-01-06,1,SR,4.432,115.5
2025-01-06,2,PQR,2.376,132.9
2025-01-06,2,NQR,1.704,55.7
2025-01-06,2,SR,3.892,126.2
2025-01-06,3,PQR,4.314,166.8
2025-01-06,3,NQR,1.014,53.4
2025-01-06,3,SR,5.708,97.7
2025-01-06,4,PQR,6.528,112.0
2025-01-06,4,NQR,1.302,31.6
2025-01-06,4,SR,6.773,142.5
2025-01-06,5,PQR,3.393,139.1
2025-01-06,5,NQR,2.255,29.8
2025-01-06,5,SR,8.302,121.8
2025-01-06,6,PQR,6.949,151.4
2025-01-06,6,NQR,2.22,28.3
2025-01-06,6,SR,4.325,146.6
2025-01-07,1,PQR,2.779,119.8
2025-01-07,1,NQR,1.844,42.1
2025-01-07,1,SR,2.331,96.8
2025-01-07,2,PQR,2.293,165.5
2025-01-07,2,NQR,1.012,55.1
2025-01-07,2,SR,2.05,87.9
2025-01-07,3,PQR,10.85,131.4
2025-01-07,3,NQR,1.097,29.6
2025-01-07,3,SR,2.453,139.8
2025-01-07,4,PQR,3.489,99.6
2025-01-07,4,NQR,2.063,44.5
2025-01-07,4,SR,6.127,111.1
2025-01-07,5,PQR,19.093,162.1
2025-01-07,5,NQR,1.811,36.8
2025-01-07,5,SR,4.28,111.8
2025-01-07,6,PQR,4.638,138.9
2025-01-07,6,NQR,5.549,46.4
2025-01-07,6,SR,1.893,150.1
2025-01-08,1,PQR,1.5,116.2
2025-01-08,1,NQR,1.238,50.5
2025-01-08,1,SR,2.138,108.0
2025-01-08,2,PQR,3.29,125.9
2025-01-08,2,NQR,1.014,47.1
2025-01-08,2,SR,4.492,140.8
2025-01-08,3,PQR,4.621,119.3
2025-01-08,3,NQR,0.626,30.7
2025-01-08,3,SR,2.095,141.4
2025-01-08,4,PQR,4.345,136.6
2025-01-08,4,NQR,1.388,32.2
2025-01-08,4,SR,5.147,146.5
2025-01-08,5,PQR,11.608,133.2
2025-01-08,5,NQR,2.922,38.6
2025-01-08,5,SR,6.232,116.2
2025-01-08,6,PQR,5.034,108.7
2025-01-08,6,NQR,3.316,42.0
2025-01-08,6,SR,4.521,150.2
2025-01-09,1,PQR,4.213,97.9
2025-01-09,1,NQR,1.287,52.5
2025-01-09,1,SR,2.066,80.1
2025-01-09,2,PQR,2.579,141.0
2025-01-09,2,NQR,1.892,54.8
2025-01-09,2,SR,1.363,133.9
2025-01-09,3,PQR,4.129,153.4
2025-01-09,3,NQR,2.099,46.0
2025-01-09,3,SR,3.624,97.8
2025-01-09,4,PQR,2.243,133.4
2025-01-09,4,NQR,2.979,29.8
2025-01-09,4,SR,4.582,106.0
2025-01-09,5,PQR,3.617,120.3
2025-01-09,5,NQR,3.676,39.6
2025-01-09,5,SR,5.763,101.5
2025-01-09,6,PQR,3.626,136.2
2025-01-09,6,NQR,0.738,28.6
2025-01-09,6,SR,2.416,93.7
2025-01-10,1,PQR,1.971,92.3
2025-01-10,1,NQR,1.195,48.2
2025-01-10,1,SR,3.864,141.9
2025-01-10,2,PQR,1.432,153.5
2025-01-10,2,NQR,1.358,48.6
2025-01-10,2,SR,4.499,143.1
2025-01-10,3,PQR,1.614,89.9
2025-01-10,3,NQR,1.212,53.6
2025-01-10,3,SR,5.694,152.6
2025-01-10,4,PQR,2.11,90.4
2025-01-10,4,NQR,0.992,55.6
2025-01-10,4,SR,3.148,131.7
2025-01-10,5,PQR,4.79,162.7
2025-01-10,5,NQR,2.802,41.8
2025-01-10,5,SR,4.367,81.4
2025-01-10,6,PQR,3.182,130.5
2025-01-10,6,NQR,1.03,46.1
2025-01-10,6,SR,5.276,119.7
2025-01-11,1,PQR,1.844,167.2
2025-01-11,1,NQR,1.217,54.3
2025-01-11,1,SR,3.044,78.6
2025-01-11,2,PQR,1.702,136.1
2025-01-11,2,NQR,0.948,36.7
2025-01-11,2,SR,1.291,110.8
2025-01-11,3,PQR,2.196,162.3
2025-01-11,3,NQR,2.378,40.4
2025-01-11,3,SR,6.659,141.6
2025-01-11,4,PQR,1.136,94.8
2025-01-11,4,NQR,1.462,48.1
2025-01-11,4,SR,4.519,107.2
2025-01-11,5,PQR,2.873,125.7
2025-01-11,5,NQR,3.165,47.1
2025-01-11,5,SR,8.529,150.8
2025-01-11,6,PQR,4.47,129.6
2025-01-11,6,NQR,2.023,42.6
2025-01-11,6,SR,12.594,85.4
2025-01-12,1,PQR,2.857,152.7
2025-01-12,1,NQR,1.733,41.8
2025-01-12,1,SR,6.873,83.0
2025-01-12,2,PQR,2.013,161.9
2025-01-12,2,NQR,0.663,31.6
2025-01-12,2,SR,1.961,130.8
2025-01-12,3,PQR,2.447,149.4
2025-01-12,3,NQR,2.199,35.7
2025-01-12,3,SR,4.098,92.9
2025-01-12,4,PQR,4.425,151.0
2025-01-12,4,NQR,2.759,31.9
2025-01-12,4,SR,8.751,81.7
2025-01-12,5,PQR,3.885,136.7
2025-01-12,5,NQR,2.1,28.9
2025-01-12,5,SR,14.201,119.0
2025-01-12,6,PQR,2.861,123.5
2025-01-12,6,NQR,3.018,40.3
2025-01-12,6,SR,9.213,80.1
2025-01-13,1,PQR,1.806,99.7
2025-01-13,1,NQR,1.589,37.0
2025-01-13,1,SR,4.012,124.9
2025-01-13,2,PQR,2.621,92.0
2025-01-13,2,NQR,1.727,48.4
2025-01-13,2,SR,3.335,116.9
2025-01-13,3,PQR,1.427,156.7
2025-01-13,3,NQR,1.01,41.5
2025-01-13,3,SR,2.853,138.5
2025-01-13,4,PQR,2.175,160.3
2025-01-13,4,NQR,5.254,45.6
2025-01-13,4,SR,3.093,116.3
2025-01-13,5,PQR,4.315,128.4
2025-01-13,5,NQR,2.402,38.7
2025-01-13,5,SR,10.237,96.7
2025-01-13,6,PQR,4.614,84.5
2025-01-13,6,NQR,2.176,30.0
2025-01-13,6,SR,3.473,93.0
2025-01-14,1,PQR,2.827,84.2
2025-01-14,1,NQR,1.364,36.5
2025-01-14,1,SR,2.669,124.2
2025-01-14,2,PQR,1.753,109.9
2025-01-14,2,NQR,1.551,51.3
2025-01-14,2,SR,1.263,121.3
2025-01-14,3,PQR,2.222,157.7
2025-01-14,3,NQR,1.39,31.1
2025-01-14,3,SR,6.899,106.4
2025-01-14,4,PQR,4.051,128.4
2025-01-14,4,NQR,0.986,32.2
2025-01-14,4,SR,2.104,80.5
2025-01-14,5,PQR,5.553,97.9
2025-01-14,5,NQR,1.948,55.8
2025-01-14,5,SR,10.652,146.7
2025-01-14,6,PQR,8.335,153.6
2025-01-14,6,NQR,0.64,40.9
2025-01-14,6,SR,4.504,137.9
2025-01-15,1,PQR,2.586,101.6
2025-01-15,1,NQR,3.512,49.8
2025-01-15,1,SR,2.672,82.5
2025-01-15,2,PQR,2.558,114.6
2025-01-15,2,NQR,0.254,53.9
2025-01-15,2,SR,2.419,109.0
2025-01-15,3,PQR,2.731,120.8
2025-01-15,3,NQR,1.715,46.4
2025-01-15,3,SR,2.455,93.5
2025-01-15,4,PQR,2.291,120.2
2025-01-15,4,NQR,0.777,35.7
2025-01-15,4,SR,5.809,100.8
2025-01-15,5,PQR,1.303,141.5
2025-01-15,5,NQR,3.47,28.5
2025-01-15,5,SR,7.532,150.6
2025-01-15,6,PQR,2.517,101.5
2025-01-15,6,NQR,1.391,41.0
2025-01-15,6,SR,2.534,133.2
2025-01-16,1,PQR,2.842,134.6
2025-01-16,1,NQR,1.986,32.7
2025-01-16,1,SR,4.212,100.3
2025-01-16,2,PQR,2.16,108.7
2025-01-16,2,NQR,2.155,40.7
2025-01-16,2,SR,2.946,152.8
2025-01-16,3,PQR,2.019,119.0
2025-01-16,3,NQR,1.789,54.1
2025-01-16,3,SR,2.845,137.4
2025-01-16,4,PQR,5.124,167.6
2025-01-16,4,NQR,1.4,47.3
2025-01-16,4,SR,4.711,140.8
2025-01-16,5,PQR,2.283,97.8
2025-01-16,5,NQR,3.19,42.3
2025-01-16,5,SR,5.125,90.2
2025-01-16,6,PQR,2.895,88.5
2025-01-16,6,NQR,1.973,45.4
2025-01-16,6,SR,4.23,110.2
2025-01-17,1,PQR,5.1,102.2
2025-01-17,1,NQR,2.932,34.1
2025-01-17,1,SR,1.868,137.3
2025-01-17,2,PQR,2.853,131.2
2025-01-17,2,NQR,1.162,55.4
2025-01-17,2,SR,1.125,110.4
2025-01-17,3,PQR,1.117,116.3
2025-01-17,3,NQR,1.244,43.5
2025-01-17,3,SR,10.571,104.3
2025-01-17,4,PQR,2.131,145.1
2025-01-17,4,NQR,4.241,28.9
2025-01-17,4,SR,2.793,88.4
2025-01-17,5,PQR,5.717,163.9
2025-01-17,5,NQR,1.751,54.0
2025-01-17,5,SR,11.906,104.5
2025-01-17,6,PQR,2.05,163.3
2025-01-17,6,NQR,1.762,31.6
2025-01-17,6,SR,8.227,140.0
2025-01-18,1,PQR,1.698,153.2
2025-01-18,1,NQR,2.737,29.8
2025-01-18,1,SR,3.288,118.3
2025-01-18,2,PQR,2.678,166.6
2025-01-18,2,NQR,0.802,30.9
2025-01-18,2,SR,3.716,140.6
2025-01-18,3,PQR,2.56,151.2
2025-01-18,3,NQR,1.627,46.2
2025-01-18,3,SR,6.282,146.8
2025-01-18,4,PQR,7.272,135.5
2025-01-18,4,NQR,2.401,53.6
2025-01-18,4,SR,4.186,132.4
2025-01-18,5,PQR,3.33,165.4
2025-01-18,5,NQR,3.859,29.0
2025-01-18,5,SR,6.218,135.5
2025-01-18,6,PQR,2.697,90.7
2025-01-18,6,NQR,2.353,48.9
2025-01-18,6,SR,7.834,113.2
2025-01-19,1,PQR,4.354,97.1
2025-01-19,1,NQR,1.013,48.8
2025-01-19,1,SR,6.243,152.4
2025-01-19,2,PQR,5.869,161.6
2025-01-19,2,NQR,1.089,38.3
2025-01-19,2,SR,7.183,86.6
2025-01-19,3,PQR,3.492,122.1
2025-01-19,3,NQR,1.615,49.8
2025-01-19,3,SR,3.629,107.2
2025-01-19,4,PQR,7.037,86.3
2025-01-19,4,NQR,2.331,31.8
2025-01-19,4,SR,5.694,139.2
2025-01-19,5,PQR,18.169,124.9
2025-01-19,5,NQR,1.398,36.1
2025-01-19,5,SR,6.229,147.7
2025-01-19,6,PQR,1.556,89.8
2025-01-19,6,NQR,1.098,33.4
2025-01-19,6,SR,5.438,121.1
2025-01-20,1,PQR,2.065,144.0
2025-01-20,1,NQR,0.677,53.4
2025-01-20,1,SR,3.615,111.8
2025-01-20,2,PQR,2.039,120.4
2025-01-20,2,NQR,1.615,42.0
2025-01-20,2,SR,1.869,149.6
2025-01-20,3,PQR,1.244,114.2
2025-01-20,3,NQR,1.069,33.8
2025-01-20,3,SR,2.884,131.1
2025-01-20,4,PQR,2.703,157.6
2025-01-20,4,NQR,1.256,41.0
2025-01-20,4,SR,3.091,144.1
2025-01-20,5,PQR,7.323,100.9
2025-01-20,5,NQR,2.463,45.5
2025-01-20,5,SR,10.104,87.3
2025-01-20,6,PQR,2.634,101.4
2025-01-20,6,NQR,1.892,42.7
2025-01-20,6,SR,8.879,132.8
2025-01-21,1,PQR,2.025,111.9
2025-01-21,1,NQR,1.369,31.8
2025-01-21,1,SR,1.304,96.6
2025-01-21,2,PQR,3.192,126.8
2025-01-21,2,NQR,1.991,47.1
2025-01-21,2,SR,3.228,110.5
2025-01-21,3,PQR,1.357,102.7
2025-01-21,3,NQR,1.012,54.4
2025-01-21,3,SR,4.388,120.0
2025-01-21,4,PQR,3.768,112.8
2025-01-21,4,NQR,0.541,48.2
2025-01-21,4,SR,3.751,95.0
2025-01-21,5,PQR,3.994,134.9
2025-01-21,5,NQR,3.629,32.3
2025-01-21,5,SR,11.104,101.0
2025-01-21,6,PQR,1.995,117.1
2025-01-21,6,NQR,1.805,39.7
2025-01-21,6,SR,4.965,109.6
2025-01-22,1,PQR,2.347,152.9
2025-01-22,1,NQR,1.955,50.0
2025-01-22,1,SR,6.033,151.6
2025-01-22,2,PQR,2.472,84.4
2025-01-22,2,NQR,0.934,31.6
2025-01-22,2,SR,3.27,146.8
2025-01-22,3,PQR,1.044,146.4
2025-01-22,3,NQR,1.288,44.8
2025-01-22,3,SR,3.493,145.5
2025-01-22,4,PQR,6.231,84.5
2025-01-22,4,NQR,4.243,34.8
2025-01-22,4,SR,6.334,106.4
2025-01-22,5,PQR,8.659,92.4
2025-01-22,5,NQR,2.254,44.8
2025-01-22,5,SR,6.496,124.1
2025-01-22,6,PQR,3.414,92.6
2025-01-22,6,NQR,4.165,52.8
2025-01-22,6,SR,4.159,127.8
2025-01-23,1,PQR,2.356,138.3
2025-01-23,1,NQR,0.788,47.2
2025-01-23,1,SR,1.727,146.9
2025-01-23,2,PQR,1.462,90.1
2025-01-23,2,NQR,0.934,31.5
2025-01-23,2,SR,3.291,106.8
2025-01-23,3,PQR,3.465,122.5
2025-01-23,3,NQR,2.396,29.3
2025-01-23,3,SR,6.192,107.3
2025-01-23,4,PQR,4.234,101.8
2025-01-23,4,NQR,1.868,38.1
2025-01-23,4,SR,6.681,107.0
2025-01-23,5,PQR,5.539,157.7
2025-01-23,5,NQR,3.858,36.8
2025-01-23,5,SR,7.121,103.2
2025-01-23,6,PQR,6.861,125.1
2025-01-23,6,NQR,1.821,47.8
2025-01-23,6,SR,4.984,98.3
2025-01-24,1,PQR,4.901,145.0
2025-01-24,1,NQR,2.035,37.0
2025-01-24,1,SR,1.17,85.2
2025-01-24,2,PQR,1.251,126.7
2025-01-24,2,NQR,2.107,52.8
2025-01-24,2,SR,5.7,86.0
2025-01-24,3,PQR,3.323,111.5
2025-01-24,3,NQR,1.179,47.4
2025-01-24,3,SR,3.826,81.9
2025-01-24,4,PQR,4.744,148.0
2025-01-24,4,NQR,2.59,49.7
2025-01-24,4,SR,5.268,119.4
2025-01-24,5,PQR,3.51,114.9
2025-01-24,5,NQR,2.46,42.3
2025-01-24,5,SR,1.449,90.4
2025-01-24,6,PQR,3.096,165.7
2025-01-24,6,NQR,0.762,46.8
2025-01-24,6,SR,10.208,142.5
2025-01-25,1,PQR,3.402,102.0
2025-01-25,1,NQR,0.778,32.7
2025-01-25,1,SR,3.83,123.0
2025-01-25,2,PQR,0.828,158.5
2025-01-25,2,NQR,0.758,51.5
2025-01-25,2,SR,3.88,104.7
2025-01-25,3,PQR,2.14,97.5
2025-01-25,3,NQR,2.666,42.3
2025-01-25,3,SR,2.255,83.7
2025-01-25,4,PQR,2.77,154.5
2025-01-25,4,NQR,5.113,53.3
2025-01-25,4,SR,5.879,107.7
2025-01-25,5,PQR,2.569,140.0
2025-01-25,5,NQR,1.67,30.6
2025-01-25,5,SR,4.236,81.3
2025-01-25,6,PQR,4.17,107.4
2025-01-25,6,NQR,2.318,49.7
2025-01-25,6,SR,3.008,119.0
2025-01-26,1,PQR,2.031,105.0
2025-01-26,1,NQR,1.537,43.9
2025-01-26,1,SR,6.604,83.4
2025-01-26,2,PQR,4.927,113.3
2025-01-26,2,NQR,0.612,32.4
2025-01-26,2,SR,8.895,132.9
2025-01-26,3,PQR,5.168,133.8
2025-01-26,3,NQR,1.422,42.1
2025-01-26,3,SR,6.586,89.9
2025-01-26,4,PQR,1.627,118.9
2025-01-26,4,NQR,1.567,35.8
2025-01-26,4,SR,4.324,103.5
2025-01-26,5,PQR,6.669,140.1
2025-01-26,5,NQR,0.778,55.2
2025-01-26,5,SR,6.188,101.3
2025-01-26,6,PQR,1.742,120.0
2025-01-26,6,NQR,2.176,43.2
2025-01-26,6,SR,3.674,149.3
2025-01-27,1,PQR,3.12,85.9
2025-01-27,1,NQR,1.486,45.4
2025-01-27,1,SR,3.204,122.0
2025-01-27,2,PQR,4.512,124.8
2025-01-27,2,NQR,1.097,42.7
2025-01-27,2,SR,3.344,144.1
2025-01-27,3,PQR,3.566,129.1
2025-01-27,3,NQR,1.121,36.4
2025-01-27,3,SR,2.213,128.0
2025-01-27,4,PQR,3.288,89.9
2025-01-27,4,NQR,2.886,45.7
2025-01-27,4,SR,6.465,129.8
2025-01-27,5,PQR,7.786,88.1
2025-01-27,5,NQR,3.019,53.4
2025-01-27,5,SR,7.34,143.6
2025-01-27,6,PQR,3.562,117.0
2025-01-27,6,NQR,1.349,28.4
2025-01-27,6,SR,5.594,153.2
2025-01-28,1,PQR,1.878,109.4
2025-01-28,1,NQR,1.873,32.9
2025-01-28,1,SR,3.0,146.4
2025-01-28,2,PQR,1.1,103.7
2025-01-28,2,NQR,0.664,42.0
2025-01-28,2,SR,5.559,108.2
2025-01-28,3,PQR,2.103,146.8
2025-01-28,3,NQR,1.64,37.6
2025-01-28,3,SR,7.269,113.2
2025-01-28,4,PQR,2.645,164.8
2025-01-28,4,NQR,2.474,54.8
2025-01-28,4,SR,3.126,78.4
2025-01-28,5,PQR,3.022,88.5
2025-01-28,5,NQR,5.501,40.6
2025-01-28,5,SR,8.612,99.7
2025-01-28,6,PQR,4.111,84.2
2025-01-28,6,NQR,0.641,34.8
2025-01-28,6,SR,4.783,131.4
2025-01-29,1,PQR,1.421,84.5
2025-01-29,1,NQR,0.785,55.5
2025-01-29,1,SR,13.611,137.4
2025-01-29,2,PQR,3.018,167.8
2025-01-29,2,NQR,1.102,49.9
2025-01-29,2,SR,3.156,82.1
2025-01-29,3,PQR,1.637,150.2
2025-01-29,3,NQR,1.091,36.3
2025-01-29,3,SR,5.523,79.2
2025-01-29,4,PQR,1.515,104.3
2025-01-29,4,NQR,1.06,47.7
2025-01-29,4,SR,5.759,140.6
2025-01-29,5,PQR,5.747,143.3
2025-01-29,5,NQR,1.365,32.2
2025-01-29,5,SR,4.077,113.2
2025-01-29,6,PQR,5.339,134.5
2025-01-29,6,NQR,2.371,52.0
2025-01-29,6,SR,3.431,101.1
2025-01-30,1,PQR,2.725,164.8
2025-01-30,1,NQR,1.045,53.7
2025-01-30,1,SR,1.049,143.0
2025-01-30,2,PQR,2.597,134.2
2025-01-30,2,NQR,1.316,46.9
2025-01-30,2,SR,2.022,117.4
2025-01-30,3,PQR,3.254,114.5
2025-01-30,3,NQR,1.698,42.6
2025-01-30,3,SR,2.811,129.0
2025-01-30,4,PQR,3.821,90.4
2025-01-30,4,NQR,1.87,31.4
2025-01-30,4,SR,3.493,109.2
2025-01-30,5,PQR,3.343,143.9
2025-01-30,5,NQR,1.172,34.3
2025-01-30,5,SR,12.717,139.3
2025-01-30,6,PQR,4.165,160.7
2025-01-30,6,NQR,1.753,41.8
2025-01-30,6,SR,5.42,103.6
2025-01-31,1,PQR,2.728,92.9
2025-01-31,1,NQR,3.539,46.5
2025-01-31,1,SR,8.066,116.9
2025-01-31,2,PQR,2.827,84.0
2025-01-31,2,NQR,1.015,32.7
2025-01-31,2,SR,2.298,80.4
2025-01-31,3,PQR,3.67,113.7
2025-01-31,3,NQR,3.512,31.4
2025-01-31,3,SR,4.422,103.6
2025-01-31,4,PQR,5.765,126.3
2025-01-31,4,NQR,1.855,53.1
2025-01-31,4,SR,3.344,140.5
2025-01-31,5,PQR,1.989,126.1
2025-01-31,5,NQR,11.1,47.8
2025-01-31,5,SR,4.936,137.7
2025-01-31,6,PQR,6.046,109.7
2025-01-31,6,NQR,0.814,39.6
2025-01-31,6,SR,1.719,145.6
2025-02-01,1,PQR,3.673,158.5
2025-02-01,1,NQR,0.671,34.2
2025-02-01,1,SR,2.316,83.8
2025-02-01,2,PQR,1.731,87.7
2025-02-01,2,NQR,2.046,44.2
2025-02-01,2,SR,5.061,95.7
2025-02-01,3,PQR,2.43,92.3
2025-02-01,3,NQR,2.673,45.6
2025-02-01,3,SR,3.461,127.2
2025-02-01,4,PQR,1.063,105.7
2025-02-01,4,NQR,1.188,28.3
2025-02-01,4,SR,3.101,77.2
2025-02-01,5,PQR,7.341,151.4
2025-02-01,5,NQR,3.028,46.6
2025-02-01,5,SR,12.928,133.9
2025-02-01,6,PQR,3.557,112.1
2025-02-01,6,NQR,1.742,49.9
2025-02-01,6,SR,7.48,104.7
2025-02-02,1,PQR,1.247,163.8
2025-02-02,1,NQR,0.965,53.2
2025-02-02,1,SR,8.737,103.5
2025-02-02,2,PQR,1.076,149.1
2025-02-02,2,NQR,1.18,44.3
2025-02-02,2,SR,3.758,78.3
2025-02-02,3,PQR,2.135,89.2
2025-02-02,3,NQR,1.356,44.6
2025-02-02,3,SR,9.514,146.8
2025-02-02,4,PQR,5.921,126.8
2025-02-02,4,NQR,3.293,29.8
2025-02-02,4,SR,3.713,132.2
2025-02-02,5,PQR,3.832,123.8
2025-02-02,5,NQR,1.737,49.6
2025-02-02,5,SR,9.051,141.9
2025-02-02,6,PQR,1.681,86.6
2025-02-02,6,NQR,1.759,53.8
2025-02-02,6,SR,4.187,82.6
2025-02-03,1,PQR,1.14,109.3
2025-02-03,1,NQR,2.294,30.8
2025-02-03,1,SR,5.204,134.3
2025-02-03,2,PQR,1.509,107.7
2025-02-03,2,NQR,1.301,47.3
2025-02-03,2,SR,2.413,124.1
2025-02-03,3,PQR,5.994,113.0
2025-02-03,3,NQR,2.186,31.4
2025-02-03,3,SR,2.339,136.7
2025-02-03,4,PQR,2.078,151.1
2025-02-03,4,NQR,1.604,40.7
2025-02-03,4,SR,5.848,123.7
2025-02-03,5,PQR,9.332,116.8
2025-02-03,5,NQR,2.458,36.4
2025-02-03,5,SR,2.727,119.0
2025-02-03,6,PQR,3.933,152.7
2025-02-03,6,NQR,1.788,55.9
2025-02-03,6,SR,7.597,94.9
2025-02-04,1,PQR,2.218,99.3
2025-02-04,1,NQR,0.547,49.9
2025-02-04,1,SR,2.676,143.4
2025-02-04,2,PQR,1.892,95.9
2025-02-04,2,NQR,0.925,31.5
2025-02-04,2,SR,2.157,85.4
2025-02-04,3,PQR,2.061,160.1
2025-02-04,3,NQR,1.566,33.2
2025-02-04,3,SR,3.514,91.5
2025-02-04,4,PQR,2.844,145.1
2025-02-04,4,NQR,1.435,30.0
2025-02-04,4,SR,10.348,139.0
2025-02-04,5,PQR,6.684,103.1
2025-02-04,5,NQR,2.201,45.3
2025-02-04,5,SR,15.757,82.1
2025-02-04,6,PQR,2.297,133.7
2025-02-04,6,NQR,1.984,45.1
2025-02-04,6,SR,4.045,90.4
2025-02-05,1,PQR,0.544,91.4
2025-02-05,1,NQR,0.777,34.2
2025-02-05,1,SR,2.771,146.2
2025-02-05,2,PQR,1.303,152.5
2025-02-05,2,NQR,1.246,39.2
2025-02-05,2,SR,1.48,80.0
2025-02-05,3,PQR,1.646,136.4
2025-02-05,3,NQR,3.74,31.5
2025-02-05,3,SR,2.448,98.6
2025-02-05,4,PQR,3.871,86.4
2025-02-05,4,NQR,2.18,47.5
2025-02-05,4,SR,2.836,78.2
2025-02-05,5,PQR,1.861,158.4
2025-02-05,5,NQR,2.23,41.6
2025-02-05,5,SR,6.683,143.2
2025-02-05,6,PQR,2.265,166.8
2025-02-05,6,NQR,3.381,34.4
2025-02-05,6,SR,8.358,108.2
2025-02-06,1,PQR,2.977,84.1
2025-02-06,1,NQR,3.467,38.1
2025-02-06,1,SR,2.562,80.4
2025-02-06,2,PQR,1.385,148.9
2025-02-06,2,NQR,1.488,48.1
2025-02-06,2,SR,3.004,127.2
2025-02-06,3,PQR,2.174,148.2
2025-02-06,3,NQR,1.878,47.7
2025-02-06,3,SR,7.56,128.9
2025-02-06,4,PQR,7.673,162.4
2025-02-06,4,NQR,3.337,41.6
2025-02-06,4,SR,5.698,126.6
2025-02-06,5,PQR,3.951,142.4
2025-02-06,5,NQR,1.87,41.2
2025-02-06,5,SR,11.484,96.0
2025-02-06,6,PQR,1.879,128.1
2025-02-06,6,NQR,2.524,45.8
2025-02-06,6,SR,5.01,147.3
2025-02-07,1,PQR,5.285,135.2
2025-02-07,1,NQR,1.706,39.9
2025-02-07,1,SR,3.135,123.2
2025-02-07,2,PQR,3.28,120.1
2025-02-07,2,NQR,0.402,32.7
2025-02-07,2,SR,2.867,100.6
2025-02-07,3,PQR,4.737,167.8
2025-02-07,3,NQR,3.204,36.4
2025-02-07,3,SR,3.128,83.4
2025-02-07,4,PQR,3.458,124.3
2025-02-07,4,NQR,1.73,51.1
2025-02-07,4,SR,4.567,106.6
2025-02-07,5,PQR,4.172,100.6
2025-02-07,5,NQR,2.233,29.0
2025-02-07,5,SR,5.53,140.1
2025-02-07,6,PQR,1.663,85.9
2025-02-07,6,NQR,1.935,32.8
2025-02-07,6,SR,2.085,82.4
2025-02-08,1,PQR,1.909,84.9
2025-02-08,1,NQR,0.927,28.8
2025-02-08,1,SR,4.608,145.5
2025-02-08,2,PQR,3.627,126.3
2025-02-08,2,NQR,0.387,28.5
2025-02-08,2,SR,2.458,108.9
2025-02-08,3,PQR,1.918,134.9
2025-02-08,3,NQR,2.277,40.6
2025-02-08,3,SR,4.139,141.4
2025-02-08,4,PQR,2.936,151.9
2025-02-08,4,NQR,0.749,31.5
2025-02-08,4,SR,2.674,141.9
2025-02-08,5,PQR,2.205,102.2
2025-02-08,5,NQR,2.238,44.7
2025-02-08,5,SR,8.781,127.3
2025-02-08,6,PQR,5.054,133.1
2025-02-08,6,NQR,1.697,33.0
2025-02-08,6,SR,3.813,144.8
2025-02-09,1,PQR,1.293,144.1
2025-02-09,1,NQR,1.487,32.8
2025-02-09,1,SR,1.819,121.7
2025-02-09,2,PQR,2.951,95.0
2025-02-09,2,NQR,0.768,32.1
2025-02-09,2,SR,2.024,138.4
2025-02-09,3,PQR,3.878,144.4
2025-02-09,3,NQR,2.836,31.6
2025-02-09,3,SR,5.695,102.1
2025-02-09,4,PQR,1.785,111.8
2025-02-09,4,NQR,2.009,41.1
2025-02-09,4,SR,3.84,84.7
2025-02-09,5,PQR,5.241,149.4
2025-02-09,5,NQR,2.793,46.3
2025-02-09,5,SR,5.387,115.1
2025-02-09,6,PQR,2.465,139.0
2025-02-09,6,NQR,0.906,32.1
2025-02-09,6,SR,5.083,93.6
2025-02-10,1,PQR,1.539,163.1
2025-02-10,1,NQR,2.776,54.9
2025-02-10,1,SR,4.92,77.2
2025-02-10,2,PQR,2.695,104.4
2025-02-10,2,NQR,1.38,52.3
2025-02-10,2,SR,5.37,137.2
2025-02-10,3,PQR,3.866,145.2
2025-02-10,3,NQR,2.416,31.7
2025-02-10,3,SR,13.361,140.8
2025-02-10,4,PQR,2.443,98.7
2025-02-10,4,NQR,2.171,38.7
2025-02-10,4,SR,5.331,89.9
2025-02-10,5,PQR,3.28,94.7
2025-02-10,5,NQR,1.712,30.7
2025-02-10,5,SR,4.793,82.0
2025-02-10,6,PQR,4.12,129.4
2025-02-10,6,NQR,2.143,54.1
2025-02-10,6,SR,3.582,92.3
2025-02-11,1,PQR,2.169,156.6
2025-02-11,1,NQR,1.328,40.6
2025-02-11,1,SR,5.423,78.9
2025-02-11,2,PQR,1.849,157.0
2025-02-11,2,NQR,1.304,31.0
2025-02-11,2,SR,2.62,107.1
2025-02-11,3,PQR,3.71,135.0
2025-02-11,3,NQR,4.221,33.5
2025-02-11,3,SR,4.623,95.1
2025-02-11,4,PQR,1.052,129.1
2025-02-11,4,NQR,1.738,50.1
2025-02-11,4,SR,9.659,117.5
2025-02-11,5,PQR,2.12,120.6
2025-02-11,5,NQR,4.903,47.1
2025-02-11,5,SR,2.252,115.4
2025-02-11,6,PQR,3.623,154.1
2025-02-11,6,NQR,2.29,36.3
2025-02-11,6,SR,2.774,86.7
2025-02-12,1,PQR,2.695,94.4
2025-02-12,1,NQR,1.655,29.7
2025-02-12,1,SR,6.124,149.7
2025-02-12,2,PQR,1.782,137.9
2025-02-12,2,NQR,1.219,45.2
2025-02-12,2,SR,0.98,117.4
2025-02-12,3,PQR,2.415,135.7
2025-02-12,3,NQR,1.109,40.2
2025-02-12,3,SR,3.749,141.2
2025-02-12,4,PQR,1.802,136.9
2025-02-12,4,NQR,5.764,43.5
2025-02-12,4,SR,4.269,143.2
2025-02-12,5,PQR,10.77,108.1
2025-02-12,5,NQR,0.846,54.3
2025-02-12,5,SR,4.795,91.8
2025-02-12,6,PQR,7.097,139.6
2025-02-12,6,NQR,1.903,37.4
2025-02-12,6,SR,14.433,150.2
2025-02-13,1,PQR,6.135,145.4
2025-02-13,1,NQR,1.349,38.9
2025-02-13,1,SR,3.943,95.4
2025-02-13,2,PQR,1.478,130.4
2025-02-13,2,NQR,2.034,48.2
2025-02-13,2,SR,1.535,139.7
2025-02-13,3,PQR,3.855,163.9
2025-02-13,3,NQR,1.178,39.1
2025-02-13,3,SR,7.221,116.9
2025-02-13,4,PQR,3.182,120.7
2025-02-13,4,NQR,0.582,54.9
2025-02-13,4,SR,4.438,126.7
2025-02-13,5,PQR,5.029,106.7
2025-02-13,5,NQR,6.465,40.0
2025-02-13,5,SR,11.906,115.5
2025-02-13,6,PQR,6.684,125.7
2025-02-13,6,NQR,3.425,41.8
2025-02-13,6,SR,6.151,148.9
2025-02-14,1,PQR,2.664,147.1
2025-02-14,1,NQR,1.55,30.6
2025-02-14,1,SR,4.997,136.8
2025-02-14,2,PQR,3.444,132.1
2025-02-14,2,NQR,1.13,49.7
2025-02-14,2,SR,2.985,147.7
2025-02-14,3,PQR,4.012,120.4
2025-02-14,3,NQR,1.683,45.2
2025-02-14,3,SR,3.22,114.8
2025-02-14,4,PQR,2.149,118.2
2025-02-14,4,NQR,0.817,29.5
2025-02-14,4,SR,2.847,109.5
2025-02-14,5,PQR,3.525,144.0
2025-02-14,5,NQR,2.573,35.8
2025-02-14,5,SR,6.712,133.9
2025-02-14,6,PQR,2.137,84.1
2025-02-14,6,NQR,3.399,49.6
2025-02-14,6,SR,3.897,123.2
2025-02-15,1,PQR,9.32,122.6
2025-02-15,1,NQR,1.938,43.1
2025-02-15,1,SR,2.654,150.3
2025-02-15,2,PQR,3.022,117.1
2025-02-15,2,NQR,1.612,34.3
2025-02-15,2,SR,2.189,136.0
2025-02-15,3,PQR,3.354,99.2
2025-02-15,3,NQR,3.293,40.9
2025-02-15,3,SR,4.483,151.8
2025-02-15,4,PQR,5.401,128.5
2025-02-15,4,NQR,2.816,33.0
2025-02-15,4,SR,12.65,147.6
2025-02-15,5,PQR,5.985,157.7
2025-02-15,5,NQR,1.473,48.2
2025-02-15,5,SR,18.34,89.6
2025-02-15,6,PQR,1.326,95.5
2025-02-15,6,NQR,1.062,46.9
2025-02-15,6,SR,5.394,134.5
2025-02-16,1,PQR,1.098,155.2
2025-02-16,1,NQR,1.722,32.1
2025-02-16,1,SR,4.214,103.7
2025-02-16,2,PQR,2.504,151.8
2025-02-16,2,NQR,2.884,32.8
2025-02-16,2,SR,3.519,150.4
2025-02-16,3,PQR,1.858,159.1
2025-02-16,3,NQR,1.44,52.2
2025-02-16,3,SR,3.356,103.7
2025-02-16,4,PQR,3.112,123.2
2025-02-16,4,NQR,2.001,44.5
2025-02-16,4,SR,4.591,113.5
2025-02-16,5,PQR,4.881,151.2
2025-02-16,5,NQR,1.529,51.0
2025-02-16,5,SR,10.964,116.4
2025-02-16,6,PQR,6.767,155.1
2025-02-16,6,NQR,1.683,43.8
2025-02-16,6,SR,11.968,144.0
2025-02-17,1,PQR,1.448,129.6
2025-02-17,1,NQR,1.489,40.7
2025-02-17,1,SR,1.85,132.8
2025-02-17,2,PQR,1.613,132.5
2025-02-17,2,NQR,1.098,51.6
2025-02-17,2,SR,1.667,77.3
2025-02-17,3,PQR,1.413,101.6
2025-02-17,3,NQR,1.029,43.3
2025-02-17,3,SR,3.114,116.8
2025-02-17,4,PQR,2.047,159.1
2025-02-17,4,NQR,0.792,30.7
2025-02-17,4,SR,5.088,77.4
2025-02-17,5,PQR,4.289,141.4
2025-02-17,5,NQR,2.445,50.6
2025-02-17,5,SR,9.39,99.9
2025-02-17,6,PQR,5.384,164.1
2025-02-17,6,NQR,2.323,37.9
2025-02-17,6,SR,11.769,98.1
2025-02-18,1,PQR,2.687,144.5
2025-02-18,1,NQR,2.491,40.1
2025-02-18,1,SR,3.104,79.8
2025-02-18,2,PQR,2.607,134.8
2025-02-18,2,NQR,0.96,45.3
2025-02-18,2,SR,2.83,142.8
2025-02-18,3,PQR,2.379,165.3
2025-02-18,3,NQR,1.133,53.3
2025-02-18,3,SR,3.273,91.0
2025-02-18,4,PQR,2.488,137.2
2025-02-18,4,NQR,1.878,32.7
2025-02-18,4,SR,5.447,139.4
2025-02-18,5,PQR,5.965,94.6
2025-02-18,5,NQR,3.081,54.5
2025-02-18,5,SR,3.532,96.6
2025-02-18,6,PQR,3.212,166.0
2025-02-18,6,NQR,1.926,45.3
2025-02-18,6,SR,1.587,147.1
2025-02-19,1,PQR,2.218,144.4
2025-02-19,1,NQR,1.082,35.9
2025-02-19,1,SR,8.616,125.0
2025-02-19,2,PQR,1.483,109.0
2025-02-19,2,NQR,0.889,47.6
2025-02-19,2,SR,5.147,118.3
2025-02-19,3,PQR,4.603,143.5
2025-02-19,3,NQR,1.96,35.3
2025-02-19,3,SR,3.212,132.7
2025-02-19,4,PQR,1.448,124.5
2025-02-19,4,NQR,3.236,54.8
2025-02-19,4,SR,8.188,134.7
2025-02-19,5,PQR,3.207,104.6
2025-02-19,5,NQR,3.211,48.0
2025-02-19,5,SR,3.28,110.9
2025-02-19,6,PQR,5.133,167.6
2025-02-19,6,NQR,1.024,48.7
2025-02-19,6,SR,11.9,126.6
2025-02-20,1,PQR,2.65,162.7
2025-02-20,1,NQR,0.901,29.4
2025-02-20,1,SR,1.551,139.2
2025-02-20,2,PQR,1.434,126.1
2025-02-20,2,NQR,1.275,35.5
2025-02-20,2,SR,2.771,110.1
2025-02-20,3,PQR,5.001,120.6
2025-02-20,3,NQR,2.142,52.5
2025-02-20,3,SR,3.672,117.0
2025-02-20,4,PQR,1.511,90.9
2025-02-20,4,NQR,0.489,47.7
2025-02-20,4,SR,9.372,108.8
2025-02-20,5,PQR,2.626,133.0
2025-02-20,5,NQR,2.318,32.1
2025-02-20,5,SR,12.116,96.9
2025-02-20,6,PQR,2.889,126.1
2025-02-20,6,NQR,0.537,43.0
2025-02-20,6,SR,7.996,101.6
2025-02-21,1,PQR,4.002,155.0
2025-02-21,1,NQR,2.473,37.3
2025-02-21,1,SR,6.38,86.9
2025-02-21,2,PQR,1.016,114.9
2025-02-21,2,NQR,0.907,31.3
2025-02-21,2,SR,2.372,104.6
2025-02-21,3,PQR,1.411,141.8
2025-02-21,3,NQR,1.226,28.2
2025-02-21,3,SR,7.927,97.2
2025-02-21,4,PQR,3.121,131.0
2025-02-21,4,NQR,2.058,55.5
2025-02-21,4,SR,7.085,88.3
2025-02-21,5,PQR,2.457,143.2
2025-02-21,5,NQR,4.105,51.4
2025-02-21,5,SR,4.748,99.7
2025-02-21,6,PQR,4.521,136.6
2025-02-21,6,NQR,1.069,30.5
2025-02-21,6,SR,8.209,95.8
2025-02-22,1,PQR,2.421,93.5
2025-02-22,1,NQR,1.532,47.3
2025-02-22,1,SR,2.05,133.7
2025-02-22,2,PQR,1.7,92.6
2025-02-22,2,NQR,0.424,42.8
2025-02-22,2,SR,4.382,122.9
2025-02-22,3,PQR,1.25,166.1
2025-02-22,3,NQR,0.928,51.7
2025-02-22,3,SR,3.23,106.4
2025-02-22,4,PQR,3.021,96.0
2025-02-22,4,NQR,2.04,41.3
2025-02-22,4,SR,5.44,90.3
2025-02-22,5,PQR,5.05,117.1
2025-02-22,5,NQR,2.245,43.1
2025-02-22,5,SR,6.586,151.6
2025-02-22,6,PQR,5.255,101.2
2025-02-22,6,NQR,2.276,29.7
2025-02-22,6,SR,3.167,114.5
2025-02-23,1,PQR,3.086,84.8
2025-02-23,1,NQR,0.741,45.0
2025-02-23,1,SR,7.171,127.5
2025-02-23,2,PQR,2.181,156.9
2025-02-23,2,NQR,0.554,33.7
2025-02-23,2,SR,4.801,112.9
2025-02-23,3,PQR,5.682,132.6
2025-02-23,3,NQR,3.328,43.6
2025-02-23,3,SR,3.626,98.7
2025-02-23,4,PQR,5.743,112.3
2025-02-23,4,NQR,2.09,29.6
2025-02-23,4,SR,2.766,152.1
2025-02-23,5,PQR,5.173,136.7
2025-02-23,5,NQR,1.917,55.8
2025-02-23,5,SR,3.818,77.8
2025-02-23,6,PQR,3.723,127.7
2025-02-23,6,NQR,3.21,52.6
2025-02-23,6,SR,5.556,101.4
2025-02-24,1,PQR,1.864,157.9
2025-02-24,1,NQR,0.499,45.2
2025-02-24,1,SR,9.841,96.2
2025-02-24,2,PQR,1.687,133.5
2025-02-24,2,NQR,1.064,51.7
2025-02-24,2,SR,2.673,124.5
2025-02-24,3,PQR,0.737,155.9
2025-02-24,3,NQR,1.177,43.8
2025-02-24,3,SR,4.481,132.1
2025-02-24,4,PQR,4.032,95.9
2025-02-24,4,NQR,1.058,43.3
2025-02-24,4,SR,1.698,90.7
2025-02-24,5,PQR,2.786,87.0
2025-02-24,5,NQR,1.661,35.1
2025-02-24,5,SR,2.927,103.9
2025-02-24,6,PQR,2.564,152.5
2025-02-24,6,NQR,2.37,55.2
2025-02-24,6,SR,10.77,108.8
2025-02-25,1,PQR,1.36,151.5
2025-02-25,1,NQR,1.808,51.8
2025-02-25,1,SR,3.373,87.8
2025-02-25,2,PQR,1.685,148.6
2025-02-25,2,NQR,0.972,41.8
2025-02-25,2,SR,1.833,136.5
2025-02-25,3,PQR,6.406,105.3
2025-02-25,3,NQR,0.64,41.1
2025-02-25,3,SR,4.561,115.6
2025-02-25,4,PQR,1.335,164.8
2025-02-25,4,NQR,2.34,38.8
2025-02-25,4,SR,5.451,125.7
2025-02-25,5,PQR,2.655,93.6
2025-02-25,5,NQR,2.101,38.9
2025-02-25,5,SR,5.706,117.7
2025-02-25,6,PQR,4.212,104.2
2025-02-25,6,NQR,1.862,55.0
2025-02-25,6,SR,4.629,83.8
2025-02-26,1,PQR,1.377,161.3
2025-02-26,1,NQR,1.798,28.9
2025-02-26,1,SR,2.734,136.0
2025-02-26,2,PQR,1.258,149.5
2025-02-26,2,NQR,1.244,53.1
2025-02-26,2,SR,1.124,138.2
2025-02-26,3,PQR,3.29,146.9
2025-02-26,3,NQR,1.708,47.4
2025-02-26,3,SR,4.315,126.4
2025-02-26,4,PQR,2.128,149.9
2025-02-26,4,NQR,1.284,43.7
2025-02-26,4,SR,5.521,99.1
2025-02-26,5,PQR,1.597,128.5
2025-02-26,5,NQR,4.333,48.7
2025-02-26,5,SR,8.106,135.6
2025-02-26,6,PQR,4.303,141.1
2025-02-26,6,NQR,1.203,55.7
2025-02-26,6,SR,5.369,106.5
2025-02-27,1,PQR,2.839,165.1
2025-02-27,1,NQR,1.894,30.4
2025-02-27,1,SR,10.625,102.3
2025-02-27,2,PQR,4.419,146.4
2025-02-27,2,NQR,1.542,50.9
2025-02-27,2,SR,2.572,86.7
2025-02-27,3,PQR,1.597,155.3
2025-02-27,3,NQR,3.78,45.5
2025-02-27,3,SR,7.897,101.3
2025-02-27,4,PQR,6.76,136.7
2025-02-27,4,NQR,1.77,50.7
2025-02-27,4,SR,2.721,135.7
2025-02-27,5,PQR,10.67,160.5
2025-02-27,5,NQR,3.547,34.3
2025-02-27,5,SR,5.381,94.8
2025-02-27,6,PQR,3.363,111.5
2025-02-27,6,NQR,1.176,40.0
2025-02-27,6,SR,1.449,81.8
2025-02-28,1,PQR,5.611,108.9
2025-02-28,1,NQR,2.783,46.0
2025-02-28,1,SR,5.509,137.5
2025-02-28,2,PQR,1.818,161.8
2025-02-28,2,NQR,2.433,49.8
2025-02-28,2,SR,2.859,87.8
2025-02-28,3,PQR,4.165,90.6
2025-02-28,3,NQR,2.029,29.5
2025-02-28,3,SR,2.105,114.4
2025-02-28,4,PQR,3.831,141.6
2025-02-28,4,NQR,1.943,29.8
2025-02-28,4,SR,5.89,137.9
2025-02-28,5,PQR,3.106,143.2
2025-02-28,5,NQR,2.45,36.1
2025-02-28,5,SR,12.111,107.7
2025-02-28,6,PQR,2.057,166.8
2025-02-28,6,NQR,1.188,49.3
2025-02-28,6,SR,4.016,105.1
2025-03-01,1,PQR,2.566,149.7
2025-03-01,1,NQR,1.672,35.5
2025-03-01,1,SR,2.439,146.2
2025-03-01,2,PQR,3.463,101.1
2025-03-01,2,NQR,0.37,52.6
2025-03-01,2,SR,2.71,153.4
2025-03-01,3,PQR,5.179,163.0
2025-03-01,3,NQR,2.543,31.8
2025-03-01,3,SR,7.841,134.0
2025-03-01,4,PQR,2.171,84.3
2025-03-01,4,NQR,2.179,36.6
2025-03-01,4,SR,11.139,135.5
2025-03-01,5,PQR,2.146,111.6
2025-03-01,5,NQR,1.18,28.8
2025-03-01,5,SR,11.182,123.4
2025-03-01,6,PQR,7.006,148.1
2025-03-01,6,NQR,1.097,52.8
2025-03-01,6,SR,2.374,79.7
2025-03-02,1,PQR,4.681,141.3
2025-03-02,1,NQR,0.969,31.9
2025-03-02,1,SR,2.894,111.7
2025-03-02,2,PQR,1.252,103.1
2025-03-02,2,NQR,1.184,53.7
2025-03-02,2,SR,1.593,121.8
2025-03-02,3,PQR,3.046,112.0
2025-03-02,3,NQR,0.905,39.8
2025-03-02,3,SR,1.874,95.4
2025-03-02,4,PQR,4.021,86.3
2025-03-02,4,NQR,2.222,50.5
2025-03-02,4,SR,3.277,91.6
2025-03-02,5,PQR,9.443,162.9
2025-03-02,5,NQR,1.314,49.9
2025-03-02,5,SR,7.561,81.2
2025-03-02,6,PQR,3.223,134.1
2025-03-02,6,NQR,1.561,43.9
2025-03-02,6,SR,8.096,134.0
2025-03-03,1,PQR,1.462,89.8
2025-03-03,1,NQR,2.331,32.3
2025-03-03,1,SR,4.131,86.6
2025-03-03,2,PQR,0.888,108.0
2025-03-03,2,NQR,1.171,49.7
2025-03-03,2,SR,1.413,148.2
2025-03-03,3,PQR,4.082,115.5
2025-03-03,3,NQR,4.137,46.2
2025-03-03,3,SR,7.697,125.6
2025-03-03,4,PQR,5.376,106.6
2025-03-03,4,NQR,1.111,55.4
2025-03-03,4,SR,3.186,150.5
2025-03-03,5,PQR,11.95,116.9
2025-03-03,5,NQR,8.369,33.1
2025-03-03,5,SR,11.827,132.2
2025-03-03,6,PQR,7.504,156.1
2025-03-03,6,NQR,5.884,52.2
2025-03-03,6,SR,2.456,147.9
2025-03-04,1,PQR,3.245,141.5
2025-03-04,1,NQR,1.347,54.5
2025-03-04,1,SR,6.22,120.7
2025-03-04,2,PQR,0.809,102.8
2025-03-04,2,NQR,1.224,29.5
2025-03-04,2,SR,5.081,115.3
2025-03-04,3,PQR,2.463,124.3
2025-03-04,3,NQR,1.175,53.9
2025-03-04,3,SR,1.372,107.8
2025-03-04,4,PQR,4.642,156.9
2025-03-04,4,NQR,0.87,29.5
2025-03-04,4,SR,4.904,135.3
2025-03-04,5,PQR,2.881,164.9
2025-03-04,5,NQR,2.798,39.7
2025-03-04,5,SR,9.852,147.3
2025-03-04,6,PQR,4.56,153.7
2025-03-04,6,NQR,0.961,41.4
2025-03-04,6,SR,3.667,114.3
2025-03-05,1,PQR,2.244,150.1
2025-03-05,1,NQR,2.023,43.3
2025-03-05,1,SR,6.563,108.7
2025-03-05,2,PQR,1.321,114.4
2025-03-05,2,NQR,1.372,47.4
2025-03-05,2,SR,3.384,135.8
2025-03-05,3,PQR,3.254,143.3
2025-03-05,3,NQR,2.398,34.3
2025-03-05,3,SR,5.094,81.0
2025-03-05,4,PQR,4.271,138.9
2025-03-05,4,NQR,2.452,37.1
2025-03-05,4,SR,8.808,106.1
2025-03-05,5,PQR,5.703,132.9
2025-03-05,5,NQR,1.069,54.4
2025-03-05,5,SR,5.948,141.3
2025-03-05,6,PQR,4.673,166.2
2025-03-05,6,NQR,1.693,48.9
2025-03-05,6,SR,5.65,114.6
2025-03-06,1,PQR,2.923,93.0
2025-03-06,1,NQR,1.107,35.0
2025-03-06,1,SR,2.604,86.2
2025-03-06,2,PQR,2.069,151.3
2025-03-06,2,NQR,0.845,49.5
2025-03-06,2,SR,3.338,120.1
2025-03-06,3,PQR,1.485,136.0
2025-03-06,3,NQR,1.268,35.3
2025-03-06,3,SR,4.396,152.4
2025-03-06,4,PQR,6.887,143.8
2025-03-06,4,NQR,1.333,42.1
2025-03-06,4,SR,3.59,82.0
2025-03-06,5,PQR,2.161,87.6
2025-03-06,5,NQR,1.495,47.0
2025-03-06,5,SR,4.458,90.5
2025-03-06,6,PQR,1.048,143.6
2025-03-06,6,NQR,1.271,41.6
2025-03-06,6,SR,4.837,137.4
2025-03-07,1,PQR,2.831,144.9
2025-03-07,1,NQR,0.93,52.4
2025-03-07,1,SR,2.767,103.7
2025-03-07,2,PQR,4.363,132.1
2025-03-07,2,NQR,1.927,54.7
2025-03-07,2,SR,1.575,145.8
2025-03-07,3,PQR,2.092,165.2
2025-03-07,3,NQR,2.348,41.7
2025-03-07,3,SR,2.508,83.6
2025-03-07,4,PQR,2.61,85.0
2025-03-07,4,NQR,1.454,42.9
2025-03-07,4,SR,3.25,149.4
2025-03-07,5,PQR,6.376,111.0
2025-03-07,5,NQR,0.792,49.1
2025-03-07,5,SR,5.295,88.5
2025-03-07,6,PQR,4.104,151.2
2025-03-07,6,NQR,1.301,30.3
2025-03-07,6,SR,12.846,124.0
2025-03-08,1,PQR,2.072,88.0
2025-03-08,1,NQR,1.455,55.1
2025-03-08,1,SR,2.878,113.4
2025-03-08,2,PQR,1.623,150.2
2025-03-08,2,NQR,0.796,54.7
2025-03-08,2,SR,4.759,122.2
2025-03-08,3,PQR,1.232,91.9
2025-03-08,3,NQR,0.685,52.1
2025-03-08,3,SR,2.104,96.0
2025-03-08,4,PQR,2.023,137.0
2025-03-08,4,NQR,1.354,49.9
2025-03-08,4,SR,7.299,143.6
2025-03-08,5,PQR,13.105,125.8
2025-03-08,5,NQR,1.885,51.3
2025-03-08,5,SR,4.676,152.6
2025-03-08,6,PQR,9.487,100.7
2025-03-08,6,NQR,2.283,51.7
2025-03-08,6,SR,2.265,84.6
2025-03-09,1,PQR,2.941,107.9
2025-03-09,1,NQR,2.015,34.8
2025-03-09,1,SR,2.945,142.4
2025-03-09,2,PQR,4.117,156.9
2025-03-09,2,NQR,1.864,28.9
2025-03-09,2,SR,7.037,80.5
2025-03-09,3,PQR,2.073,127.8
2025-03-09,3,NQR,2.004,45.6
2025-03-09,3,SR,4.104,150.0
2025-03-09,4,PQR,6.138,123.7
2025-03-09,4,NQR,1.488,37.4
2025-03-09,4,SR,2.825,96.3
2025-03-09,5,PQR,3.274,167.3
2025-03-09,5,NQR,1.067,39.6
2025-03-09,5,SR,9.685,110.1
2025-03-09,6,PQR,4.036,128.3
2025-03-09,6,NQR,2.055,50.5
2025-03-09,6,SR,2.182,93.4
2025-03-10,1,PQR,2.102,125.1
2025-03-10,1,NQR,2.757,53.0
2025-03-10,1,SR,4.271,148.6
2025-03-10,2,PQR,3.354,105.0
2025-03-10,2,NQR,0.292,54.1
2025-03-10,2,SR,1.403,101.6
2025-03-10,3,PQR,7.146,149.0
2025-03-10,3,NQR,2.311,36.3
2025-03-10,3,SR,3.926,91.0
2025-03-10,4,PQR,3.268,94.0
2025-03-10,4,NQR,2.79,48.7
2025-03-10,4,SR,2.209,113.2
2025-03-10,5,PQR,4.015,119.2
2025-03-10,5,NQR,1.365,37.3
2025-03-10,5,SR,2.486,92.4
2025-03-10,6,PQR,5.206,108.0
2025-03-10,6,NQR,1.318,54.0
2025-03-10,6,SR,1.298,141.6
2025-03-11,1,PQR,4.871,141.0
2025-03-11,1,NQR,1.786,42.3
2025-03-11,1,SR,3.091,95.9
2025-03-11,2,PQR,2.079,93.9
2025-03-11,2,NQR,1.095,41.3
2025-03-11,2,SR,3.901,98.3
2025-03-11,3,PQR,2.464,123.6
2025-03-11,3,NQR,0.726,54.7
2025-03-11,3,SR,5.253,118.0
2025-03-11,4,PQR,3.682,144.5
2025-03-11,4,NQR,1.154,44.1
2025-03-11,4,SR,3.709,110.7
2025-03-11,5,PQR,2.555,106.9
2025-03-11,5,NQR,1.001,40.1
2025-03-11,5,SR,3.467,139.2
2025-03-11,6,PQR,2.735,134.9
2025-03-11,6,NQR,1.185,33.5
2025-03-11,6,SR,3.794,137.5
2025-03-12,1,PQR,3.907,120.3
2025-03-12,1,NQR,2.321,47.1
2025-03-12,1,SR,5.408,109.6
2025-03-12,2,PQR,1.502,145.9
2025-03-12,2,NQR,1.999,47.1
2025-03-12,2,SR,1.981,78.7
2025-03-12,3,PQR,4.72,137.1
2025-03-12,3,NQR,3.645,53.8
2025-03-12,3,SR,4.012,98.2
2025-03-12,4,PQR,4.34,132.3
2025-03-12,4,NQR,1.904,41.0
2025-03-12,4,SR,4.548,114.2
2025-03-12,5,PQR,9.446,162.6
2025-03-12,5,NQR,6.848,49.0
2025-03-12,5,SR,2.253,142.6
2025-03-12,6,PQR,2.925,107.1
2025-03-12,6,NQR,1.468,41.6
2025-03-12,6,SR,3.349,135.8
2025-03-13,1,PQR,1.182,144.9
2025-03-13,1,NQR,1.255,29.0
2025-03-13,1,SR,3.4,86.2
2025-03-13,2,PQR,2.525,85.2
2025-03-13,2,NQR,0.682,48.2
2025-03-13,2,SR,3.654,114.7
2025-03-13,3,PQR,4.07,137.7
2025-03-13,3,NQR,0.54,36.2
2025-03-13,3,SR,2.728,134.4
2025-03-13,4,PQR,4.132,92.6
2025-03-13,4,NQR,2.992,45.9
2025-03-13,4,SR,8.493,111.1
2025-03-13,5,PQR,6.107,116.4
2025-03-13,5,NQR,1.386,38.5
2025-03-13,5,SR,5.811,152.9
2025-03-13,6,PQR,3.101,154.7
2025-03-13,6,NQR,1.844,44.3
2025-03-13,6,SR,7.72,136.6
2025-03-14,1,PQR,1.39,124.1
2025-03-14,1,NQR,0.875,44.1
2025-03-14,1,SR,3.16,100.7
2025-03-14,2,PQR,1.004,93.4
2025-03-14,2,NQR,0.927,52.5
2025-03-14,2,SR,2.799,147.7
2025-03-14,3,PQR,2.417,153.5
2025-03-14,3,NQR,2.588,29.5
2025-03-14,3,SR,5.735,132.7
2025-03-14,4,PQR,1.746,95.5
2025-03-14,4,NQR,2.439,28.3
2025-03-14,4,SR,7.846,79.9
2025-03-14,5,PQR,3.028,161.5
2025-03-14,5,NQR,4.795,51.2
2025-03-14,5,SR,15.013,111.9
2025-03-14,6,PQR,3.565,129.2
2025-03-14,6,NQR,0.721,37.7
2025-03-14,6,SR,3.643,131.0
2025-03-15,1,PQR,5.002,101.0
2025-03-15,1,NQR,1.357,49.5
2025-03-15,1,SR,3.795,131.2
2025-03-15,2,PQR,0.86,105.3
2025-03-15,2,NQR,2.418,32.9
2025-03-15,2,SR,2.89,77.6
2025-03-15,3,PQR,6.391,165.9
2025-03-15,3,NQR,3.657,47.1
2025-03-15,3,SR,5.01,79.7
2025-03-15,4,PQR,1.528,143.0
2025-03-15,4,NQR,2.13,42.7
2025-03-15,4,SR,5.05,130.3
2025-03-15,5,PQR,5.117,102.5
2025-03-15,5,NQR,1.051,37.3
2025-03-15,5,SR,8.393,122.4
2025-03-15,6,PQR,5.451,146.0
2025-03-15,6,NQR,2.068,38.3
2025-03-15,6,SR,3.188,96.3
2025-03-16,1,PQR,7.819,116.8
2025-03-16,1,NQR,2.242,43.3
2025-03-16,1,SR,4.055,108.7
2025-03-16,2,PQR,3.8,133.8
2025-03-16,2,NQR,2.069,41.6
2025-03-16,2,SR,1.748,125.9
2025-03-16,3,PQR,4.597,158.3
2025-03-16,3,NQR,1.399,32.0
2025-03-16,3,SR,2.381,96.8
2025-03-16,4,PQR,2.339,135.7
2025-03-16,4,NQR,1.568,47.7
2025-03-16,4,SR,3.161,140.9
2025-03-16,5,PQR,4.684,99.8
2025-03-16,5,NQR,2.894,36.4
2025-03-16,5,SR,7.769,87.5
2025-03-16,6,PQR,2.01,138.4
2025-03-16,6,NQR,3.301,50.6
2025-03-16,6,SR,10.762,96.8
2025-03-17,1,PQR,3.523,120.2
2025-03-17,1,NQR,0.664,55.1
2025-03-17,1,SR,1.891,88.4
2025-03-17,2,PQR,3.518,101.5
2025-03-17,2,NQR,1.253,50.0
2025-03-17,2,SR,4.305,92.1
2025-03-17,3,PQR,1.745,102.6
2025-03-17,3,NQR,0.907,44.2
2025-03-17,3,SR,4.733,126.5
2025-03-17,4,PQR,3.484,91.6
2025-03-17,4,NQR,1.868,34.8
2025-03-17,4,SR,4.477,145.8
2025-03-17,5,PQR,5.336,89.4
2025-03-17,5,NQR,1.366,35.1
2025-03-17,5,SR,5.786,119.1
2025-03-17,6,PQR,6.018,133.2
2025-03-17,6,NQR,1.304,54.7
2025-03-17,6,SR,4.85,91.6
2025-03-18,1,PQR,2.131,110.9
2025-03-18,1,NQR,1.854,30.2
2025-03-18,1,SR,5.361,146.4
2025-03-18,2,PQR,2.518,92.4
2025-03-18,2,NQR,0.691,41.2
2025-03-18,2,SR,4.575,97.7
2025-03-18,3,PQR,3.088,107.9
2025-03-18,3,NQR,5.759,41.3
2025-03-18,3,SR,1.451,126.3
2025-03-18,4,PQR,7.975,94.8
2025-03-18,4,NQR,0.952,40.6
2025-03-18,4,SR,2.317,79.1
2025-03-18,5,PQR,4.149,121.5
2025-03-18,5,NQR,1.521,37.4
2025-03-18,5,SR,7.213,145.4
2025-03-18,6,PQR,2.159,166.2
2025-03-18,6,NQR,2.616,50.2
2025-03-18,6,SR,2.576,113.1
2025-03-19,1,PQR,1.902,129.5
2025-03-19,1,NQR,1.133,29.4
2025-03-19,1,SR,5.268,105.3
2025-03-19,2,PQR,1.089,91.6
2025-03-19,2,NQR,1.065,29.4
2025-03-19,2,SR,4.737,83.5
2025-03-19,3,PQR,0.946,122.4
2025-03-19,3,NQR,1.716,51.8
2025-03-19,3,SR,5.169,119.2
2025-03-19,4,PQR,3.057,84.3
2025-03-19,4,NQR,0.899,30.3
2025-03-19,4,SR,2.368,113.1
2025-03-19,5,PQR,4.824,134.7
2025-03-19,5,NQR,2.517,37.9
2025-03-19,5,SR,3.102,79.1
2025-03-19,6,PQR,4.836,159.7
2025-03-19,6,NQR,2.982,35.6
2025-03-19,6,SR,1.868,100.7
2025-03-20,1,PQR,3.956,113.9
2025-03-20,1,NQR,3.023,52.2
2025-03-20,1,SR,2.68,146.9
2025-03-20,2,PQR,0.951,131.3
2025-03-20,2,NQR,0.6,52.4
2025-03-20,2,SR,2.736,92.3
2025-03-20,3,PQR,3.249,165.2
2025-03-20,3,NQR,1.696,52.7
2025-03-20,3,SR,1.776,101.1
2025-03-20,4,PQR,1.626,139.9
2025-03-20,4,NQR,2.489,39.4
2025-03-20,4,SR,3.512,152.0
2025-03-20,5,PQR,5.045,97.1
2025-03-20,5,NQR,7.571,51.2
2025-03-20,5,SR,3.6,148.0
2025-03-20,6,PQR,6.219,141.1
2025-03-20,6,NQR,1.364,28.7
2025-03-20,6,SR,3.617,123.2
2025-03-21,1,PQR,2.466,99.7
2025-03-21,1,NQR,0.574,47.2
2025-03-21,1,SR,2.678,136.3
2025-03-21,2,PQR,1.985,131.2
2025-03-21,2,NQR,1.457,47.8
2025-03-21,2,SR,3.087,82.8
2025-03-21,3,PQR,2.592,109.0
2025-03-21,3,NQR,1.258,34.6
2025-03-21,3,SR,2.826,96.3
2025-03-21,4,PQR,5.563,157.7
2025-03-21,4,NQR,0.778,32.5
2025-03-21,4,SR,9.482,86.1
2025-03-21,5,PQR,2.631,129.1
2025-03-21,5,NQR,1.328,42.0
2025-03-21,5,SR,5.424,85.7
2025-03-21,6,PQR,2.784,148.9
2025-03-21,6,NQR,0.737,39.5
2025-03-21,6,SR,2.731,153.0
2025-03-22,1,PQR,0.856,120.1
2025-03-22,1,NQR,0.62,53.6
2025-03-22,1,SR,2.504,145.4
2025-03-22,2,PQR,2.595,106.9
2025-03-22,2,NQR,0.724,30.9
2025-03-22,2,SR,0.904,137.7
2025-03-22,3,PQR,1.202,127.1
2025-03-22,3,NQR,0.786,51.0
2025-03-22,3,SR,2.775,100.7
2025-03-22,4,PQR,1.369,124.2
2025-03-22,4,NQR,1.213,31.4
2025-03-22,4,SR,10.049,113.6
2025-03-22,5,PQR,4.901,128.5
2025-03-22,5,NQR,2.604,46.2
2025-03-22,5,SR,6.301,83.7
2025-03-22,6,PQR,2.128,118.6
2025-03-22,6,NQR,2.23,46.5
2025-03-22,6,SR,4.411,85.0
2025-03-23,1,PQR,5.859,140.9
2025-03-23,1,NQR,1.164,32.6
2025-03-23,1,SR,5.218,96.0
2025-03-23,2,PQR,3.133,159.1
2025-03-23,2,NQR,1.783,33.0
2025-03-23,2,SR,2.988,104.2
2025-03-23,3,PQR,2.676,93.5
2025-03-23,3,NQR,1.824,34.6
2025-03-23,3,SR,4.798,127.5
2025-03-23,4,PQR,1.768,102.2
2025-03-23,4,NQR,2.223,50.9
2025-03-23,4,SR,5.152,149.3
2025-03-23,5,PQR,7.669,100.3
2025-03-23,5,NQR,3.034,51.6
2025-03-23,5,SR,7.845,78.8
2025-03-23,6,PQR,2.267,133.7
2025-03-23,6,NQR,1.126,54.0
2025-03-23,6,SR,5.784,129.6
2025-03-24,1,PQR,1.431,150.6
2025-03-24,1,NQR,2.728,49.8
2025-03-24,1,SR,6.727,153.3
2025-03-24,2,PQR,1.687,159.4
2025-03-24,2,NQR,0.854,39.3
2025-03-24,2,SR,1.087,139.6
2025-03-24,3,PQR,0.751,100.4
2025-03-24,3,NQR,0.674,40.6
2025-03-24,3,SR,1.839,133.2
2025-03-24,4,PQR,2.085,109.0
2025-03-24,4,NQR,1.959,36.7
2025-03-24,4,SR,1.376,107.7
2025-03-24,5,PQR,3.28,157.3
2025-03-24,5,NQR,2.345,36.2
2025-03-24,5,SR,5.875,109.1
2025-03-24,6,PQR,7.105,121.5
2025-03-24,6,NQR,2.657,43.4
2025-03-24,6,SR,2.327,137.3
2025-03-25,1,PQR,1.434,114.4
2025-03-25,1,NQR,1.555,48.3
2025-03-25,1,SR,3.969,78.1
2025-03-25,2,PQR,9.602,103.8
2025-03-25,2,NQR,1.299,38.3
2025-03-25,2,SR,3.122,123.4
2025-03-25,3,PQR,1.936,86.6
2025-03-25,3,NQR,1.688,36.3
2025-03-25,3,SR,4.155,105.2
2025-03-25,4,PQR,4.228,119.4
2025-03-25,4,NQR,1.838,33.5
2025-03-25,4,SR,7.593,100.9
2025-03-25,5,PQR,2.438,102.3
2025-03-25,5,NQR,3.359,54.7
2025-03-25,5,SR,4.186,147.8
2025-03-25,6,PQR,2.152,97.2
2025-03-25,6,NQR,2.547,42.5
2025-03-25,6,SR,4.921,116.3
2025-03-26,1,PQR,1.301,146.1
2025-03-26,1,NQR,3.034,52.5
2025-03-26,1,SR,3.188,141.7
2025-03-26,2,PQR,1.51,127.6
2025-03-26,2,NQR,0.879,29.5
2025-03-26,2,SR,2.099,110.3
2025-03-26,3,PQR,1.068,151.5
2025-03-26,3,NQR,1.015,36.6
2025-03-26,3,SR,1.145,144.1
2025-03-26,4,PQR,4.118,140.8
2025-03-26,4,NQR,1.428,30.7
2025-03-26,4,SR,3.721,114.4
2025-03-26,5,PQR,5.896,98.0
2025-03-26,5,NQR,3.092,39.3
2025-03-26,5,SR,5.848,126.6
2025-03-26,6,PQR,3.215,122.5
2025-03-26,6,NQR,1.165,48.1
2025-03-26,6,SR,6.739,91.7
2025-03-27,1,PQR,7.451,91.8
2025-03-27,1,NQR,1.257,41.8
2025-03-27,1,SR,4.211,85.7
2025-03-27,2,PQR,3.986,116.9
2025-03-27,2,NQR,2.496,45.8
2025-03-27,2,SR,2.456,124.0
2025-03-27,3,PQR,3.89,123.3
2025-03-27,3,NQR,0.957,32.3
2025-03-27,3,SR,5.235,133.2
2025-03-27,4,PQR,7.227,160.6
2025-03-27,4,NQR,1.738,28.6
2025-03-27,4,SR,3.964,99.6
2025-03-27,5,PQR,15.592,118.0
2025-03-27,5,NQR,3.98,44.5
2025-03-27,5,SR,17.191,128.4
2025-03-27,6,PQR,6.544,161.3
2025-03-27,6,NQR,2.624,49.8
2025-03-27,6,SR,3.552,90.4
2025-03-28,1,PQR,3.921,92.7
2025-03-28,1,NQR,1.844,53.1
2025-03-28,1,SR,2.457,132.7
2025-03-28,2,PQR,1.899,103.5
2025-03-28,2,NQR,0.934,37.7
2025-03-28,2,SR,5.524,150.0
2025-03-28,3,PQR,2.134,106.3
2025-03-28,3,NQR,0.778,33.0
2025-03-28,3,SR,4.165,116.6
2025-03-28,4,PQR,1.889,94.8
2025-03-28,4,NQR,2.426,47.5
2025-03-28,4,SR,3.819,125.2
2025-03-28,5,PQR,6.294,124.8
2025-03-28,5,NQR,1.826,35.4
2025-03-28,5,SR,7.819,113.0
2025-03-28,6,PQR,3.208,166.9
2025-03-28,6,NQR,0.599,55.3
2025-03-28,6,SR,6.516,82.7
2025-03-29,1,PQR,1.22,165.2
2025-03-29,1,NQR,0.791,45.7
2025-03-29,1,SR,3.902,119.7
2025-03-29,2,PQR,2.337,135.9
2025-03-29,2,NQR,0.46,39.8
2025-03-29,2,SR,1.339,111.5
2025-03-29,3,PQR,3.202,100.1
2025-03-29,3,NQR,1.232,30.0
2025-03-29,3,SR,1.85,102.5
2025-03-29,4,PQR,2.854,93.4
2025-03-29,4,NQR,0.789,48.0
2025-03-29,4,SR,1.621,127.7
2025-03-29,5,PQR,4.312,143.6
2025-03-29,5,NQR,0.847,32.1
2025-03-29,5,SR,5.949,102.7
2025-03-29,6,PQR,2.74,110.5
2025-03-29,6,NQR,1.489,28.9
2025-03-29,6,SR,2.96,135.7
2025-03-30,1,PQR,1.063,133.1
2025-03-30,1,NQR,0.601,53.9
2025-03-30,1,SR,2.593,113.3
2025-03-30,2,PQR,1.658,160.2
2025-03-30,2,NQR,0.402,49.7
2025-03-30,2,SR,1.703,117.0
2025-03-30,3,PQR,4.269,123.7
2025-03-30,3,NQR,1.353,34.5
2025-03-30,3,SR,2.159,119.4
2025-03-30,4,PQR,1.434,130.8
2025-03-30,4,NQR,0.944,55.4
2025-03-30,4,SR,6.077,119.1
2025-03-30,5,PQR,5.308,160.3
2025-03-30,5,NQR,1.768,48.9
2025-03-30,5,SR,7.084,98.3
2025-03-30,6,PQR,2.853,105.9
2025-03-30,6,NQR,0.752,36.1
2025-03-30,6,SR,5.418,95.9
2025-03-31,1,PQR,1.956,135.7
2025-03-31,1,NQR,1.299,49.9
2025-03-31,1,SR,3.842,94.3
2025-03-31,2,PQR,3.924,93.6
2025-03-31,2,NQR,0.668,28.5
2025-03-31,2,SR,1.682,135.6
2025-03-31,3,PQR,2.362,122.1
2025-03-31,3,NQR,1.348,51.9
2025-03-31,3,SR,1.744,119.4
2025-03-31,4,PQR,2.112,154.4
2025-03-31,4,NQR,0.85,37.5
2025-03-31,4,SR,9.408,106.2
2025-03-31,5,PQR,7.652,135.0
2025-03-31,5,NQR,1.245,48.3
2025-03-31,5,SR,3.597,94.7
2025-03-31,6,PQR,2.188,159.6
2025-03-31,6,NQR,2.489,40.8
2025-03-31,6,SR,4.471,112.4
2025-04-01,1,PQR,2.518,122.2
2025-04-01,1,NQR,3.209,40.4
2025-04-01,1,SR,11.249,90.8
2025-04-01,2,PQR,2.597,164.4
2025-04-01,2,NQR,1.467,47.9
2025-04-01,2,SR,1.927,127.6
2025-04-01,3,PQR,2.114,96.9
2025-04-01,3,NQR,1.928,31.8
2025-04-01,3,SR,3.525,89.4
2025-04-01,4,PQR,1.655,108.4
2025-04-01,4,NQR,2.11,50.9
2025-04-01,4,SR,3.491,81.6
2025-04-01,5,PQR,4.017,125.4
2025-04-01,5,NQR,2.511,52.9
2025-04-01,5,SR,6.735,140.9
2025-04-01,6,PQR,3.602,96.9
2025-04-01,6,NQR,1.546,32.5
2025-04-01,6,SR,2.172,107.1
2025-04-02,1,PQR,1.731,138.0
2025-04-02,1,NQR,1.013,35.1
2025-04-02,1,SR,3.691,146.2
2025-04-02,2,PQR,0.997,143.1
2025-04-02,2,NQR,0.723,44.7
2025-04-02,2,SR,0.739,117.2
2025-04-02,3,PQR,2.695,124.5
2025-04-02,3,NQR,2.566,53.9
2025-04-02,3,SR,4.996,122.6
2025-04-02,4,PQR,2.6,127.9
2025-04-02,4,NQR,0.842,44.3
2025-04-02,4,SR,1.914,151.6
2025-04-02,5,PQR,2.29,97.3
2025-04-02,5,NQR,1.865,46.5
2025-04-02,5,SR,3.525,153.5
2025-04-02,6,PQR,3.886,139.2
2025-04-02,6,NQR,1.571,44.8
2025-04-02,6,SR,2.465,141.5
2025-04-03,1,PQR,1.491,163.4
2025-04-03,1,NQR,0.936,46.3
2025-04-03,1,SR,1.19,135.8
2025-04-03,2,PQR,2.445,104.9
2025-04-03,2,NQR,2.152,33.7
2025-04-03,2,SR,1.465,88.3
2025-04-03,3,PQR,2.594,84.3
2025-04-03,3,NQR,1.034,42.6
2025-04-03,3,SR,1.318,138.5
2025-04-03,4,PQR,1.872,130.9
2025-04-03,4,NQR,0.993,37.9
2025-04-03,4,SR,4.452,143.1
2025-04-03,5,PQR,3.865,118.2
2025-04-03,5,NQR,2.598,47.0
2025-04-03,5,SR,4.528,149.2
2025-04-03,6,PQR,3.381,110.4
2025-04-03,6,NQR,1.978,35.4
2025-04-03,6,SR,1.942,146.9
2025-04-04,1,PQR,3.532,167.2
2025-04-04,1,NQR,1.114,37.4
2025-04-04,1,SR,4.309,112.0
2025-04-04,2,PQR,1.481,113.2
2025-04-04,2,NQR,0.676,55.6
2025-04-04,2,SR,1.844,85.6
2025-04-04,3,PQR,4.437,155.0
2025-04-04,3,NQR,2.403,44.3
2025-04-04,3,SR,1.42,95.9
2025-04-04,4,PQR,1.238,93.5
2025-04-04,4,NQR,1.544,37.5
2025-04-04,4,SR,0.942,147.1
2025-04-04,5,PQR,10.921,114.8
2025-04-04,5,NQR,2.885,48.6
2025-04-04,5,SR,5.39,82.8
2025-04-04,6,PQR,0.896,132.3
2025-04-04,6,NQR,2.054,45.8
2025-04-04,6,SR,3.81,133.3
2025-04-05,1,PQR,2.845,150.8
2025-04-05,1,NQR,1.219,31.4
2025-04-05,1,SR,2.792,115.7
2025-04-05,2,PQR,0.993,126.9
2025-04-05,2,NQR,2.543,29.7
2025-04-05,2,SR,3.313,88.9
2025-04-05,3,PQR,4.339,117.3
2025-04-05,3,NQR,1.454,41.3
2025-04-05,3,SR,10.201,142.9
2025-04-05,4,PQR,4.679,152.3
2025-04-05,4,NQR,0.928,50.1
2025-04-05,4,SR,5.538,107.7
2025-04-05,5,PQR,5.193,107.1
2025-04-05,5,NQR,1.899,34.0
2025-04-05,5,SR,4.608,98.4
2025-04-05,6,PQR,1.215,158.7
2025-04-05,6,NQR,1.68,47.3
2025-04-05,6,SR,1.612,109.4
2025-04-06,1,PQR,1.003,113.3
2025-04-06,1,NQR,1.262,43.3
2025-04-06,1,SR,0.807,125.2
2025-04-06,2,PQR,2.643,117.8
2025-04-06,2,NQR,0.75,28.8
2025-04-06,2,SR,1.507,153.1
2025-04-06,3,PQR,4.473,136.8
2025-04-06,3,NQR,0.904,37.3
2025-04-06,3,SR,2.059,133.3
2025-04-06,4,PQR,5.479,87.3
2025-04-06,4,NQR,1.336,34.8
2025-04-06,4,SR,3.484,107.8
2025-04-06,5,PQR,2.696,147.8
2025-04-06,5,NQR,2.411,37.9
2025-04-06,5,SR,6.631,140.6
2025-04-06,6,PQR,4.129,112.8
2025-04-06,6,NQR,0.468,31.2
2025-04-06,6,SR,3.983,108.8
2025-04-07,1,PQR,1.91,128.9
2025-04-07,1,NQR,0.778,44.5
2025-04-07,1,SR,2.532,104.1
2025-04-07,2,PQR,1.999,149.6
2025-04-07,2,NQR,2.271,52.6
2025-04-07,2,SR,2.013,100.4
2025-04-07,3,PQR,2.184,136.5
2025-04-07,3,NQR,1.043,47.4
2025-04-07,3,SR,2.748,82.4
2025-04-07,4,PQR,2.44,126.4
2025-04-07,4,NQR,3.03,29.7
2025-04-07,4,SR,6.796,79.5
2025-04-07,5,PQR,6.292,125.9
2025-04-07,5,NQR,4.086,38.8
2025-04-07,5,SR,11.789,114.5
2025-04-07,6,PQR,4.131,155.7
2025-04-07,6,NQR,2.107,53.0
2025-04-07,6,SR,2.723,131.7
2025-04-08,1,PQR,2.244,152.6
2025-04-08,1,NQR,1.246,45.4
2025-04-08,1,SR,1.713,105.5
2025-04-08,2,PQR,1.795,117.1
2025-04-08,2,NQR,1.475,34.1
2025-04-08,2,SR,4.484,123.3
2025-04-08,3,PQR,2.014,150.7
2025-04-08,3,NQR,1.218,49.4
2025-04-08,3,SR,5.769,122.1
2025-04-08,4,PQR,3.368,125.2
2025-04-08,4,NQR,1.485,38.7
2025-04-08,4,SR,3.405,129.8
2025-04-08,5,PQR,0.979,105.0
2025-04-08,5,NQR,3.399,54.3
2025-04-08,5,SR,6.023,130.4
2025-04-08,6,PQR,1.645,126.2
2025-04-08,6,NQR,2.196,51.1
2025-04-08,6,SR,6.331,113.0
2025-04-09,1,PQR,1.641,126.0
2025-04-09,1,NQR,1.527,52.2
2025-04-09,1,SR,1.976,77.4
2025-04-09,2,PQR,2.241,99.6
2025-04-09,2,NQR,0.513,37.3
2025-04-09,2,SR,2.898,99.7
2025-04-09,3,PQR,3.596,153.2
2025-04-09,3,NQR,2.797,55.0
2025-04-09,3,SR,3.705,81.5
2025-04-09,4,PQR,5.462,119.4
2025-04-09,4,NQR,2.564,48.4
2025-04-09,4,SR,5.841,108.1
2025-04-09,5,PQR,4.652,89.0
2025-04-09,5,NQR,1.683,40.3
2025-04-09,5,SR,7.893,130.3
2025-04-09,6,PQR,1.723,124.0
2025-04-09,6,NQR,3.012,44.7
2025-04-09,6,SR,2.372,150.9
2025-04-10,1,PQR,2.162,103.7
2025-04-10,1,NQR,1.058,50.1
2025-04-10,1,SR,4.648,106.6
2025-04-10,2,PQR,1.01,149.5
2025-04-10,2,NQR,0.886,37.1
2025-04-10,2,SR,1.781,138.3
2025-04-10,3,PQR,1.276,93.6
2025-04-10,3,NQR,1.166,48.6
2025-04-10,3,SR,6.624,142.9
2025-04-10,4,PQR,1.786,164.4
2025-04-10,4,NQR,0.806,46.0
2025-04-10,4,SR,3.677,121.3
2025-04-10,5,PQR,5.658,122.8
2025-04-10,5,NQR,1.241,47.6
2025-04-10,5,SR,4.61,151.4
2025-04-10,6,PQR,4.133,126.5
2025-04-10,6,NQR,0.728,46.0
2025-04-10,6,SR,1.974,90.3
2025-04-11,1,PQR,1.647,101.1
2025-04-11,1,NQR,1.888,41.4
2025-04-11,1,SR,7.534,140.8
2025-04-11,2,PQR,1.25,100.8
2025-04-11,2,NQR,1.985,49.8
2025-04-11,2,SR,4.632,151.2
2025-04-11,3,PQR,2.205,98.0
2025-04-11,3,NQR,0.765,29.4
2025-04-11,3,SR,2.849,123.6
2025-04-11,4,PQR,3.14,84.4
2025-04-11,4,NQR,1.02,54.8
2025-04-11,4,SR,2.968,135.0
2025-04-11,5,PQR,8.043,105.9
2025-04-11,5,NQR,1.849,52.8
2025-04-11,5,SR,5.652,138.6
2025-04-11,6,PQR,4.195,161.4
2025-04-11,6,NQR,1.067,51.4
2025-04-11,6,SR,2.421,131.0
2025-04-12,1,PQR,1.135,88.6
2025-04-12,1,NQR,0.956,44.5
2025-04-12,1,SR,2.502,101.3
2025-04-12,2,PQR,1.103,145.4
2025-04-12,2,NQR,0.803,34.1
2025-04-12,2,SR,2.631,126.2
2025-04-12,3,PQR,1.609,113.5
2025-04-12,3,NQR,0.801,35.4
2025-04-12,3,SR,2.752,106.1
2025-04-12,4,PQR,6.096,162.7
2025-04-12,4,NQR,1.99,46.2
2025-04-12,4,SR,4.399,89.0
2025-04-12,5,PQR,2.282,97.0
2025-04-12,5,NQR,2.731,32.2
2025-04-12,5,SR,5.208,132.9
2025-04-12,6,PQR,1.58,84.1
2025-04-12,6,NQR,1.343,39.4
2025-04-12,6,SR,4.114,127.3
2025-04-13,1,PQR,1.579,97.1
2025-04-13,1,NQR,0.726,37.1
2025-04-13,1,SR,5.887,86.9
2025-04-13,2,PQR,1.981,148.4
2025-04-13,2,NQR,1.836,28.6
2025-04-13,2,SR,1.968,143.3
2025-04-13,3,PQR,1.74,119.0
2025-04-13,3,NQR,0.599,47.7
2025-04-13,3,SR,1.748,152.9
2025-04-13,4,PQR,2.651,121.2
2025-04-13,4,NQR,0.897,44.8
2025-04-13,4,SR,2.873,117.3
2025-04-13,5,PQR,2.771,90.7
2025-04-13,5,NQR,1.436,43.4
2025-04-13,5,SR,10.217,94.8
2025-04-13,6,PQR,3.278,89.1
2025-04-13,6,NQR,1.67,34.4
2025-04-13,6,SR,8.658,98.1
2025-04-14,1,PQR,4.236,123.5
2025-04-14,1,NQR,0.757,31.1
2025-04-14,1,SR,4.587,108.7
2025-04-14,2,PQR,1.441,160.1
2025-04-14,2,NQR,0.487,28.2
2025-04-14,2,SR,3.989,145.4
2025-04-14,3,PQR,1.796,98.1
2025-04-14,3,NQR,0.96,45.4
2025-04-14,3,SR,2.777,82.1
2025-04-14,4,PQR,4.916,90.1
2025-04-14,4,NQR,2.543,45.0
2025-04-14,4,SR,4.847,145.4
2025-04-14,5,PQR,2.172,97.4
2025-04-14,5,NQR,5.557,30.0
2025-04-14,5,SR,3.144,115.2
2025-04-14,6,PQR,0.899,134.2
2025-04-14,6,NQR,1.634,50.5
2025-04-14,6,SR,4.208,149.4
2025-04-15,1,PQR,2.637,105.2
2025-04-15,1,NQR,1.286,39.6
2025-04-15,1,SR,1.772,107.5
2025-04-15,2,PQR,4.469,97.2
2025-04-15,2,NQR,1.742,35.5
2025-04-15,2,SR,3.252,110.0
2025-04-15,3,PQR,5.145,145.2
2025-04-15,3,NQR,1.548,37.5
2025-04-15,3,SR,3.731,114.5
2025-04-15,4,PQR,3.86,123.1
2025-04-15,4,NQR,0.984,43.9
2025-04-15,4,SR,5.577,125.7
2025-04-15,5,PQR,4.533,157.8
2025-04-15,5,NQR,3.298,43.1
2025-04-15,5,SR,5.835,138.0
2025-04-15,6,PQR,1.879,96.2
2025-04-15,6,NQR,3.767,42.6
2025-04-15,6,SR,4.336,118.8
2025-04-16,1,PQR,2.691,126.3
2025-04-16,1,NQR,0.959,33.0
2025-04-16,1,SR,5.732,99.2
2025-04-16,2,PQR,1.65,165.7
2025-04-16,2,NQR,1.64,53.2
2025-04-16,2,SR,2.051,112.6
2025-04-16,3,PQR,1.133,141.9
2025-04-16,3,NQR,0.733,46.2
2025-04-16,3,SR,3.692,151.2
2025-04-16,4,PQR,3.237,84.4
2025-04-16,4,NQR,0.897,55.9
2025-04-16,4,SR,4.068,82.2
2025-04-16,5,PQR,4.962,167.6
2025-04-16,5,NQR,1.687,32.1
2025-04-16,5,SR,7.066,132.8
2025-04-16,6,PQR,5.93,86.7
2025-04-16,6,NQR,1.28,44.9
2025-04-16,6,SR,7.363,91.7
2025-04-17,1,PQR,0.913,101.8
2025-04-17,1,NQR,1.019,28.4
2025-04-17,1,SR,3.363,114.7
2025-04-17,2,PQR,1.156,115.7
2025-04-17,2,NQR,0.99,28.2
2025-04-17,2,SR,4.168,105.6
2025-04-17,3,PQR,0.973,103.7
2025-04-17,3,NQR,2.062,44.8
2025-04-17,3,SR,10.013,141.0
2025-04-17,4,PQR,1.928,164.9
2025-04-17,4,NQR,1.93,53.6
2025-04-17,4,SR,8.66,144.7
2025-04-17,5,PQR,7.582,167.7
2025-04-17,5,NQR,0.878,51.0
2025-04-17,5,SR,4.149,78.9
2025-04-17,6,PQR,4.932,126.5
2025-04-17,6,NQR,2.535,53.9
2025-04-17,6,SR,5.121,116.8
2025-04-18,1,PQR,1.36,140.8
2025-04-18,1,NQR,1.645,53.1
2025-04-18,1,SR,2.308,117.1
2025-04-18,2,PQR,2.144,146.3
2025-04-18,2,NQR,0.581,46.7
2025-04-18,2,SR,3.144,105.9
2025-04-18,3,PQR,2.012,94.1
2025-04-18,3,NQR,1.309,30.9
2025-04-18,3,SR,2.876,128.5
2025-04-18,4,PQR,3.243,163.8
2025-04-18,4,NQR,1.198,42.1
2025-04-18,4,SR,2.355,77.4
2025-04-18,5,PQR,7.366,103.8
2025-04-18,5,NQR,1.653,45.6
2025-04-18,5,SR,9.34,153.9
2025-04-18,6,PQR,2.665,119.9
2025-04-18,6,NQR,0.994,32.2
2025-04-18,6,SR,1.61,126.4
2025-04-19,1,PQR,1.475,122.4
2025-04-19,1,NQR,1.679,49.8
2025-04-19,1,SR,5.046,149.0
2025-04-19,2,PQR,2.622,88.6
2025-04-19,2,NQR,0.192,49.1
2025-04-19,2,SR,1.816,79.1
2025-04-19,3,PQR,1.609,127.3
2025-04-19,3,NQR,3.628,40.4
2025-04-19,3,SR,2.712,146.9
2025-04-19,4,PQR,3.069,156.2
2025-04-19,4,NQR,1.336,39.3
2025-04-19,4,SR,4.076,126.2
2025-04-19,5,PQR,1.556,105.8
2025-04-19,5,NQR,1.273,43.8
2025-04-19,5,SR,7.709,88.4
2025-04-19,6,PQR,4.596,149.7
2025-04-19,6,NQR,1.708,41.4
2025-04-19,6,SR,4.757,78.4
2025-04-20,1,PQR,1.318,110.7
2025-04-20,1,NQR,1.059,54.7
2025-04-20,1,SR,3.009,127.2
2025-04-20,2,PQR,2.51,142.6
2025-04-20,2,NQR,2.479,40.2
2025-04-20,2,SR,2.251,108.0
2025-04-20,3,PQR,1.288,153.3
2025-04-20,3,NQR,1.526,50.9
2025-04-20,3,SR,2.923,124.3
2025-04-20,4,PQR,2.142,139.0
2025-04-20,4,NQR,0.893,29.8
2025-04-20,4,SR,4.959,145.3
2025-04-20,5,PQR,7.499,122.0
2025-04-20,5,NQR,4.314,44.6
2025-04-20,5,SR,4.323,153.7
2025-04-20,6,PQR,3.292,103.6
2025-04-20,6,NQR,1.503,44.6
2025-04-20,6,SR,5.316,86.0
2025-04-21,1,PQR,1.458,99.6
2025-04-21,1,NQR,2.04,54.7
2025-04-21,1,SR,1.349,105.8
2025-04-21,2,PQR,2.017,151.1
2025-04-21,2,NQR,1.173,37.2
2025-04-21,2,SR,4.148,107.7
2025-04-21,3,PQR,2.519,90.2
2025-04-21,3,NQR,2.112,54.0
2025-04-21,3,SR,2.382,144.7
2025-04-21,4,PQR,3.155,108.6
2025-04-21,4,NQR,0.937,54.3
2025-04-21,4,SR,6.342,105.2
2025-04-21,5,PQR,2.451,161.2
2025-04-21,5,NQR,2.467,38.7
2025-04-21,5,SR,7.073,102.3
2025-04-21,6,PQR,2.834,97.4
2025-04-21,6,NQR,2.015,48.2
2025-04-21,6,SR,3.755,78.8
2025-04-22,1,PQR,0.968,122.5
2025-04-22,1,NQR,0.78,43.2
2025-04-22,1,SR,1.687,147.2
2025-04-22,2,PQR,1.592,113.8
2025-04-22,2,NQR,2.636,29.0
2025-04-22,2,SR,2.615,98.5
2025-04-22,3,PQR,1.825,114.1
2025-04-22,3,NQR,1.687,53.7
2025-04-22,3,SR,2.374,108.2
2025-04-22,4,PQR,1.624,92.1
2025-04-22,4,NQR,0.994,48.9
2025-04-22,4,SR,5.437,104.3
2025-04-22,5,PQR,4.895,112.1
2025-04-22,5,NQR,1.663,48.4
2025-04-22,5,SR,11.866,123.6
2025-04-22,6,PQR,3.218,101.0
2025-04-22,6,NQR,1.356,43.0
2025-04-22,6,SR,2.419,142.3
2025-04-23,1,PQR,1.768,123.5
2025-04-23,1,NQR,3.159,41.8
2025-04-23,1,SR,3.208,117.0
2025-04-23,2,PQR,0.709,115.5
2025-04-23,2,NQR,0.655,38.6
2025-04-23,2,SR,1.893,107.1
2025-04-23,3,PQR,2.404,99.4
2025-04-23,3,NQR,1.632,44.0
2025-04-23,3,SR,2.041,131.9
2025-04-23,4,PQR,2.399,90.0
2025-04-23,4,NQR,0.97,38.0
2025-04-23,4,SR,16.453,111.7
2025-04-23,5,PQR,4.953,166.2
2025-04-23,5,NQR,1.098,42.5
2025-04-23,5,SR,11.95,121.9
2025-04-23,6,PQR,2.561,151.1
2025-04-23,6,NQR,0.986,48.1
2025-04-23,6,SR,4.21,118.5
2025-04-24,1,PQR,2.393,110.6
2025-04-24,1,NQR,0.318,55.3
2025-04-24,1,SR,2.103,79.3
2025-04-24,2,PQR,1.656,143.8
2025-04-24,2,NQR,0.802,42.3
2025-04-24,2,SR,3.798,94.5
2025-04-24,3,PQR,4.745,142.1
2025-04-24,3,NQR,0.912,39.9
2025-04-24,3,SR,4.362,105.1
2025-04-24,4,PQR,2.194,145.5
2025-04-24,4,NQR,1.077,55.5
2025-04-24,4,SR,2.62,110.1
2025-04-24,5,PQR,1.574,157.1
2025-04-24,5,NQR,1.363,29.6
2025-04-24,5,SR,5.08,118.0
2025-04-24,6,PQR,1.855,136.5
2025-04-24,6,NQR,0.615,39.1
2025-04-24,6,SR,4.198,117.2
2025-04-25,1,PQR,3.551,118.0
2025-04-25,1,NQR,1.649,38.3
2025-04-25,1,SR,5.377,136.3
2025-04-25,2,PQR,0.846,128.2
2025-04-25,2,NQR,1.881,45.3
2025-04-25,2,SR,3.488,105.0
2025-04-25,3,PQR,2.005,122.1
2025-04-25,3,NQR,1.462,34.1
2025-04-25,3,SR,7.209,133.6
2025-04-25,4,PQR,4.98,105.7
2025-04-25,4,NQR,1.434,53.4
2025-04-25,4,SR,4.724,99.9
2025-04-25,5,PQR,6.902,161.1
2025-04-25,5,NQR,4.698,54.5
2025-04-25,5,SR,6.788,153.5
2025-04-25,6,PQR,2.442,95.6
2025-04-25,6,NQR,1.23,51.7
2025-04-25,6,SR,1.494,120.5
2025-04-26,1,PQR,0.676,133.5
2025-04-26,1,NQR,2.242,39.7
2025-04-26,1,SR,4.484,117.4
2025-04-26,2,PQR,1.294,93.9
2025-04-26,2,NQR,1.187,37.1
2025-04-26,2,SR,3.036,110.6
2025-04-26,3,PQR,1.582,116.7
2025-04-26,3,NQR,1.57,34.3
2025-04-26,3,SR,1.658,149.7
2025-04-26,4,PQR,5.275,89.2
2025-04-26,4,NQR,4.441,46.8
2025-04-26,4,SR,4.398,133.8
2025-04-26,5,PQR,7.762,96.2
2025-04-26,5,NQR,1.75,34.2
2025-04-26,5,SR,1.954,79.7
2025-04-26,6,PQR,3.525,145.4
2025-04-26,6,NQR,3.093,28.5
2025-04-26,6,SR,1.496,108.6
2025-04-27,1,PQR,1.425,140.8
2025-04-27,1,NQR,1.366,33.4
2025-04-27,1,SR,4.182,142.7
2025-04-27,2,PQR,0.875,133.7
2025-04-27,2,NQR,0.703,52.6
2025-04-27,2,SR,2.392,132.3
2025-04-27,3,PQR,2.333,136.4
2025-04-27,3,NQR,1.804,37.6
2025-04-27,3,SR,3.606,146.3
2025-04-27,4,PQR,3.694,126.9
2025-04-27,4,NQR,0.522,51.9
2025-04-27,4,SR,3.746,87.8
2025-04-27,5,PQR,2.322,100.9
2025-04-27,5,NQR,0.586,39.1
2025-04-27,5,SR,2.663,120.2
2025-04-27,6,PQR,1.97,114.9
2025-04-27,6,NQR,1.653,44.8
2025-04-27,6,SR,5.103,108.9
2025-04-28,1,PQR,1.564,109.3
2025-04-28,1,NQR,0.768,32.9
2025-04-28,1,SR,3.465,79.4
2025-04-28,2,PQR,1.161,138.9
2025-04-28,2,NQR,0.897,54.1
2025-04-28,2,SR,2.875,123.8
2025-04-28,3,PQR,1.285,166.3
2025-04-28,3,NQR,1.169,47.1
2025-04-28,3,SR,2.702,102.0
2025-04-28,4,PQR,1.352,141.1
2025-04-28,4,NQR,2.68,52.1
2025-04-28,4,SR,7.217,125.1
2025-04-28,5,PQR,2.622,86.5
2025-04-28,5,NQR,1.026,40.1
2025-04-28,5,SR,10.239,134.9
2025-04-28,6,PQR,2.627,91.3
2025-04-28,6,NQR,1.137,48.9
2025-04-28,6,SR,1.883,78.2
2025-04-29,1,PQR,1.619,109.0
2025-04-29,1,NQR,1.047,48.0
2025-04-29,1,SR,2.866,87.5
2025-04-29,2,PQR,2.34,92.7
2025-04-29,2,NQR,1.319,43.0
2025-04-29,2,SR,1.129,125.9
2025-04-29,3,PQR,0.787,167.9
2025-04-29,3,NQR,1.629,30.2
2025-04-29,3,SR,3.817,91.2
2025-04-29,4,PQR,3.527,155.3
2025-04-29,4,NQR,1.603,41.0
2025-04-29,4,SR,2.438,91.8
2025-04-29,5,PQR,3.502,95.6
2025-04-29,5,NQR,1.92,55.6
2025-04-29,5,SR,3.557,92.1
2025-04-29,6,PQR,2.422,119.6
2025-04-29,6,NQR,0.716,33.4
2025-04-29,6,SR,3.426,121.8
2025-04-30,1,PQR,1.642,167.9
2025-04-30,1,NQR,3.829,42.6
2025-04-30,1,SR,1.915,137.9
2025-04-30,2,PQR,1.806,86.8
2025-04-30,2,NQR,1.536,38.5
2025-04-30,2,SR,1.264,83.5
2025-04-30,3,PQR,1.829,126.7
2025-04-30,3,NQR,4.083,32.1
2025-04-30,3,SR,3.035,79.1
2025-04-30,4,PQR,2.097,157.9
2025-04-30,4,NQR,1.026,55.3
2025-04-30,4,SR,5.883,79.5
2025-04-30,5,PQR,3.592,138.7
2025-04-30,5,NQR,1.734,42.2
2025-04-30,5,SR,4.774,144.7
2025-04-30,6,PQR,1.36,155.0
2025-04-30,6,NQR,1.865,34.1
2025-04-30,6,SR,4.79,98.4
2025-05-01,1,PQR,2.947,107.6
2025-05-01,1,NQR,3.847,49.8
2025-05-01,1,SR,1.853,98.6
2025-05-01,2,PQR,2.761,113.6
2025-05-01,2,NQR,0.964,43.1
2025-05-01,2,SR,1.17,133.0
2025-05-01,3,PQR,1.751,144.6
2025-05-01,3,NQR,0.994,28.1
2025-05-01,3,SR,0.575,141.0
2025-05-01,4,PQR,1.19,106.0
2025-05-01,4,NQR,1.535,54.3
2025-05-01,4,SR,2.475,78.2
2025-05-01,5,PQR,5.833,128.5
2025-05-01,5,NQR,4.237,29.8
2025-05-01,5,SR,16.048,110.5
2025-05-01,6,PQR,3.542,106.1
2025-05-01,6,NQR,1.498,45.2
2025-05-01,6,SR,8.762,137.0
2025-05-02,1,PQR,3.681,160.5
2025-05-02,1,NQR,1.308,28.4
2025-05-02,1,SR,7.074,149.5
2025-05-02,2,PQR,1.044,152.6
2025-05-02,2,NQR,1.292,32.8
2025-05-02,2,SR,1.761,136.1
2025-05-02,3,PQR,1.442,118.3
2025-05-02,3,NQR,2.34,47.5
2025-05-02,3,SR,2.312,98.8
2025-05-02,4,PQR,1.669,152.9
2025-05-02,4,NQR,3.923,44.0
2025-05-02,4,SR,3.131,111.4
2025-05-02,5,PQR,1.604,140.4
2025-05-02,5,NQR,1.142,34.0
2025-05-02,5,SR,8.95,124.3
2025-05-02,6,PQR,5.038,111.7
2025-05-02,6,NQR,0.985,53.7
2025-05-02,6,SR,2.58,96.8
2025-05-03,1,PQR,1.477,143.9
2025-05-03,1,NQR,0.799,37.5
2025-05-03,1,SR,1.464,128.1
2025-05-03,2,PQR,1.401,115.2
2025-05-03,2,NQR,3.137,33.5
2025-05-03,2,SR,1.698,139.4
2025-05-03,3,PQR,0.831,157.1
2025-05-03,3,NQR,0.728,31.2
2025-05-03,3,SR,5.768,149.1
2025-05-03,4,PQR,5.196,121.0
2025-05-03,4,NQR,1.649,54.4
2025-05-03,4,SR,3.1,92.0
2025-05-03,5,PQR,1.821,143.2
2025-05-03,5,NQR,3.936,45.7
2025-05-03,5,SR,7.828,87.7
2025-05-03,6,PQR,2.846,93.1
2025-05-03,6,NQR,1.457,50.4
2025-05-03,6,SR,1.521,120.3
2025-05-04,1,PQR,2.026,165.5
2025-05-04,1,NQR,0.84,52.4
2025-05-04,1,SR,2.298,85.3
2025-05-04,2,PQR,1.938,145.7
2025-05-04,2,NQR,0.706,46.6
2025-05-04,2,SR,2.718,122.1
2025-05-04,3,PQR,1.208,156.8
2025-05-04,3,NQR,0.844,49.1
2025-05-04,3,SR,1.824,78.1
2025-05-04,4,PQR,2.079,157.6
2025-05-04,4,NQR,0.822,34.5
2025-05-04,4,SR,2.772,139.9
2025-05-04,5,PQR,2.701,121.9
2025-05-04,5,NQR,1.65,39.4
2025-05-04,5,SR,1.754,83.9
2025-05-04,6,PQR,4.371,137.1
2025-05-04,6,NQR,3.039,34.5
2025-05-04,6,SR,3.442,110.4
2025-05-05,1,PQR,4.087,158.6
2025-05-05,1,NQR,1.243,37.8
2025-05-05,1,SR,7.096,122.6
2025-05-05,2,PQR,1.793,115.3
2025-05-05,2,NQR,0.971,53.7
2025-05-05,2,SR,2.205,84.4
2025-05-05,3,PQR,1.237,85.9
2025-05-05,3,NQR,1.632,35.4
2025-05-05,3,SR,1.849,126.8
2025-05-05,4,PQR,1.938,160.3
2025-05-05,4,NQR,1.142,41.0
2025-05-05,4,SR,6.11,120.6
2025-05-05,5,PQR,5.073,111.5
2025-05-05,5,NQR,1.629,49.8
2025-05-05,5,SR,1.653,93.1
2025-05-05,6,PQR,0.796,159.4
2025-05-05,6,NQR,1.441,55.1
2025-05-05,6,SR,3.332,132.1
2025-05-06,1,PQR,2.519,128.3
2025-05-06,1,NQR,2.628,39.3
2025-05-06,1,SR,4.651,81.7
2025-05-06,2,PQR,1.095,126.9
2025-05-06,2,NQR,0.355,54.1
2025-05-06,2,SR,3.697,112.1
2025-05-06,3,PQR,2.092,110.2
2025-05-06,3,NQR,0.783,39.3
2025-05-06,3,SR,6.391,104.6
2025-05-06,4,PQR,3.122,162.7
2025-05-06,4,NQR,0.593,29.4
2025-05-06,4,SR,3.151,145.7
2025-05-06,5,PQR,4.739,84.8
2025-05-06,5,NQR,1.83,31.5
2025-05-06,5,SR,3.191,88.2
2025-05-06,6,PQR,3.622,143.3
2025-05-06,6,NQR,0.981,34.6
2025-05-06,6,SR,2.019,100.3
2025-05-07,1,PQR,0.689,140.0
2025-05-07,1,NQR,1.484,46.3
2025-05-07,1,SR,3.593,113.3
2025-05-07,2,PQR,2.316,106.2
2025-05-07,2,NQR,0.665,46.0
2025-05-07,2,SR,3.673,114.6
2025-05-07,3,PQR,1.649,149.6
2025-05-07,3,NQR,1.686,31.1
2025-05-07,3,SR,4.589,102.2
2025-05-07,4,PQR,3.011,141.6
2025-05-07,4,NQR,4.563,48.5
2025-05-07,4,SR,12.308,121.3
2025-05-07,5,PQR,3.685,86.4
2025-05-07,5,NQR,1.544,43.1
2025-05-07,5,SR,3.049,131.5
2025-05-07,6,PQR,3.541,115.1
2025-05-07,6,NQR,1.945,44.7
2025-05-07,6,SR,1.627,82.9
2025-05-08,1,PQR,1.279,142.3
2025-05-08,1,NQR,1.147,53.9
2025-05-08,1,SR,1.934,111.9
2025-05-08,2,PQR,0.731,158.7
2025-05-08,2,NQR,0.944,33.9
2025-05-08,2,SR,4.85,127.6
2025-05-08,3,PQR,3.067,104.4
2025-05-08,3,NQR,0.803,42.8
2025-05-08,3,SR,1.939,124.1
2025-05-08,4,PQR,1.985,139.4
2025-05-08,4,NQR,1.002,29.5
2025-05-08,4,SR,2.443,115.8
2025-05-08,5,PQR,4.392,147.7
2025-05-08,5,NQR,1.224,35.4
2025-05-08,5,SR,6.669,103.2
2025-05-08,6,PQR,0.771,155.0
2025-05-08,6,NQR,1.204,48.6
2025-05-08,6,SR,5.683,78.6
2025-05-09,1,PQR,3.191,85.5
2025-05-09,1,NQR,1.261,29.9
2025-05-09,1,SR,1.213,131.5
2025-05-09,2,PQR,2.645,134.1
2025-05-09,2,NQR,1.082,30.6
2025-05-09,2,SR,3.725,131.7
2025-05-09,3,PQR,1.305,165.7
2025-05-09,3,NQR,1.713,32.2
2025-05-09,3,SR,1.809,137.7
2025-05-09,4,PQR,5.318,162.4
2025-05-09,4,NQR,1.305,43.8
2025-05-09,4,SR,3.634,141.9
2025-05-09,5,PQR,5.321,148.3
2025-05-09,5,NQR,1.493,32.9
2025-05-09,5,SR,2.775,141.5
2025-05-09,6,PQR,2.069,84.3
2025-05-09,6,NQR,3.012,45.1
2025-05-09,6,SR,7.713,144.7
2025-05-10,1,PQR,3.265,119.2
2025-05-10,1,NQR,0.43,43.5
2025-05-10,1,SR,2.643,93.2
2025-05-10,2,PQR,2.529,119.3
2025-05-10,2,NQR,0.507,52.3
2025-05-10,2,SR,4.019,142.3
2025-05-10,3,PQR,3.149,157.2
2025-05-10,3,NQR,1.037,50.8
2025-05-10,3,SR,2.711,133.8
2025-05-10,4,PQR,2.315,125.1
2025-05-10,4,NQR,1.068,45.7
2025-05-10,4,SR,2.674,113.6
2025-05-10,5,PQR,3.516,154.0
2025-05-10,5,NQR,2.384,35.0
2025-05-10,5,SR,5.025,135.3
2025-05-10,6,PQR,1.953,123.2
2025-05-10,6,NQR,1.28,29.5
2025-05-10,6,SR,1.642,94.3
2025-05-11,1,PQR,1.494,165.7
2025-05-11,1,NQR,0.522,46.5
2025-05-11,1,SR,3.578,102.9
2025-05-11,2,PQR,1.419,150.6
2025-05-11,2,NQR,1.821,47.8
2025-05-11,2,SR,2.259,97.5
2025-05-11,3,PQR,1.529,163.3
2025-05-11,3,NQR,1.289,45.3
2025-05-11,3,SR,1.733,114.3
2025-05-11,4,PQR,2.402,87.6
2025-05-11,4,NQR,2.346,39.2
2025-05-11,4,SR,3.291,81.3
2025-05-11,5,PQR,3.027,117.5
2025-05-11,5,NQR,1.587,33.5
2025-05-11,5,SR,2.978,145.9
2025-05-11,6,PQR,6.512,132.8
2025-05-11,6,NQR,0.584,44.9
2025-05-11,6,SR,5.808,124.6
2025-05-12,1,PQR,0.471,121.5
2025-05-12,1,NQR,1.987,55.8
2025-05-12,1,SR,1.126,133.9
2025-05-12,2,PQR,1.951,111.6
2025-05-12,2,NQR,0.939,45.6
2025-05-12,2,SR,1.759,142.5
2025-05-12,3,PQR,2.815,98.7
2025-05-12,3,NQR,0.962,36.3
2025-05-12,3,SR,6.543,105.5
2025-05-12,4,PQR,2.138,153.6
2025-05-12,4,NQR,0.389,55.6
2025-05-12,4,SR,6.476,150.9
2025-05-12,5,PQR,7.792,137.8
2025-05-12,5,NQR,1.619,30.2
2025-05-12,5,SR,4.859,148.2
2025-05-12,6,PQR,1.751,118.8
2025-05-12,6,NQR,1.667,49.3
2025-05-12,6,SR,3.634,87.9
2025-05-13,1,PQR,2.567,151.6
2025-05-13,1,NQR,1.228,50.0
2025-05-13,1,SR,2.298,139.8
2025-05-13,2,PQR,0.816,88.3
2025-05-13,2,NQR,1.241,41.3
2025-05-13,2,SR,1.881,80.7
2025-05-13,3,PQR,2.737,85.8
2025-05-13,3,NQR,1.122,53.7
2025-05-13,3,SR,4.25,105.4
2025-05-13,4,PQR,1.805,154.8
2025-05-13,4,NQR,1.702,54.8
2025-05-13,4,SR,2.38,144.0
2025-05-13,5,PQR,3.592,166.2
2025-05-13,5,NQR,1.358,50.1
2025-05-13,5,SR,5.951,131.8
2025-05-13,6,PQR,2.219,111.5
2025-05-13,6,NQR,1.278,29.1
2025-05-13,6,SR,2.033,145.9
2025-05-14,1,PQR,1.052,134.2
2025-05-14,1,NQR,1.372,41.9
2025-05-14,1,SR,1.798,131.6
2025-05-14,2,PQR,1.288,132.3
2025-05-14,2,NQR,1.638,37.0
2025-05-14,2,SR,1.206,106.2
2025-05-14,3,PQR,1.573,133.7
2025-05-14,3,NQR,0.885,31.4
2025-05-14,3,SR,1.855,81.1
2025-05-14,4,PQR,3.439,125.0
2025-05-14,4,NQR,1.865,38.8
2025-05-14,4,SR,3.422,139.7
2025-05-14,5,PQR,4.241,130.9
2025-05-14,5,NQR,1.422,28.5
2025-05-14,5,SR,4.86,147.9
2025-05-14,6,PQR,3.336,117.0
2025-05-14,6,NQR,2.269,51.8
2025-05-14,6,SR,5.439,133.7
2025-05-15,1,PQR,2.765,109.3
2025-05-15,1,NQR,0.268,49.2
2025-05-15,1,SR,2.216,115.2
2025-05-15,2,PQR,0.791,147.6
2025-05-15,2,NQR,2.318,30.0
2025-05-15,2,SR,4.692,118.9
2025-05-15,3,PQR,1.389,167.9
2025-05-15,3,NQR,1.059,47.4
2025-05-15,3,SR,3.076,145.2
2025-05-15,4,PQR,1.692,154.6
2025-05-15,4,NQR,0.899,48.5
2025-05-15,4,SR,3.005,102.3
2025-05-15,5,PQR,1.299,127.3
2025-05-15,5,NQR,2.997,50.3
2025-05-15,5,SR,4.746,118.9
2025-05-15,6,PQR,2.28,111.9
2025-05-15,6,NQR,1.321,32.6
2025-05-15,6,SR,3.534,147.4
2025-05-16,1,PQR,2.465,109.5
2025-05-16,1,NQR,1.85,55.8
2025-05-16,1,SR,3.79,148.4
2025-05-16,2,PQR,0.859,167.8
2025-05-16,2,NQR,0.324,54.6
2025-05-16,2,SR,2.896,85.4
2025-05-16,3,PQR,1.458,99.7
2025-05-16,3,NQR,2.965,33.9
2025-05-16,3,SR,1.562,107.8
2025-05-16,4,PQR,3.94,117.8
2025-05-16,4,NQR,1.66,29.2
2025-05-16,4,SR,2.51,103.1
2025-05-16,5,PQR,2.04,159.7
2025-05-16,5,NQR,0.854,31.5
2025-05-16,5,SR,1.652,151.3
2025-05-16,6,PQR,2.28,119.7
2025-05-16,6,NQR,1.188,43.8
2025-05-16,6,SR,9.803,116.5
2025-05-17,1,PQR,2.948,141.4
2025-05-17,1,NQR,0.447,44.2
2025-05-17,1,SR,2.3,146.9
2025-05-17,2,PQR,1.896,159.3
2025-05-17,2,NQR,0.632,37.2
2025-05-17,2,SR,4.63,134.8
2025-05-17,3,PQR,1.229,154.7
2025-05-17,3,NQR,1.056,41.8
2025-05-17,3,SR,5.025,102.8
2025-05-17,4,PQR,1.755,114.9
2025-05-17,4,NQR,2.337,28.7
2025-05-17,4,SR,4.233,103.3
2025-05-17,5,PQR,2.703,105.7
2025-05-17,5,NQR,1.643,50.5
2025-05-17,5,SR,5.869,106.2
2025-05-17,6,PQR,2.215,160.2
2025-05-17,6,NQR,0.308,50.9
2025-05-17,6,SR,3.738,120.8
2025-05-18,1,PQR,0.805,100.3
2025-05-18,1,NQR,1.194,52.0
2025-05-18,1,SR,3.531,151.8
2025-05-18,2,PQR,1.555,96.5
2025-05-18,2,NQR,0.438,29.5
2025-05-18,2,SR,1.737,112.7
2025-05-18,3,PQR,2.501,103.1
2025-05-18,3,NQR,1.636,28.3
2025-05-18,3,SR,2.809,136.1
2025-05-18,4,PQR,3.127,133.2
2025-05-18,4,NQR,1.047,34.9
2025-05-18,4,SR,2.674,139.4
2025-05-18,5,PQR,3.691,133.3
2025-05-18,5,NQR,1.714,37.6
2025-05-18,5,SR,2.598,143.9
2025-05-18,6,PQR,2.7,86.3
2025-05-18,6,NQR,1.045,41.8
2025-05-18,6,SR,5.096,120.8
2025-05-19,1,PQR,1.453,111.1
2025-05-19,1,NQR,0.489,54.0
2025-05-19,1,SR,3.642,117.6
2025-05-19,2,PQR,1.023,128.6
2025-05-19,2,NQR,0.983,49.5
2025-05-19,2,SR,0.866,153.3
2025-05-19,3,PQR,2.982,99.3
2025-05-19,3,NQR,0.659,30.2
2025-05-19,3,SR,3.163,122.9
2025-05-19,4,PQR,2.285,99.9
2025-05-19,4,NQR,1.367,48.5
2025-05-19,4,SR,4.155,127.9
2025-05-19,5,PQR,3.83,167.1
2025-05-19,5,NQR,2.523,33.7
2025-05-19,5,SR,4.362,147.5
2025-05-19,6,PQR,1.216,137.7
2025-05-19,6,NQR,1.692,36.0
2025-05-19,6,SR,3.325,148.2
2025-05-20,1,PQR,1.139,134.1
2025-05-20,1,NQR,0.547,39.8
2025-05-20,1,SR,2.191,136.4
2025-05-20,2,PQR,0.924,162.4
2025-05-20,2,NQR,0.772,48.4
2025-05-20,2,SR,2.99,125.1
2025-05-20,3,PQR,2.058,115.6
2025-05-20,3,NQR,1.663,47.7
2025-05-20,3,SR,2.383,104.2
2025-05-20,4,PQR,1.169,100.7
2025-05-20,4,NQR,2.07,36.2
2025-05-20,4,SR,4.495,93.8
2025-05-20,5,PQR,3.226,146.6
2025-05-20,5,NQR,3.25,55.9
2025-05-20,5,SR,7.702,135.5
2025-05-20,6,PQR,3.531,121.7
2025-05-20,6,NQR,0.568,47.2
2025-05-20,6,SR,2.07,84.7
2025-05-21,1,PQR,1.384,85.0
2025-05-21,1,NQR,0.774,38.5
2025-05-21,1,SR,1.168,144.9
2025-05-21,2,PQR,1.247,126.9
2025-05-21,2,NQR,0.709,45.6
2025-05-21,2,SR,3.615,98.0
2025-05-21,3,PQR,1.71,103.4
2025-05-21,3,NQR,1.06,33.4
2025-05-21,3,SR,1.614,88.8
2025-05-21,4,PQR,0.665,124.2
2025-05-21,4,NQR,1.275,30.7
2025-05-21,4,SR,2.181,137.5
2025-05-21,5,PQR,3.184,115.1
2025-05-21,5,NQR,1.104,42.6
2025-05-21,5,SR,5.037,86.0
2025-05-21,6,PQR,1.831,89.0
2025-05-21,6,NQR,0.967,49.2
2025-05-21,6,SR,4.157,89.5
2025-05-22,1,PQR,1.16,92.7
2025-05-22,1,NQR,0.197,52.1
2025-05-22,1,SR,5.45,91.4
2025-05-22,2,PQR,2.299,114.6
2025-05-22,2,NQR,0.57,40.3
2025-05-22,2,SR,3.364,113.2
2025-05-22,3,PQR,1.259,110.1
2025-05-22,3,NQR,0.604,35.2
2025-05-22,3,SR,2.548,111.1
2025-05-22,4,PQR,1.919,114.8
2025-05-22,4,NQR,1.057,35.4
2025-05-22,4,SR,1.741,150.4
2025-05-22,5,PQR,1.68,105.7
2025-05-22,5,NQR,0.985,55.5
2025-05-22,5,SR,6.807,142.5
2025-05-22,6,PQR,2.377,159.0
2025-05-22,6,NQR,0.261,29.7
2025-05-22,6,SR,2.371,135.4
2025-05-23,1,PQR,1.963,133.8
2025-05-23,1,NQR,1.317,32.8
2025-05-23,1,SR,4.104,79.7
2025-05-23,2,PQR,0.842,146.2
2025-05-23,2,NQR,1.203,48.9
2025-05-23,2,SR,2.072,147.4
2025-05-23,3,PQR,1.501,98.2
2025-05-23,3,NQR,0.91,44.3
2025-05-23,3,SR,5.543,117.1
2025-05-23,4,PQR,2.351,131.9
2025-05-23,4,NQR,1.466,46.4
2025-05-23,4,SR,4.268,89.4
2025-05-23,5,PQR,2.51,160.0
2025-05-23,5,NQR,1.378,33.3
2025-05-23,5,SR,3.099,149.8
2025-05-23,6,PQR,2.744,99.3
2025-05-23,6,NQR,2.902,30.4
2025-05-23,6,SR,1.16,153.4
2025-05-24,1,PQR,3.669,150.1
2025-05-24,1,NQR,1.725,56.0
2025-05-24,1,SR,1.826,146.1
2025-05-24,2,PQR,1.374,155.5
2025-05-24,2,NQR,1.077,50.6
2025-05-24,2,SR,2.095,141.2
2025-05-24,3,PQR,2.359,135.8
2025-05-24,3,NQR,0.64,30.6
2025-05-24,3,SR,1.586,132.9
2025-05-24,4,PQR,1.316,137.2
2025-05-24,4,NQR,1.376,46.1
2025-05-24,4,SR,2.276,89.5
2025-05-24,5,PQR,2.987,112.1
2025-05-24,5,NQR,1.011,31.9
2025-05-24,5,SR,3.446,148.6
2025-05-24,6,PQR,1.528,147.6
2025-05-24,6,NQR,1.075,34.2
2025-05-24,6,SR,4.012,117.2
2025-05-25,1,PQR,2.491,110.8
2025-05-25,1,NQR,1.183,54.2
2025-05-25,1,SR,2.95,118.5
2025-05-25,2,PQR,1.477,136.3
2025-05-25,2,NQR,1.383,34.5
2025-05-25,2,SR,1.525,107.9
2025-05-25,3,PQR,1.595,164.9
2025-05-25,3,NQR,1.304,44.7
2025-05-25,3,SR,3.242,104.8
2025-05-25,4,PQR,2.559,118.0
2025-05-25,4,NQR,1.841,33.9
2025-05-25,4,SR,3.538,107.9
2025-05-25,5,PQR,3.26,154.0
2025-05-25,5,NQR,1.746,56.0
2025-05-25,5,SR,4.395,151.1
2025-05-25,6,PQR,1.697,137.8
2025-05-25,6,NQR,1.264,31.3
2025-05-25,6,SR,1.991,111.1
2025-05-26,1,PQR,1.226,93.9
2025-05-26,1,NQR,1.355,45.5
2025-05-26,1,SR,2.636,150.6
2025-05-26,2,PQR,0.702,116.5
2025-05-26,2,NQR,1.34,35.8
2025-05-26,2,SR,1.009,145.3
2025-05-26,3,PQR,2.573,119.1
2025-05-26,3,NQR,0.804,51.7
2025-05-26,3,SR,1.299,136.7
2025-05-26,4,PQR,1.572,96.4
2025-05-26,4,NQR,0.422,55.4
2025-05-26,4,SR,0.958,102.9
2025-05-26,5,PQR,3.169,84.7
2025-05-26,5,NQR,1.632,30.0
2025-05-26,5,SR,5.334,95.9
2025-05-26,6,PQR,3.289,140.8
2025-05-26,6,NQR,1.433,55.2
2025-05-26,6,SR,4.045,109.0
2025-05-27,1,PQR,3.001,94.6
2025-05-27,1,NQR,1.9,43.6
2025-05-27,1,SR,1.494,106.2
2025-05-27,2,PQR,1.807,141.2
2025-05-27,2,NQR,0.442,44.2
2025-05-27,2,SR,2.277,111.5
2025-05-27,3,PQR,1.31,161.3
2025-05-27,3,NQR,2.078,49.3
2025-05-27,3,SR,4.47,102.6
2025-05-27,4,PQR,2.926,164.2
2025-05-27,4,NQR,0.644,43.7
2025-05-27,4,SR,4.769,149.9
2025-05-27,5,PQR,3.573,145.2
2025-05-27,5,NQR,0.739,54.0
2025-05-27,5,SR,5.772,103.8
2025-05-27,6,PQR,2.371,164.5
2025-05-27,6,NQR,1.144,37.2
2025-05-27,6,SR,2.135,108.4
2025-05-28,1,PQR,1.019,129.5
2025-05-28,1,NQR,1.123,40.3
2025-05-28,1,SR,1.889,128.6
2025-05-28,2,PQR,0.931,118.8
2025-05-28,2,NQR,0.744,32.1
2025-05-28,2,SR,1.494,99.6
2025-05-28,3,PQR,1.345,84.2
2025-05-28,3,NQR,0.693,34.3
2025-05-28,3,SR,1.862,94.6
2025-05-28,4,PQR,5.274,87.7
2025-05-28,4,NQR,0.952,44.5
2025-05-28,4,SR,4.886,97.6
2025-05-28,5,PQR,2.529,132.0
2025-05-28,5,NQR,3.262,28.4
2025-05-28,5,SR,5.966,88.4
2025-05-28,6,PQR,0.977,100.3
2025-05-28,6,NQR,1.057,42.7
2025-05-28,6,SR,9.756,116.0
2025-05-29,1,PQR,1.622,141.2
2025-05-29,1,NQR,0.464,38.9
2025-05-29,1,SR,4.142,113.1
2025-05-29,2,PQR,1.503,117.2
2025-05-29,2,NQR,0.802,45.2
2025-05-29,2,SR,1.118,99.0
2025-05-29,3,PQR,1.364,149.9
2025-05-29,3,NQR,2.071,45.4
2025-05-29,3,SR,2.487,131.5
2025-05-29,4,PQR,1.525,142.8
2025-05-29,4,NQR,1.011,32.5
2025-05-29,4,SR,3.604,144.1
2025-05-29,5,PQR,2.195,91.0
2025-05-29,5,NQR,4.63,33.9
2025-05-29,5,SR,1.625,111.8
2025-05-29,6,PQR,1.44,151.9
2025-05-29,6,NQR,2.165,55.1
2025-05-29,6,SR,8.694,144.0
2025-05-30,1,PQR,1.471,92.2
2025-05-30,1,NQR,0.826,28.8
2025-05-30,1,SR,1.969,151.5
2025-05-30,2,PQR,0.911,159.8
2025-05-30,2,NQR,1.129,36.5
2025-05-30,2,SR,2.197,117.3
2025-05-30,3,PQR,1.291,117.4
2025-05-30,3,NQR,0.499,46.5
2025-05-30,3,SR,1.902,134.9
2025-05-30,4,PQR,1.808,92.8
2025-05-30,4,NQR,0.747,38.0
2025-05-30,4,SR,3.712,77.6
2025-05-30,5,PQR,2.128,131.4
2025-05-30,5,NQR,2.679,39.8
2025-05-30,5,SR,2.123,111.6
2025-05-30,6,PQR,3.303,153.4
2025-05-30,6,NQR,0.78,33.7
2025-05-30,6,SR,4.544,102.2
2025-05-31,1,PQR,2.399,98.6
2025-05-31,1,NQR,0.787,34.4
2025-05-31,1,SR,1.203,92.6
2025-05-31,2,PQR,2.235,110.4
2025-05-31,2,NQR,0.529,33.9
2025-05-31,2,SR,1.165,144.0
2025-05-31,3,PQR,1.575,118.5
2025-05-31,3,NQR,0.733,41.3
2025-05-31,3,SR,2.01,84.4
2025-05-31,4,PQR,2.109,138.1
2025-05-31,4,NQR,0.933,34.3
2025-05-31,4,SR,2.651,83.3
2025-05-31,5,PQR,3.36,100.0
2025-05-31,5,NQR,3.842,55.5
2025-05-31,5,SR,2.409,119.2
2025-05-31,6,PQR,2.199,145.3
2025-05-31,6,NQR,1.131,38.0
2025-05-31,6,SR,2.102,135.1
2025-06-01,1,PQR,1.506,168.0
2025-06-01,1,NQR,0.894,35.3
2025-06-01,1,SR,2.528,122.1
2025-06-01,2,PQR,0.84,127.2
2025-06-01,2,NQR,0.604,47.5
2025-06-01,2,SR,1.383,134.4
2025-06-01,3,PQR,1.304,101.1
2025-06-01,3,NQR,0.963,46.0
2025-06-01,3,SR,1.727,152.2
2025-06-01,4,PQR,0.997,88.8
2025-06-01,4,NQR,0.914,52.5
2025-06-01,4,SR,6.694,109.1
2025-06-01,5,PQR,8.499,125.7
2025-06-01,5,NQR,1.844,40.7
2025-06-01,5,SR,9.54,83.8
2025-06-01,6,PQR,1.299,160.8
2025-06-01,6,NQR,1.429,45.2
2025-06-01,6,SR,2.582,102.1
2025-06-02,1,PQR,1.365,84.0
2025-06-02,1,NQR,2.122,36.9
2025-06-02,1,SR,14.052,84.9
2025-06-02,2,PQR,1.067,136.1
2025-06-02,2,NQR,1.949,42.3
2025-06-02,2,SR,0.934,92.7
2025-06-02,3,PQR,0.638,147.6
2025-06-02,3,NQR,1.199,46.5
2025-06-02,3,SR,2.355,118.5
2025-06-02,4,PQR,1.169,128.0
2025-06-02,4,NQR,0.747,32.0
2025-06-02,4,SR,5.58,80.8
2025-06-02,5,PQR,8.747,155.4
2025-06-02,5,NQR,2.811,55.5
2025-06-02,5,SR,4.368,145.9
2025-06-02,6,PQR,0.931,125.5
2025-06-02,6,NQR,1.236,43.1
2025-06-02,6,SR,6.164,127.3
2025-06-03,1,PQR,0.946,123.9
2025-06-03,1,NQR,0.395,31.8
2025-06-03,1,SR,2.115,106.1
2025-06-03,2,PQR,0.518,85.0
2025-06-03,2,NQR,0.71,37.2
2025-06-03,2,SR,0.738,111.8
2025-06-03,3,PQR,1.131,139.9
2025-06-03,3,NQR,4.01,53.6
2025-06-03,3,SR,2.136,86.2
2025-06-03,4,PQR,3.072,139.5
2025-06-03,4,NQR,0.619,50.5
2025-06-03,4,SR,1.526,121.1
2025-06-03,5,PQR,3.079,139.8
2025-06-03,5,NQR,2.628,50.0
2025-06-03,5,SR,2.617,125.2
2025-06-03,6,PQR,2.542,110.7
2025-06-03,6,NQR,1.317,42.9
2025-06-03,6,SR,5.109,77.7
2025-06-04,1,PQR,2.978,103.1
2025-06-04,1,NQR,0.718,37.6
2025-06-04,1,SR,1.47,138.5
2025-06-04,2,PQR,1.512,165.6
2025-06-04,2,NQR,1.132,54.0
2025-06-04,2,SR,1.376,85.4
2025-06-04,3,PQR,1.229,106.7
2025-06-04,3,NQR,1.385,39.3
2025-06-04,3,SR,2.591,106.1
2025-06-04,4,PQR,1.447,112.4
2025-06-04,4,NQR,0.72,28.9
2025-06-04,4,SR,4.437,121.7
2025-06-04,5,PQR,2.761,165.6
2025-06-04,5,NQR,1.487,34.1
2025-06-04,5,SR,4.094,144.6
2025-06-04,6,PQR,2.448,156.8
2025-06-04,6,NQR,0.92,52.4
2025-06-04,6,SR,6.317,152.6
2025-06-05,1,PQR,1.973,141.9
2025-06-05,1,NQR,1.371,55.7
2025-06-05,1,SR,1.705,139.1
2025-06-05,2,PQR,1.092,115.9
2025-06-05,2,NQR,0.969,53.2
2025-06-05,2,SR,4.775,150.6
2025-06-05,3,PQR,0.918,134.5
2025-06-05,3,NQR,1.074,53.3
2025-06-05,3,SR,3.533,97.9
2025-06-05,4,PQR,2.217,107.5
2025-06-05,4,NQR,0.871,28.5
2025-06-05,4,SR,5.37,145.2
2025-06-05,5,PQR,3.904,158.8
2025-06-05,5,NQR,2.029,48.3
2025-06-05,5,SR,1.833,85.2
2025-06-05,6,PQR,1.445,94.3
2025-06-05,6,NQR,1.265,31.8
2025-06-05,6,SR,5.699,78.8
2025-06-06,1,PQR,1.098,96.6
2025-06-06,1,NQR,0.611,44.1
2025-06-06,1,SR,3.218,108.8
2025-06-06,2,PQR,3.159,156.5
2025-06-06,2,NQR,1.439,30.8
2025-06-06,2,SR,2.75,79.6
2025-06-06,3,PQR,1.738,87.1
2025-06-06,3,NQR,0.916,44.4
2025-06-06,3,SR,4.206,83.1
2025-06-06,4,PQR,1.775,97.8
2025-06-06,4,NQR,1.061,43.3
2025-06-06,4,SR,2.789,153.8
2025-06-06,5,PQR,3.747,138.9
2025-06-06,5,NQR,2.868,41.7
2025-06-06,5,SR,6.389,99.4
2025-06-06,6,PQR,2.1,159.2
2025-06-06,6,NQR,0.565,52.3
2025-06-06,6,SR,2.892,94.7
2025-06-07,1,PQR,2.55,126.9
2025-06-07,1,NQR,2.193,41.5
2025-06-07,1,SR,1.303,96.8
2025-06-07,2,PQR,0.561,109.5
2025-06-07,2,NQR,0.985,50.9
2025-06-07,2,SR,4.674,104.8
2025-06-07,3,PQR,1.459,115.8
2025-06-07,3,NQR,1.102,34.0
2025-06-07,3,SR,1.833,131.5
2025-06-07,4,PQR,1.515,158.5
2025-06-07,4,NQR,1.395,53.6
2025-06-07,4,SR,2.009,109.8
2025-06-07,5,PQR,1.042,153.8
2025-06-07,5,NQR,3.142,43.9
2025-06-07,5,SR,5.489,81.3
2025-06-07,6,PQR,3.032,164.0
2025-06-07,6,NQR,0.855,51.5
2025-06-07,6,SR,1.535,139.5
2025-06-08,1,PQR,1.371,106.3
2025-06-08,1,NQR,0.784,33.1
2025-06-08,1,SR,3.473,153.6
2025-06-08,2,PQR,1.375,119.1
2025-06-08,2,NQR,0.785,53.7
2025-06-08,2,SR,0.94,112.6
2025-06-08,3,PQR,2.776,162.6
2025-06-08,3,NQR,1.087,50.1
2025-06-08,3,SR,2.01,81.9
2025-06-08,4,PQR,0.864,136.2
2025-06-08,4,NQR,1.904,42.3
2025-06-08,4,SR,4.126,129.4
2025-06-08,5,PQR,4.31,136.0
2025-06-08,5,NQR,0.501,40.7
2025-06-08,5,SR,2.583,104.0
2025-06-08,6,PQR,2.186,145.3
2025-06-08,6,NQR,0.866,34.6
2025-06-08,6,SR,3.391,89.4
2025-06-09,1,PQR,1.232,93.9
2025-06-09,1,NQR,0.579,54.4
2025-06-09,1,SR,3.71,101.6
2025-06-09,2,PQR,1.231,130.0
2025-06-09,2,NQR,1.303,28.7
2025-06-09,2,SR,1.428,106.3
2025-06-09,3,PQR,3.132,141.9
2025-06-09,3,NQR,0.654,49.6
2025-06-09,3,SR,1.766,82.1
2025-06-09,4,PQR,4.882,144.1
2025-06-09,4,NQR,0.991,47.2
2025-06-09,4,SR,8.258,88.8
2025-06-09,5,PQR,1.063,87.7
2025-06-09,5,NQR,0.675,42.9
2025-06-09,5,SR,3.251,95.4
2025-06-09,6,PQR,2.688,131.5
2025-06-09,6,NQR,1.039,32.3
2025-06-09,6,SR,3.223,134.7
2025-06-10,1,PQR,1.466,139.4
2025-06-10,1,NQR,0.993,41.6
2025-06-10,1,SR,4.089,105.5
2025-06-10,2,PQR,1.276,156.9
2025-06-10,2,NQR,0.847,55.0
2025-06-10,2,SR,2.586,108.5
2025-06-10,3,PQR,2.184,103.5
2025-06-10,3,NQR,0.904,37.1
2025-06-10,3,SR,7.389,79.6
2025-06-10,4,PQR,1.983,141.8
2025-06-10,4,NQR,0.944,42.5
2025-06-10,4,SR,2.918,109.7
2025-06-10,5,PQR,4.511,106.2
2025-06-10,5,NQR,1.778,50.8
2025-06-10,5,SR,4.804,112.1
2025-06-10,6,PQR,3.262,88.7
2025-06-10,6,NQR,3.814,33.8
2025-06-10,6,SR,3.256,151.1
2025-06-11,1,PQR,3.921,87.4
2025-06-11,1,NQR,1.269,49.6
2025-06-11,1,SR,2.461,151.4
2025-06-11,2,PQR,2.205,99.6
2025-06-11,2,NQR,0.56,55.2
2025-06-11,2,SR,1.577,120.4
2025-06-11,3,PQR,1.069,150.9
2025-06-11,3,NQR,0.976,51.8
2025-06-11,3,SR,1.813,79.7
2025-06-11,4,PQR,0.861,156.8
2025-06-11,4,NQR,1.441,53.2
2025-06-11,4,SR,2.0,84.7
2025-06-11,5,PQR,5.41,126.3
2025-06-11,5,NQR,2.154,31.5
2025-06-11,5,SR,6.706,137.1
2025-06-11,6,PQR,4.379,119.7
2025-06-11,6,NQR,1.172,28.7
2025-06-11,6,SR,2.83,77.2
2025-06-12,1,PQR,1.363,95.2
2025-06-12,1,NQR,1.987,41.3
2025-06-12,1,SR,1.169,124.2
2025-06-12,2,PQR,1.902,153.8
2025-06-12,2,NQR,1.487,37.4
2025-06-12,2,SR,1.875,109.4
2025-06-12,3,PQR,2.332,119.4
2025-06-12,3,NQR,1.011,38.6
2025-06-12,3,SR,1.922,123.3
2025-06-12,4,PQR,1.646,104.1
2025-06-12,4,NQR,0.98,34.4
2025-06-12,4,SR,3.688,125.7
2025-06-12,5,PQR,2.539,121.7
2025-06-12,5,NQR,1.511,50.0
2025-06-12,5,SR,5.755,108.5
2025-06-12,6,PQR,2.658,139.4
2025-06-12,6,NQR,1.949,55.8
2025-06-12,6,SR,4.069,80.1
2025-06-13,1,PQR,1.133,134.8
2025-06-13,1,NQR,1.874,30.6
2025-06-13,1,SR,1.196,121.0
2025-06-13,2,PQR,1.322,106.9
2025-06-13,2,NQR,0.393,35.9
2025-06-13,2,SR,1.492,78.8
2025-06-13,3,PQR,3.213,120.3
2025-06-13,3,NQR,0.937,43.3
2025-06-13,3,SR,4.022,81.6
2025-06-13,4,PQR,1.6,159.0
2025-06-13,4,NQR,1.491,47.8
2025-06-13,4,SR,1.934,121.1
2025-06-13,5,PQR,2.158,126.2
2025-06-13,5,NQR,0.954,43.8
2025-06-13,5,SR,8.901,108.6
2025-06-13,6,PQR,3.273,140.0
2025-06-13,6,NQR,0.756,48.6
2025-06-13,6,SR,2.213,146.1
2025-06-14,1,PQR,2.6,88.4
2025-06-14,1,NQR,0.462,36.8
2025-06-14,1,SR,4.373,90.8
2025-06-14,2,PQR,1.484,96.8
2025-06-14,2,NQR,0.842,52.7
2025-06-14,2,SR,1.148,89.8
2025-06-14,3,PQR,11.45,114.9
2025-06-14,3,NQR,0.545,48.3
2025-06-14,3,SR,0.639,109.8
2025-06-14,4,PQR,1.86,114.6
2025-06-14,4,NQR,1.79,42.4
2025-06-14,4,SR,3.493,134.6
2025-06-14,5,PQR,1.846,154.8
2025-06-14,5,NQR,1.033,46.6
2025-06-14,5,SR,1.403,119.8
2025-06-14,6,PQR,3.511,120.2
2025-06-14,6,NQR,2.341,33.1
2025-06-14,6,SR,5.287,96.6
2025-06-15,1,PQR,1.729,164.0
2025-06-15,1,NQR,0.58,36.5
2025-06-15,1,SR,1.934,101.1
2025-06-15,2,PQR,1.861,160.1
2025-06-15,2,NQR,0.487,52.4
2025-06-15,2,SR,5.327,83.6
2025-06-15,3,PQR,1.203,114.6
2025-06-15,3,NQR,0.622,45.4
2025-06-15,3,SR,2.491,124.8
2025-06-15,4,PQR,2.601,123.4
2025-06-15,4,NQR,1.019,28.6
2025-06-15,4,SR,2.729,85.2
2025-06-15,5,PQR,3.49,113.8
2025-06-15,5,NQR,1.644,51.1
2025-06-15,5,SR,2.523,128.3
2025-06-15,6,PQR,1.248,122.9
2025-06-15,6,NQR,1.181,53.4
2025-06-15,6,SR,2.814,94.2
2025-06-16,1,PQR,1.814,150.0
2025-06-16,1,NQR,0.99,33.4
2025-06-16,1,SR,2.454,126.3
2025-06-16,2,PQR,0.813,99.8
2025-06-16,2,NQR,1.548,55.0
2025-06-16,2,SR,0.59,133.5
2025-06-16,3,PQR,1.532,106.7
2025-06-16,3,NQR,0.337,51.4
2025-06-16,3,SR,3.958,130.0
2025-06-16,4,PQR,2.296,164.9
2025-06-16,4,NQR,1.445,32.0
2025-06-16,4,SR,5.419,89.0
2025-06-16,5,PQR,4.696,132.9
2025-06-16,5,NQR,1.411,45.6
2025-06-16,5,SR,4.905,94.9
2025-06-16,6,PQR,2.768,93.3
2025-06-16,6,NQR,1.952,31.7
2025-06-16,6,SR,2.231,102.3
2025-06-17,1,PQR,1.969,156.9
2025-06-17,1,NQR,0.845,46.7
2025-06-17,1,SR,2.35,87.6
2025-06-17,2,PQR,1.297,100.1
2025-06-17,2,NQR,0.89,52.6
2025-06-17,2,SR,1.194,144.7
2025-06-17,3,PQR,3.196,125.8
2025-06-17,3,NQR,1.802,29.0
2025-06-17,3,SR,1.419,106.8
2025-06-17,4,PQR,4.433,86.6
2025-06-17,4,NQR,1.015,43.7
2025-06-17,4,SR,4.343,101.9
2025-06-17,5,PQR,2.425,117.1
2025-06-17,5,NQR,2.014,45.2
2025-06-17,5,SR,3.3,100.8
2025-06-17,6,PQR,7.783,151.9
2025-06-17,6,NQR,0.586,45.1
2025-06-17,6,SR,2.489,127.2
2025-06-18,1,PQR,1.249,164.1
2025-06-18,1,NQR,0.785,52.4
2025-06-18,1,SR,1.978,80.1
2025-06-18,2,PQR,4.097,149.4
2025-06-18,2,NQR,1.596,47.9
2025-06-18,2,SR,2.101,152.4
2025-06-18,3,PQR,1.982,156.3
2025-06-18,3,NQR,1.296,54.7
2025-06-18,3,SR,4.925,117.1
2025-06-18,4,PQR,1.16,112.4
2025-06-18,4,NQR,0.34,45.4
2025-06-18,4,SR,2.519,93.5
2025-06-18,5,PQR,3.841,151.4
2025-06-18,5,NQR,1.066,44.5
2025-06-18,5,SR,4.512,151.3
2025-06-18,6,PQR,3.292,94.8
2025-06-18,6,NQR,0.939,30.6
2025-06-18,6,SR,3.625,92.2
2025-06-19,1,PQR,1.096,103.7
2025-06-19,1,NQR,0.832,28.6
2025-06-19,1,SR,4.868,148.5
2025-06-19,2,PQR,1.786,159.1
2025-06-19,2,NQR,0.549,44.2
2025-06-19,2,SR,1.254,113.0
2025-06-19,3,PQR,1.069,118.1
2025-06-19,3,NQR,0.648,34.4
2025-06-19,3,SR,1.274,125.5
2025-06-19,4,PQR,1.78,113.8
2025-06-19,4,NQR,0.914,42.8
2025-06-19,4,SR,3.979,90.0
2025-06-19,5,PQR,5.113,119.0
2025-06-19,5,NQR,1.876,32.8
2025-06-19,5,SR,9.137,80.2
2025-06-19,6,PQR,1.917,84.0
2025-06-19,6,NQR,1.33,43.2
2025-06-19,6,SR,1.353,151.1
2025-06-20,1,PQR,1.857,116.9
2025-06-20,1,NQR,0.757,28.5
2025-06-20,1,SR,3.068,112.4
2025-06-20,2,PQR,1.628,140.0
2025-06-20,2,NQR,1.137,42.6
2025-06-20,2,SR,0.768,143.8
2025-06-20,3,PQR,1.443,144.5
2025-06-20,3,NQR,0.3,45.4
2025-06-20,3,SR,3.227,104.2
2025-06-20,4,PQR,1.793,97.0
2025-06-20,4,NQR,1.802,55.3
2025-06-20,4,SR,1.248,89.1
2025-06-20,5,PQR,2.537,140.0
2025-06-20,5,NQR,2.807,46.5
2025-06-20,5,SR,5.562,83.3
2025-06-20,6,PQR,1.921,112.2
2025-06-20,6,NQR,1.284,41.8
2025-06-20,6,SR,3.782,132.5
2025-06-21,1,PQR,2.383,116.5
2025-06-21,1,NQR,1.18,38.3
2025-06-21,1,SR,1.248,126.2
2025-06-21,2,PQR,0.468,87.7
2025-06-21,2,NQR,0.809,29.5
2025-06-21,2,SR,1.95,112.1
2025-06-21,3,PQR,2.034,122.0
2025-06-21,3,NQR,0.493,37.7
2025-06-21,3,SR,2.043,104.8
2025-06-21,4,PQR,1.615,141.4
2025-06-21,4,NQR,0.842,39.6
2025-06-21,4,SR,2.078,90.0
2025-06-21,5,PQR,2.75,152.1
2025-06-21,5,NQR,1.277,41.2
2025-06-21,5,SR,6.623,99.1
2025-06-21,6,PQR,3.091,125.8
2025-06-21,6,NQR,0.931,45.3
2025-06-21,6,SR,2.582,95.4
2025-06-22,1,PQR,3.795,136.2
2025-06-22,1,NQR,0.375,28.6
2025-06-22,1,SR,2.866,136.5
2025-06-22,2,PQR,2.478,122.1
2025-06-22,2,NQR,0.345,32.2
2025-06-22,2,SR,1.016,85.0
2025-06-22,3,PQR,2.308,138.3
2025-06-22,3,NQR,0.5,28.5
2025-06-22,3,SR,3.909,131.7
2025-06-22,4,PQR,1.982,84.2
2025-06-22,4,NQR,1.121,35.5
2025-06-22,4,SR,2.087,102.6
2025-06-22,5,PQR,2.413,143.1
2025-06-22,5,NQR,1.436,33.7
2025-06-22,5,SR,2.5,98.5
2025-06-22,6,PQR,3.434,127.5
2025-06-22,6,NQR,1.565,28.9
2025-06-22,6,SR,2.216,92.8
2025-06-23,1,PQR,2.518,119.7
2025-06-23,1,NQR,0.963,54.3
2025-06-23,1,SR,1.719,141.4
2025-06-23,2,PQR,0.847,84.3
2025-06-23,2,NQR,0.481,29.0
2025-06-23,2,SR,1.84,143.9
2025-06-23,3,PQR,2.214,144.5
2025-06-23,3,NQR,0.515,31.1
2025-06-23,3,SR,5.161,82.2
2025-06-23,4,PQR,1.968,96.6
2025-06-23,4,NQR,1.991,38.7
2025-06-23,4,SR,1.312,106.6
2025-06-23,5,PQR,2.51,125.8
2025-06-23,5,NQR,1.064,49.1
2025-06-23,5,SR,7.424,144.4
2025-06-23,6,PQR,2.159,119.9
2025-06-23,6,NQR,0.543,51.2
2025-06-23,6,SR,2.062,133.4
2025-06-24,1,PQR,1.359,101.4
2025-06-24,1,NQR,0.74,53.5
2025-06-24,1,SR,3.342,124.1
2025-06-24,2,PQR,1.718,134.1
2025-06-24,2,NQR,0.413,50.5
2025-06-24,2,SR,2.324,89.3
2025-06-24,3,PQR,2.271,128.0
2025-06-24,3,NQR,0.784,37.8
2025-06-24,3,SR,1.852,104.9
2025-06-24,4,PQR,3.324,87.2
2025-06-24,4,NQR,0.938,54.7
2025-06-24,4,SR,3.907,104.5
2025-06-24,5,PQR,1.443,89.0
2025-06-24,5,NQR,1.178,29.8
2025-06-24,5,SR,2.241,127.1
2025-06-24,6,PQR,1.455,93.9
2025-06-24,6,NQR,0.959,50.3
2025-06-24,6,SR,1.637,145.6
2025-06-25,1,PQR,1.648,158.7
2025-06-25,1,NQR,0.379,46.0
2025-06-25,1,SR,1.518,96.1
2025-06-25,2,PQR,1.467,96.4
2025-06-25,2,NQR,1.25,52.4
2025-06-25,2,SR,3.897,98.5
2025-06-25,3,PQR,1.766,161.8
2025-06-25,3,NQR,0.531,46.1
2025-06-25,3,SR,3.02,117.7
2025-06-25,4,PQR,3.245,115.5
2025-06-25,4,NQR,1.557,42.5
2025-06-25,4,SR,2.191,109.5
2025-06-25,5,PQR,3.369,100.5
2025-06-25,5,NQR,0.724,32.3
2025-06-25,5,SR,8.822,130.2
2025-06-25,6,PQR,2.692,125.2
2025-06-25,6,NQR,1.222,42.5
2025-06-25,6,SR,2.159,80.8
2025-06-26,1,PQR,3.578,146.7
2025-06-26,1,NQR,1.06,29.0
2025-06-26,1,SR,2.117,98.1
2025-06-26,2,PQR,0.679,159.2
2025-06-26,2,NQR,0.873,37.1
2025-06-26,2,SR,1.36,151.8
2025-06-26,3,PQR,2.54,136.2
2025-06-26,3,NQR,1.472,29.4
2025-06-26,3,SR,3.696,98.9
2025-06-26,4,PQR,1.739,155.2
2025-06-26,4,NQR,1.102,39.5
2025-06-26,4,SR,1.731,106.1
2025-06-26,5,PQR,1.493,108.7
2025-06-26,5,NQR,3.248,40.6
2025-06-26,5,SR,4.826,110.8
2025-06-26,6,PQR,2.217,100.9
2025-06-26,6,NQR,0.507,54.4
2025-06-26,6,SR,2.09,98.3
2025-06-27,1,PQR,1.133,116.3
2025-06-27,1,NQR,0.511,40.3
2025-06-27,1,SR,2.747,114.7
2025-06-27,2,PQR,2.628,101.8
2025-06-27,2,NQR,0.93,45.5
2025-06-27,2,SR,4.804,107.4
2025-06-27,3,PQR,2.426,160.2
2025-06-27,3,NQR,0.637,31.1
2025-06-27,3,SR,5.168,133.0
2025-06-27,4,PQR,2.071,165.7
2025-06-27,4,NQR,1.554,31.1
2025-06-27,4,SR,5.539,122.6
2025-06-27,5,PQR,4.148,160.0
2025-06-27,5,NQR,2.525,29.5
2025-06-27,5,SR,1.944,111.3
2025-06-27,6,PQR,4.639,99.0
2025-06-27,6,NQR,1.782,34.9
2025-06-27,6,SR,3.786,153.1
2025-06-28,1,PQR,1.512,108.7
2025-06-28,1,NQR,1.378,55.9
2025-06-28,1,SR,1.038,82.4
2025-06-28,2,PQR,3.808,140.5
2025-06-28,2,NQR,0.407,54.1
2025-06-28,2,SR,1.442,88.9
2025-06-28,3,PQR,2.471,99.4
2025-06-28,3,NQR,0.842,49.8
2025-06-28,3,SR,2.281,148.9
2025-06-28,4,PQR,1.407,161.8
2025-06-28,4,NQR,1.498,35.0
2025-06-28,4,SR,4.151,131.1
2025-06-28,5,PQR,2.672,124.4
2025-06-28,5,NQR,3.125,33.0
2025-06-28,5,SR,2.011,77.7
2025-06-28,6,PQR,2.902,147.7
2025-06-28,6,NQR,1.08,38.6
2025-06-28,6,SR,2.214,111.9
2025-06-29,1,PQR,1.9,122.4
2025-06-29,1,NQR,1.824,49.4
2025-06-29,1,SR,0.851,79.8
2025-06-29,2,PQR,3.461,111.4
2025-06-29,2,NQR,1.477,30.6
2025-06-29,2,SR,2.208,81.9
2025-06-29,3,PQR,1.194,156.5
2025-06-29,3,NQR,0.586,40.0
2025-06-29,3,SR,1.761,145.6
2025-06-29,4,PQR,1.008,109.4
2025-06-29,4,NQR,1.209,29.1
2025-06-29,4,SR,1.577,89.6
2025-06-29,5,PQR,1.501,131.1
2025-06-29,5,NQR,1.255,32.8
2025-06-29,5,SR,3.227,118.0
2025-06-29,6,PQR,1.738,117.4
2025-06-29,6,NQR,1.331,37.3
2025-06-29,6,SR,1.839,149.6
2025-06-30,1,PQR,1.183,136.6
2025-06-30,1,NQR,0.871,49.9
2025-06-30,1,SR,1.236,132.7
2025-06-30,2,PQR,1.979,167.6
2025-06-30,2,NQR,0.629,28.0
2025-06-30,2,SR,3.117,144.9
2025-06-30,3,PQR,0.902,123.0
2025-06-30,3,NQR,0.929,48.1
2025-06-30,3,SR,6.43,151.8
2025-06-30,4,PQR,5.512,128.5
2025-06-30,4,NQR,0.551,55.3
2025-06-30,4,SR,3.329,117.1
2025-06-30,5,PQR,2.442,141.5
2025-06-30,5,NQR,1.314,34.0
2025-06-30,5,SR,5.079,89.7
2025-06-30,6,PQR,1.395,158.7
2025-06-30,6,NQR,1.713,43.3
2025-06-30,6,SR,2.064,81.6
2025-07-01,1,PQR,2.096,120.3
2025-07-01,1,NQR,1.25,39.8
2025-07-01,1,SR,4.527,105.6
2025-07-01,2,PQR,0.942,87.0
2025-07-01,2,NQR,0.497,46.7
2025-07-01,2,SR,1.537,124.7
2025-07-01,3,PQR,3.331,139.6
2025-07-01,3,NQR,0.979,37.1
2025-07-01,3,SR,1.272,100.6
2025-07-01,4,PQR,1.224,103.9
2025-07-01,4,NQR,2.278,43.7
2025-07-01,4,SR,3.974,128.0
2025-07-01,5,PQR,4.414,155.7
2025-07-01,5,NQR,2.0,39.8
2025-07-01,5,SR,8.872,129.1
2025-07-01,6,PQR,3.71,160.5
2025-07-01,6,NQR,0.692,48.0
2025-07-01,6,SR,3.184,131.7
2025-07-02,1,PQR,2.314,148.7
2025-07-02,1,NQR,0.511,33.8
2025-07-02,1,SR,5.356,140.4
2025-07-02,2,PQR,2.062,139.2
2025-07-02,2,NQR,0.776,28.0
2025-07-02,2,SR,1.495,152.1
2025-07-02,3,PQR,0.852,98.2
2025-07-02,3,NQR,1.881,50.1
2025-07-02,3,SR,1.726,137.1
2025-07-02,4,PQR,2.287,106.3
2025-07-02,4,NQR,0.583,36.2
2025-07-02,4,SR,3.152,110.7
2025-07-02,5,PQR,2.868,134.5
2025-07-02,5,NQR,1.161,42.4
2025-07-02,5,SR,1.857,148.1
2025-07-02,6,PQR,1.407,86.3
2025-07-02,6,NQR,1.161,46.1
2025-07-02,6,SR,9.148,77.3
2025-07-03,1,PQR,1.534,155.4
2025-07-03,1,NQR,1.623,41.6
2025-07-03,1,SR,0.476,80.9
2025-07-03,2,PQR,0.669,136.6
2025-07-03,2,NQR,0.542,52.2
2025-07-03,2,SR,1.246,87.2
2025-07-03,3,PQR,3.741,107.1
2025-07-03,3,NQR,0.58,35.0
2025-07-03,3,SR,3.889,138.2
2025-07-03,4,PQR,2.924,142.8
2025-07-03,4,NQR,0.64,35.3
2025-07-03,4,SR,3.195,96.7
2025-07-03,5,PQR,1.791,131.2
2025-07-03,5,NQR,0.91,35.6
2025-07-03,5,SR,7.169,106.3
2025-07-03,6,PQR,6.415,152.0
2025-07-03,6,NQR,0.709,33.0
2025-07-03,6,SR,1.751,118.2
2025-07-04,1,PQR,0.925,135.6
2025-07-04,1,NQR,0.827,33.2
2025-07-04,1,SR,2.739,96.7
2025-07-04,2,PQR,1.904,150.6
2025-07-04,2,NQR,0.28,30.5
2025-07-04,2,SR,2.102,135.3
2025-07-04,3,PQR,0.724,121.3
2025-07-04,3,NQR,0.772,33.0
2025-07-04,3,SR,1.09,105.5
2025-07-04,4,PQR,3.626,144.0
2025-07-04,4,NQR,0.718,32.3
2025-07-04,4,SR,0.742,151.1
2025-07-04,5,PQR,5.507,159.9
2025-07-04,5,NQR,0.647,54.3
2025-07-04,5,SR,12.985,79.1
2025-07-04,6,PQR,0.878,102.9
2025-07-04,6,NQR,1.394,43.0
2025-07-04,6,SR,3.291,136.5
2025-07-05,1,PQR,1.542,122.9
2025-07-05,1,NQR,1.039,43.8
2025-07-05,1,SR,1.881,139.9
2025-07-05,2,PQR,2.548,102.7
2025-07-05,2,NQR,1.342,42.2
2025-07-05,2,SR,0.548,136.7
2025-07-05,3,PQR,2.078,98.9
2025-07-05,3,NQR,2.103,54.7
2025-07-05,3,SR,3.867,85.2
2025-07-05,4,PQR,1.464,136.8
2025-07-05,4,NQR,0.8,55.1
2025-07-05,4,SR,2.047,140.5
2025-07-05,5,PQR,2.19,148.9
2025-07-05,5,NQR,0.731,48.8
2025-07-05,5,SR,3.497,109.2
2025-07-05,6,PQR,1.671,142.5
2025-07-05,6,NQR,1.127,53.2
2025-07-05,6,SR,1.72,121.6
2025-07-06,1,PQR,2.072,166.5
2025-07-06,1,NQR,1.06,42.3
2025-07-06,1,SR,1.819,104.0
2025-07-06,2,PQR,1.661,95.8
2025-07-06,2,NQR,2.168,33.2
2025-07-06,2,SR,0.515,99.7
2025-07-06,3,PQR,1.08,90.9
2025-07-06,3,NQR,1.129,32.8
2025-07-06,3,SR,2.791,77.8
2025-07-06,4,PQR,2.491,89.7
2025-07-06,4,NQR,1.49,42.6
2025-07-06,4,SR,2.507,135.3
2025-07-06,5,PQR,1.029,145.4
2025-07-06,5,NQR,1.924,56.0
2025-07-06,5,SR,2.16,83.7
2025-07-06,6,PQR,3.128,115.3
2025-07-06,6,NQR,1.781,44.7
2025-07-06,6,SR,5.472,80.9
2025-07-07,1,PQR,2.333,135.9
2025-07-07,1,NQR,2.778,43.8
2025-07-07,1,SR,2.093,149.7
2025-07-07,2,PQR,0.916,164.3
2025-07-07,2,NQR,0.716,38.1
2025-07-07,2,SR,3.552,78.9
2025-07-07,3,PQR,1.602,152.0
2025-07-07,3,NQR,2.11,41.2
2025-07-07,3,SR,2.041,95.0
2025-07-07,4,PQR,4.499,98.0
2025-07-07,4,NQR,0.641,43.7
2025-07-07,4,SR,4.888,118.0
2025-07-07,5,PQR,6.952,144.8
2025-07-07,5,NQR,1.838,29.8
2025-07-07,5,SR,3.702,89.7
2025-07-07,6,PQR,3.921,125.2
2025-07-07,6,NQR,0.927,43.0
2025-07-07,6,SR,16.546,98.2
2025-07-08,1,PQR,1.628,99.6
2025-07-08,1,NQR,0.394,50.1
2025-07-08,1,SR,4.204,121.2
2025-07-08,2,PQR,1.076,129.7
2025-07-08,2,NQR,1.519,43.7
2025-07-08,2,SR,1.66,131.4
2025-07-08,3,PQR,0.881,96.5
2025-07-08,3,NQR,0.451,53.0
2025-07-08,3,SR,4.043,109.6
2025-07-08,4,PQR,1.102,98.4
2025-07-08,4,NQR,1.726,53.2
2025-07-08,4,SR,1.921,92.9
2025-07-08,5,PQR,1.576,102.1
2025-07-08,5,NQR,2.406,49.2
2025-07-08,5,SR,2.998,114.5
2025-07-08,6,PQR,1.057,90.4
2025-07-08,6,NQR,1.2,42.6
2025-07-08,6,SR,5.659,125.2
2025-07-09,1,PQR,0.74,148.3
2025-07-09,1,NQR,1.859,45.8
2025-07-09,1,SR,2.664,130.4
2025-07-09,2,PQR,1.163,152.5
2025-07-09,2,NQR,0.423,40.3
2025-07-09,2,SR,1.34,144.0
2025-07-09,3,PQR,4.79,122.9
2025-07-09,3,NQR,1.074,50.4
2025-07-09,3,SR,2.235,97.7
2025-07-09,4,PQR,1.697,95.6
2025-07-09,4,NQR,1.451,47.9
2025-07-09,4,SR,2.472,131.0
2025-07-09,5,PQR,1.485,137.1
2025-07-09,5,NQR,2.955,52.9
2025-07-09,5,SR,1.632,112.5
2025-07-09,6,PQR,4.065,132.3
2025-07-09,6,NQR,0.848,47.0
2025-07-09,6,SR,3.068,136.0
2025-07-10,1,PQR,2.941,143.1
2025-07-10,1,NQR,0.678,41.9
2025-07-10,1,SR,1.744,150.6
2025-07-10,2,PQR,1.065,111.7
2025-07-10,2,NQR,1.037,52.4
2025-07-10,2,SR,2.232,77.7
2025-07-10,3,PQR,1.533,120.8
2025-07-10,3,NQR,0.844,43.8
2025-07-10,3,SR,1.569,82.9
2025-07-10,4,PQR,1.226,120.0
2025-07-10,4,NQR,0.978,38.1
2025-07-10,4,SR,0.858,141.0
2025-07-10,5,PQR,8.203,108.1
2025-07-10,5,NQR,1.424,28.8
2025-07-10,5,SR,2.622,110.7
2025-07-10,6,PQR,2.514,127.7
2025-07-10,6,NQR,0.998,48.5
2025-07-10,6,SR,5.767,109.4
2025-07-11,1,PQR,0.622,132.5
2025-07-11,1,NQR,0.521,52.3
2025-07-11,1,SR,2.45,151.5
2025-07-11,2,PQR,1.012,122.6
2025-07-11,2,NQR,0.705,44.5
2025-07-11,2,SR,2.545,98.3
2025-07-11,3,PQR,1.385,112.1
2025-07-11,3,NQR,1.289,48.0
2025-07-11,3,SR,2.496,77.8
2025-07-11,4,PQR,1.154,150.9
2025-07-11,4,NQR,0.32,37.0
2025-07-11,4,SR,2.227,153.9
2025-07-11,5,PQR,5.608,109.4
2025-07-11,5,NQR,3.312,46.7
2025-07-11,5,SR,2.608,101.4
2025-07-11,6,PQR,3.699,91.7
2025-07-11,6,NQR,2.219,52.2
2025-07-11,6,SR,4.25,147.8
2025-07-12,1,PQR,1.64,156.8
2025-07-12,1,NQR,0.674,38.3
2025-07-12,1,SR,2.09,109.5
2025-07-12,2,PQR,1.98,114.9
2025-07-12,2,NQR,0.6,28.3
2025-07-12,2,SR,3.201,120.1
2025-07-12,3,PQR,2.213,122.4
2025-07-12,3,NQR,1.174,50.4
2025-07-12,3,SR,1.552,89.3
2025-07-12,4,PQR,1.741,101.6
2025-07-12,4,NQR,2.328,49.4
2025-07-12,4,SR,1.778,115.4
2025-07-12,5,PQR,3.058,122.4
2025-07-12,5,NQR,1.382,54.6
2025-07-12,5,SR,3.475,95.9
2025-07-12,6,PQR,1.3,145.3
2025-07-12,6,NQR,0.805,30.2
2025-07-12,6,SR,4.899,98.7
2025-07-13,1,PQR,0.906,140.1
2025-07-13,1,NQR,0.602,42.2
2025-07-13,1,SR,1.61,125.9
2025-07-13,2,PQR,0.537,141.8
2025-07-13,2,NQR,0.963,28.4
2025-07-13,2,SR,1.85,91.6
2025-07-13,3,PQR,1.135,90.6
2025-07-13,3,NQR,0.929,32.0
2025-07-13,3,SR,2.446,126.7
2025-07-13,4,PQR,3.372,142.8
2025-07-13,4,NQR,1.539,32.1
2025-07-13,4,SR,3.234,103.5
2025-07-13,5,PQR,6.103,104.5
2025-07-13,5,NQR,1.225,48.3
2025-07-13,5,SR,6.316,104.0
2025-07-13,6,PQR,2.598,109.6
2025-07-13,6,NQR,0.651,48.0
2025-07-13,6,SR,1.196,90.9
2025-07-14,1,PQR,0.828,105.0
2025-07-14,1,NQR,0.522,36.0
2025-07-14,1,SR,2.533,136.4
2025-07-14,2,PQR,0.89,101.1
2025-07-14,2,NQR,0.605,33.2
2025-07-14,2,SR,2.458,133.9
2025-07-14,3,PQR,1.081,95.2
2025-07-14,3,NQR,1.943,37.8
2025-07-14,3,SR,3.478,88.5
2025-07-14,4,PQR,3.496,109.6
2025-07-14,4,NQR,1.198,37.8
2025-07-14,4,SR,8.348,137.4
2025-07-14,5,PQR,4.735,156.0
2025-07-14,5,NQR,1.682,51.9
2025-07-14,5,SR,4.479,147.7
2025-07-14,6,PQR,2.835,111.6
2025-07-14,6,NQR,0.902,48.1
2025-07-14,6,SR,1.719,95.7
2025-07-15,1,PQR,2.778,167.1
2025-07-15,1,NQR,0.394,54.1
2025-07-15,1,SR,2.221,121.9
2025-07-15,2,PQR,4.909,126.7
2025-07-15,2,NQR,0.593,35.0
2025-07-15,2,SR,1.217,119.9
2025-07-15,3,PQR,1.864,119.2
2025-07-15,3,NQR,0.978,36.5
2025-07-15,3,SR,2.91,94.4
2025-07-15,4,PQR,5.08,142.0
2025-07-15,4,NQR,0.643,35.6
2025-07-15,4,SR,5.096,139.7
2025-07-15,5,PQR,4.437,155.3
2025-07-15,5,NQR,0.966,36.9
2025-07-15,5,SR,4.331,104.6
2025-07-15,6,PQR,2.053,103.2
2025-07-15,6,NQR,0.932,28.5
2025-07-15,6,SR,3.414,79.3
2025-07-16,1,PQR,1.208,118.3
2025-07-16,1,NQR,1.049,30.7
2025-07-16,1,SR,1.623,89.5
2025-07-16,2,PQR,0.663,150.8
2025-07-16,2,NQR,0.533,35.8
2025-07-16,2,SR,0.82,150.7
2025-07-16,3,PQR,2.807,124.8
2025-07-16,3,NQR,0.978,51.5
2025-07-16,3,SR,4.31,85.0
2025-07-16,4,PQR,1.283,108.8
2025-07-16,4,NQR,0.915,47.6
2025-07-16,4,SR,4.503,142.1
2025-07-16,5,PQR,1.787,154.7
2025-07-16,5,NQR,1.415,45.0
2025-07-16,5,SR,4.148,148.3
2025-07-16,6,PQR,3.047,128.4
2025-07-16,6,NQR,0.525,51.3
2025-07-16,6,SR,4.396,146.0
2025-07-17,1,PQR,1.696,148.7
2025-07-17,1,NQR,1.299,39.9
2025-07-17,1,SR,1.933,145.3
2025-07-17,2,PQR,0.534,152.0
2025-07-17,2,NQR,0.81,53.5
2025-07-17,2,SR,1.696,146.6
2025-07-17,3,PQR,3.319,140.1
2025-07-17,3,NQR,1.145,31.1
2025-07-17,3,SR,4.324,140.5
2025-07-17,4,PQR,1.329,85.1
2025-07-17,4,NQR,2.506,46.9
2025-07-17,4,SR,2.941,142.3
2025-07-17,5,PQR,7.132,107.0
2025-07-17,5,NQR,1.993,54.6
2025-07-17,5,SR,6.789,103.6
2025-07-17,6,PQR,4.647,166.2
2025-07-17,6,NQR,1.851,40.3
2025-07-17,6,SR,2.966,86.2
2025-07-18,1,PQR,1.244,134.4
2025-07-18,1,NQR,1.086,30.4
2025-07-18,1,SR,2.517,124.0
2025-07-18,2,PQR,1.107,102.1
2025-07-18,2,NQR,0.995,50.4
2025-07-18,2,SR,1.765,102.1
2025-07-18,3,PQR,1.391,159.6
2025-07-18,3,NQR,1.272,41.8
2025-07-18,3,SR,1.613,91.6
2025-07-18,4,PQR,1.658,132.3
2025-07-18,4,NQR,0.753,50.5
2025-07-18,4,SR,2.012,119.0
2025-07-18,5,PQR,2.328,120.8
2025-07-18,5,NQR,0.628,52.4
2025-07-18,5,SR,3.551,78.4
2025-07-18,6,PQR,1.928,119.0
2025-07-18,6,NQR,2.326,52.6
2025-07-18,6,SR,4.594,146.2
2025-07-19,1,PQR,0.926,108.2
2025-07-19,1,NQR,0.539,46.1
2025-07-19,1,SR,2.514,100.7
2025-07-19,2,PQR,1.647,114.4
2025-07-19,2,NQR,0.828,39.0
2025-07-19,2,SR,1.203,151.8
2025-07-19,3,PQR,1.907,119.0
2025-07-19,3,NQR,1.253,53.3
2025-07-19,3,SR,3.006,125.0
2025-07-19,4,PQR,1.226,158.9
2025-07-19,4,NQR,0.974,53.6
2025-07-19,4,SR,4.304,137.4
2025-07-19,5,PQR,1.728,123.3
2025-07-19,5,NQR,0.942,45.0
2025-07-19,5,SR,5.666,121.6
2025-07-19,6,PQR,1.954,147.6
2025-07-19,6,NQR,0.352,42.5
2025-07-19,6,SR,7.389,128.0
2025-07-20,1,PQR,1.429,150.1
2025-07-20,1,NQR,1.196,55.8
2025-07-20,1,SR,2.131,120.1
2025-07-20,2,PQR,1.038,124.0
2025-07-20,2,NQR,0.502,31.9
2025-07-20,2,SR,1.888,130.4
2025-07-20,3,PQR,0.926,128.4
2025-07-20,3,NQR,1.309,44.7
2025-07-20,3,SR,7.501,120.8
2025-07-20,4,PQR,0.928,135.6
2025-07-20,4,NQR,0.957,32.2
2025-07-20,4,SR,2.724,86.2
2025-07-20,5,PQR,2.553,93.8
2025-07-20,5,NQR,3.911,37.0
2025-07-20,5,SR,1.953,118.1
2025-07-20,6,PQR,3.956,92.9
2025-07-20,6,NQR,0.338,32.2
2025-07-20,6,SR,1.703,151.9
2025-07-21,1,PQR,1.919,98.4
2025-07-21,1,NQR,1.08,48.3
2025-07-21,1,SR,2.724,102.3
2025-07-21,2,PQR,0.823,150.2
2025-07-21,2,NQR,0.947,50.2
2025-07-21,2,SR,1.608,142.0
2025-07-21,3,PQR,1.301,113.4
2025-07-21,3,NQR,0.866,39.6
2025-07-21,3,SR,13.318,131.8
2025-07-21,4,PQR,1.955,160.5
2025-07-21,4,NQR,0.874,50.4
2025-07-21,4,SR,1.385,141.0
2025-07-21,5,PQR,3.992,117.1
2025-07-21,5,NQR,1.46,55.2
2025-07-21,5,SR,3.309,96.3
2025-07-21,6,PQR,1.955,159.4
2025-07-21,6,NQR,0.883,44.9
2025-07-21,6,SR,1.87,143.7
2025-07-22,1,PQR,0.616,131.8
2025-07-22,1,NQR,0.79,28.4
2025-07-22,1,SR,2.108,151.2
2025-07-22,2,PQR,2.782,92.6
2025-07-22,2,NQR,0.477,47.4
2025-07-22,2,SR,2.337,137.1
2025-07-22,3,PQR,1.235,96.8
2025-07-22,3,NQR,0.983,49.1
2025-07-22,3,SR,3.028,87.3
2025-07-22,4,PQR,5.418,137.8
2025-07-22,4,NQR,0.569,44.5
2025-07-22,4,SR,1.751,147.1
2025-07-22,5,PQR,3.064,112.1
2025-07-22,5,NQR,1.673,53.7
2025-07-22,5,SR,4.102,94.9
2025-07-22,6,PQR,6.117,115.4
2025-07-22,6,NQR,0.435,49.7
2025-07-22,6,SR,3.405,93.8
2025-07-23,1,PQR,1.483,163.0
2025-07-23,1,NQR,0.914,34.3
2025-07-23,1,SR,6.995,82.2
2025-07-23,2,PQR,2.081,110.4
2025-07-23,2,NQR,1.07,34.8
2025-07-23,2,SR,0.774,142.6
2025-07-23,3,PQR,0.857,120.8
2025-07-23,3,NQR,0.832,36.2
2025-07-23,3,SR,2.942,105.1
2025-07-23,4,PQR,0.709,167.2
2025-07-23,4,NQR,1.156,28.4
2025-07-23,4,SR,3.423,119.0
2025-07-23,5,PQR,3.211,142.5
2025-07-23,5,NQR,1.549,34.0
2025-07-23,5,SR,3.334,89.4
2025-07-23,6,PQR,2.956,93.5
2025-07-23,6,NQR,1.602,38.6
2025-07-23,6,SR,1.517,134.2
2025-07-24,1,PQR,0.806,148.8
2025-07-24,1,NQR,0.58,46.7
2025-07-24,1,SR,1.507,119.8
2025-07-24,2,PQR,2.713,118.6
2025-07-24,2,NQR,0.94,43.3
2025-07-24,2,SR,4.843,104.3
2025-07-24,3,PQR,1.627,136.1
2025-07-24,3,NQR,0.594,39.5
2025-07-24,3,SR,2.211,147.3
2025-07-24,4,PQR,3.481,121.3
2025-07-24,4,NQR,0.83,32.6
2025-07-24,4,SR,2.319,86.9
2025-07-24,5,PQR,1.739,116.0
2025-07-24,5,NQR,1.728,44.5
2025-07-24,5,SR,4.065,78.7
2025-07-24,6,PQR,1.053,109.9
2025-07-24,6,NQR,0.673,33.1
2025-07-24,6,SR,1.623,94.0
2025-07-25,1,PQR,2.378,167.0
2025-07-25,1,NQR,1.002,48.4
2025-07-25,1,SR,1.029,153.9
2025-07-25,2,PQR,0.404,151.2
2025-07-25,2,NQR,1.285,43.9
2025-07-25,2,SR,1.491,100.5
2025-07-25,3,PQR,1.916,126.6
2025-07-25,3,NQR,2.145,41.7
2025-07-25,3,SR,1.646,81.0
2025-07-25,4,PQR,7.518,119.3
2025-07-25,4,NQR,0.962,39.2
2025-07-25,4,SR,3.12,80.3
2025-07-25,5,PQR,4.603,101.3
2025-07-25,5,NQR,1.073,51.4
2025-07-25,5,SR,4.594,120.0
2025-07-25,6,PQR,1.869,138.4
2025-07-25,6,NQR,1.361,35.4
2025-07-25,6,SR,5.319,131.7
2025-07-26,1,PQR,0.912,95.3
2025-07-26,1,NQR,0.672,50.9
2025-07-26,1,SR,2.805,146.4
2025-07-26,2,PQR,1.5,111.4
2025-07-26,2,NQR,1.074,50.2
2025-07-26,2,SR,1.736,150.2
2025-07-26,3,PQR,1.886,114.2
2025-07-26,3,NQR,2.069,31.6
2025-07-26,3,SR,2.115,99.0
2025-07-26,4,PQR,3.621,94.0
2025-07-26,4,NQR,1.25,30.2
2025-07-26,4,SR,1.2,127.1
2025-07-26,5,PQR,3.369,122.3
2025-07-26,5,NQR,1.318,54.8
2025-07-26,5,SR,1.809,106.3
2025-07-26,6,PQR,2.929,159.1
2025-07-26,6,NQR,0.783,42.7
2025-07-26,6,SR,7.174,152.6
2025-07-27,1,PQR,1.576,165.8
2025-07-27,1,NQR,0.569,40.4
2025-07-27,1,SR,2.204,100.6
2025-07-27,2,PQR,2.446,90.8
2025-07-27,2,NQR,0.699,32.5
2025-07-27,2,SR,1.175,145.6
2025-07-27,3,PQR,1.414,118.0
2025-07-27,3,NQR,1.363,49.2
2025-07-27,3,SR,2.96,92.9
2025-07-27,4,PQR,2.927,160.7
2025-07-27,4,NQR,2.947,31.3
2025-07-27,4,SR,2.509,100.6
2025-07-27,5,PQR,1.281,160.2
2025-07-27,5,NQR,1.338,47.6
2025-07-27,5,SR,6.856,78.6
2025-07-27,6,PQR,1.819,131.3
2025-07-27,6,NQR,0.66,54.8
2025-07-27,6,SR,4.44,92.4
2025-07-28,1,PQR,1.389,127.8
2025-07-28,1,NQR,1.027,36.7
2025-07-28,1,SR,1.817,84.0
2025-07-28,2,PQR,0.99,109.8
2025-07-28,2,NQR,0.687,34.0
2025-07-28,2,SR,0.699,78.9
2025-07-28,3,PQR,1.745,121.0
2025-07-28,3,NQR,1.427,53.5
2025-07-28,3,SR,1.805,91.3
2025-07-28,4,PQR,1.769,165.2
2025-07-28,4,NQR,0.719,47.8
2025-07-28,4,SR,1.444,97.4
2025-07-28,5,PQR,2.698,113.0
2025-07-28,5,NQR,1.07,47.9
2025-07-28,5,SR,4.203,110.6
2025-07-28,6,PQR,2.589,107.5
2025-07-28,6,NQR,2.165,44.7
2025-07-28,6,SR,1.656,107.2
2025-07-29,1,PQR,1.316,84.3
2025-07-29,1,NQR,0.636,32.8
2025-07-29,1,SR,2.322,93.3
2025-07-29,2,PQR,2.244,98.6
2025-07-29,2,NQR,0.595,38.0
2025-07-29,2,SR,1.532,111.0
2025-07-29,3,PQR,5.347,117.6
2025-07-29,3,NQR,0.93,28.3
2025-07-29,3,SR,3.004,94.1
2025-07-29,4,PQR,2.219,122.8
2025-07-29,4,NQR,4.1,32.2
2025-07-29,4,SR,2.045,102.6
2025-07-29,5,PQR,3.444,131.7
2025-07-29,5,NQR,2.356,53.7
2025-07-29,5,SR,2.024,88.9
2025-07-29,6,PQR,3.366,114.2
2025-07-29,6,NQR,2.473,51.1
2025-07-29,6,SR,4.787,85.1
2025-07-30,1,PQR,2.398,121.0
2025-07-30,1,NQR,0.778,39.7
2025-07-30,1,SR,0.981,117.2
2025-07-30,2,PQR,2.788,118.3
2025-07-30,2,NQR,0.978,51.8
2025-07-30,2,SR,2.725,130.7
2025-07-30,3,PQR,2.471,87.7
2025-07-30,3,NQR,0.95,33.8
2025-07-30,3,SR,4.092,104.2
2025-07-30,4,PQR,1.316,148.5
2025-07-30,4,NQR,0.71,40.1
2025-07-30,4,SR,3.046,83.9
2025-07-30,5,PQR,3.543,102.3
2025-07-30,5,NQR,0.928,44.5
2025-07-30,5,SR,2.368,137.0
2025-07-30,6,PQR,1.319,147.4
2025-07-30,6,NQR,1.606,49.1
2025-07-30,6,SR,13.785,85.3
2025-07-31,1,PQR,4.809,124.7
2025-07-31,1,NQR,0.693,31.6
2025-07-31,1,SR,0.878,93.0
2025-07-31,2,PQR,0.915,139.3
2025-07-31,2,NQR,0.697,28.7
2025-07-31,2,SR,1.872,137.2
2025-07-31,3,PQR,2.785,110.3
2025-07-31,3,NQR,0.648,40.2
2025-07-31,3,SR,3.773,129.0
2025-07-31,4,PQR,2.877,114.5
2025-07-31,4,NQR,1.297,31.2
2025-07-31,4,SR,1.941,148.5
2025-07-31,5,PQR,3.181,115.9
2025-07-31,5,NQR,1.538,31.1
2025-07-31,5,SR,8.503,85.3
2025-07-31,6,PQR,1.789,145.7
2025-07-31,6,NQR,2.32,33.3
2025-07-31,6,SR,1.92,102.4
2025-08-01,1,PQR,2.732,123.5
2025-08-01,1,NQR,1.878,36.8
2025-08-01,1,SR,1.778,93.5
2025-08-01,2,PQR,0.826,118.6
2025-08-01,2,NQR,0.667,48.8
2025-08-01,2,SR,4.943,121.0
2025-08-01,3,PQR,2.284,89.0
2025-08-01,3,NQR,1.026,46.6
2025-08-01,3,SR,2.236,83.5
2025-08-01,4,PQR,3.455,111.7
2025-08-01,4,NQR,3.206,30.9
2025-08-01,4,SR,3.622,115.6
2025-08-01,5,PQR,2.197,122.7
2025-08-01,5,NQR,2.604,45.2
2025-08-01,5,SR,5.252,90.3
2025-08-01,6,PQR,2.051,123.6
2025-08-01,6,NQR,1.79,36.0
2025-08-01,6,SR,2.734,94.8
2025-08-02,1,PQR,1.807,102.6
2025-08-02,1,NQR,0.333,45.0
2025-08-02,1,SR,1.291,105.9
2025-08-02,2,PQR,1.429,150.3
2025-08-02,2,NQR,1.337,55.5
2025-08-02,2,SR,3.065,82.3
2025-08-02,3,PQR,3.714,98.4
2025-08-02,3,NQR,0.571,46.7
2025-08-02,3,SR,4.08,92.3
2025-08-02,4,PQR,1.385,158.0
2025-08-02,4,NQR,0.844,37.2
2025-08-02,4,SR,2.79,122.9
2025-08-02,5,PQR,3.349,163.8
2025-08-02,5,NQR,2.223,44.0
2025-08-02,5,SR,1.413,145.0
2025-08-02,6,PQR,2.339,113.3
2025-08-02,6,NQR,1.668,50.3
2025-08-02,6,SR,2.991,147.9
2025-08-03,1,PQR,0.469,96.0
2025-08-03,1,NQR,0.244,29.2
2025-08-03,1,SR,1.007,91.4
2025-08-03,2,PQR,0.632,145.0
2025-08-03,2,NQR,0.48,39.3
2025-08-03,2,SR,1.239,83.3
2025-08-03,3,PQR,1.305,122.4
2025-08-03,3,NQR,0.468,43.3
2025-08-03,3,SR,2.936,147.2
2025-08-03,4,PQR,1.507,155.0
2025-08-03,4,NQR,0.44,47.1
2025-08-03,4,SR,3.045,127.4
2025-08-03,5,PQR,3.46,119.2
2025-08-03,5,NQR,2.241,46.0
2025-08-03,5,SR,4.678,115.2
2025-08-03,6,PQR,2.061,84.2
2025-08-03,6,NQR,0.661,49.5
2025-08-03,6,SR,4.302,90.3
2025-08-04,1,PQR,1.754,119.0
2025-08-04,1,NQR,0.268,52.5
2025-08-04,1,SR,4.71,114.5
2025-08-04,2,PQR,0.498,90.5
2025-08-04,2,NQR,0.797,44.4
2025-08-04,2,SR,2.445,88.9
2025-08-04,3,PQR,3.592,102.9
2025-08-04,3,NQR,0.924,35.6
2025-08-04,3,SR,1.276,106.9
2025-08-04,4,PQR,1.739,93.0
2025-08-04,4,NQR,1.773,38.2
2025-08-04,4,SR,2.029,107.0
2025-08-04,5,PQR,1.222,108.1
2025-08-04,5,NQR,1.969,46.5
2025-08-04,5,SR,4.986,99.1
2025-08-04,6,PQR,1.709,135.6
2025-08-04,6,NQR,1.113,36.4
2025-08-04,6,SR,1.684,115.6
2025-08-05,1,PQR,3.768,107.2
2025-08-05,1,NQR,0.705,52.5
2025-08-05,1,SR,3.359,99.6
2025-08-05,2,PQR,2.549,157.2
2025-08-05,2,NQR,0.862,48.6
2025-08-05,2,SR,3.008,125.1
2025-08-05,3,PQR,1.511,115.9
2025-08-05,3,NQR,0.434,45.8
2025-08-05,3,SR,9.438,104.8
2025-08-05,4,PQR,3.414,127.9
2025-08-05,4,NQR,1.129,50.7
2025-08-05,4,SR,2.954,108.9
2025-08-05,5,PQR,0.91,154.2
2025-08-05,5,NQR,2.266,47.2
2025-08-05,5,SR,5.723,152.7
2025-08-05,6,PQR,4.91,118.7
2025-08-05,6,NQR,2.133,55.3
2025-08-05,6,SR,2.033,89.4
2025-08-06,1,PQR,1.524,103.8
2025-08-06,1,NQR,2.033,36.9
2025-08-06,1,SR,3.974,77.5
2025-08-06,2,PQR,1.371,131.4
2025-08-06,2,NQR,0.73,45.4
2025-08-06,2,SR,3.115,135.6
2025-08-06,3,PQR,1.143,125.1
2025-08-06,3,NQR,1.287,45.4
2025-08-06,3,SR,2.63,87.9
2025-08-06,4,PQR,2.024,154.1
2025-08-06,4,NQR,0.555,33.9
2025-08-06,4,SR,1.515,85.0
2025-08-06,5,PQR,2.992,129.9
2025-08-06,5,NQR,4.759,29.5
2025-08-06,5,SR,4.948,91.3
2025-08-06,6,PQR,0.993,104.9
2025-08-06,6,NQR,1.236,33.3
2025-08-06,6,SR,1.74,135.5
2025-08-07,1,PQR,3.059,102.1
2025-08-07,1,NQR,0.795,34.0
2025-08-07,1,SR,1.902,128.0
2025-08-07,2,PQR,0.39,141.8
2025-08-07,2,NQR,1.559,48.0
2025-08-07,2,SR,1.613,139.1
2025-08-07,3,PQR,2.623,165.7
2025-08-07,3,NQR,0.969,43.0
2025-08-07,3,SR,2.099,118.4
2025-08-07,4,PQR,2.319,91.8
2025-08-07,4,NQR,1.192,47.8
2025-08-07,4,SR,2.69,107.4
2025-08-07,5,PQR,2.078,165.8
2025-08-07,5,NQR,1.434,55.6
2025-08-07,5,SR,4.009,108.4
2025-08-07,6,PQR,2.501,143.3
2025-08-07,6,NQR,0.427,30.2
2025-08-07,6,SR,2.768,113.6
2025-08-08,1,PQR,2.991,100.4
2025-08-08,1,NQR,0.762,45.9
2025-08-08,1,SR,2.175,131.6
2025-08-08,2,PQR,1.332,88.4
2025-08-08,2,NQR,0.571,42.2
2025-08-08,2,SR,1.433,113.9
2025-08-08,3,PQR,1.152,91.9
2025-08-08,3,NQR,0.865,46.1
2025-08-08,3,SR,1.56,82.9
2025-08-08,4,PQR,0.982,153.3
2025-08-08,4,NQR,0.227,45.7
2025-08-08,4,SR,4.32,120.6
2025-08-08,5,PQR,5.291,121.0
2025-08-08,5,NQR,0.938,42.2
2025-08-08,5,SR,5.407,141.6
2025-08-08,6,PQR,2.654,97.9
2025-08-08,6,NQR,1.654,51.7
2025-08-08,6,SR,2.356,149.6
2025-08-09,1,PQR,1.643,114.1
2025-08-09,1,NQR,0.72,46.3
2025-08-09,1,SR,4.102,87.3
2025-08-09,2,PQR,1.086,113.0
2025-08-09,2,NQR,0.793,34.6
2025-08-09,2,SR,1.54,131.1
2025-08-09,3,PQR,1.155,150.9
2025-08-09,3,NQR,0.752,35.7
2025-08-09,3,SR,2.858,120.8
2025-08-09,4,PQR,1.382,125.1
2025-08-09,4,NQR,0.628,40.2
2025-08-09,4,SR,4.353,120.3
2025-08-09,5,PQR,3.609,93.9
2025-08-09,5,NQR,0.633,40.4
2025-08-09,5,SR,2.717,85.0
2025-08-09,6,PQR,2.574,107.9
2025-08-09,6,NQR,1.206,35.4
2025-08-09,6,SR,1.4,80.4
2025-08-10,1,PQR,1.345,164.6
2025-08-10,1,NQR,1.394,33.7
2025-08-10,1,SR,3.829,122.7
2025-08-10,2,PQR,2.57,147.4
2025-08-10,2,NQR,0.538,42.4
2025-08-10,2,SR,3.074,132.2
2025-08-10,3,PQR,2.247,108.2
2025-08-10,3,NQR,0.718,45.1
2025-08-10,3,SR,1.895,114.9
2025-08-10,4,PQR,2.489,101.6
2025-08-10,4,NQR,1.999,55.2
2025-08-10,4,SR,2.122,147.9
2025-08-10,5,PQR,2.64,138.1
2025-08-10,5,NQR,1.513,31.9
2025-08-10,5,SR,2.953,146.0
2025-08-10,6,PQR,3.117,148.4
2025-08-10,6,NQR,0.326,35.1
2025-08-10,6,SR,1.801,136.5
2025-08-11,1,PQR,3.81,121.4
2025-08-11,1,NQR,0.823,41.6
2025-08-11,1,SR,4.409,127.0
2025-08-11,2,PQR,0.343,165.7
2025-08-11,2,NQR,0.42,45.0
2025-08-11,2,SR,2.085,77.5
2025-08-11,3,PQR,6.339,95.4
2025-08-11,3,NQR,1.964,45.4
2025-08-11,3,SR,3.9,129.3
2025-08-11,4,PQR,1.399,157.5
2025-08-11,4,NQR,3.869,46.6
2025-08-11,4,SR,1.085,106.3
2025-08-11,5,PQR,0.86,144.0
2025-08-11,5,NQR,0.648,34.7
2025-08-11,5,SR,9.58,96.2
2025-08-11,6,PQR,1.713,141.8
2025-08-11,6,NQR,0.464,50.0
2025-08-11,6,SR,3.516,149.2
2025-08-12,1,PQR,1.191,95.4
2025-08-12,1,NQR,1.163,52.3
2025-08-12,1,SR,1.65,141.0
2025-08-12,2,PQR,1.729,149.9
2025-08-12,2,NQR,0.511,48.1
2025-08-12,2,SR,2.634,85.0
2025-08-12,3,PQR,0.812,94.3
2025-08-12,3,NQR,0.869,39.1
2025-08-12,3,SR,1.128,78.8
2025-08-12,4,PQR,1.763,163.7
2025-08-12,4,NQR,1.105,32.3
2025-08-12,4,SR,1.462,120.4
2025-08-12,5,PQR,4.339,85.8
2025-08-12,5,NQR,1.593,32.8
2025-08-12,5,SR,5.023,110.4
2025-08-12,6,PQR,2.224,106.8
2025-08-12,6,NQR,1.394,38.2
2025-08-12,6,SR,8.468,111.9
2025-08-13,1,PQR,0.854,91.8
2025-08-13,1,NQR,0.248,33.1
2025-08-13,1,SR,2.815,122.6
2025-08-13,2,PQR,2.047,115.8
2025-08-13,2,NQR,1.12,28.3
2025-08-13,2,SR,1.294,92.9
2025-08-13,3,PQR,0.99,148.6
2025-08-13,3,NQR,0.823,49.8
2025-08-13,3,SR,2.361,94.5
2025-08-13,4,PQR,1.247,119.2
2025-08-13,4,NQR,2.686,43.7
2025-08-13,4,SR,3.581,86.6
2025-08-13,5,PQR,2.434,157.8
2025-08-13,5,NQR,1.334,35.5
2025-08-13,5,SR,7.158,80.0
2025-08-13,6,PQR,2.113,91.5
2025-08-13,6,NQR,1.643,43.3
2025-08-13,6,SR,4.536,152.1
2025-08-14,1,PQR,1.867,87.9
2025-08-14,1,NQR,0.992,29.1
2025-08-14,1,SR,2.059,111.6
2025-08-14,2,PQR,1.008,138.8
2025-08-14,2,NQR,1.399,43.8
2025-08-14,2,SR,2.206,113.9
2025-08-14,3,PQR,1.263,128.3
2025-08-14,3,NQR,1.865,35.5
2025-08-14,3,SR,2.894,77.7
2025-08-14,4,PQR,1.85,167.8
2025-08-14,4,NQR,1.538,47.0
2025-08-14,4,SR,2.619,100.1
2025-08-14,5,PQR,3.533,99.0
2025-08-14,5,NQR,2.48,41.2
2025-08-14,5,SR,2.513,151.4
2025-08-14,6,PQR,5.074,154.0
2025-08-14,6,NQR,0.452,54.8
2025-08-14,6,SR,2.062,92.5
2025-08-15,1,PQR,1.577,88.4
2025-08-15,1,NQR,0.586,52.8
2025-08-15,1,SR,5.03,115.1
2025-08-15,2,PQR,0.721,95.2
2025-08-15,2,NQR,0.958,32.2
2025-08-15,2,SR,1.008,124.7
2025-08-15,3,PQR,2.058,161.1
2025-08-15,3,NQR,2.001,39.4
2025-08-15,3,SR,2.671,81.1
2025-08-15,4,PQR,0.998,93.8
2025-08-15,4,NQR,1.441,46.3
2025-08-15,4,SR,1.706,96.0
2025-08-15,5,PQR,1.498,137.1
2025-08-15,5,NQR,1.176,48.8
2025-08-15,5,SR,4.714,94.3
2025-08-15,6,PQR,2.839,156.5
2025-08-15,6,NQR,2.11,34.9
2025-08-15,6,SR,3.78,103.0
2025-08-16,1,PQR,2.434,118.5
2025-08-16,1,NQR,0.678,28.4
2025-08-16,1,SR,2.237,126.9
2025-08-16,2,PQR,1.991,120.9
2025-08-16,2,NQR,0.722,29.8
2025-08-16,2,SR,2.123,93.3
2025-08-16,3,PQR,1.213,137.6
2025-08-16,3,NQR,1.155,52.9
2025-08-16,3,SR,3.19,151.1
2025-08-16,4,PQR,2.286,118.1
2025-08-16,4,NQR,0.592,42.4
2025-08-16,4,SR,1.787,117.3
2025-08-16,5,PQR,4.513,157.7
2025-08-16,5,NQR,3.005,51.1
2025-08-16,5,SR,7.845,126.7
2025-08-16,6,PQR,1.24,129.8
2025-08-16,6,NQR,1.328,42.3
2025-08-16,6,SR,2.472,114.0
2025-08-17,1,PQR,2.165,125.1
2025-08-17,1,NQR,0.327,37.5
2025-08-17,1,SR,1.555,79.9
2025-08-17,2,PQR,2.382,89.2
2025-08-17,2,NQR,0.775,37.3
2025-08-17,2,SR,1.309,85.3
2025-08-17,3,PQR,0.437,102.6
2025-08-17,3,NQR,0.791,36.6
2025-08-17,3,SR,1.701,143.0
2025-08-17,4,PQR,3.356,127.9
2025-08-17,4,NQR,0.965,28.8
2025-08-17,4,SR,3.28,111.3
2025-08-17,5,PQR,1.827,138.9
2025-08-17,5,NQR,1.639,55.0
2025-08-17,5,SR,3.777,103.6
2025-08-17,6,PQR,1.414,142.7
2025-08-17,6,NQR,1.09,37.0
2025-08-17,6,SR,12.775,126.3
2025-08-18,1,PQR,1.913,114.4
2025-08-18,1,NQR,3.313,29.0
2025-08-18,1,SR,1.847,97.1
2025-08-18,2,PQR,0.804,145.1
2025-08-18,2,NQR,0.734,46.1
2025-08-18,2,SR,0.889,128.1
2025-08-18,3,PQR,0.765,110.7
2025-08-18,3,NQR,1.064,42.0
2025-08-18,3,SR,2.147,126.2
2025-08-18,4,PQR,2.188,125.1
2025-08-18,4,NQR,1.096,29.4
2025-08-18,4,SR,7.81,137.3
2025-08-18,5,PQR,3.662,149.7
2025-08-18,5,NQR,3.636,42.0
2025-08-18,5,SR,1.996,83.5
2025-08-18,6,PQR,2.209,159.1
2025-08-18,6,NQR,1.675,41.8
2025-08-18,6,SR,3.967,130.7
2025-08-19,1,PQR,1.905,95.2
2025-08-19,1,NQR,0.934,55.9
2025-08-19,1,SR,2.122,97.4
2025-08-19,2,PQR,0.584,148.8
2025-08-19,2,NQR,1.62,46.3
2025-08-19,2,SR,3.329,121.8
2025-08-19,3,PQR,1.379,153.8
2025-08-19,3,NQR,0.726,30.7
2025-08-19,3,SR,1.293,125.0
2025-08-19,4,PQR,3.817,123.1
2025-08-19,4,NQR,0.824,33.6
2025-08-19,4,SR,2.579,115.7
2025-08-19,5,PQR,1.505,153.3
2025-08-19,5,NQR,1.843,29.2
2025-08-19,5,SR,2.573,85.9
2025-08-19,6,PQR,0.91,136.7
2025-08-19,6,NQR,3.774,38.4
2025-08-19,6,SR,7.776,152.9
2025-08-20,1,PQR,1.046,163.1
2025-08-20,1,NQR,0.498,38.7
2025-08-20,1,SR,1.901,143.9
2025-08-20,2,PQR,0.764,162.6
2025-08-20,2,NQR,0.581,47.2
2025-08-20,2,SR,1.47,94.2
2025-08-20,3,PQR,2.166,84.3
2025-08-20,3,NQR,1.7,38.1
2025-08-20,3,SR,7.321,138.9
2025-08-20,4,PQR,2.229,121.3
2025-08-20,4,NQR,1.587,53.8
2025-08-20,4,SR,1.953,120.5
2025-08-20,5,PQR,1.901,157.7
2025-08-20,5,NQR,0.749,46.6
2025-08-20,5,SR,1.818,145.7
2025-08-20,6,PQR,3.119,107.9
2025-08-20,6,NQR,2.127,35.1
2025-08-20,6,SR,3.552,98.8
2025-08-21,1,PQR,1.703,129.2
2025-08-21,1,NQR,0.683,51.8
2025-08-21,1,SR,1.186,114.5
2025-08-21,2,PQR,1.656,118.3
2025-08-21,2,NQR,0.291,39.4
2025-08-21,2,SR,2.892,95.2
2025-08-21,3,PQR,4.518,117.3
2025-08-21,3,NQR,1.818,53.2
2025-08-21,3,SR,1.257,125.5
2025-08-21,4,PQR,4.315,146.5
2025-08-21,4,NQR,1.599,30.4
2025-08-21,4,SR,2.112,111.6
2025-08-21,5,PQR,3.18,146.8
2025-08-21,5,NQR,1.981,53.1
2025-08-21,5,SR,2.528,80.3
2025-08-21,6,PQR,1.289,162.8
2025-08-21,6,NQR,0.617,48.1
2025-08-21,6,SR,3.437,95.6
2025-08-22,1,PQR,1.053,115.4
2025-08-22,1,NQR,1.368,55.8
2025-08-22,1,SR,1.499,136.8
2025-08-22,2,PQR,1.363,125.7
2025-08-22,2,NQR,0.837,29.8
2025-08-22,2,SR,1.956,151.0
2025-08-22,3,PQR,2.892,128.5
2025-08-22,3,NQR,0.954,35.3
2025-08-22,3,SR,0.781,89.3
2025-08-22,4,PQR,1.926,162.9
2025-08-22,4,NQR,0.845,38.2
2025-08-22,4,SR,2.91,109.5
2025-08-22,5,PQR,3.698,98.0
2025-08-22,5,NQR,0.84,43.5
2025-08-22,5,SR,3.16,140.3
2025-08-22,6,PQR,0.752,152.2
2025-08-22,6,NQR,1.85,41.7
2025-08-22,6,SR,1.806,150.8
2025-08-23,1,PQR,1.04,93.8
2025-08-23,1,NQR,0.61,39.7
2025-08-23,1,SR,3.582,133.0
2025-08-23,2,PQR,0.857,146.5
2025-08-23,2,NQR,1.043,47.1
2025-08-23,2,SR,1.625,117.0
2025-08-23,3,PQR,1.057,139.9
2025-08-23,3,NQR,1.449,38.2
2025-08-23,3,SR,5.912,89.4
2025-08-23,4,PQR,3.519,112.4
2025-08-23,4,NQR,0.818,36.6
2025-08-23,4,SR,1.47,99.8
2025-08-23,5,PQR,1.663,96.9
2025-08-23,5,NQR,2.482,35.4
2025-08-23,5,SR,2.491,81.6
2025-08-23,6,PQR,7.566,144.9
2025-08-23,6,NQR,0.795,51.5
2025-08-23,6,SR,1.645,106.4
2025-08-24,1,PQR,1.232,97.9
2025-08-24,1,NQR,1.013,40.4
2025-08-24,1,SR,4.17,115.2
2025-08-24,2,PQR,1.303,166.2
2025-08-24,2,NQR,0.592,29.4
2025-08-24,2,SR,1.351,119.0
2025-08-24,3,PQR,1.654,103.6
2025-08-24,3,NQR,1.107,53.3
2025-08-24,3,SR,3.931,100.6
2025-08-24,4,PQR,1.786,100.7
2025-08-24,4,NQR,0.648,30.0
2025-08-24,4,SR,2.585,109.5
2025-08-24,5,PQR,3.581,165.7
2025-08-24,5,NQR,2.484,29.0
2025-08-24,5,SR,7.717,119.7
2025-08-24,6,PQR,2.015,128.4
2025-08-24,6,NQR,1.231,34.2
2025-08-24,6,SR,4.59,81.1
2025-08-25,1,PQR,2.197,143.5
2025-08-25,1,NQR,1.157,30.9
2025-08-25,1,SR,2.701,121.7
2025-08-25,2,PQR,0.955,137.0
2025-08-25,2,NQR,0.561,38.5
2025-08-25,2,SR,2.524,121.5
2025-08-25,3,PQR,0.595,129.0
2025-08-25,3,NQR,0.671,42.5
2025-08-25,3,SR,3.191,86.2
2025-08-25,4,PQR,1.78,126.5
2025-08-25,4,NQR,0.503,53.6
2025-08-25,4,SR,3.156,126.8
2025-08-25,5,PQR,1.724,97.6
2025-08-25,5,NQR,1.526,35.3
2025-08-25,5,SR,5.112,96.1
2025-08-25,6,PQR,2.844,145.5
2025-08-25,6,NQR,2.467,35.9
2025-08-25,6,SR,2.017,94.7
2025-08-26,1,PQR,1.096,123.0
2025-08-26,1,NQR,0.689,50.2
2025-08-26,1,SR,1.355,141.1
2025-08-26,2,PQR,0.811,164.1
2025-08-26,2,NQR,0.496,40.2
2025-08-26,2,SR,1.567,119.7
2025-08-26,3,PQR,1.962,162.6
2025-08-26,3,NQR,1.536,35.1
2025-08-26,3,SR,6.104,79.1
2025-08-26,4,PQR,0.803,106.0
2025-08-26,4,NQR,0.857,45.8
2025-08-26,4,SR,0.972,113.2
2025-08-26,5,PQR,6.544,163.7
2025-08-26,5,NQR,2.395,46.2
2025-08-26,5,SR,2.284,143.7
2025-08-26,6,PQR,1.103,86.0
2025-08-26,6,NQR,2.291,30.7
2025-08-26,6,SR,7.097,93.5
2025-08-27,1,PQR,1.812,151.9
2025-08-27,1,NQR,0.957,39.1
2025-08-27,1,SR,2.542,120.0
2025-08-27,2,PQR,1.39,136.4
2025-08-27,2,NQR,1.029,35.7
2025-08-27,2,SR,2.143,121.5
2025-08-27,3,PQR,0.886,166.8
2025-08-27,3,NQR,1.732,51.9
2025-08-27,3,SR,2.993,112.3
2025-08-27,4,PQR,1.251,167.8
2025-08-27,4,NQR,1.198,55.4
2025-08-27,4,SR,1.805,86.7
2025-08-27,5,PQR,2.018,167.9
2025-08-27,5,NQR,0.706,35.4
2025-08-27,5,SR,2.154,82.0
2025-08-27,6,PQR,2.826,153.9
2025-08-27,6,NQR,2.418,34.3
2025-08-27,6,SR,2.174,122.1
2025-08-28,1,PQR,2.176,143.7
2025-08-28,1,NQR,0.316,36.1
2025-08-28,1,SR,4.928,102.7
2025-08-28,2,PQR,2.167,92.3
2025-08-28,2,NQR,0.515,32.9
2025-08-28,2,SR,1.873,150.3
2025-08-28,3,PQR,2.696,126.1
2025-08-28,3,NQR,0.86,29.2
2025-08-28,3,SR,4.387,140.8
2025-08-28,4,PQR,1.887,113.8
2025-08-28,4,NQR,0.582,44.1
2025-08-28,4,SR,3.576,144.0
2025-08-28,5,PQR,1.687,154.9
2025-08-28,5,NQR,1.884,34.9
2025-08-28,5,SR,2.116,142.4
2025-08-28,6,PQR,4.511,131.3
2025-08-28,6,NQR,0.715,53.8
2025-08-28,6,SR,5.294,130.3
2025-08-29,1,PQR,1.911,134.2
2025-08-29,1,NQR,1.725,33.0
2025-08-29,1,SR,0.978,147.9
2025-08-29,2,PQR,3.432,138.6
2025-08-29,2,NQR,2.886,55.2
2025-08-29,2,SR,1.138,91.2
2025-08-29,3,PQR,2.79,117.3
2025-08-29,3,NQR,0.828,44.4
2025-08-29,3,SR,2.148,87.5
2025-08-29,4,PQR,3.983,149.5
2025-08-29,4,NQR,1.309,55.6
2025-08-29,4,SR,1.476,147.0
2025-08-29,5,PQR,3.039,163.6
2025-08-29,5,NQR,1.142,30.3
2025-08-29,5,SR,1.891,99.2
2025-08-29,6,PQR,1.862,88.3
2025-08-29,6,NQR,2.319,43.9
2025-08-29,6,SR,5.646,86.1
2025-08-30,1,PQR,1.512,153.8
2025-08-30,1,NQR,0.609,45.1
2025-08-30,1,SR,0.963,112.4
2025-08-30,2,PQR,2.302,131.5
2025-08-30,2,NQR,1.823,31.0
2025-08-30,2,SR,2.085,125.0
2025-08-30,3,PQR,1.253,165.0
2025-08-30,3,NQR,1.35,44.0
2025-08-30,3,SR,2.246,121.3
2025-08-30,4,PQR,3.203,119.9
2025-08-30,4,NQR,3.321,46.4
2025-08-30,4,SR,3.462,139.2
2025-08-30,5,PQR,3.202,140.8
2025-08-30,5,NQR,2.641,34.4
2025-08-30,5,SR,8.274,97.3
2025-08-30,6,PQR,4.096,110.6
2025-08-30,6,NQR,1.43,29.9
2025-08-30,6,SR,3.528,151.0
2025-08-31,1,PQR,2.221,164.4
2025-08-31,1,NQR,1.022,37.7
2025-08-31,1,SR,2.512,121.3
2025-08-31,2,PQR,0.947,154.2
2025-08-31,2,NQR,0.29,31.7
2025-08-31,2,SR,2.584,125.1
2025-08-31,3,PQR,1.806,167.4
2025-08-31,3,NQR,1.367,49.2
2025-08-31,3,SR,3.039,125.1
2025-08-31,4,PQR,1.653,125.4
2025-08-31,4,NQR,0.544,52.4
2025-08-31,4,SR,2.15,108.8
2025-08-31,5,PQR,2.27,116.1
2025-08-31,5,NQR,5.378,42.0
2025-08-31,5,SR,2.716,121.4
2025-08-31,6,PQR,2.453,87.4
2025-08-31,6,NQR,0.296,53.3
2025-08-31,6,SR,3.048,86.9
2025-09-01,1,PQR,1.734,141.7
2025-09-01,1,NQR,0.66,42.2
2025-09-01,1,SR,1.541,118.4
2025-09-01,2,PQR,0.946,141.5
2025-09-01,2,NQR,0.594,30.4
2025-09-01,2,SR,1.626,81.3
2025-09-01,3,PQR,2.031,84.5
2025-09-01,3,NQR,1.395,51.0
2025-09-01,3,SR,3.962,131.0
2025-09-01,4,PQR,1.386,134.4
2025-09-01,4,NQR,1.698,49.6
2025-09-01,4,SR,6.431,140.2
2025-09-01,5,PQR,2.704,166.8
2025-09-01,5,NQR,1.137,36.8
2025-09-01,5,SR,3.309,80.2
2025-09-01,6,PQR,3.886,134.6
2025-09-01,6,NQR,0.997,54.8
2025-09-01,6,SR,9.175,79.8
2025-09-02,1,PQR,1.659,161.5
2025-09-02,1,NQR,0.812,52.9
2025-09-02,1,SR,2.788,121.9
2025-09-02,2,PQR,0.77,112.6
2025-09-02,2,NQR,1.037,32.2
2025-09-02,2,SR,2.101,111.1
2025-09-02,3,PQR,3.415,135.7
2025-09-02,3,NQR,1.019,43.9
2025-09-02,3,SR,3.118,96.2
2025-09-02,4,PQR,3.421,96.2
2025-09-02,4,NQR,1.031,33.0
2025-09-02,4,SR,1.363,133.9
2025-09-02,5,PQR,3.908,115.7
2025-09-02,5,NQR,1.682,29.7
2025-09-02,5,SR,7.749,101.5
2025-09-02,6,PQR,1.478,162.2
2025-09-02,6,NQR,1.958,50.6
2025-09-02,6,SR,5.038,144.7
2025-09-03,1,PQR,1.754,118.7
2025-09-03,1,NQR,1.629,31.0
2025-09-03,1,SR,6.125,116.8
2025-09-03,2,PQR,0.82,100.2
2025-09-03,2,NQR,1.554,43.4
2025-09-03,2,SR,1.65,122.1
2025-09-03,3,PQR,1.302,93.1
2025-09-03,3,NQR,0.585,43.1
2025-09-03,3,SR,1.557,96.9
2025-09-03,4,PQR,6.053,110.5
2025-09-03,4,NQR,1.2,37.4
2025-09-03,4,SR,5.442,147.4
2025-09-03,5,PQR,7.007,162.4
2025-09-03,5,NQR,4.68,46.1
2025-09-03,5,SR,8.991,150.5
2025-09-03,6,PQR,3.867,149.0
2025-09-03,6,NQR,1.408,35.0
2025-09-03,6,SR,4.588,116.5
2025-09-04,1,PQR,0.691,123.3
2025-09-04,1,NQR,1.381,29.2
2025-09-04,1,SR,1.052,87.0
2025-09-04,2,PQR,1.079,97.0
2025-09-04,2,NQR,1.493,31.9
2025-09-04,2,SR,1.431,80.2
2025-09-04,3,PQR,1.521,100.1
2025-09-04,3,NQR,1.223,35.2
2025-09-04,3,SR,4.271,131.0
2025-09-04,4,PQR,1.296,87.0
2025-09-04,4,NQR,0.833,51.2
2025-09-04,4,SR,3.314,140.2
2025-09-04,5,PQR,4.037,100.2
2025-09-04,5,NQR,1.557,51.0
2025-09-04,5,SR,6.916,99.4
2025-09-04,6,PQR,0.882,110.3
2025-09-04,6,NQR,0.703,47.3
2025-09-04,6,SR,4.764,146.4
2025-09-05,1,PQR,1.005,104.3
2025-09-05,1,NQR,1.161,52.9
2025-09-05,1,SR,2.567,122.6
2025-09-05,2,PQR,1.792,152.4
2025-09-05,2,NQR,1.013,36.6
2025-09-05,2,SR,3.509,82.1
2025-09-05,3,PQR,3.922,136.3
2025-09-05,3,NQR,0.571,32.7
2025-09-05,3,SR,3.873,149.6
2025-09-05,4,PQR,3.934,149.0
2025-09-05,4,NQR,0.659,32.5
2025-09-05,4,SR,2.461,128.2
2025-09-05,5,PQR,7.868,166.2
2025-09-05,5,NQR,3.957,29.0
2025-09-05,5,SR,5.752,109.0
2025-09-05,6,PQR,5.734,93.3
2025-09-05,6,NQR,1.423,54.2
2025-09-05,6,SR,4.46,148.4
2025-09-06,1,PQR,2.835,138.2
2025-09-06,1,NQR,0.521,32.3
2025-09-06,1,SR,2.651,98.3
2025-09-06,2,PQR,0.989,104.1
2025-09-06,2,NQR,1.3,42.3
2025-09-06,2,SR,4.46,117.2
2025-09-06,3,PQR,1.337,128.2
2025-09-06,3,NQR,0.469,49.9
2025-09-06,3,SR,1.149,78.2
2025-09-06,4,PQR,7.861,142.3
2025-09-06,4,NQR,1.711,44.6
2025-09-06,4,SR,3.225,113.9
2025-09-06,5,PQR,1.571,135.1
2025-09-06,5,NQR,1.62,36.7
2025-09-06,5,SR,4.961,93.4
2025-09-06,6,PQR,1.701,129.0
2025-09-06,6,NQR,1.965,35.3
2025-09-06,6,SR,2.826,105.6
2025-09-07,1,PQR,1.544,119.5
2025-09-07,1,NQR,0.772,45.5
2025-09-07,1,SR,2.18,119.4
2025-09-07,2,PQR,2.227,125.2
2025-09-07,2,NQR,0.529,55.0
2025-09-07,2,SR,3.565,88.9
2025-09-07,3,PQR,0.731,154.8
2025-09-07,3,NQR,0.7,40.8
2025-09-07,3,SR,5.385,149.7
2025-09-07,4,PQR,2.56,90.1
2025-09-07,4,NQR,0.765,48.4
2025-09-07,4,SR,2.654,108.5
2025-09-07,5,PQR,3.235,156.6
2025-09-07,5,NQR,1.565,48.3
2025-09-07,5,SR,3.953,137.2
2025-09-07,6,PQR,3.872,106.8
2025-09-07,6,NQR,1.287,42.7
2025-09-07,6,SR,2.702,97.6
2025-09-08,1,PQR,2.463,106.3
2025-09-08,1,NQR,0.577,54.1
2025-09-08,1,SR,3.906,78.4
2025-09-08,2,PQR,0.533,112.3
2025-09-08,2,NQR,0.542,38.8
2025-09-08,2,SR,1.029,126.7
2025-09-08,3,PQR,2.613,152.1
2025-09-08,3,NQR,1.193,31.2
2025-09-08,3,SR,2.073,145.3
2025-09-08,4,PQR,1.925,104.6
2025-09-08,4,NQR,0.987,33.8
2025-09-08,4,SR,1.358,110.3
2025-09-08,5,PQR,2.841,140.0
2025-09-08,5,NQR,1.981,43.4
2025-09-08,5,SR,9.282,94.1
2025-09-08,6,PQR,1.575,119.5
2025-09-08,6,NQR,1.646,53.7
2025-09-08,6,SR,7.37,96.1
2025-09-09,1,PQR,0.927,111.1
2025-09-09,1,NQR,0.596,32.3
2025-09-09,1,SR,3.331,95.2
2025-09-09,2,PQR,2.098,93.4
2025-09-09,2,NQR,1.038,52.6
2025-09-09,2,SR,2.464,144.4
2025-09-09,3,PQR,2.462,149.9
2025-09-09,3,NQR,0.927,38.0
2025-09-09,3,SR,1.7,146.5
2025-09-09,4,PQR,2.209,166.1
2025-09-09,4,NQR,1.016,50.7
2025-09-09,4,SR,2.834,142.4
2025-09-09,5,PQR,2.849,153.0
2025-09-09,5,NQR,1.469,43.0
2025-09-09,5,SR,3.17,82.3
2025-09-09,6,PQR,2.023,94.5
2025-09-09,6,NQR,0.893,28.8
2025-09-09,6,SR,2.563,145.3
2025-09-10,1,PQR,2.645,140.8
2025-09-10,1,NQR,0.458,36.2
2025-09-10,1,SR,1.427,77.9
2025-09-10,2,PQR,1.302,123.5
2025-09-10,2,NQR,0.973,41.1
2025-09-10,2,SR,1.75,114.2
2025-09-10,3,PQR,3.17,86.7
2025-09-10,3,NQR,1.089,31.8
2025-09-10,3,SR,0.627,106.4
2025-09-10,4,PQR,2.121,146.9
2025-09-10,4,NQR,0.906,40.4
2025-09-10,4,SR,2.94,109.4
2025-09-10,5,PQR,6.787,129.4
2025-09-10,5,NQR,4.085,55.7
2025-09-10,5,SR,4.995,95.7
2025-09-10,6,PQR,1.932,135.5
2025-09-10,6,NQR,0.83,55.5
2025-09-10,6,SR,2.412,79.3
2025-09-11,1,PQR,0.653,148.7
2025-09-11,1,NQR,1.396,50.1
2025-09-11,1,SR,2.336,94.1
2025-09-11,2,PQR,1.831,99.9
2025-09-11,2,NQR,1.52,46.1
2025-09-11,2,SR,1.766,93.4
2025-09-11,3,PQR,1.809,159.8
2025-09-11,3,NQR,0.572,51.7
2025-09-11,3,SR,2.381,111.7
2025-09-11,4,PQR,1.228,109.9
2025-09-11,4,NQR,1.416,41.6
2025-09-11,4,SR,2.356,99.4
2025-09-11,5,PQR,4.028,151.3
2025-09-11,5,NQR,1.574,55.7
2025-09-11,5,SR,3.651,142.4
2025-09-11,6,PQR,2.102,105.2
2025-09-11,6,NQR,3.854,42.1
2025-09-11,6,SR,2.973,116.3
2025-09-12,1,PQR,1.03,104.7
2025-09-12,1,NQR,0.788,49.8
2025-09-12,1,SR,1.586,126.3
2025-09-12,2,PQR,1.706,95.7
2025-09-12,2,NQR,3.115,44.8
2025-09-12,2,SR,2.426,140.2
2025-09-12,3,PQR,0.987,108.5
2025-09-12,3,NQR,0.961,41.1
2025-09-12,3,SR,1.156,137.3
2025-09-12,4,PQR,4.842,117.9
2025-09-12,4,NQR,4.086,32.6
2025-09-12,4,SR,1.578,133.9
2025-09-12,5,PQR,2.491,92.3
2025-09-12,5,NQR,1.881,52.7
2025-09-12,5,SR,2.894,98.1
2025-09-12,6,PQR,6.218,103.1
2025-09-12,6,NQR,1.0,48.8
2025-09-12,6,SR,2.425,112.2
2025-09-13,1,PQR,2.578,121.5
2025-09-13,1,NQR,1.07,56.0
2025-09-13,1,SR,3.452,146.9
2025-09-13,2,PQR,0.973,147.3
2025-09-13,2,NQR,1.148,31.0
2025-09-13,2,SR,1.358,106.2
2025-09-13,3,PQR,3.601,118.2
2025-09-13,3,NQR,0.992,54.6
2025-09-13,3,SR,3.307,78.7
2025-09-13,4,PQR,1.337,89.5
2025-09-13,4,NQR,0.793,35.5
2025-09-13,4,SR,1.512,96.5
2025-09-13,5,PQR,2.65,136.8
2025-09-13,5,NQR,1.346,45.4
2025-09-13,5,SR,2.58,97.1
2025-09-13,6,PQR,0.844,114.8
2025-09-13,6,NQR,1.447,55.2
2025-09-13,6,SR,3.642,101.9
2025-09-14,1,PQR,1.068,138.5
2025-09-14,1,NQR,0.878,49.6
2025-09-14,1,SR,1.902,102.4
2025-09-14,2,PQR,4.076,144.4
2025-09-14,2,NQR,1.162,34.7
2025-09-14,2,SR,1.504,96.0
2025-09-14,3,PQR,2.31,146.0
2025-09-14,3,NQR,2.447,48.7
2025-09-14,3,SR,5.697,85.2
2025-09-14,4,PQR,1.448,118.5
2025-09-14,4,NQR,0.64,51.3
2025-09-14,4,SR,4.889,136.2
2025-09-14,5,PQR,8.541,162.6
2025-09-14,5,NQR,5.893,46.6
2025-09-14,5,SR,4.803,141.7
2025-09-14,6,PQR,5.171,115.0
2025-09-14,6,NQR,3.459,43.2
2025-09-14,6,SR,4.927,152.2
2025-09-15,1,PQR,1.275,128.5
2025-09-15,1,NQR,1.463,52.3
2025-09-15,1,SR,0.899,107.2
2025-09-15,2,PQR,0.789,87.4
2025-09-15,2,NQR,0.356,54.8
2025-09-15,2,SR,3.129,130.5
2025-09-15,3,PQR,1.275,142.4
2025-09-15,3,NQR,1.164,28.5
2025-09-15,3,SR,9.362,100.6
2025-09-15,4,PQR,3.767,163.3
2025-09-15,4,NQR,3.718,34.6
2025-09-15,4,SR,1.902,122.7
2025-09-15,5,PQR,2.913,158.5
2025-09-15,5,NQR,1.192,43.2
2025-09-15,5,SR,3.012,150.4
2025-09-15,6,PQR,4.818,154.4
2025-09-15,6,NQR,1.676,44.2
2025-09-15,6,SR,2.56,81.3
2025-09-16,1,PQR,2.114,117.7
2025-09-16,1,NQR,1.655,38.2
2025-09-16,1,SR,4.693,150.4
2025-09-16,2,PQR,0.965,109.7
2025-09-16,2,NQR,1.262,42.1
2025-09-16,2,SR,4.737,120.5
2025-09-16,3,PQR,1.059,132.8
2025-09-16,3,NQR,1.593,28.6
2025-09-16,3,SR,1.842,118.4
2025-09-16,4,PQR,1.427,98.3
2025-09-16,4,NQR,0.982,30.7
2025-09-16,4,SR,5.954,96.4
2025-09-16,5,PQR,3.215,162.5
2025-09-16,5,NQR,2.745,53.2
2025-09-16,5,SR,2.699,104.5
2025-09-16,6,PQR,1.512,122.6
2025-09-16,6,NQR,1.392,31.2
2025-09-16,6,SR,1.737,133.0
2025-09-17,1,PQR,1.306,130.7
2025-09-17,1,NQR,1.092,45.2
2025-09-17,1,SR,2.674,115.0
2025-09-17,2,PQR,1.855,140.7
2025-09-17,2,NQR,0.406,52.4
2025-09-17,2,SR,0.725,117.8
2025-09-17,3,PQR,1.494,127.2
2025-09-17,3,NQR,0.672,34.8
2025-09-17,3,SR,3.989,92.1
2025-09-17,4,PQR,3.149,160.1
2025-09-17,4,NQR,0.628,28.1
2025-09-17,4,SR,4.844,150.8
2025-09-17,5,PQR,4.479,112.0
2025-09-17,5,NQR,1.49,33.7
2025-09-17,5,SR,5.9,140.4
2025-09-17,6,PQR,3.768,131.2
2025-09-17,6,NQR,1.19,41.8
2025-09-17,6,SR,5.335,97.1
2025-09-18,1,PQR,1.237,144.1
2025-09-18,1,NQR,0.744,30.5
2025-09-18,1,SR,3.718,121.4
2025-09-18,2,PQR,1.848,150.0
2025-09-18,2,NQR,0.311,44.7
2025-09-18,2,SR,4.412,146.7
2025-09-18,3,PQR,3.676,148.0
2025-09-18,3,NQR,2.821,45.9
2025-09-18,3,SR,2.881,153.0
2025-09-18,4,PQR,1.965,98.2
2025-09-18,4,NQR,1.773,53.7
2025-09-18,4,SR,1.25,78.2
2025-09-18,5,PQR,2.454,150.6
2025-09-18,5,NQR,1.252,40.9
2025-09-18,5,SR,2.15,130.3
2025-09-18,6,PQR,6.951,162.6
2025-09-18,6,NQR,1.132,33.3
2025-09-18,6,SR,5.441,150.5
2025-09-19,1,PQR,1.747,90.3
2025-09-19,1,NQR,1.857,43.0
2025-09-19,1,SR,3.416,136.1
2025-09-19,2,PQR,0.873,126.4
2025-09-19,2,NQR,3.761,42.2
2025-09-19,2,SR,0.88,105.5
2025-09-19,3,PQR,3.248,145.1
2025-09-19,3,NQR,0.644,49.1
2025-09-19,3,SR,5.108,149.7
2025-09-19,4,PQR,1.002,134.7
2025-09-19,4,NQR,2.555,33.5
2025-09-19,4,SR,2.85,146.6
2025-09-19,5,PQR,3.074,167.1
2025-09-19,5,NQR,2.078,45.2
2025-09-19,5,SR,10.817,119.4
2025-09-19,6,PQR,2.032,85.8
2025-09-19,6,NQR,1.846,29.4
2025-09-19,6,SR,1.853,153.6
2025-09-20,1,PQR,2.192,158.9
2025-09-20,1,NQR,0.8,34.9
2025-09-20,1,SR,2.078,132.6
2025-09-20,2,PQR,1.759,111.2
2025-09-20,2,NQR,1.086,55.7
2025-09-20,2,SR,3.348,128.7
2025-09-20,3,PQR,1.206,118.6
2025-09-20,3,NQR,2.066,48.6
2025-09-20,3,SR,2.643,133.8
2025-09-20,4,PQR,3.753,129.2
2025-09-20,4,NQR,1.462,45.2
2025-09-20,4,SR,4.726,151.8
2025-09-20,5,PQR,2.96,105.9
2025-09-20,5,NQR,1.246,39.7
2025-09-20,5,SR,5.135,120.7
2025-09-20,6,PQR,1.997,114.8
2025-09-20,6,NQR,2.32,38.6
2025-09-20,6,SR,4.687,138.2
2025-09-21,1,PQR,1.608,157.9
2025-09-21,1,NQR,0.983,54.3
2025-09-21,1,SR,3.774,80.7
2025-09-21,2,PQR,1.405,94.9
2025-09-21,2,NQR,0.838,49.4
2025-09-21,2,SR,3.907,108.5
2025-09-21,3,PQR,1.893,118.7
2025-09-21,3,NQR,2.219,42.9
2025-09-21,3,SR,3.495,86.7
2025-09-21,4,PQR,2.381,98.2
2025-09-21,4,NQR,1.583,47.8
2025-09-21,4,SR,2.113,146.7
2025-09-21,5,PQR,2.238,126.7
2025-09-21,5,NQR,1.535,35.3
2025-09-21,5,SR,3.353,96.0
2025-09-21,6,PQR,2.471,160.6
2025-09-21,6,NQR,2.782,31.3
2025-09-21,6,SR,6.495,134.4
2025-09-22,1,PQR,1.1,101.6
2025-09-22,1,NQR,0.495,44.1
2025-09-22,1,SR,4.046,118.4
2025-09-22,2,PQR,0.993,156.4
2025-09-22,2,NQR,0.981,29.2
2025-09-22,2,SR,2.029,105.4
2025-09-22,3,PQR,2.064,87.2
2025-09-22,3,NQR,0.585,45.5
2025-09-22,3,SR,2.28,142.3
2025-09-22,4,PQR,5.181,157.2
2025-09-22,4,NQR,2.619,55.9
2025-09-22,4,SR,2.268,120.3
2025-09-22,5,PQR,3.014,85.7
2025-09-22,5,NQR,1.872,42.9
2025-09-22,5,SR,3.434,77.1
2025-09-22,6,PQR,2.223,106.4
2025-09-22,6,NQR,1.085,40.9
2025-09-22,6,SR,3.248,118.5
2025-09-23,1,PQR,2.496,127.8
2025-09-23,1,NQR,0.815,28.1
2025-09-23,1,SR,1.027,124.5
2025-09-23,2,PQR,2.049,92.8
2025-09-23,2,NQR,0.591,32.1
2025-09-23,2,SR,3.169,111.3
2025-09-23,3,PQR,3.055,167.3
2025-09-23,3,NQR,0.48,47.3
2025-09-23,3,SR,1.277,140.9
2025-09-23,4,PQR,2.26,98.8
2025-09-23,4,NQR,1.867,46.0
2025-09-23,4,SR,4.3,107.7
2025-09-23,5,PQR,1.517,161.9
2025-09-23,5,NQR,3.813,48.2
2025-09-23,5,SR,2.153,82.0
2025-09-23,6,PQR,6.475,122.9
2025-09-23,6,NQR,0.974,50.1
2025-09-23,6,SR,3.829,85.7
2025-09-24,1,PQR,2.348,105.8
2025-09-24,1,NQR,1.69,44.2
2025-09-24,1,SR,1.054,134.6
2025-09-24,2,PQR,1.874,98.1
2025-09-24,2,NQR,0.885,47.8
2025-09-24,2,SR,0.873,92.6
2025-09-24,3,PQR,1.693,113.6
2025-09-24,3,NQR,2.975,53.5
2025-09-24,3,SR,1.774,129.7
2025-09-24,4,PQR,2.576,142.8
2025-09-24,4,NQR,1.369,49.0
2025-09-24,4,SR,5.647,87.8
2025-09-24,5,PQR,2.491,113.4
2025-09-24,5,NQR,1.091,34.1
2025-09-24,5,SR,4.177,84.3
2025-09-24,6,PQR,2.001,122.7
2025-09-24,6,NQR,1.458,42.5
2025-09-24,6,SR,7.908,112.0
2025-09-25,1,PQR,1.733,100.5
2025-09-25,1,NQR,1.052,43.6
2025-09-25,1,SR,4.22,152.6
2025-09-25,2,PQR,3.611,164.4
2025-09-25,2,NQR,0.846,51.1
2025-09-25,2,SR,0.809,119.1
2025-09-25,3,PQR,0.805,120.5
2025-09-25,3,NQR,0.615,35.3
2025-09-25,3,SR,4.436,138.8
2025-09-25,4,PQR,1.302,115.8
2025-09-25,4,NQR,1.648,46.9
2025-09-25,4,SR,2.899,114.5
2025-09-25,5,PQR,7.79,109.2
2025-09-25,5,NQR,4.396,29.2
2025-09-25,5,SR,5.097,106.9
2025-09-25,6,PQR,1.882,147.2
2025-09-25,6,NQR,2.982,32.5
2025-09-25,6,SR,2.178,79.0
2025-09-26,1,PQR,0.642,131.2
2025-09-26,1,NQR,0.549,40.6
2025-09-26,1,SR,2.025,140.6
2025-09-26,2,PQR,1.163,111.9
2025-09-26,2,NQR,1.212,55.2
2025-09-26,2,SR,2.48,140.4
2025-09-26,3,PQR,3.223,84.1
2025-09-26,3,NQR,0.669,35.3
2025-09-26,3,SR,1.373,116.8
2025-09-26,4,PQR,1.958,119.7
2025-09-26,4,NQR,3.133,47.4
2025-09-26,4,SR,6.818,125.5
2025-09-26,5,PQR,4.279,95.3
2025-09-26,5,NQR,2.784,40.3
2025-09-26,5,SR,8.397,108.9
2025-09-26,6,PQR,4.646,109.0
2025-09-26,6,NQR,0.771,45.6
2025-09-26,6,SR,2.194,88.7
2025-09-27,1,PQR,0.802,167.4
2025-09-27,1,NQR,1.345,55.2
2025-09-27,1,SR,6.931,123.1
2025-09-27,2,PQR,1.322,99.8
2025-09-27,2,NQR,0.659,37.0
2025-09-27,2,SR,2.391,84.8
2025-09-27,3,PQR,3.329,140.4
2025-09-27,3,NQR,0.652,34.1
2025-09-27,3,SR,1.982,142.5
2025-09-27,4,PQR,3.073,89.1
2025-09-27,4,NQR,1.753,35.3
2025-09-27,4,SR,6.067,115.5
2025-09-27,5,PQR,3.997,141.4
2025-09-27,5,NQR,2.203,43.6
2025-09-27,5,SR,2.885,105.1
2025-09-27,6,PQR,1.791,113.9
2025-09-27,6,NQR,1.014,46.3
2025-09-27,6,SR,5.394,146.3
2025-09-28,1,PQR,5.649,135.1
2025-09-28,1,NQR,1.662,54.7
2025-09-28,1,SR,1.542,110.8
2025-09-28,2,PQR,1.882,152.1
2025-09-28,2,NQR,1.179,52.1
2025-09-28,2,SR,2.092,85.0
2025-09-28,3,PQR,3.373,136.9
2025-09-28,3,NQR,1.145,53.1
2025-09-28,3,SR,6.438,121.5
2025-09-28,4,PQR,1.224,139.6
2025-09-28,4,NQR,0.927,51.2
2025-09-28,4,SR,5.081,140.0
2025-09-28,5,PQR,4.266,95.7
2025-09-28,5,NQR,2.174,44.7
2025-09-28,5,SR,3.031,115.6
2025-09-28,6,PQR,1.13,142.1
2025-09-28,6,NQR,0.57,31.6
2025-09-28,6,SR,2.447,127.6
2025-09-29,1,PQR,1.098,154.6
2025-09-29,1,NQR,0.444,55.4
2025-09-29,1,SR,4.029,91.2
2025-09-29,2,PQR,1.552,163.6
2025-09-29,2,NQR,1.007,42.8
2025-09-29,2,SR,2.075,113.3
2025-09-29,3,PQR,1.741,163.4
2025-09-29,3,NQR,2.665,35.6
2025-09-29,3,SR,3.586,134.0
2025-09-29,4,PQR,1.716,90.2
2025-09-29,4,NQR,1.19,39.6
2025-09-29,4,SR,2.124,149.8
2025-09-29,5,PQR,10.871,128.6
2025-09-29,5,NQR,1.884,46.9
2025-09-29,5,SR,4.166,100.7
2025-09-29,6,PQR,2.85,117.6
2025-09-29,6,NQR,2.652,41.2
2025-09-29,6,SR,1.031,125.6
2025-09-30,1,PQR,3.246,86.1
2025-09-30,1,NQR,1.238,51.0
2025-09-30,1,SR,2.377,118.0
2025-09-30,2,PQR,1.861,120.1
2025-09-30,2,NQR,1.347,38.0
2025-09-30,2,SR,2.328,103.3
2025-09-30,3,PQR,2.58,92.3
2025-09-30,3,NQR,1.933,49.9
2025-09-30,3,SR,6.179,145.9
2025-09-30,4,PQR,2.35,106.3
2025-09-30,4,NQR,2.442,53.4
2025-09-30,4,SR,2.742,153.1
2025-09-30,5,PQR,6.319,99.9
2025-09-30,5,NQR,2.698,29.6
2025-09-30,5,SR,2.171,131.2
2025-09-30,6,PQR,5.104,162.3
2025-09-30,6,NQR,4.329,54.7
2025-09-30,6,SR,2.761,96.6
2025-10-01,1,PQR,3.043,122.0
2025-10-01,1,NQR,0.636,31.3
2025-10-01,1,SR,2.587,125.2
2025-10-01,2,PQR,1.561,126.6
2025-10-01,2,NQR,0.541,29.7
2025-10-01,2,SR,2.238,103.7
2025-10-01,3,PQR,1.622,104.8
2025-10-01,3,NQR,0.959,51.8
2025-10-01,3,SR,2.22,129.1
2025-10-01,4,PQR,1.354,164.7
2025-10-01,4,NQR,1.861,41.8
2025-10-01,4,SR,4.309,94.3
2025-10-01,5,PQR,4.886,109.9
2025-10-01,5,NQR,2.121,40.7
2025-10-01,5,SR,5.25,80.8
2025-10-01,6,PQR,6.707,166.3
2025-10-01,6,NQR,1.455,45.9
2025-10-01,6,SR,3.611,147.1
2025-10-02,1,PQR,2.209,159.7
2025-10-02,1,NQR,1.309,42.2
2025-10-02,1,SR,1.194,123.8
2025-10-02,2,PQR,2.646,118.9
2025-10-02,2,NQR,1.069,30.6
2025-10-02,2,SR,2.427,151.8
2025-10-02,3,PQR,4.008,148.2
2025-10-02,3,NQR,0.777,50.9
2025-10-02,3,SR,3.657,129.6
2025-10-02,4,PQR,1.837,110.1
2025-10-02,4,NQR,1.336,29.5
2025-10-02,4,SR,2.967,115.4
2025-10-02,5,PQR,5.728,104.4
2025-10-02,5,NQR,1.264,39.6
2025-10-02,5,SR,5.739,83.0
2025-10-02,6,PQR,1.656,160.9
2025-10-02,6,NQR,0.567,31.4
2025-10-02,6,SR,4.564,97.3
2025-10-03,1,PQR,2.064,119.8
2025-10-03,1,NQR,0.646,36.3
2025-10-03,1,SR,3.958,138.9
2025-10-03,2,PQR,0.604,139.8
2025-10-03,2,NQR,0.594,55.6
2025-10-03,2,SR,1.365,89.2
2025-10-03,3,PQR,3.044,124.7
2025-10-03,3,NQR,1.22,39.8
2025-10-03,3,SR,1.02,87.8
2025-10-03,4,PQR,3.272,137.8
2025-10-03,4,NQR,1.28,31.5
2025-10-03,4,SR,2.951,123.2
2025-10-03,5,PQR,5.902,140.4
2025-10-03,5,NQR,1.636,30.1
2025-10-03,5,SR,13.222,111.2
2025-10-03,6,PQR,2.635,96.1
2025-10-03,6,NQR,1.263,44.1
2025-10-03,6,SR,2.618,94.2
2025-10-04,1,PQR,1.141,104.0
2025-10-04,1,NQR,0.881,44.9
2025-10-04,1,SR,1.11,100.3
2025-10-04,2,PQR,1.053,112.5
2025-10-04,2,NQR,0.665,37.2
2025-10-04,2,SR,2.194,105.2
2025-10-04,3,PQR,1.462,124.4
2025-10-04,3,NQR,2.163,35.7
2025-10-04,3,SR,1.411,114.2
2025-10-04,4,PQR,1.874,92.3
2025-10-04,4,NQR,3.752,32.0
2025-10-04,4,SR,1.191,88.0
2025-10-04,5,PQR,2.271,143.8
2025-10-04,5,NQR,2.93,30.6
2025-10-04,5,SR,10.376,77.5
2025-10-04,6,PQR,3.479,157.1
2025-10-04,6,NQR,2.095,55.4
2025-10-04,6,SR,7.251,85.2
2025-10-05,1,PQR,0.731,103.0
2025-10-05,1,NQR,1.751,28.7
2025-10-05,1,SR,5.06,145.2
2025-10-05,2,PQR,1.795,121.2
2025-10-05,2,NQR,1.627,54.8
2025-10-05,2,SR,3.188,111.8
2025-10-05,3,PQR,1.914,87.1
2025-10-05,3,NQR,1.122,48.9
2025-10-05,3,SR,5.552,123.4
2025-10-05,4,PQR,1.428,161.8
2025-10-05,4,NQR,0.645,34.7
2025-10-05,4,SR,6.246,136.3
2025-10-05,5,PQR,5.619,107.4
2025-10-05,5,NQR,2.469,41.0
2025-10-05,5,SR,4.926,136.3
2025-10-05,6,PQR,1.253,93.6
2025-10-05,6,NQR,1.666,38.3
2025-10-05,6,SR,3.824,81.7
2025-10-06,1,PQR,4.425,153.7
2025-10-06,1,NQR,0.283,48.9
2025-10-06,1,SR,3.254,98.4
2025-10-06,2,PQR,1.258,97.5
2025-10-06,2,NQR,0.618,53.9
2025-10-06,2,SR,1.761,152.2
2025-10-06,3,PQR,2.842,128.1
2025-10-06,3,NQR,1.853,44.0
2025-10-06,3,SR,3.923,130.7
2025-10-06,4,PQR,2.646,90.8
2025-10-06,4,NQR,1.927,33.1
2025-10-06,4,SR,3.446,142.9
2025-10-06,5,PQR,2.848,134.8
2025-10-06,5,NQR,1.62,53.7
2025-10-06,5,SR,2.139,137.4
2025-10-06,6,PQR,3.697,140.1
2025-10-06,6,NQR,0.552,30.7
2025-10-06,6,SR,1.28,102.2
2025-10-07,1,PQR,1.611,165.7
2025-10-07,1,NQR,0.913,46.3
2025-10-07,1,SR,2.812,117.2
2025-10-07,2,PQR,1.322,107.4
2025-10-07,2,NQR,1.061,38.3
2025-10-07,2,SR,3.722,119.5
2025-10-07,3,PQR,2.14,163.9
2025-10-07,3,NQR,0.463,31.3
2025-10-07,3,SR,9.795,119.3
2025-10-07,4,PQR,0.915,85.4
2025-10-07,4,NQR,1.515,39.0
2025-10-07,4,SR,1.442,135.0
2025-10-07,5,PQR,1.903,87.7
2025-10-07,5,NQR,1.066,33.9
2025-10-07,5,SR,7.856,126.0
2025-10-07,6,PQR,8.545,137.3
2025-10-07,6,NQR,1.71,37.7
2025-10-07,6,SR,5.859,126.7
2025-10-08,1,PQR,0.999,159.2
2025-10-08,1,NQR,1.413,48.1
2025-10-08,1,SR,8.755,89.4
2025-10-08,2,PQR,0.892,99.7
2025-10-08,2,NQR,0.579,39.2
2025-10-08,2,SR,6.255,92.3
2025-10-08,3,PQR,3.057,104.2
2025-10-08,3,NQR,1.839,44.2
2025-10-08,3,SR,1.068,81.1
2025-10-08,4,PQR,3.096,129.9
2025-10-08,4,NQR,1.226,30.1
2025-10-08,4,SR,1.618,150.5
2025-10-08,5,PQR,7.735,164.6
2025-10-08,5,NQR,2.7,46.3
2025-10-08,5,SR,4.198,82.3
2025-10-08,6,PQR,1.47,96.8
2025-10-08,6,NQR,1.623,54.2
2025-10-08,6,SR,2.132,79.9
2025-10-09,1,PQR,2.553,159.8
2025-10-09,1,NQR,1.305,35.7
2025-10-09,1,SR,2.443,151.1
2025-10-09,2,PQR,2.578,149.3
2025-10-09,2,NQR,0.447,33.0
2025-10-09,2,SR,2.354,107.5
2025-10-09,3,PQR,1.456,133.9
2025-10-09,3,NQR,1.033,36.7
2025-10-09,3,SR,3.281,115.9
2025-10-09,4,PQR,3.735,120.9
2025-10-09,4,NQR,1.168,55.2
2025-10-09,4,SR,3.49,94.5
2025-10-09,5,PQR,8.548,96.8
2025-10-09,5,NQR,3.38,49.6
2025-10-09,5,SR,6.035,105.8
2025-10-09,6,PQR,4.446,128.0
2025-10-09,6,NQR,1.857,55.8
2025-10-09,6,SR,3.589,102.1
2025-10-10,1,PQR,3.993,149.0
2025-10-10,1,NQR,0.363,42.7
2025-10-10,1,SR,3.519,84.5
2025-10-10,2,PQR,0.865,103.4
2025-10-10,2,NQR,0.266,41.6
2025-10-10,2,SR,1.66,127.6
2025-10-10,3,PQR,1.058,99.4
2025-10-10,3,NQR,0.765,39.3
2025-10-10,3,SR,1.679,122.0
2025-10-10,4,PQR,0.736,91.8
2025-10-10,4,NQR,0.632,55.7
2025-10-10,4,SR,2.3,130.4
2025-10-10,5,PQR,3.632,91.8
2025-10-10,5,NQR,2.355,45.4
2025-10-10,5,SR,5.83,94.2
2025-10-10,6,PQR,2.716,92.7
2025-10-10,6,NQR,2.03,52.3
2025-10-10,6,SR,3.238,82.5
2025-10-11,1,PQR,3.45,150.7
2025-10-11,1,NQR,0.993,53.9
2025-10-11,1,SR,4.022,83.4
2025-10-11,2,PQR,1.977,142.1
2025-10-11,2,NQR,0.947,50.4
2025-10-11,2,SR,2.012,120.9
2025-10-11,3,PQR,1.842,134.6
2025-10-11,3,NQR,0.939,37.4
2025-10-11,3,SR,6.012,145.2
2025-10-11,4,PQR,7.17,142.6
2025-10-11,4,NQR,1.234,46.4
2025-10-11,4,SR,3.831,114.6
2025-10-11,5,PQR,3.283,154.8
2025-10-11,5,NQR,0.855,33.1
2025-10-11,5,SR,4.441,109.0
2025-10-11,6,PQR,6.199,101.7
2025-10-11,6,NQR,1.057,32.0
2025-10-11,6,SR,3.423,152.4
2025-10-12,1,PQR,1.392,127.6
2025-10-12,1,NQR,0.825,52.8
2025-10-12,1,SR,2.007,122.3
2025-10-12,2,PQR,2.121,127.5
2025-10-12,2,NQR,1.478,54.4
2025-10-12,2,SR,2.569,95.8
2025-10-12,3,PQR,1.673,105.3
2025-10-12,3,NQR,0.918,31.9
2025-10-12,3,SR,2.056,127.4
2025-10-12,4,PQR,3.813,140.7
2025-10-12,4,NQR,2.022,55.7
2025-10-12,4,SR,1.535,111.6
2025-10-12,5,PQR,4.845,163.8
2025-10-12,5,NQR,1.7,32.8
2025-10-12,5,SR,7.146,129.5
2025-10-12,6,PQR,3.793,104.6
2025-10-12,6,NQR,1.153,29.2
2025-10-12,6,SR,1.144,95.6
2025-10-13,1,PQR,2.033,96.5
2025-10-13,1,NQR,1.02,44.6
2025-10-13,1,SR,4.712,94.8
2025-10-13,2,PQR,1.155,150.2
2025-10-13,2,NQR,0.948,28.2
2025-10-13,2,SR,1.366,77.8
2025-10-13,3,PQR,1.822,98.0
2025-10-13,3,NQR,1.161,46.3
2025-10-13,3,SR,3.538,131.1
2025-10-13,4,PQR,3.06,109.4
2025-10-13,4,NQR,2.488,33.2
2025-10-13,4,SR,3.222,129.8
2025-10-13,5,PQR,3.09,113.2
2025-10-13,5,NQR,1.65,52.2
2025-10-13,5,SR,5.711,78.4
2025-10-13,6,PQR,6.113,117.1
2025-10-13,6,NQR,0.896,44.8
2025-10-13,6,SR,1.738,137.0
2025-10-14,1,PQR,1.758,125.1
2025-10-14,1,NQR,0.657,35.2
2025-10-14,1,SR,7.068,126.5
2025-10-14,2,PQR,2.493,85.8
2025-10-14,2,NQR,0.91,33.4
2025-10-14,2,SR,2.327,107.2
2025-10-14,3,PQR,2.679,110.3
2025-10-14,3,NQR,0.694,54.0
2025-10-14,3,SR,1.84,77.9
2025-10-14,4,PQR,4.838,116.4
2025-10-14,4,NQR,2.437,45.4
2025-10-14,4,SR,3.344,143.8
2025-10-14,5,PQR,6.886,163.8
2025-10-14,5,NQR,4.029,43.4
2025-10-14,5,SR,5.954,78.0
2025-10-14,6,PQR,3.139,132.3
2025-10-14,6,NQR,0.696,46.4
2025-10-14,6,SR,0.83,126.8
2025-10-15,1,PQR,2.531,138.4
2025-10-15,1,NQR,0.778,31.0
2025-10-15,1,SR,4.661,113.8
2025-10-15,2,PQR,1.307,164.0
2025-10-15,2,NQR,0.904,45.5
2025-10-15,2,SR,1.635,111.7
2025-10-15,3,PQR,1.762,136.4
2025-10-15,3,NQR,1.048,43.5
2025-10-15,3,SR,1.267,86.7
2025-10-15,4,PQR,4.66,100.1
2025-10-15,4,NQR,2.729,34.9
2025-10-15,4,SR,1.955,93.4
2025-10-15,5,PQR,9.962,115.4
2025-10-15,5,NQR,0.849,48.1
2025-10-15,5,SR,2.196,102.2
2025-10-15,6,PQR,3.279,91.1
2025-10-15,6,NQR,2.092,49.9
2025-10-15,6,SR,1.769,79.8
2025-10-16,1,PQR,2.279,165.2
2025-10-16,1,NQR,1.55,35.5
2025-10-16,1,SR,1.431,149.1
2025-10-16,2,PQR,1.872,112.4
2025-10-16,2,NQR,0.712,44.7
2025-10-16,2,SR,2.487,90.9
2025-10-16,3,PQR,2.683,120.5
2025-10-16,3,NQR,0.869,50.2
2025-10-16,3,SR,2.992,122.4
2025-10-16,4,PQR,4.082,120.0
2025-10-16,4,NQR,1.091,51.6
2025-10-16,4,SR,2.635,101.2
2025-10-16,5,PQR,3.934,108.3
2025-10-16,5,NQR,1.781,40.0
2025-10-16,5,SR,4.092,98.4
2025-10-16,6,PQR,4.394,162.4
2025-10-16,6,NQR,1.505,28.8
2025-10-16,6,SR,8.286,106.7
2025-10-17,1,PQR,0.962,161.1
2025-10-17,1,NQR,2.236,51.5
2025-10-17,1,SR,2.911,123.8
2025-10-17,2,PQR,0.816,92.1
2025-10-17,2,NQR,1.232,43.8
2025-10-17,2,SR,1.943,90.6
2025-10-17,3,PQR,1.454,114.1
2025-10-17,3,NQR,1.163,39.2
2025-10-17,3,SR,2.32,142.2
2025-10-17,4,PQR,1.483,156.8
2025-10-17,4,NQR,0.676,43.9
2025-10-17,4,SR,8.388,78.2
2025-10-17,5,PQR,5.786,165.7
2025-10-17,5,NQR,3.25,44.1
2025-10-17,5,SR,5.302,85.0
2025-10-17,6,PQR,1.268,143.4
2025-10-17,6,NQR,2.951,47.9
2025-10-17,6,SR,2.187,131.7
2025-10-18,1,PQR,2.035,142.0
2025-10-18,1,NQR,0.418,39.8
2025-10-18,1,SR,2.334,96.2
2025-10-18,2,PQR,1.227,91.0
2025-10-18,2,NQR,0.733,30.4
2025-10-18,2,SR,3.307,135.5
2025-10-18,3,PQR,3.682,111.3
2025-10-18,3,NQR,0.93,50.3
2025-10-18,3,SR,1.48,127.0
2025-10-18,4,PQR,2.887,113.4
2025-10-18,4,NQR,1.375,41.0
2025-10-18,4,SR,2.026,128.8
2025-10-18,5,PQR,5.009,159.3
2025-10-18,5,NQR,2.694,42.6
2025-10-18,5,SR,6.285,106.2
2025-10-18,6,PQR,2.066,145.6
2025-10-18,6,NQR,3.279,33.1
2025-10-18,6,SR,5.143,92.9
2025-10-19,1,PQR,1.027,151.2
2025-10-19,1,NQR,0.735,31.6
2025-10-19,1,SR,5.301,142.4
2025-10-19,2,PQR,2.526,87.4
2025-10-19,2,NQR,1.353,54.7
2025-10-19,2,SR,6.039,77.5
2025-10-19,3,PQR,2.404,163.5
2025-10-19,3,NQR,1.427,51.7
2025-10-19,3,SR,2.699,143.1
2025-10-19,4,PQR,2.921,151.0
2025-10-19,4,NQR,0.763,30.8
2025-10-19,4,SR,2.78,117.2
2025-10-19,5,PQR,2.044,136.4
2025-10-19,5,NQR,2.235,35.6
2025-10-19,5,SR,4.584,109.0
2025-10-19,6,PQR,3.449,122.4
2025-10-19,6,NQR,1.002,48.0
2025-10-19,6,SR,7.974,101.2
2025-10-20,1,PQR,0.752,118.7
2025-10-20,1,NQR,1.214,46.4
2025-10-20,1,SR,5.12,120.2
2025-10-20,2,PQR,2.158,135.7
2025-10-20,2,NQR,1.946,51.5
2025-10-20,2,SR,3.731,134.9
2025-10-20,3,PQR,3.465,149.8
2025-10-20,3,NQR,0.594,53.8
2025-10-20,3,SR,2.456,85.4
2025-10-20,4,PQR,3.056,108.3
2025-10-20,4,NQR,0.9,52.6
2025-10-20,4,SR,3.804,153.0
2025-10-20,5,PQR,4.358,117.3
2025-10-20,5,NQR,3.132,45.9
2025-10-20,5,SR,1.611,127.0
2025-10-20,6,PQR,1.411,100.5
2025-10-20,6,NQR,0.643,32.8
2025-10-20,6,SR,1.826,106.8
2025-10-21,1,PQR,5.562,155.6
2025-10-21,1,NQR,2.405,39.5
2025-10-21,1,SR,1.389,127.2
2025-10-21,2,PQR,2.253,96.8
2025-10-21,2,NQR,1.822,42.1
2025-10-21,2,SR,1.364,144.9
2025-10-21,3,PQR,2.018,117.6
2025-10-21,3,NQR,1.206,54.0
2025-10-21,3,SR,1.427,108.0
2025-10-21,4,PQR,1.633,106.8
2025-10-21,4,NQR,1.534,36.0
2025-10-21,4,SR,10.286,113.5
2025-10-21,5,PQR,3.355,108.5
2025-10-21,5,NQR,2.938,47.1
2025-10-21,5,SR,3.406,146.3
2025-10-21,6,PQR,7.895,86.9
2025-10-21,6,NQR,1.345,38.5
2025-10-21,6,SR,4.418,151.3
2025-10-22,1,PQR,4.054,165.8
2025-10-22,1,NQR,4.273,54.2
2025-10-22,1,SR,3.44,94.0
2025-10-22,2,PQR,1.322,117.3
2025-10-22,2,NQR,0.403,44.2
2025-10-22,2,SR,3.804,151.0
2025-10-22,3,PQR,1.463,86.9
2025-10-22,3,NQR,0.554,33.8
2025-10-22,3,SR,3.634,99.5
2025-10-22,4,PQR,1.856,159.1
2025-10-22,4,NQR,1.155,50.8
2025-10-22,4,SR,3.592,96.3
2025-10-22,5,PQR,6.648,119.1
2025-10-22,5,NQR,1.124,41.7
2025-10-22,5,SR,23.079,80.9
2025-10-22,6,PQR,2.091,144.8
2025-10-22,6,NQR,1.156,33.9
2025-10-22,6,SR,1.826,110.5
2025-10-23,1,PQR,2.325,120.0
2025-10-23,1,NQR,1.357,39.3
2025-10-23,1,SR,4.106,141.0
2025-10-23,2,PQR,5.997,134.6
2025-10-23,2,NQR,0.53,45.9
2025-10-23,2,SR,6.153,148.3
2025-10-23,3,PQR,1.572,88.3
2025-10-23,3,NQR,1.221,42.4
2025-10-23,3,SR,4.399,126.9
2025-10-23,4,PQR,4.885,133.5
2025-10-23,4,NQR,1.563,36.4
2025-10-23,4,SR,3.12,142.7
2025-10-23,5,PQR,5.305,143.3
2025-10-23,5,NQR,1.604,35.9
2025-10-23,5,SR,8.521,128.4
2025-10-23,6,PQR,1.847,143.0
2025-10-23,6,NQR,3.091,39.0
2025-10-23,6,SR,2.607,135.6
2025-10-24,1,PQR,2.195,152.1
2025-10-24,1,NQR,1.657,50.7
2025-10-24,1,SR,4.841,126.3
2025-10-24,2,PQR,1.39,98.0
2025-10-24,2,NQR,1.099,37.0
2025-10-24,2,SR,3.53,121.3
2025-10-24,3,PQR,3.186,115.1
2025-10-24,3,NQR,0.765,43.1
2025-10-24,3,SR,4.101,138.1
2025-10-24,4,PQR,2.452,125.5
2025-10-24,4,NQR,1.307,40.5
2025-10-24,4,SR,10.852,86.0
2025-10-24,5,PQR,2.874,158.8
2025-10-24,5,NQR,1.76,47.6
2025-10-24,5,SR,5.261,104.0
2025-10-24,6,PQR,3.749,89.7
2025-10-24,6,NQR,1.338,53.4
2025-10-24,6,SR,2.931,114.4
2025-10-25,1,PQR,1.124,146.5
2025-10-25,1,NQR,3.773,51.5
2025-10-25,1,SR,4.391,121.5
2025-10-25,2,PQR,1.805,135.9
2025-10-25,2,NQR,1.318,31.1
2025-10-25,2,SR,1.873,112.4
2025-10-25,3,PQR,1.703,96.7
2025-10-25,3,NQR,1.832,37.0
2025-10-25,3,SR,1.995,102.3
2025-10-25,4,PQR,2.064,108.7
2025-10-25,4,NQR,1.327,48.3
2025-10-25,4,SR,2.961,132.4
2025-10-25,5,PQR,3.23,114.5
2025-10-25,5,NQR,2.808,46.4
2025-10-25,5,SR,3.665,149.9
2025-10-25,6,PQR,3.672,113.7
2025-10-25,6,NQR,0.784,35.4
2025-10-25,6,SR,2.434,117.7
2025-10-26,1,PQR,3.129,110.5
2025-10-26,1,NQR,2.458,37.5
2025-10-26,1,SR,8.976,90.8
2025-10-26,2,PQR,1.668,89.5
2025-10-26,2,NQR,1.487,36.0
2025-10-26,2,SR,2.666,117.4
2025-10-26,3,PQR,2.187,127.8
2025-10-26,3,NQR,1.06,53.4
2025-10-26,3,SR,5.198,77.2
2025-10-26,4,PQR,1.722,110.5
2025-10-26,4,NQR,1.557,47.7
2025-10-26,4,SR,8.241,126.9
2025-10-26,5,PQR,2.019,134.7
2025-10-26,5,NQR,4.821,52.7
2025-10-26,5,SR,6.439,116.9
2025-10-26,6,PQR,4.94,107.6
2025-10-26,6,NQR,1.498,37.4
2025-10-26,6,SR,2.984,114.4
2025-10-27,1,PQR,2.473,141.7
2025-10-27,1,NQR,1.022,32.9
2025-10-27,1,SR,2.617,100.9
2025-10-27,2,PQR,2.392,139.0
2025-10-27,2,NQR,1.722,44.8
2025-10-27,2,SR,2.784,132.3
2025-10-27,3,PQR,2.223,106.2
2025-10-27,3,NQR,1.028,37.6
2025-10-27,3,SR,2.524,128.0
2025-10-27,4,PQR,2.32,85.8
2025-10-27,4,NQR,1.098,48.4
2025-10-27,4,SR,3.475,89.6
2025-10-27,5,PQR,7.312,164.9
2025-10-27,5,NQR,2.065,54.9
2025-10-27,5,SR,6.134,146.7
2025-10-27,6,PQR,2.16,110.9
2025-10-27,6,NQR,1.991,44.7
2025-10-27,6,SR,6.61,125.2
2025-10-28,1,PQR,1.518,139.8
2025-10-28,1,NQR,1.522,29.7
2025-10-28,1,SR,3.902,106.2
2025-10-28,2,PQR,4.615,115.9
2025-10-28,2,NQR,1.003,28.6
2025-10-28,2,SR,2.537,116.9
2025-10-28,3,PQR,1.16,114.0
2025-10-28,3,NQR,1.253,55.8
2025-10-28,3,SR,2.78,128.6
2025-10-28,4,PQR,3.087,128.2
2025-10-28,4,NQR,2.569,30.1
2025-10-28,4,SR,1.826,93.3
2025-10-28,5,PQR,3.03,97.4
2025-10-28,5,NQR,0.841,33.4
2025-10-28,5,SR,2.74,110.2
2025-10-28,6,PQR,3.326,115.9
2025-10-28,6,NQR,2.479,52.1
2025-10-28,6,SR,2.901,95.1
2025-10-29,1,PQR,1.403,154.2
2025-10-29,1,NQR,1.602,39.4
2025-10-29,1,SR,2.818,130.5
2025-10-29,2,PQR,1.919,85.5
2025-10-29,2,NQR,0.946,28.1
2025-10-29,2,SR,1.919,97.5
2025-10-29,3,PQR,1.951,120.2
2025-10-29,3,NQR,3.139,39.6
2025-10-29,3,SR,1.708,115.8
2025-10-29,4,PQR,2.023,116.1
2025-10-29,4,NQR,0.942,29.3
2025-10-29,4,SR,4.329,136.1
2025-10-29,5,PQR,2.487,84.7
2025-10-29,5,NQR,5.555,29.2
2025-10-29,5,SR,8.254,88.5
2025-10-29,6,PQR,2.082,90.8
2025-10-29,6,NQR,2.279,38.0
2025-10-29,6,SR,2.025,111.7
2025-10-30,1,PQR,3.921,135.7
2025-10-30,1,NQR,0.919,39.5
2025-10-30,1,SR,1.023,112.7
2025-10-30,2,PQR,2.196,108.3
2025-10-30,2,NQR,1.161,45.1
2025-10-30,2,SR,1.866,101.2
2025-10-30,3,PQR,1.946,166.4
2025-10-30,3,NQR,0.692,29.7
2025-10-30,3,SR,2.683,130.3
2025-10-30,4,PQR,3.733,133.4
2025-10-30,4,NQR,0.955,40.5
2025-10-30,4,SR,2.547,80.2
2025-10-30,5,PQR,5.109,159.7
2025-10-30,5,NQR,1.957,47.2
2025-10-30,5,SR,3.305,112.1
2025-10-30,6,PQR,2.026,152.8
2025-10-30,6,NQR,1.735,55.3
2025-10-30,6,SR,3.81,99.7
2025-10-31,1,PQR,3.908,107.0
2025-10-31,1,NQR,1.457,46.0
2025-10-31,1,SR,5.142,105.3
2025-10-31,2,PQR,1.814,148.6
2025-10-31,2,NQR,0.967,51.5
2025-10-31,2,SR,4.536,88.1
2025-10-31,3,PQR,1.8,103.2
2025-10-31,3,NQR,1.366,35.6
2025-10-31,3,SR,3.003,88.1
2025-10-31,4,PQR,1.352,89.7
2025-10-31,4,NQR,2.449,49.7
2025-10-31,4,SR,1.348,109.3
2025-10-31,5,PQR,4.076,123.8
2025-10-31,5,NQR,1.27,49.2
2025-10-31,5,SR,9.096,139.2
2025-10-31,6,PQR,3.117,165.6
2025-10-31,6,NQR,1.136,51.9
2025-10-31,6,SR,3.644,99.3
2025-11-01,1,PQR,1.549,159.9
2025-11-01,1,NQR,1.948,32.6
2025-11-01,1,SR,2.964,84.4
2025-11-01,2,PQR,3.278,113.7
2025-11-01,2,NQR,1.07,36.0
2025-11-01,2,SR,2.583,134.3
2025-11-01,3,PQR,2.753,93.4
2025-11-01,3,NQR,2.57,33.4
2025-11-01,3,SR,3.838,103.0
2025-11-01,4,PQR,2.018,133.0
2025-11-01,4,NQR,2.454,33.3
2025-11-01,4,SR,1.913,90.9
2025-11-01,5,PQR,5.381,116.7
2025-11-01,5,NQR,2.338,47.2
2025-11-01,5,SR,12.052,101.1
2025-11-01,6,PQR,4.112,95.2
2025-11-01,6,NQR,2.578,36.1
2025-11-01,6,SR,13.12,151.7
2025-11-02,1,PQR,4.171,117.3
2025-11-02,1,NQR,2.57,30.1
2025-11-02,1,SR,3.879,152.7
2025-11-02,2,PQR,2.711,84.7
2025-11-02,2,NQR,0.904,45.3
2025-11-02,2,SR,3.952,90.3
2025-11-02,3,PQR,3.769,108.3
2025-11-02,3,NQR,1.548,39.1
2025-11-02,3,SR,1.573,107.2
2025-11-02,4,PQR,2.869,140.4
2025-11-02,4,NQR,2.882,43.2
2025-11-02,4,SR,6.549,150.4
2025-11-02,5,PQR,6.243,156.3
2025-11-02,5,NQR,0.877,54.5
2025-11-02,5,SR,4.158,99.2
2025-11-02,6,PQR,1.803,162.4
2025-11-02,6,NQR,1.07,29.0
2025-11-02,6,SR,1.828,95.7
2025-11-03,1,PQR,2.115,92.2
2025-11-03,1,NQR,1.592,41.0
2025-11-03,1,SR,4.868,144.2
2025-11-03,2,PQR,1.553,108.6
2025-11-03,2,NQR,1.04,31.2
2025-11-03,2,SR,1.506,148.5
2025-11-03,3,PQR,1.518,84.6
2025-11-03,3,NQR,2.153,39.4
2025-11-03,3,SR,2.098,142.1
2025-11-03,4,PQR,3.124,132.2
2025-11-03,4,NQR,0.817,42.0
2025-11-03,4,SR,3.265,125.6
2025-11-03,5,PQR,4.884,95.5
2025-11-03,5,NQR,2.865,35.8
2025-11-03,5,SR,6.662,131.7
2025-11-03,6,PQR,1.182,145.3
2025-11-03,6,NQR,2.156,39.3
2025-11-03,6,SR,3.851,103.7
2025-11-04,1,PQR,3.021,89.1
2025-11-04,1,NQR,1.936,53.4
2025-11-04,1,SR,2.142,148.8
2025-11-04,2,PQR,0.642,133.5
2025-11-04,2,NQR,0.398,37.1
2025-11-04,2,SR,3.295,135.9
2025-11-04,3,PQR,1.672,118.3
2025-11-04,3,NQR,1.348,47.7
2025-11-04,3,SR,1.447,98.0
2025-11-04,4,PQR,1.056,96.9
2025-11-04,4,NQR,0.786,55.5
2025-11-04,4,SR,3.971,141.0
2025-11-04,5,PQR,7.03,139.9
2025-11-04,5,NQR,2.113,35.7
2025-11-04,5,SR,10.594,107.2
2025-11-04,6,PQR,3.564,120.8
2025-11-04,6,NQR,1.536,42.4
2025-11-04,6,SR,4.419,140.8
2025-11-05,1,PQR,1.915,90.3
2025-11-05,1,NQR,1.053,49.2
2025-11-05,1,SR,2.491,132.7
2025-11-05,2,PQR,0.895,163.1
2025-11-05,2,NQR,1.302,45.0
2025-11-05,2,SR,4.44,94.1
2025-11-05,3,PQR,3.752,155.3
2025-11-05,3,NQR,0.657,35.3
2025-11-05,3,SR,4.237,96.0
2025-11-05,4,PQR,2.807,133.1
2025-11-05,4,NQR,1.437,45.1
2025-11-05,4,SR,3.16,77.9
2025-11-05,5,PQR,4.434,147.7
2025-11-05,5,NQR,2.909,49.8
2025-11-05,5,SR,3.788,83.2
2025-11-05,6,PQR,1.327,98.1
2025-11-05,6,NQR,2.614,46.9
2025-11-05,6,SR,5.059,99.4
2025-11-06,1,PQR,1.832,107.0
2025-11-06,1,NQR,1.9,35.8
2025-11-06,1,SR,5.771,108.1
2025-11-06,2,PQR,1.948,99.5
2025-11-06,2,NQR,2.279,32.4
2025-11-06,2,SR,1.505,134.7
2025-11-06,3,PQR,2.054,137.2
2025-11-06,3,NQR,0.648,53.2
2025-11-06,3,SR,3.961,137.7
2025-11-06,4,PQR,3.422,89.0
2025-11-06,4,NQR,0.491,36.6
2025-11-06,4,SR,4.234,118.6
2025-11-06,5,PQR,2.414,122.1
2025-11-06,5,NQR,2.252,33.3
2025-11-06,5,SR,5.816,125.9
2025-11-06,6,PQR,3.139,155.1
2025-11-06,6,NQR,2.384,34.4
2025-11-06,6,SR,4.01,97.3
2025-11-07,1,PQR,4.751,141.2
2025-11-07,1,NQR,0.745,42.8
2025-11-07,1,SR,4.046,100.6
2025-11-07,2,PQR,2.157,163.6
2025-11-07,2,NQR,1.451,48.9
2025-11-07,2,SR,1.719,152.3
2025-11-07,3,PQR,1.633,125.5
2025-11-07,3,NQR,2.925,46.4
2025-11-07,3,SR,2.252,83.6
2025-11-07,4,PQR,5.805,141.8
2025-11-07,4,NQR,1.686,32.4
2025-11-07,4,SR,3.273,137.9
2025-11-07,5,PQR,3.588,142.7
2025-11-07,5,NQR,3.42,41.0
2025-11-07,5,SR,4.046,90.3
2025-11-07,6,PQR,1.539,123.8
2025-11-07,6,NQR,2.406,32.9
2025-11-07,6,SR,7.897,132.0
2025-11-08,1,PQR,2.281,98.7
2025-11-08,1,NQR,0.823,43.8
2025-11-08,1,SR,1.991,150.5
2025-11-08,2,PQR,1.589,87.0
2025-11-08,2,NQR,1.18,52.9
2025-11-08,2,SR,3.482,131.3
2025-11-08,3,PQR,2.047,101.1
2025-11-08,3,NQR,0.619,43.6
2025-11-08,3,SR,2.679,115.4
2025-11-08,4,PQR,2.44,125.1
2025-11-08,4,NQR,0.936,46.8
2025-11-08,4,SR,4.622,142.3
2025-11-08,5,PQR,4.511,158.1
2025-11-08,5,NQR,1.428,44.6
2025-11-08,5,SR,7.989,131.8
2025-11-08,6,PQR,2.703,114.3
2025-11-08,6,NQR,0.892,47.7
2025-11-08,6,SR,1.332,78.9
2025-11-09,1,PQR,1.921,145.8
2025-11-09,1,NQR,1.938,54.7
2025-11-09,1,SR,6.719,108.8
2025-11-09,2,PQR,2.47,108.7
2025-11-09,2,NQR,1.116,37.5
2025-11-09,2,SR,1.454,112.5
2025-11-09,3,PQR,2.309,165.5
2025-11-09,3,NQR,1.807,38.0
2025-11-09,3,SR,2.583,126.2
2025-11-09,4,PQR,1.618,126.7
2025-11-09,4,NQR,1.657,53.7
2025-11-09,4,SR,3.172,140.9
2025-11-09,5,PQR,6.607,113.4
2025-11-09,5,NQR,3.042,55.0
2025-11-09,5,SR,7.27,129.7
2025-11-09,6,PQR,3.869,133.8
2025-11-09,6,NQR,0.705,52.0
2025-11-09,6,SR,2.202,140.7
2025-11-10,1,PQR,1.83,159.5
2025-11-10,1,NQR,1.177,48.9
2025-11-10,1,SR,3.304,149.8
2025-11-10,2,PQR,1.954,121.7
2025-11-10,2,NQR,2.195,30.8
2025-11-10,2,SR,2.935,93.4
2025-11-10,3,PQR,2.057,115.2
2025-11-10,3,NQR,1.118,36.6
2025-11-10,3,SR,4.232,121.9
2025-11-10,4,PQR,9.529,96.3
2025-11-10,4,NQR,1.622,43.2
2025-11-10,4,SR,2.329,151.5
2025-11-10,5,PQR,3.93,152.2
2025-11-10,5,NQR,1.517,55.4
2025-11-10,5,SR,3.415,91.8
2025-11-10,6,PQR,1.349,163.5
2025-11-10,6,NQR,1.55,41.0
2025-11-10,6,SR,4.441,123.1
2025-11-11,1,PQR,2.147,152.1
2025-11-11,1,NQR,1.357,43.6
2025-11-11,1,SR,1.408,144.7
2025-11-11,2,PQR,4.451,133.0
2025-11-11,2,NQR,2.717,35.2
2025-11-11,2,SR,3.995,118.8
2025-11-11,3,PQR,1.168,148.6
2025-11-11,3,NQR,1.552,43.2
2025-11-11,3,SR,6.497,90.0
2025-11-11,4,PQR,2.292,134.2
2025-11-11,4,NQR,1.325,33.3
2025-11-11,4,SR,2.739,79.4
2025-11-11,5,PQR,2.886,125.7
2025-11-11,5,NQR,1.991,40.4
2025-11-11,5,SR,4.054,124.3
2025-11-11,6,PQR,6.302,127.5
2025-11-11,6,NQR,1.022,45.4
2025-11-11,6,SR,3.995,104.3
2025-11-12,1,PQR,1.471,141.5
2025-11-12,1,NQR,0.658,48.7
2025-11-12,1,SR,8.498,134.6
2025-11-12,2,PQR,2.174,154.2
2025-11-12,2,NQR,0.709,38.1
2025-11-12,2,SR,2.77,137.1
2025-11-12,3,PQR,4.268,147.9
2025-11-12,3,NQR,2.372,35.7
2025-11-12,3,SR,6.315,125.0
2025-11-12,4,PQR,2.615,166.3
2025-11-12,4,NQR,3.552,44.0
2025-11-12,4,SR,5.793,85.3
2025-11-12,5,PQR,5.86,166.2
2025-11-12,5,NQR,3.228,49.9
2025-11-12,5,SR,5.012,102.7
2025-11-12,6,PQR,2.541,109.7
2025-11-12,6,NQR,2.014,34.5
2025-11-12,6,SR,2.904,132.0
2025-11-13,1,PQR,4.585,119.1
2025-11-13,1,NQR,1.075,50.8
2025-11-13,1,SR,2.047,103.0
2025-11-13,2,PQR,2.562,112.2
2025-11-13,2,NQR,1.151,49.5
2025-11-13,2,SR,3.917,118.9
2025-11-13,3,PQR,4.299,143.2
2025-11-13,3,NQR,2.127,54.5
2025-11-13,3,SR,2.358,129.1
2025-11-13,4,PQR,4.284,162.9
2025-11-13,4,NQR,1.349,48.3
2025-11-13,4,SR,6.704,154.0
2025-11-13,5,PQR,9.095,153.8
2025-11-13,5,NQR,3.784,30.7
2025-11-13,5,SR,9.891,148.9
2025-11-13,6,PQR,2.636,93.8
2025-11-13,6,NQR,0.657,28.5
2025-11-13,6,SR,6.82,85.3
2025-11-14,1,PQR,2.051,150.5
2025-11-14,1,NQR,0.675,44.3
2025-11-14,1,SR,4.653,80.3
2025-11-14,2,PQR,2.055,113.9
2025-11-14,2,NQR,0.363,40.6
2025-11-14,2,SR,2.968,83.4
2025-11-14,3,PQR,1.31,154.3
2025-11-14,3,NQR,3.69,36.5
2025-11-14,3,SR,3.444,119.0
2025-11-14,4,PQR,1.194,130.8
2025-11-14,4,NQR,3.92,31.3
2025-11-14,4,SR,3.397,126.5
2025-11-14,5,PQR,1.886,122.8
2025-11-14,5,NQR,1.073,46.0
2025-11-14,5,SR,6.68,122.2
2025-11-14,6,PQR,2.341,138.1
2025-11-14,6,NQR,1.779,33.7
2025-11-14,6,SR,3.39,89.7
2025-11-15,1,PQR,1.358,112.5
2025-11-15,1,NQR,2.046,36.2
2025-11-15,1,SR,6.159,138.4
2025-11-15,2,PQR,1.963,150.7
2025-11-15,2,NQR,1.707,29.1
2025-11-15,2,SR,3.422,145.4
2025-11-15,3,PQR,1.228,131.0
2025-11-15,3,NQR,0.886,54.7
2025-11-15,3,SR,6.86,149.6
2025-11-15,4,PQR,2.787,156.4
2025-11-15,4,NQR,1.557,52.2
2025-11-15,4,SR,4.1,128.5
2025-11-15,5,PQR,3.351,87.0
2025-11-15,5,NQR,2.205,44.9
2025-11-15,5,SR,6.176,136.9
2025-11-15,6,PQR,2.744,158.0
2025-11-15,6,NQR,1.517,46.9
2025-11-15,6,SR,3.426,122.7
2025-11-16,1,PQR,1.421,128.3
2025-11-16,1,NQR,0.821,55.7
2025-11-16,1,SR,3.457,90.4
2025-11-16,2,PQR,2.022,119.5
2025-11-16,2,NQR,1.271,55.5
2025-11-16,2,SR,1.825,144.2
2025-11-16,3,PQR,1.832,142.0
2025-11-16,3,NQR,1.268,51.6
2025-11-16,3,SR,2.527,113.9
2025-11-16,4,PQR,1.691,93.6
2025-11-16,4,NQR,1.375,28.8
2025-11-16,4,SR,8.178,116.8
2025-11-16,5,PQR,3.825,154.5
2025-11-16,5,NQR,2.859,52.1
2025-11-16,5,SR,6.379,145.7
2025-11-16,6,PQR,4.336,162.6
2025-11-16,6,NQR,2.025,37.4
2025-11-16,6,SR,2.258,129.6
2025-11-17,1,PQR,3.718,105.5
2025-11-17,1,NQR,2.276,28.2
2025-11-17,1,SR,1.917,135.5
2025-11-17,2,PQR,2.144,143.8
2025-11-17,2,NQR,0.653,40.2
2025-11-17,2,SR,2.771,145.1
2025-11-17,3,PQR,6.758,160.7
2025-11-17,3,NQR,1.41,40.4
2025-11-17,3,SR,4.642,106.4
2025-11-17,4,PQR,2.018,155.1
2025-11-17,4,NQR,2.506,44.0
2025-11-17,4,SR,2.732,108.0
2025-11-17,5,PQR,5.391,116.1
2025-11-17,5,NQR,2.304,35.7
2025-11-17,5,SR,3.183,122.4
2025-11-17,6,PQR,1.877,147.2
2025-11-17,6,NQR,1.613,31.1
2025-11-17,6,SR,3.338,96.1
2025-11-18,1,PQR,2.421,144.6
2025-11-18,1,NQR,0.818,35.0
2025-11-18,1,SR,2.74,99.9
2025-11-18,2,PQR,1.366,112.7
2025-11-18,2,NQR,0.596,32.4
2025-11-18,2,SR,2.033,109.0
2025-11-18,3,PQR,6.62,157.7
2025-11-18,3,NQR,1.377,52.9
2025-11-18,3,SR,2.589,113.9
2025-11-18,4,PQR,3.53,137.7
2025-11-18,4,NQR,1.466,39.1
2025-11-18,4,SR,4.819,145.9
2025-11-18,5,PQR,6.573,117.4
2025-11-18,5,NQR,1.025,47.9
2025-11-18,5,SR,4.002,122.3
2025-11-18,6,PQR,7.717,120.5
2025-11-18,6,NQR,1.638,41.6
2025-11-18,6,SR,5.734,95.9
2025-11-19,1,PQR,2.236,119.3
2025-11-19,1,NQR,1.15,36.6
2025-11-19,1,SR,4.44,117.7
2025-11-19,2,PQR,2.052,139.8
2025-11-19,2,NQR,1.672,39.4
2025-11-19,2,SR,4.65,150.9
2025-11-19,3,PQR,2.318,89.2
2025-11-19,3,NQR,0.974,42.6
2025-11-19,3,SR,1.638,115.4
2025-11-19,4,PQR,1.644,128.7
2025-11-19,4,NQR,1.863,50.7
2025-11-19,4,SR,1.575,138.3
2025-11-19,5,PQR,3.395,139.5
2025-11-19,5,NQR,1.685,53.9
2025-11-19,5,SR,5.933,108.7
2025-11-19,6,PQR,3.571,96.7
2025-11-19,6,NQR,1.297,50.0
2025-11-19,6,SR,4.719,90.0
2025-11-20,1,PQR,4.322,141.6
2025-11-20,1,NQR,2.536,45.4
2025-11-20,1,SR,5.147,108.1
2025-11-20,2,PQR,1.515,130.2
2025-11-20,2,NQR,0.537,47.9
2025-11-20,2,SR,4.324,87.4
2025-11-20,3,PQR,3.015,163.5
2025-11-20,3,NQR,4.656,51.5
2025-11-20,3,SR,7.229,131.2
2025-11-20,4,PQR,3.354,142.7
2025-11-20,4,NQR,0.561,29.7
2025-11-20,4,SR,6.39,134.6
2025-11-20,5,PQR,10.357,108.4
2025-11-20,5,NQR,3.563,34.4
2025-11-20,5,SR,5.028,95.7
2025-11-20,6,PQR,4.214,131.2
2025-11-20,6,NQR,1.143,38.6
2025-11-20,6,SR,3.166,98.8
2025-11-21,1,PQR,1.297,124.5
2025-11-21,1,NQR,2.913,36.7
2025-11-21,1,SR,5.104,137.4
2025-11-21,2,PQR,2.657,107.3
2025-11-21,2,NQR,0.9,48.7
2025-11-21,2,SR,3.347,139.6
2025-11-21,3,PQR,3.164,117.0
2025-11-21,3,NQR,2.286,51.8
2025-11-21,3,SR,2.761,125.8
2025-11-21,4,PQR,3.992,95.1
2025-11-21,4,NQR,5.902,28.6
2025-11-21,4,SR,3.001,139.4
2025-11-21,5,PQR,2.869,119.7
2025-11-21,5,NQR,0.916,53.8
2025-11-21,5,SR,12.609,106.0
2025-11-21,6,PQR,3.996,106.6
2025-11-21,6,NQR,1.755,50.6
2025-11-21,6,SR,2.625,146.4
2025-11-22,1,PQR,3.028,120.2
2025-11-22,1,NQR,2.488,29.3
2025-11-22,1,SR,6.603,106.0
2025-11-22,2,PQR,1.145,101.4
2025-11-22,2,NQR,0.504,45.7
2025-11-22,2,SR,3.035,101.2
2025-11-22,3,PQR,3.344,100.2
2025-11-22,3,NQR,4.182,36.6
2025-11-22,3,SR,2.923,124.8
2025-11-22,4,PQR,3.45,164.6
2025-11-22,4,NQR,0.686,39.1
2025-11-22,4,SR,5.258,113.6
2025-11-22,5,PQR,5.416,103.2
2025-11-22,5,NQR,1.422,48.6
2025-11-22,5,SR,3.573,115.2
2025-11-22,6,PQR,2.617,103.0
2025-11-22,6,NQR,1.675,48.8
2025-11-22,6,SR,4.718,102.7
2025-11-23,1,PQR,0.989,116.0
2025-11-23,1,NQR,0.938,46.5
2025-11-23,1,SR,2.988,101.5
2025-11-23,2,PQR,2.756,158.5
2025-11-23,2,NQR,1.102,35.3
2025-11-23,2,SR,3.843,77.4
2025-11-23,3,PQR,2.448,160.3
2025-11-23,3,NQR,3.348,33.2
2025-11-23,3,SR,4.9,95.0
2025-11-23,4,PQR,1.686,135.2
2025-11-23,4,NQR,1.621,39.0
2025-11-23,4,SR,2.987,124.5
2025-11-23,5,PQR,4.211,89.6
2025-11-23,5,NQR,3.447,30.4
2025-11-23,5,SR,4.974,146.0
2025-11-23,6,PQR,3.284,94.0
2025-11-23,6,NQR,2.739,33.4
2025-11-23,6,SR,5.137,133.9
2025-11-24,1,PQR,2.585,94.2
2025-11-24,1,NQR,2.387,31.6
2025-11-24,1,SR,4.779,142.4
2025-11-24,2,PQR,2.136,103.5
2025-11-24,2,NQR,0.408,50.0
2025-11-24,2,SR,1.254,104.1
2025-11-24,3,PQR,2.54,155.7
2025-11-24,3,NQR,2.797,33.2
2025-11-24,3,SR,3.186,120.4
2025-11-24,4,PQR,3.319,92.5
2025-11-24,4,NQR,1.403,32.9
2025-11-24,4,SR,2.969,93.7
2025-11-24,5,PQR,7.028,118.6
2025-11-24,5,NQR,0.993,53.5
2025-11-24,5,SR,21.535,81.7
2025-11-24,6,PQR,4.537,142.3
2025-11-24,6,NQR,3.039,46.2
2025-11-24,6,SR,2.957,87.2
2025-11-25,1,PQR,1.976,153.4
2025-11-25,1,NQR,0.692,36.6
2025-11-25,1,SR,2.709,104.9
2025-11-25,2,PQR,1.127,113.7
2025-11-25,2,NQR,2.711,39.9
2025-11-25,2,SR,1.525,79.2
2025-11-25,3,PQR,1.497,122.7
2025-11-25,3,NQR,1.862,40.0
2025-11-25,3,SR,4.37,127.0
2025-11-25,4,PQR,8.365,92.9
2025-11-25,4,NQR,1.76,44.2
2025-11-25,4,SR,1.402,151.5
2025-11-25,5,PQR,2.733,157.8
2025-11-25,5,NQR,2.296,42.2
2025-11-25,5,SR,12.685,121.4
2025-11-25,6,PQR,5.022,132.1
2025-11-25,6,NQR,1.898,52.8
2025-11-25,6,SR,4.412,89.9
2025-11-26,1,PQR,1.159,163.5
2025-11-26,1,NQR,1.212,33.9
2025-11-26,1,SR,3.907,117.5
2025-11-26,2,PQR,4.091,108.0
2025-11-26,2,NQR,0.993,55.3
2025-11-26,2,SR,6.035,141.4
2025-11-26,3,PQR,3.141,136.8
2025-11-26,3,NQR,1.884,29.1
2025-11-26,3,SR,6.898,89.7
2025-11-26,4,PQR,5.061,93.2
2025-11-26,4,NQR,0.939,31.1
2025-11-26,4,SR,1.471,102.9
2025-11-26,5,PQR,7.374,137.5
2025-11-26,5,NQR,1.639,42.1
2025-11-26,5,SR,10.579,139.8
2025-11-26,6,PQR,3.63,94.9
2025-11-26,6,NQR,1.346,30.8
2025-11-26,6,SR,3.115,95.6
2025-11-27,1,PQR,2.52,106.5
2025-11-27,1,NQR,0.857,37.7
2025-11-27,1,SR,1.434,77.6
2025-11-27,2,PQR,2.64,91.2
2025-11-27,2,NQR,1.022,36.3
2025-11-27,2,SR,3.263,136.2
2025-11-27,3,PQR,1.436,162.2
2025-11-27,3,NQR,1.308,38.8
2025-11-27,3,SR,2.656,112.4
2025-11-27,4,PQR,2.158,141.8
2025-11-27,4,NQR,1.39,49.9
2025-11-27,4,SR,2.575,124.5
2025-11-27,5,PQR,1.219,153.5
2025-11-27,5,NQR,1.49,37.3
2025-11-27,5,SR,8.207,92.2
2025-11-27,6,PQR,3.965,117.5
2025-11-27,6,NQR,3.572,36.2
2025-11-27,6,SR,4.054,82.3
2025-11-28,1,PQR,12.978,114.9
2025-11-28,1,NQR,0.73,49.3
2025-11-28,1,SR,3.631,88.7
2025-11-28,2,PQR,4.569,88.7
2025-11-28,2,NQR,1.736,54.7
2025-11-28,2,SR,2.124,124.1
2025-11-28,3,PQR,2.568,125.8
2025-11-28,3,NQR,1.879,29.3
2025-11-28,3,SR,2.582,148.9
2025-11-28,4,PQR,1.521,108.3
2025-11-28,4,NQR,1.511,32.8
2025-11-28,4,SR,5.183,82.6
2025-11-28,5,PQR,3.427,156.6
2025-11-28,5,NQR,1.072,40.3
2025-11-28,5,SR,10.301,110.1
2025-11-28,6,PQR,2.619,133.7
2025-11-28,6,NQR,1.624,55.5
2025-11-28,6,SR,5.033,96.3
2025-11-29,1,PQR,2.273,102.3
2025-11-29,1,NQR,1.039,48.6
2025-11-29,1,SR,4.54,81.5
2025-11-29,2,PQR,1.515,144.8
2025-11-29,2,NQR,1.254,45.2
2025-11-29,2,SR,6.706,95.4
2025-11-29,3,PQR,2.286,114.0
2025-11-29,3,NQR,0.84,33.6
2025-11-29,3,SR,2.654,98.4
2025-11-29,4,PQR,3.266,113.3
2025-11-29,4,NQR,0.996,28.4
2025-11-29,4,SR,3.435,79.3
2025-11-29,5,PQR,2.475,92.6
2025-11-29,5,NQR,13.054,35.9
2025-11-29,5,SR,6.073,100.3
2025-11-29,6,PQR,2.957,128.1
2025-11-29,6,NQR,2.625,40.1
2025-11-29,6,SR,8.923,127.9
2025-11-30,1,PQR,2.326,158.9
2025-11-30,1,NQR,0.995,32.4
2025-11-30,1,SR,3.953,151.9
2025-11-30,2,PQR,5.172,97.7
2025-11-30,2,NQR,0.808,41.9
2025-11-30,2,SR,4.022,147.6
2025-11-30,3,PQR,2.097,114.9
2025-11-30,3,NQR,1.882,29.5
2025-11-30,3,SR,8.015,119.2
2025-11-30,4,PQR,1.44,115.7
2025-11-30,4,NQR,2.4,34.6
2025-11-30,4,SR,3.134,126.8
2025-11-30,5,PQR,8.329,156.2
2025-11-30,5,NQR,1.552,43.8
2025-11-30,5,SR,3.194,103.4
2025-11-30,6,PQR,5.764,95.6
2025-11-30,6,NQR,5.53,44.0
2025-11-30,6,SR,7.669,114.4
2025-12-01,1,PQR,3.904,97.0
2025-12-01,1,NQR,2.421,53.7
2025-12-01,1,SR,3.505,117.9
2025-12-01,2,PQR,1.896,136.6
2025-12-01,2,NQR,1.401,28.8
2025-12-01,2,SR,2.448,126.0
2025-12-01,3,PQR,6.381,136.4
2025-12-01,3,NQR,0.777,33.9
2025-12-01,3,SR,2.694,119.8
2025-12-01,4,PQR,6.012,162.9
2025-12-01,4,NQR,1.378,35.6
2025-12-01,4,SR,3.289,126.1
2025-12-01,5,PQR,5.077,145.8
2025-12-01,5,NQR,2.255,31.9
2025-12-01,5,SR,7.472,154.0
2025-12-01,6,PQR,5.078,124.1
2025-12-01,6,NQR,2.007,33.8
2025-12-01,6,SR,10.311,110.3
2025-12-02,1,PQR,3.498,85.8
2025-12-02,1,NQR,1.242,53.4
2025-12-02,1,SR,6.407,140.0
2025-12-02,2,PQR,2.592,143.2
2025-12-02,2,NQR,1.574,47.1
2025-12-02,2,SR,5.501,120.1
2025-12-02,3,PQR,2.389,112.2
2025-12-02,3,NQR,1.546,51.0
2025-12-02,3,SR,4.513,141.3
2025-12-02,4,PQR,1.868,90.1
2025-12-02,4,NQR,0.701,48.1
2025-12-02,4,SR,1.925,134.2
2025-12-02,5,PQR,6.777,115.8
2025-12-02,5,NQR,4.063,30.9
2025-12-02,5,SR,4.846,108.9
2025-12-02,6,PQR,4.77,97.9
2025-12-02,6,NQR,1.481,37.5
2025-12-02,6,SR,5.58,106.5
2025-12-03,1,PQR,1.365,103.2
2025-12-03,1,NQR,2.081,38.2
2025-12-03,1,SR,3.309,149.2
2025-12-03,2,PQR,2.066,161.3
2025-12-03,2,NQR,0.359,55.6
2025-12-03,2,SR,2.007,100.2
2025-12-03,3,PQR,3.586,134.2
2025-12-03,3,NQR,1.077,49.1
2025-12-03,3,SR,5.094,119.2
2025-12-03,4,PQR,2.857,114.9
2025-12-03,4,NQR,1.239,35.1
2025-12-03,4,SR,3.884,112.4
2025-12-03,5,PQR,2.782,89.8
2025-12-03,5,NQR,1.482,28.7
2025-12-03,5,SR,2.999,118.8
2025-12-03,6,PQR,6.077,117.1
2025-12-03,6,NQR,2.293,39.7
2025-12-03,6,SR,7.131,108.6
2025-12-04,1,PQR,2.188,107.4
2025-12-04,1,NQR,1.247,48.4
2025-12-04,1,SR,5.128,98.5
2025-12-04,2,PQR,3.613,165.9
2025-12-04,2,NQR,2.773,29.4
2025-12-04,2,SR,1.023,109.4
2025-12-04,3,PQR,1.946,137.2
2025-12-04,3,NQR,0.998,50.4
2025-12-04,3,SR,2.684,84.1
2025-12-04,4,PQR,3.706,91.4
2025-12-04,4,NQR,0.708,53.8
2025-12-04,4,SR,4.418,102.6
2025-12-04,5,PQR,5.723,124.9
2025-12-04,5,NQR,3.12,54.9
2025-12-04,5,SR,6.498,126.7
2025-12-04,6,PQR,2.113,164.3
2025-12-04,6,NQR,1.034,35.9
2025-12-04,6,SR,3.585,125.4
2025-12-05,1,PQR,2.056,113.3
2025-12-05,1,NQR,1.142,35.4
2025-12-05,1,SR,4.241,141.5
2025-12-05,2,PQR,0.41,132.2
2025-12-05,2,NQR,1.673,45.4
2025-12-05,2,SR,1.479,77.1
2025-12-05,3,PQR,6.904,91.4
2025-12-05,3,NQR,2.14,38.4
2025-12-05,3,SR,6.014,125.5
2025-12-05,4,PQR,3.053,159.7
2025-12-05,4,NQR,0.804,46.7
2025-12-05,4,SR,3.333,95.9
2025-12-05,5,PQR,4.803,120.7
2025-12-05,5,NQR,5.751,46.5
2025-12-05,5,SR,3.345,121.7
2025-12-05,6,PQR,3.936,114.8
2025-12-05,6,NQR,1.548,30.7
2025-12-05,6,SR,9.501,85.1
2025-12-06,1,PQR,1.725,148.1
2025-12-06,1,NQR,2.493,35.7
2025-12-06,1,SR,4.769,98.2
2025-12-06,2,PQR,0.981,132.4
2025-12-06,2,NQR,0.463,43.6
2025-12-06,2,SR,4.387,117.3
2025-12-06,3,PQR,1.857,98.6
2025-12-06,3,NQR,1.795,32.2
2025-12-06,3,SR,6.472,116.4
2025-12-06,4,PQR,3.541,96.5
2025-12-06,4,NQR,1.1,40.9
2025-12-06,4,SR,2.867,95.0
2025-12-06,5,PQR,4.161,148.8
2025-12-06,5,NQR,2.453,40.4
2025-12-06,5,SR,13.118,97.7
2025-12-06,6,PQR,2.406,116.9
2025-12-06,6,NQR,3.271,41.3
2025-12-06,6,SR,6.019,98.3
2025-12-07,1,PQR,2.081,138.2
2025-12-07,1,NQR,1.482,28.2
2025-12-07,1,SR,7.919,82.0
2025-12-07,2,PQR,1.936,163.3
2025-12-07,2,NQR,2.158,34.9
2025-12-07,2,SR,4.363,121.4
2025-12-07,3,PQR,4.084,120.3
2025-12-07,3,NQR,1.067,51.2
2025-12-07,3,SR,10.799,113.1
2025-12-07,4,PQR,7.968,103.2
2025-12-07,4,NQR,2.13,52.0
2025-12-07,4,SR,6.722,138.8
2025-12-07,5,PQR,2.184,160.0
2025-12-07,5,NQR,2.247,41.3
2025-12-07,5,SR,9.969,143.5
2025-12-07,6,PQR,1.445,130.9
2025-12-07,6,NQR,2.53,46.9
2025-12-07,6,SR,6.63,122.0
2025-12-08,1,PQR,2.481,92.1
2025-12-08,1,NQR,10.144,32.3
2025-12-08,1,SR,3.904,100.3
2025-12-08,2,PQR,1.787,87.6
2025-12-08,2,NQR,2.929,32.7
2025-12-08,2,SR,3.778,110.6
2025-12-08,3,PQR,1.943,127.4
2025-12-08,3,NQR,1.082,51.8
2025-12-08,3,SR,18.961,90.9
2025-12-08,4,PQR,2.823,93.6
2025-12-08,4,NQR,0.721,34.8
2025-12-08,4,SR,2.051,85.8
2025-12-08,5,PQR,6.553,115.1
2025-12-08,5,NQR,4.21,39.4
2025-12-08,5,SR,7.013,138.9
2025-12-08,6,PQR,2.525,128.8
2025-12-08,6,NQR,2.343,45.7
2025-12-08,6,SR,6.901,135.2
2025-12-09,1,PQR,1.707,118.4
2025-12-09,1,NQR,2.749,32.0
2025-12-09,1,SR,5.476,104.5
2025-12-09,2,PQR,1.784,100.5
2025-12-09,2,NQR,1.192,33.5
2025-12-09,2,SR,2.424,86.9
2025-12-09,3,PQR,1.541,91.9
2025-12-09,3,NQR,0.798,31.9
2025-12-09,3,SR,5.335,106.9
2025-12-09,4,PQR,1.986,108.8
2025-12-09,4,NQR,1.191,36.5
2025-12-09,4,SR,4.453,94.5
2025-12-09,5,PQR,2.363,160.0
2025-12-09,5,NQR,3.654,29.9
2025-12-09,5,SR,4.107,106.8
2025-12-09,6,PQR,1.642,89.7
2025-12-09,6,NQR,1.622,46.5
2025-12-09,6,SR,6.996,87.4
2025-12-10,1,PQR,3.171,98.8
2025-12-10,1,NQR,0.969,49.2
2025-12-10,1,SR,1.898,100.5
2025-12-10,2,PQR,4.214,92.9
2025-12-10,2,NQR,0.802,39.9
2025-12-10,2,SR,3.23,124.9
2025-12-10,3,PQR,1.599,107.1
2025-12-10,3,NQR,2.01,45.8
2025-12-10,3,SR,3.406,143.5
2025-12-10,4,PQR,3.436,125.7
2025-12-10,4,NQR,1.706,39.3
2025-12-10,4,SR,3.862,110.3
2025-12-10,5,PQR,4.387,119.0
2025-12-10,5,NQR,1.646,54.1
2025-12-10,5,SR,6.905,121.4
2025-12-10,6,PQR,4.986,124.3
2025-12-10,6,NQR,1.591,43.1
2025-12-10,6,SR,4.392,115.6
2025-12-11,1,PQR,1.873,98.2
2025-12-11,1,NQR,2.099,30.8
2025-12-11,1,SR,2.08,122.2
2025-12-11,2,PQR,2.998,105.3
2025-12-11,2,NQR,1.328,48.5
2025-12-11,2,SR,2.694,102.0
2025-12-11,3,PQR,2.275,85.3
2025-12-11,3,NQR,1.447,48.8
2025-12-11,3,SR,10.826,134.4
2025-12-11,4,PQR,1.983,161.1
2025-12-11,4,NQR,2.692,30.0
2025-12-11,4,SR,5.714,83.3
2025-12-11,5,PQR,6.708,131.5
2025-12-11,5,NQR,1.631,44.3
2025-12-11,5,SR,5.724,88.0
2025-12-11,6,PQR,5.169,107.8
2025-12-11,6,NQR,1.156,44.8
2025-12-11,6,SR,5.556,104.1
2025-12-12,1,PQR,2.157,112.2
2025-12-12,1,NQR,1.281,55.1
2025-12-12,1,SR,1.843,115.5
2025-12-12,2,PQR,3.54,111.4
2025-12-12,2,NQR,1.262,32.0
2025-12-12,2,SR,2.579,110.8
2025-12-12,3,PQR,1.325,151.8
2025-12-12,3,NQR,1.111,37.2
2025-12-12,3,SR,1.52,82.4
2025-12-12,4,PQR,4.721,122.8
2025-12-12,4,NQR,1.276,51.5
2025-12-12,4,SR,5.329,150.9
2025-12-12,5,PQR,4.639,166.5
2025-12-12,5,NQR,5.579,42.1
2025-12-12,5,SR,13.459,101.2
2025-12-12,6,PQR,3.324,96.9
2025-12-12,6,NQR,2.28,37.4
2025-12-12,6,SR,9.587,127.6
2025-12-13,1,PQR,2.889,157.8
2025-12-13,1,NQR,0.987,55.6
2025-12-13,1,SR,2.883,93.3
2025-12-13,2,PQR,2.132,103.3
2025-12-13,2,NQR,1.334,35.5
2025-12-13,2,SR,5.443,140.4
2025-12-13,3,PQR,3.432,104.0
2025-12-13,3,NQR,2.096,45.4
2025-12-13,3,SR,4.351,117.4
2025-12-13,4,PQR,2.421,131.6
2025-12-13,4,NQR,1.818,35.5
2025-12-13,4,SR,3.012,130.3
2025-12-13,5,PQR,5.508,116.4
2025-12-13,5,NQR,2.283,35.2
2025-12-13,5,SR,17.497,100.8
2025-12-13,6,PQR,1.852,88.7
2025-12-13,6,NQR,1.263,45.2
2025-12-13,6,SR,10.084,135.8
2025-12-14,1,PQR,2.147,128.0
2025-12-14,1,NQR,0.908,38.9
2025-12-14,1,SR,3.982,122.5
2025-12-14,2,PQR,4.339,162.8
2025-12-14,2,NQR,1.493,50.8
2025-12-14,2,SR,4.63,85.9
2025-12-14,3,PQR,4.177,161.5
2025-12-14,3,NQR,1.905,52.2
2025-12-14,3,SR,3.644,84.4
2025-12-14,4,PQR,3.938,166.8
2025-12-14,4,NQR,0.744,46.5
2025-12-14,4,SR,3.777,77.5
2025-12-14,5,PQR,5.068,157.8
2025-12-14,5,NQR,3.94,51.6
2025-12-14,5,SR,5.762,105.4
2025-12-14,6,PQR,6.601,143.4
2025-12-14,6,NQR,2.428,38.7
2025-12-14,6,SR,3.967,151.9
2025-12-15,1,PQR,1.602,156.8
2025-12-15,1,NQR,0.815,55.8
2025-12-15,1,SR,5.314,97.6
2025-12-15,2,PQR,1.06,96.9
2025-12-15,2,NQR,0.937,45.1
2025-12-15,2,SR,1.831,84.2
2025-12-15,3,PQR,3.826,139.5
2025-12-15,3,NQR,2.234,41.3
2025-12-15,3,SR,6.904,147.0
2025-12-15,4,PQR,2.744,166.4
2025-12-15,4,NQR,1.074,51.1
2025-12-15,4,SR,4.805,111.9
2025-12-15,5,PQR,1.971,100.9
2025-12-15,5,NQR,2.22,55.0
2025-12-15,5,SR,3.75,136.6
2025-12-15,6,PQR,1.816,84.5
2025-12-15,6,NQR,2.752,50.0
2025-12-15,6,SR,4.327,93.8
2025-12-16,1,PQR,3.161,159.6
2025-12-16,1,NQR,1.345,30.0
2025-12-16,1,SR,1.492,129.0
2025-12-16,2,PQR,1.437,99.3
2025-12-16,2,NQR,1.116,42.4
2025-12-16,2,SR,1.685,120.3
2025-12-16,3,PQR,2.156,146.9
2025-12-16,3,NQR,2.113,51.7
2025-12-16,3,SR,4.564,135.1
2025-12-16,4,PQR,4.002,165.2
2025-12-16,4,NQR,0.826,35.4
2025-12-16,4,SR,4.797,78.0
2025-12-16,5,PQR,5.639,113.2
2025-12-16,5,NQR,1.877,36.6
2025-12-16,5,SR,6.515,121.4
2025-12-16,6,PQR,2.591,105.9
2025-12-16,6,NQR,1.267,35.5
2025-12-16,6,SR,3.018,151.3
2025-12-17,1,PQR,1.581,110.4
2025-12-17,1,NQR,2.441,47.6
2025-12-17,1,SR,1.478,148.8
2025-12-17,2,PQR,2.984,96.0
2025-12-17,2,NQR,3.211,47.5
2025-12-17,2,SR,2.692,128.5
2025-12-17,3,PQR,6.363,122.9
2025-12-17,3,NQR,1.339,38.7
2025-12-17,3,SR,1.453,125.0
2025-12-17,4,PQR,3.177,98.1
2025-12-17,4,NQR,1.827,42.2
2025-12-17,4,SR,2.102,124.7
2025-12-17,5,PQR,2.845,129.1
2025-12-17,5,NQR,2.77,47.1
2025-12-17,5,SR,12.243,125.6
2025-12-17,6,PQR,5.432,155.5
2025-12-17,6,NQR,3.714,28.7
2025-12-17,6,SR,3.906,115.3
2025-12-18,1,PQR,1.588,104.4
2025-12-18,1,NQR,0.964,36.6
2025-12-18,1,SR,3.867,97.1
2025-12-18,2,PQR,2.034,158.5
2025-12-18,2,NQR,0.694,45.1
2025-12-18,2,SR,3.601,143.6
2025-12-18,3,PQR,1.939,131.4
2025-12-18,3,NQR,0.932,32.2
2025-12-18,3,SR,2.479,147.3
2025-12-18,4,PQR,5.213,146.0
2025-12-18,4,NQR,1.772,54.3
2025-12-18,4,SR,2.329,77.7
2025-12-18,5,PQR,3.072,122.7
2025-12-18,5,NQR,4.027,41.0
2025-12-18,5,SR,17.836,103.0
2025-12-18,6,PQR,5.349,90.8
2025-12-18,6,NQR,1.739,43.3
2025-12-18,6,SR,3.636,119.6
2025-12-19,1,PQR,3.55,158.5
2025-12-19,1,NQR,1.356,49.7
2025-12-19,1,SR,2.178,79.5
2025-12-19,2,PQR,1.497,110.0
2025-12-19,2,NQR,0.342,54.9
2025-12-19,2,SR,9.444,150.8
2025-12-19,3,PQR,1.708,87.2
2025-12-19,3,NQR,0.404,48.8
2025-12-19,3,SR,1.94,145.2
2025-12-19,4,PQR,2.225,94.0
2025-12-19,4,NQR,1.588,42.3
2025-12-19,4,SR,3.827,88.9
2025-12-19,5,PQR,5.459,139.6
2025-12-19,5,NQR,2.102,41.5
2025-12-19,5,SR,2.979,143.8
2025-12-19,6,PQR,4.75,104.2
2025-12-19,6,NQR,2.711,39.0
2025-12-19,6,SR,6.719,114.5
2025-12-20,1,PQR,2.045,108.7
2025-12-20,1,NQR,0.471,38.9
2025-12-20,1,SR,2.481,146.6
2025-12-20,2,PQR,2.378,108.0
2025-12-20,2,NQR,1.257,33.0
2025-12-20,2,SR,1.688,150.1
2025-12-20,3,PQR,3.247,144.0
2025-12-20,3,NQR,4.853,40.5
2025-12-20,3,SR,1.702,85.9
2025-12-20,4,PQR,3.735,94.3
2025-12-20,4,NQR,1.396,54.4
2025-12-20,4,SR,6.756,78.8
2025-12-20,5,PQR,3.886,101.3
2025-12-20,5,NQR,3.787,46.2
2025-12-20,5,SR,10.46,123.4
2025-12-20,6,PQR,6.405,93.9
2025-12-20,6,NQR,2.073,51.3
2025-12-20,6,SR,6.525,77.4
2025-12-21,1,PQR,3.277,115.5
2025-12-21,1,NQR,1.892,28.4
2025-12-21,1,SR,1.65,86.2
2025-12-21,2,PQR,2.524,123.4
2025-12-21,2,NQR,2.841,40.8
2025-12-21,2,SR,3.495,148.7
2025-12-21,3,PQR,2.527,95.9
2025-12-21,3,NQR,1.744,48.6
2025-12-21,3,SR,16.763,131.5
2025-12-21,4,PQR,2.337,132.8
2025-12-21,4,NQR,0.855,49.9
2025-12-21,4,SR,4.954,125.5
2025-12-21,5,PQR,1.873,86.4
2025-12-21,5,NQR,1.937,31.1
2025-12-21,5,SR,11.353,110.3
2025-12-21,6,PQR,7.05,99.1
2025-12-21,6,NQR,6.014,51.3
2025-12-21,6,SR,6.75,88.3
2025-12-22,1,PQR,2.785,144.9
2025-12-22,1,NQR,0.892,34.0
2025-12-22,1,SR,2.604,103.0
2025-12-22,2,PQR,1.281,141.2
2025-12-22,2,NQR,0.982,38.3
2025-12-22,2,SR,4.893,107.5
2025-12-22,3,PQR,3.127,99.3
2025-12-22,3,NQR,2.917,43.0
2025-12-22,3,SR,6.377,119.1
2025-12-22,4,PQR,3.246,152.7
2025-12-22,4,NQR,1.802,29.4
2025-12-22,4,SR,5.748,139.6
2025-12-22,5,PQR,2.644,122.0
2025-12-22,5,NQR,2.839,41.9
2025-12-22,5,SR,8.861,82.1
2025-12-22,6,PQR,2.725,146.5
2025-12-22,6,NQR,3.473,35.2
2025-12-22,6,SR,1.001,129.6
2025-12-23,1,PQR,1.194,96.2
2025-12-23,1,NQR,1.328,51.3
2025-12-23,1,SR,3.984,86.6
2025-12-23,2,PQR,1.813,89.0
2025-12-23,2,NQR,1.942,40.9
2025-12-23,2,SR,2.264,94.8
2025-12-23,3,PQR,4.293,119.8
2025-12-23,3,NQR,0.941,40.5
2025-12-23,3,SR,4.551,111.0
2025-12-23,4,PQR,8.442,154.9
2025-12-23,4,NQR,0.701,40.0
2025-12-23,4,SR,2.487,86.3
2025-12-23,5,PQR,5.864,122.7
2025-12-23,5,NQR,2.861,35.2
2025-12-23,5,SR,5.799,96.3
2025-12-23,6,PQR,2.734,127.6
2025-12-23,6,NQR,1.135,40.5
2025-12-23,6,SR,7.48,102.6
2025-12-24,1,PQR,3.246,124.9
2025-12-24,1,NQR,1.832,40.5
2025-12-24,1,SR,5.163,109.9
2025-12-24,2,PQR,2.931,146.9
2025-12-24,2,NQR,3.087,32.1
2025-12-24,2,SR,3.432,117.8
2025-12-24,3,PQR,2.872,145.8
2025-12-24,3,NQR,2.042,50.6
2025-12-24,3,SR,2.732,102.7
2025-12-24,4,PQR,4.964,105.3
2025-12-24,4,NQR,5.143,32.2
2025-12-24,4,SR,4.242,101.1
2025-12-24,5,PQR,3.951,118.1
2025-12-24,5,NQR,5.146,39.7
2025-12-24,5,SR,6.611,124.6
2025-12-24,6,PQR,3.046,117.2
2025-12-24,6,NQR,1.794,50.4
2025-12-24,6,SR,9.055,138.3
2025-12-25,1,PQR,1.945,165.6
2025-12-25,1,NQR,1.585,41.6
2025-12-25,1,SR,5.27,127.5
2025-12-25,2,PQR,2.219,86.2
2025-12-25,2,NQR,1.471,52.6
2025-12-25,2,SR,2.312,118.2
2025-12-25,3,PQR,2.73,135.6
2025-12-25,3,NQR,1.127,31.8
2025-12-25,3,SR,2.429,137.1
2025-12-25,4,PQR,1.465,106.7
2025-12-25,4,NQR,2.976,35.6
2025-12-25,4,SR,2.365,120.5
2025-12-25,5,PQR,4.679,164.0
2025-12-25,5,NQR,1.863,36.4
2025-12-25,5,SR,10.293,139.8
2025-12-25,6,PQR,4.975,149.6
2025-12-25,6,NQR,1.587,39.2
2025-12-25,6,SR,4.777,131.3
2025-12-26,1,PQR,1.303,143.3
2025-12-26,1,NQR,1.898,29.5
2025-12-26,1,SR,3.298,127.1
2025-12-26,2,PQR,0.767,96.0
2025-12-26,2,NQR,1.002,45.6
2025-12-26,2,SR,7.816,114.1
2025-12-26,3,PQR,3.199,87.3
2025-12-26,3,NQR,1.101,51.7
2025-12-26,3,SR,2.099,143.2
2025-12-26,4,PQR,3.577,103.3
2025-12-26,4,NQR,1.191,52.0
2025-12-26,4,SR,5.055,98.2
2025-12-26,5,PQR,2.438,135.7
2025-12-26,5,NQR,2.366,28.2
2025-12-26,5,SR,5.369,108.5
2025-12-26,6,PQR,2.959,166.0
2025-12-26,6,NQR,3.374,35.6
2025-12-26,6,SR,5.826,133.6
2025-12-27,1,PQR,2.06,139.2
2025-12-27,1,NQR,1.178,41.0
2025-12-27,1,SR,4.535,139.4
2025-12-27,2,PQR,1.113,167.0
2025-12-27,2,NQR,1.185,31.8
2025-12-27,2,SR,4.62,113.0
2025-12-27,3,PQR,1.46,84.7
2025-12-27,3,NQR,1.905,36.6
2025-12-27,3,SR,3.702,146.3
2025-12-27,4,PQR,7.384,116.1
2025-12-27,4,NQR,1.522,41.5
2025-12-27,4,SR,2.872,127.9
2025-12-27,5,PQR,6.092,94.5
2025-12-27,5,NQR,1.56,40.8
2025-12-27,5,SR,8.981,79.1
2025-12-27,6,PQR,4.003,146.1
2025-12-27,6,NQR,0.727,38.3
2025-12-27,6,SR,5.115,80.5
2025-12-28,1,PQR,3.867,85.4
2025-12-28,1,NQR,1.051,44.7
2025-12-28,1,SR,4.032,99.4
2025-12-28,2,PQR,1.009,95.4
2025-12-28,2,NQR,0.736,55.0
2025-12-28,2,SR,4.687,117.7
2025-12-28,3,PQR,4.105,87.4
2025-12-28,3,NQR,0.942,35.3
2025-12-28,3,SR,4.083,83.6
2025-12-28,4,PQR,3.599,129.8
2025-12-28,4,NQR,2.475,31.2
2025-12-28,4,SR,7.92,132.0
2025-12-28,5,PQR,10.31,88.3
2025-12-28,5,NQR,2.249,50.3
2025-12-28,5,SR,5.39,123.4
2025-12-28,6,PQR,5.732,116.8
2025-12-28,6,NQR,1.994,37.7
2025-12-28,6,SR,7.06,84.1
2025-12-29,1,PQR,4.563,137.4
2025-12-29,1,NQR,0.655,38.4
2025-12-29,1,SR,1.556,150.3
2025-12-29,2,PQR,2.225,115.8
2025-12-29,2,NQR,1.973,34.6
2025-12-29,2,SR,3.246,122.9
2025-12-29,3,PQR,1.11,141.8
2025-12-29,3,NQR,0.784,51.2
2025-12-29,3,SR,1.281,121.1
2025-12-29,4,PQR,3.593,150.0
2025-12-29,4,NQR,2.704,51.8
2025-12-29,4,SR,6.418,121.4
2025-12-29,5,PQR,8.847,129.6
2025-12-29,5,NQR,2.12,52.9
2025-12-29,5,SR,8.755,151.9
2025-12-29,6,PQR,1.438,149.0
2025-12-29,6,NQR,4.605,32.6
2025-12-29,6,SR,4.76,111.2
2025-12-30,1,PQR,1.617,141.7
2025-12-30,1,NQR,0.819,52.2
2025-12-30,1,SR,6.097,83.5
2025-12-30,2,PQR,1.507,151.3
2025-12-30,2,NQR,1.556,44.7
2025-12-30,2,SR,3.082,153.6
2025-12-30,3,PQR,4.572,87.6
2025-12-30,3,NQR,1.409,53.1
2025-12-30,3,SR,1.264,106.9
2025-12-30,4,PQR,2.611,125.4
2025-12-30,4,NQR,1.301,45.7
2025-12-30,4,SR,4.183,85.7
2025-12-30,5,PQR,3.339,155.7
2025-12-30,5,NQR,1.874,55.6
2025-12-30,5,SR,3.805,113.6
2025-12-30,6,PQR,3.341,114.2
2025-12-30,6,NQR,1.243,46.6
2025-12-30,6,SR,4.087,139.0
2025-12-31,1,PQR,1.409,117.2
2025-12-31,1,NQR,1.454,38.1
2025-12-31,1,SR,5.006,119.9
2025-12-31,2,PQR,3.215,154.9
2025-12-31,2,NQR,1.664,29.1
2025-12-31,2,SR,4.992,106.4
2025-12-31,3,PQR,5.741,125.6
2025-12-31,3,NQR,1.576,43.4
2025-12-31,3,SR,1.549,149.4
2025-12-31,4,PQR,1.39,129.9
2025-12-31,4,NQR,1.254,33.5
2025-12-31,4,SR,2.094,145.6
2025-12-31,5,PQR,6.189,131.9
2025-12-31,5,NQR,2.41,48.2
2025-12-31,5,SR,6.081,134.0
2025-12-31,6,PQR,6.04,156.4
2025-12-31,6,NQR,0.82,33.7
2025-12-31,6,SR,3.871,149.1
2026-01-01,1,PQR,6.59,86.9
2026-01-01,1,NQR,1.948,31.0
2026-01-01,1,SR,1.722,82.3
2026-01-01,2,PQR,2.632,124.6
2026-01-01,2,NQR,1.45,36.3
2026-01-01,2,SR,2.207,89.4
2026-01-01,3,PQR,5.317,161.1
2026-01-01,3,NQR,1.547,39.8
2026-01-01,3,SR,5.296,144.7
2026-01-01,4,PQR,2.251,143.4
2026-01-01,4,NQR,1.027,53.3
2026-01-01,4,SR,7.854,141.9
2026-01-01,5,PQR,6.143,143.0
2026-01-01,5,NQR,2.639,45.2
2026-01-01,5,SR,9.02,122.9
2026-01-01,6,PQR,2.14,103.7
2026-01-01,6,NQR,2.132,32.7
2026-01-01,6,SR,11.97,96.2
