date,efa_block,product,avail_gbp_mw_h
2025-01-01,1,DCL,1.753
2025-01-01,1,DCH,0.916
2025-01-01,1,DML,1.411
2025-01-01,1,DMH,0.948
2025-01-01,1,DRL,1.569
2025-01-01,1,DRH,0.859
2025-01-01,2,DCL,2.171
2025-01-01,2,DCH,1.238
2025-01-01,2,DML,4.543
2025-01-01,2,DMH,0.531
2025-01-01,2,DRL,2.924
2025-01-01,2,DRH,2.31
2025-01-01,3,DCL,3.769
2025-01-01,3,DCH,1.017
2025-01-01,3,DML,3.115
2025-01-01,3,DMH,1.856
2025-01-01,3,DRL,4.594
2025-01-01,3,DRH,2.4
2025-01-01,4,DCL,8.188
2025-01-01,4,DCH,1.809
2025-01-01,4,DML,1.867
2025-01-01,4,DMH,0.713
2025-01-01,4,DRL,8.567
2025-01-01,4,DRH,2.551
2025-01-01,5,DCL,6.381
2025-01-01,5,DCH,2.296
2025-01-01,5,DML,3.544
2025-01-01,5,DMH,1.77
2025-01-01,5,DRL,6.245
2025-01-01,5,DRH,3.621
2025-01-01,6,DCL,1.704
2025-01-01,6,DCH,1.933
2025-01-01,6,DML,7.133
2025-01-01,6,DMH,0.635
2025-01-01,6,DRL,8.001
2025-01-01,6,DRH,2.088
2025-01-02,1,DCL,3.619
2025-01-02,1,DCH,1.577
2025-01-02,1,DML,2.539
2025-01-02,1,DMH,2.753
2025-01-02,1,DRL,3.62
2025-01-02,1,DRH,1.536
2025-01-02,2,DCL,2.521
2025-01-02,2,DCH,1.235
2025-01-02,2,DML,1.965
2025-01-02,2,DMH,0.594
2025-01-02,2,DRL,5.189
2025-01-02,2,DRH,2.268
2025-01-02,3,DCL,3.828
2025-01-02,3,DCH,0.857
2025-01-02,3,DML,2.708
2025-01-02,3,DMH,0.541
2025-01-02,3,DRL,8.297
2025-01-02,3,DRH,3.76
2025-01-02,4,DCL,5.333
2025-01-02,4,DCH,4.052
2025-01-02,4,DML,1.519
2025-01-02,4,DMH,0.818
2025-01-02,4,DRL,5.317
2025-01-02,4,DRH,5.01
2025-01-02,5,DCL,2.95
2025-01-02,5,DCH,1.811
2025-01-02,5,DML,3.164
2025-01-02,5,DMH,2.801
2025-01-02,5,DRL,8.0
2025-01-02,5,DRH,1.383
2025-01-02,6,DCL,6.011
2025-01-02,6,DCH,2.054
2025-01-02,6,DML,1.296
2025-01-02,6,DMH,1.79
2025-01-02,6,DRL,3.1
2025-01-02,6,DRH,2.77
2025-01-03,1,DCL,1.828
2025-01-03,1,DCH,0.581
2025-01-03,1,DML,2.128
2025-01-03,1,DMH,1.038
2025-01-03,1,DRL,2.675
2025-01-03,1,DRH,2.716
2025-01-03,2,DCL,3.755
2025-01-03,2,DCH,1.079
2025-01-03,2,DML,0.744
2025-01-03,2,DMH,0.327
2025-01-03,2,DRL,3.291
2025-01-03,2,DRH,1.404
2025-01-03,3,DCL,1.945
2025-01-03,3,DCH,1.553
2025-01-03,3,DML,4.593
2025-01-03,3,DMH,0.903
2025-01-03,3,DRL,1.219
2025-01-03,3,DRH,0.86
2025-01-03,4,DCL,2.663
2025-01-03,4,DCH,0.97
2025-01-03,4,DML,3.479
2025-01-03,4,DMH,0.578
2025-01-03,4,DRL,5.747
2025-01-03,4,DRH,2.358
2025-01-03,5,DCL,5.8
2025-01-03,5,DCH,1.308
2025-01-03,5,DML,2.821
2025-01-03,5,DMH,2.277
2025-01-03,5,DRL,9.367
2025-01-03,5,DRH,2.462
2025-01-03,6,DCL,3.504
2025-01-03,6,DCH,1.065
2025-01-03,6,DML,3.197
2025-01-03,6,DMH,1.029
2025-01-03,6,DRL,4.788
2025-01-03,6,DRH,6.316
2025-01-04,1,DCL,1.815
2025-01-04,1,DCH,1.146
2025-01-04,1,DML,0.985
2025-01-04,1,DMH,0.681
2025-01-04,1,DRL,4.079
2025-01-04,1,DRH,2.154
2025-01-04,2,DCL,1.314
2025-01-04,2,DCH,0.893
2025-01-04,2,DML,2.303
2025-01-04,2,DMH,1.185
2025-01-04,2,DRL,3.088
2025-01-04,2,DRH,3.376
2025-01-04,3,DCL,2.116
2025-01-04,3,DCH,2.826
2025-01-04,3,DML,1.453
2025-01-04,3,DMH,0.579
2025-01-04,3,DRL,3.34
2025-01-04,3,DRH,2.49
2025-01-04,4,DCL,4.336
2025-01-04,4,DCH,2.329
2025-01-04,4,DML,2.146
2025-01-04,4,DMH,1.135
2025-01-04,4,DRL,3.313
2025-01-04,4,DRH,0.595
2025-01-04,5,DCL,10.686
2025-01-04,5,DCH,2.753
2025-01-04,5,DML,6.079
2025-01-04,5,DMH,1.191
2025-01-04,5,DRL,9.226
2025-01-04,5,DRH,4.841
2025-01-04,6,DCL,4.292
2025-01-04,6,DCH,1.936
2025-01-04,6,DML,2.028
2025-01-04,6,DMH,1.388
2025-01-04,6,DRL,6.925
2025-01-04,6,DRH,3.359
2025-01-05,1,DCL,4.64
2025-01-05,1,DCH,0.602
2025-01-05,1,DML,2.585
2025-01-05,1,DMH,1.09
2025-01-05,1,DRL,2.784
2025-01-05,1,DRH,1.774
2025-01-05,2,DCL,3.736
2025-01-05,2,DCH,0.58
2025-01-05,2,DML,1.446
2025-01-05,2,DMH,0.638
2025-01-05,2,DRL,6.431
2025-01-05,2,DRH,1.852
2025-01-05,3,DCL,3.481
2025-01-05,3,DCH,1.77
2025-01-05,3,DML,3.862
2025-01-05,3,DMH,0.413
2025-01-05,3,DRL,1.838
2025-01-05,3,DRH,2.243
2025-01-05,4,DCL,3.326
2025-01-05,4,DCH,1.361
2025-01-05,4,DML,2.218
2025-01-05,4,DMH,2.137
2025-01-05,4,DRL,8.623
2025-01-05,4,DRH,2.06
2025-01-05,5,DCL,15.312
2025-01-05,5,DCH,1.389
2025-01-05,5,DML,5.982
2025-01-05,5,DMH,0.804
2025-01-05,5,DRL,4.462
2025-01-05,5,DRH,7.182
2025-01-05,6,DCL,1.688
2025-01-05,6,DCH,1.101
2025-01-05,6,DML,3.973
2025-01-05,6,DMH,1.671
2025-01-05,6,DRL,2.38
2025-01-05,6,DRH,1.718
2025-01-06,1,DCL,2.541
2025-01-06,1,DCH,1.112
2025-01-06,1,DML,1.656
2025-01-06,1,DMH,0.799
2025-01-06,1,DRL,3.716
2025-01-06,1,DRH,2.24
2025-01-06,2,DCL,2.671
2025-01-06,2,DCH,1.693
2025-01-06,2,DML,0.723
2025-01-06,2,DMH,0.325
2025-01-06,2,DRL,3.804
2025-01-06,2,DRH,1.566
2025-01-06,3,DCL,1.174
2025-01-06,3,DCH,1.978
2025-01-06,3,DML,4.548
2025-01-06,3,DMH,1.549
2025-01-06,3,DRL,2.747
2025-01-06,3,DRH,2.829
2025-01-06,4,DCL,2.14
2025-01-06,4,DCH,1.841
2025-01-06,4,DML,3.664
2025-01-06,4,DMH,1.303
2025-01-06,4,DRL,5.289
2025-01-06,4,DRH,1.972
2025-01-06,5,DCL,2.914
2025-01-06,5,DCH,0.81
2025-01-06,5,DML,4.183
2025-01-06,5,DMH,1.069
2025-01-06,5,DRL,5.865
2025-01-06,5,DRH,4.687
2025-01-06,6,DCL,3.782
2025-01-06,6,DCH,2.774
2025-01-06,6,DML,3.674
2025-01-06,6,DMH,0.682
2025-01-06,6,DRL,7.235
2025-01-06,6,DRH,1.436
2025-01-07,1,DCL,4.722
2025-01-07,1,DCH,1.323
2025-01-07,1,DML,2.805
2025-01-07,1,DMH,0.877
2025-01-07,1,DRL,3.914
2025-01-07,1,DRH,1.896
2025-01-07,2,DCL,2.584
2025-01-07,2,DCH,1.154
2025-01-07,2,DML,5.791
2025-01-07,2,DMH,0.672
2025-01-07,2,DRL,4.099
2025-01-07,2,DRH,2.682
2025-01-07,3,DCL,3.815
2025-01-07,3,DCH,2.057
2025-01-07,3,DML,2.898
2025-01-07,3,DMH,2.107
2025-01-07,3,DRL,4.069
2025-01-07,3,DRH,1.712
2025-01-07,4,DCL,3.119
2025-01-07,4,DCH,1.596
2025-01-07,4,DML,2.659
2025-01-07,4,DMH,1.799
2025-01-07,4,DRL,3.105
2025-01-07,4,DRH,1.312
2025-01-07,5,DCL,4.326
2025-01-07,5,DCH,1.401
2025-01-07,5,DML,7.891
2025-01-07,5,DMH,2.569
2025-01-07,5,DRL,9.624
2025-01-07,5,DRH,6.285
2025-01-07,6,DCL,3.544
2025-01-07,6,DCH,0.896
2025-01-07,6,DML,3.57
2025-01-07,6,DMH,1.408
2025-01-07,6,DRL,6.633
2025-01-07,6,DRH,3.184
2025-01-08,1,DCL,8.59
2025-01-08,1,DCH,0.898
2025-01-08,1,DML,2.178
2025-01-08,1,DMH,2.483
2025-01-08,1,DRL,1.773
2025-01-08,1,DRH,3.005
2025-01-08,2,DCL,4.312
2025-01-08,2,DCH,0.983
2025-01-08,2,DML,1.991
2025-01-08,2,DMH,1.163
2025-01-08,2,DRL,2.043
2025-01-08,2,DRH,2.277
2025-01-08,3,DCL,2.579
2025-01-08,3,DCH,1.102
2025-01-08,3,DML,3.239
2025-01-08,3,DMH,0.743
2025-01-08,3,DRL,3.477
2025-01-08,3,DRH,2.115
2025-01-08,4,DCL,3.466
2025-01-08,4,DCH,0.827
2025-01-08,4,DML,1.932
2025-01-08,4,DMH,0.848
2025-01-08,4,DRL,3.805
2025-01-08,4,DRH,4.352
2025-01-08,5,DCL,3.568
2025-01-08,5,DCH,2.288
2025-01-08,5,DML,1.492
2025-01-08,5,DMH,2.081
2025-01-08,5,DRL,10.415
2025-01-08,5,DRH,2.93
2025-01-08,6,DCL,4.346
2025-01-08,6,DCH,2.518
2025-01-08,6,DML,6.015
2025-01-08,6,DMH,1.371
2025-01-08,6,DRL,7.843
2025-01-08,6,DRH,1.74
2025-01-09,1,DCL,1.956
2025-01-09,1,DCH,1.657
2025-01-09,1,DML,1.45
2025-01-09,1,DMH,0.411
2025-01-09,1,DRL,6.32
2025-01-09,1,DRH,3.212
2025-01-09,2,DCL,2.154
2025-01-09,2,DCH,0.467
2025-01-09,2,DML,2.036
2025-01-09,2,DMH,1.499
2025-01-09,2,DRL,1.825
2025-01-09,2,DRH,2.165
2025-01-09,3,DCL,5.259
2025-01-09,3,DCH,1.028
2025-01-09,3,DML,1.747
2025-01-09,3,DMH,0.452
2025-01-09,3,DRL,10.258
2025-01-09,3,DRH,3.057
2025-01-09,4,DCL,13.986
2025-01-09,4,DCH,1.979
2025-01-09,4,DML,2.178
2025-01-09,4,DMH,1.576
2025-01-09,4,DRL,2.862
2025-01-09,4,DRH,4.769
2025-01-09,5,DCL,5.463
2025-01-09,5,DCH,1.685
2025-01-09,5,DML,3.291
2025-01-09,5,DMH,3.925
2025-01-09,5,DRL,6.741
2025-01-09,5,DRH,2.276
2025-01-09,6,DCL,2.987
2025-01-09,6,DCH,1.448
2025-01-09,6,DML,4.907
2025-01-09,6,DMH,2.127
2025-01-09,6,DRL,3.195
2025-01-09,6,DRH,1.612
2025-01-10,1,DCL,1.879
2025-01-10,1,DCH,0.763
2025-01-10,1,DML,2.117
2025-01-10,1,DMH,0.797
2025-01-10,1,DRL,2.149
2025-01-10,1,DRH,1.442
2025-01-10,2,DCL,2.856
2025-01-10,2,DCH,0.908
2025-01-10,2,DML,1.928
2025-01-10,2,DMH,0.994
2025-01-10,2,DRL,4.13
2025-01-10,2,DRH,4.445
2025-01-10,3,DCL,2.197
2025-01-10,3,DCH,1.343
2025-01-10,3,DML,1.044
2025-01-10,3,DMH,0.599
2025-01-10,3,DRL,7.214
2025-01-10,3,DRH,1.603
2025-01-10,4,DCL,2.383
2025-01-10,4,DCH,1.619
2025-01-10,4,DML,4.462
2025-01-10,4,DMH,2.32
2025-01-10,4,DRL,3.404
2025-01-10,4,DRH,3.593
2025-01-10,5,DCL,7.554
2025-01-10,5,DCH,1.353
2025-01-10,5,DML,3.175
2025-01-10,5,DMH,2.769
2025-01-10,5,DRL,12.052
2025-01-10,5,DRH,3.255
2025-01-10,6,DCL,7.569
2025-01-10,6,DCH,3.699
2025-01-10,6,DML,4.464
2025-01-10,6,DMH,1.586
2025-01-10,6,DRL,7.592
2025-01-10,6,DRH,1.772
2025-01-11,1,DCL,3.191
2025-01-11,1,DCH,1.056
2025-01-11,1,DML,1.02
2025-01-11,1,DMH,0.478
2025-01-11,1,DRL,2.837
2025-01-11,1,DRH,1.792
2025-01-11,2,DCL,3.087
2025-01-11,2,DCH,2.685
2025-01-11,2,DML,1.377
2025-01-11,2,DMH,0.843
2025-01-11,2,DRL,4.113
2025-01-11,2,DRH,1.556
2025-01-11,3,DCL,1.998
2025-01-11,3,DCH,1.807
2025-01-11,3,DML,3.341
2025-01-11,3,DMH,0.716
2025-01-11,3,DRL,3.752
2025-01-11,3,DRH,0.799
2025-01-11,4,DCL,2.009
2025-01-11,4,DCH,2.138
2025-01-11,4,DML,6.339
2025-01-11,4,DMH,1.599
2025-01-11,4,DRL,4.653
2025-01-11,4,DRH,0.75
2025-01-11,5,DCL,9.016
2025-01-11,5,DCH,2.408
2025-01-11,5,DML,7.62
2025-01-11,5,DMH,1.882
2025-01-11,5,DRL,6.723
2025-01-11,5,DRH,5.744
2025-01-11,6,DCL,6.128
2025-01-11,6,DCH,0.739
2025-01-11,6,DML,6.099
2025-01-11,6,DMH,1.159
2025-01-11,6,DRL,5.51
2025-01-11,6,DRH,1.305
2025-01-12,1,DCL,3.121
2025-01-12,1,DCH,0.874
2025-01-12,1,DML,2.912
2025-01-12,1,DMH,1.07
2025-01-12,1,DRL,3.036
2025-01-12,1,DRH,1.064
2025-01-12,2,DCL,2.514
2025-01-12,2,DCH,0.398
2025-01-12,2,DML,0.994
2025-01-12,2,DMH,1.661
2025-01-12,2,DRL,2.24
2025-01-12,2,DRH,1.11
2025-01-12,3,DCL,2.283
2025-01-12,3,DCH,1.752
2025-01-12,3,DML,2.203
2025-01-12,3,DMH,1.029
2025-01-12,3,DRL,5.76
2025-01-12,3,DRH,1.886
2025-01-12,4,DCL,2.438
2025-01-12,4,DCH,2.203
2025-01-12,4,DML,3.434
2025-01-12,4,DMH,1.569
2025-01-12,4,DRL,5.465
2025-01-12,4,DRH,2.302
2025-01-12,5,DCL,7.715
2025-01-12,5,DCH,2.59
2025-01-12,5,DML,4.666
2025-01-12,5,DMH,1.298
2025-01-12,5,DRL,10.115
2025-01-12,5,DRH,13.996
2025-01-12,6,DCL,3.254
2025-01-12,6,DCH,0.746
2025-01-12,6,DML,2.071
2025-01-12,6,DMH,0.585
2025-01-12,6,DRL,7.164
2025-01-12,6,DRH,10.032
2025-01-13,1,DCL,2.575
2025-01-13,1,DCH,0.85
2025-01-13,1,DML,2.972
2025-01-13,1,DMH,0.712
2025-01-13,1,DRL,6.301
2025-01-13,1,DRH,1.592
2025-01-13,2,DCL,5.365
2025-01-13,2,DCH,0.9
2025-01-13,2,DML,1.642
2025-01-13,2,DMH,1.106
2025-01-13,2,DRL,2.187
2025-01-13,2,DRH,2.822
2025-01-13,3,DCL,7.175
2025-01-13,3,DCH,2.19
2025-01-13,3,DML,2.108
2025-01-13,3,DMH,1.128
2025-01-13,3,DRL,4.713
2025-01-13,3,DRH,2.426
2025-01-13,4,DCL,3.446
2025-01-13,4,DCH,1.655
2025-01-13,4,DML,1.491
2025-01-13,4,DMH,0.992
2025-01-13,4,DRL,6.37
2025-01-13,4,DRH,3.029
2025-01-13,5,DCL,5.89
2025-01-13,5,DCH,2.086
2025-01-13,5,DML,4.06
2025-01-13,5,DMH,0.911
2025-01-13,5,DRL,4.403
2025-01-13,5,DRH,3.132
2025-01-13,6,DCL,5.035
2025-01-13,6,DCH,1.258
2025-01-13,6,DML,4.026
2025-01-13,6,DMH,1.659
2025-01-13,6,DRL,8.055
2025-01-13,6,DRH,3.535
2025-01-14,1,DCL,8.537
2025-01-14,1,DCH,1.42
2025-01-14,1,DML,0.67
2025-01-14,1,DMH,1.177
2025-01-14,1,DRL,3.873
2025-01-14,1,DRH,1.839
2025-01-14,2,DCL,11.905
2025-01-14,2,DCH,0.734
2025-01-14,2,DML,2.024
2025-01-14,2,DMH,0.414
2025-01-14,2,DRL,3.524
2025-01-14,2,DRH,0.988
2025-01-14,3,DCL,1.86
2025-01-14,3,DCH,2.899
2025-01-14,3,DML,4.125
2025-01-14,3,DMH,1.501
2025-01-14,3,DRL,2.788
2025-01-14,3,DRH,2.184
2025-01-14,4,DCL,2.943
2025-01-14,4,DCH,1.133
2025-01-14,4,DML,3.29
2025-01-14,4,DMH,0.8
2025-01-14,4,DRL,1.538
2025-01-14,4,DRH,2.758
2025-01-14,5,DCL,3.865
2025-01-14,5,DCH,3.431
2025-01-14,5,DML,3.441
2025-01-14,5,DMH,1.499
2025-01-14,5,DRL,18.933
2025-01-14,5,DRH,4.025
2025-01-14,6,DCL,3.771
2025-01-14,6,DCH,1.541
2025-01-14,6,DML,4.371
2025-01-14,6,DMH,0.632
2025-01-14,6,DRL,3.89
2025-01-14,6,DRH,1.402
2025-01-15,1,DCL,0.735
2025-01-15,1,DCH,0.727
2025-01-15,1,DML,8.62
2025-01-15,1,DMH,1.344
2025-01-15,1,DRL,2.186
2025-01-15,1,DRH,1.763
2025-01-15,2,DCL,1.851
2025-01-15,2,DCH,0.626
2025-01-15,2,DML,0.798
2025-01-15,2,DMH,0.4
2025-01-15,2,DRL,2.124
2025-01-15,2,DRH,0.874
2025-01-15,3,DCL,7.215
2025-01-15,3,DCH,0.993
2025-01-15,3,DML,3.845
2025-01-15,3,DMH,1.114
2025-01-15,3,DRL,4.186
2025-01-15,3,DRH,1.334
2025-01-15,4,DCL,4.642
2025-01-15,4,DCH,1.199
2025-01-15,4,DML,2.958
2025-01-15,4,DMH,1.199
2025-01-15,4,DRL,3.078
2025-01-15,4,DRH,2.331
2025-01-15,5,DCL,19.838
2025-01-15,5,DCH,3.504
2025-01-15,5,DML,7.919
2025-01-15,5,DMH,2.791
2025-01-15,5,DRL,17.994
2025-01-15,5,DRH,2.277
2025-01-15,6,DCL,4.993
2025-01-15,6,DCH,2.46
2025-01-15,6,DML,1.891
2025-01-15,6,DMH,0.795
2025-01-15,6,DRL,11.711
2025-01-15,6,DRH,2.603
2025-01-16,1,DCL,4.222
2025-01-16,1,DCH,0.761
2025-01-16,1,DML,5.229
2025-01-16,1,DMH,1.308
2025-01-16,1,DRL,3.133
2025-01-16,1,DRH,1.289
2025-01-16,2,DCL,2.3
2025-01-16,2,DCH,0.719
2025-01-16,2,DML,1.776
2025-01-16,2,DMH,2.25
2025-01-16,2,DRL,6.646
2025-01-16,2,DRH,1.88
2025-01-16,3,DCL,5.918
2025-01-16,3,DCH,3.791
2025-01-16,3,DML,2.576
2025-01-16,3,DMH,0.389
2025-01-16,3,DRL,5.796
2025-01-16,3,DRH,1.289
2025-01-16,4,DCL,3.056
2025-01-16,4,DCH,0.861
2025-01-16,4,DML,2.329
2025-01-16,4,DMH,1.481
2025-01-16,4,DRL,4.345
2025-01-16,4,DRH,1.11
2025-01-16,5,DCL,9.881
2025-01-16,5,DCH,1.576
2025-01-16,5,DML,5.531
2025-01-16,5,DMH,2.068
2025-01-16,5,DRL,3.028
2025-01-16,5,DRH,8.729
2025-01-16,6,DCL,1.891
2025-01-16,6,DCH,1.597
2025-01-16,6,DML,2.282
2025-01-16,6,DMH,0.98
2025-01-16,6,DRL,6.474
2025-01-16,6,DRH,4.242
2025-01-17,1,DCL,3.218
2025-01-17,1,DCH,6.067
2025-01-17,1,DML,3.727
2025-01-17,1,DMH,1.176
2025-01-17,1,DRL,2.452
2025-01-17,1,DRH,1.715
2025-01-17,2,DCL,1.411
2025-01-17,2,DCH,0.499
2025-01-17,2,DML,2.169
2025-01-17,2,DMH,1.136
2025-01-17,2,DRL,5.223
2025-01-17,2,DRH,2.019
2025-01-17,3,DCL,2.316
2025-01-17,3,DCH,2.088
2025-01-17,3,DML,4.307
2025-01-17,3,DMH,0.825
2025-01-17,3,DRL,5.742
2025-01-17,3,DRH,1.455
2025-01-17,4,DCL,4.541
2025-01-17,4,DCH,0.912
2025-01-17,4,DML,4.33
2025-01-17,4,DMH,1.451
2025-01-17,4,DRL,5.741
2025-01-17,4,DRH,1.403
2025-01-17,5,DCL,18.932
2025-01-17,5,DCH,2.368
2025-01-17,5,DML,8.567
2025-01-17,5,DMH,1.295
2025-01-17,5,DRL,6.976
2025-01-17,5,DRH,4.6
2025-01-17,6,DCL,10.165
2025-01-17,6,DCH,1.765
2025-01-17,6,DML,2.589
2025-01-17,6,DMH,2.702
2025-01-17,6,DRL,7.462
2025-01-17,6,DRH,1.514
2025-01-18,1,DCL,2.245
2025-01-18,1,DCH,0.613
2025-01-18,1,DML,4.956
2025-01-18,1,DMH,3.471
2025-01-18,1,DRL,4.751
2025-01-18,1,DRH,0.928
2025-01-18,2,DCL,4.043
2025-01-18,2,DCH,0.884
2025-01-18,2,DML,0.881
2025-01-18,2,DMH,1.193
2025-01-18,2,DRL,5.833
2025-01-18,2,DRH,1.511
2025-01-18,3,DCL,7.151
2025-01-18,3,DCH,0.796
2025-01-18,3,DML,1.878
2025-01-18,3,DMH,1.217
2025-01-18,3,DRL,3.223
2025-01-18,3,DRH,2.995
2025-01-18,4,DCL,4.721
2025-01-18,4,DCH,1.76
2025-01-18,4,DML,2.502
2025-01-18,4,DMH,0.874
2025-01-18,4,DRL,5.487
2025-01-18,4,DRH,1.904
2025-01-18,5,DCL,5.047
2025-01-18,5,DCH,2.366
2025-01-18,5,DML,4.625
2025-01-18,5,DMH,2.371
2025-01-18,5,DRL,11.291
2025-01-18,5,DRH,2.387
2025-01-18,6,DCL,4.19
2025-01-18,6,DCH,2.089
2025-01-18,6,DML,10.742
2025-01-18,6,DMH,1.511
2025-01-18,6,DRL,7.275
2025-01-18,6,DRH,1.065
2025-01-19,1,DCL,8.224
2025-01-19,1,DCH,1.311
2025-01-19,1,DML,7.477
2025-01-19,1,DMH,1.092
2025-01-19,1,DRL,3.841
2025-01-19,1,DRH,0.949
2025-01-19,2,DCL,2.189
2025-01-19,2,DCH,1.023
2025-01-19,2,DML,1.867
2025-01-19,2,DMH,1.293
2025-01-19,2,DRL,7.227
2025-01-19,2,DRH,1.892
2025-01-19,3,DCL,2.975
2025-01-19,3,DCH,2.443
2025-01-19,3,DML,2.506
2025-01-19,3,DMH,1.009
2025-01-19,3,DRL,5.699
2025-01-19,3,DRH,4.674
2025-01-19,4,DCL,8.849
2025-01-19,4,DCH,1.33
2025-01-19,4,DML,2.822
2025-01-19,4,DMH,0.811
2025-01-19,4,DRL,6.794
2025-01-19,4,DRH,4.454
2025-01-19,5,DCL,5.789
2025-01-19,5,DCH,2.409
2025-01-19,5,DML,5.168
2025-01-19,5,DMH,1.618
2025-01-19,5,DRL,6.308
2025-01-19,5,DRH,7.922
2025-01-19,6,DCL,5.541
2025-01-19,6,DCH,1.797
2025-01-19,6,DML,3.939
2025-01-19,6,DMH,0.972
2025-01-19,6,DRL,4.622
2025-01-19,6,DRH,2.449
2025-01-20,1,DCL,3.049
2025-01-20,1,DCH,0.326
2025-01-20,1,DML,1.278
2025-01-20,1,DMH,1.018
2025-01-20,1,DRL,5.796
2025-01-20,1,DRH,0.681
2025-01-20,2,DCL,2.338
2025-01-20,2,DCH,0.963
2025-01-20,2,DML,2.95
2025-01-20,2,DMH,0.45
2025-01-20,2,DRL,2.975
2025-01-20,2,DRH,1.253
2025-01-20,3,DCL,3.611
2025-01-20,3,DCH,2.842
2025-01-20,3,DML,1.632
2025-01-20,3,DMH,1.209
2025-01-20,3,DRL,3.879
2025-01-20,3,DRH,1.961
2025-01-20,4,DCL,3.525
2025-01-20,4,DCH,1.096
2025-01-20,4,DML,5.04
2025-01-20,4,DMH,2.053
2025-01-20,4,DRL,5.268
2025-01-20,4,DRH,3.29
2025-01-20,5,DCL,4.8
2025-01-20,5,DCH,2.272
2025-01-20,5,DML,6.024
2025-01-20,5,DMH,1.896
2025-01-20,5,DRL,6.134
2025-01-20,5,DRH,3.322
2025-01-20,6,DCL,10.181
2025-01-20,6,DCH,1.525
2025-01-20,6,DML,2.684
2025-01-20,6,DMH,1.261
2025-01-20,6,DRL,2.703
2025-01-20,6,DRH,1.473
2025-01-21,1,DCL,2.265
2025-01-21,1,DCH,1.158
2025-01-21,1,DML,2.167
2025-01-21,1,DMH,0.68
2025-01-21,1,DRL,2.584
2025-01-21,1,DRH,2.98
2025-01-21,2,DCL,4.047
2025-01-21,2,DCH,1.314
2025-01-21,2,DML,5.864
2025-01-21,2,DMH,1.634
2025-01-21,2,DRL,6.854
2025-01-21,2,DRH,6.38
2025-01-21,3,DCL,4.114
2025-01-21,3,DCH,0.973
2025-01-21,3,DML,1.754
2025-01-21,3,DMH,1.382
2025-01-21,3,DRL,3.986
2025-01-21,3,DRH,0.772
2025-01-21,4,DCL,5.458
2025-01-21,4,DCH,2.561
2025-01-21,4,DML,3.724
2025-01-21,4,DMH,1.387
2025-01-21,4,DRL,8.222
2025-01-21,4,DRH,3.559
2025-01-21,5,DCL,12.328
2025-01-21,5,DCH,1.088
2025-01-21,5,DML,8.344
2025-01-21,5,DMH,1.043
2025-01-21,5,DRL,4.023
2025-01-21,5,DRH,2.999
2025-01-21,6,DCL,4.04
2025-01-21,6,DCH,1.623
2025-01-21,6,DML,7.028
2025-01-21,6,DMH,0.333
2025-01-21,6,DRL,3.235
2025-01-21,6,DRH,2.479
2025-01-22,1,DCL,2.517
2025-01-22,1,DCH,1.452
2025-01-22,1,DML,1.004
2025-01-22,1,DMH,2.135
2025-01-22,1,DRL,2.989
2025-01-22,1,DRH,3.039
2025-01-22,2,DCL,3.867
2025-01-22,2,DCH,0.863
2025-01-22,2,DML,2.289
2025-01-22,2,DMH,0.694
2025-01-22,2,DRL,3.404
2025-01-22,2,DRH,0.919
2025-01-22,3,DCL,3.16
2025-01-22,3,DCH,0.815
2025-01-22,3,DML,7.986
2025-01-22,3,DMH,1.908
2025-01-22,3,DRL,4.893
2025-01-22,3,DRH,3.633
2025-01-22,4,DCL,5.933
2025-01-22,4,DCH,0.848
2025-01-22,4,DML,3.353
2025-01-22,4,DMH,1.257
2025-01-22,4,DRL,5.643
2025-01-22,4,DRH,1.733
2025-01-22,5,DCL,4.768
2025-01-22,5,DCH,3.082
2025-01-22,5,DML,3.547
2025-01-22,5,DMH,0.495
2025-01-22,5,DRL,1.538
2025-01-22,5,DRH,6.367
2025-01-22,6,DCL,3.34
2025-01-22,6,DCH,1.657
2025-01-22,6,DML,1.826
2025-01-22,6,DMH,3.131
2025-01-22,6,DRL,15.987
2025-01-22,6,DRH,3.139
2025-01-23,1,DCL,3.964
2025-01-23,1,DCH,0.733
2025-01-23,1,DML,3.603
2025-01-23,1,DMH,1.789
2025-01-23,1,DRL,4.163
2025-01-23,1,DRH,0.851
2025-01-23,2,DCL,2.847
2025-01-23,2,DCH,0.46
2025-01-23,2,DML,2.29
2025-01-23,2,DMH,0.849
2025-01-23,2,DRL,4.296
2025-01-23,2,DRH,1.293
2025-01-23,3,DCL,2.726
2025-01-23,3,DCH,1.13
2025-01-23,3,DML,8.656
2025-01-23,3,DMH,0.764
2025-01-23,3,DRL,3.228
2025-01-23,3,DRH,10.492
2025-01-23,4,DCL,3.004
2025-01-23,4,DCH,3.347
2025-01-23,4,DML,3.643
2025-01-23,4,DMH,2.029
2025-01-23,4,DRL,5.893
2025-01-23,4,DRH,1.798
2025-01-23,5,DCL,6.367
2025-01-23,5,DCH,2.405
2025-01-23,5,DML,2.202
2025-01-23,5,DMH,1.789
2025-01-23,5,DRL,7.943
2025-01-23,5,DRH,2.736
2025-01-23,6,DCL,10.08
2025-01-23,6,DCH,1.534
2025-01-23,6,DML,2.9
2025-01-23,6,DMH,1.156
2025-01-23,6,DRL,4.085
2025-01-23,6,DRH,5.346
2025-01-24,1,DCL,1.452
2025-01-24,1,DCH,1.531
2025-01-24,1,DML,1.86
2025-01-24,1,DMH,0.918
2025-01-24,1,DRL,6.403
2025-01-24,1,DRH,1.253
2025-01-24,2,DCL,2.769
2025-01-24,2,DCH,0.722
2025-01-24,2,DML,3.453
2025-01-24,2,DMH,0.567
2025-01-24,2,DRL,2.683
2025-01-24,2,DRH,2.043
2025-01-24,3,DCL,3.38
2025-01-24,3,DCH,0.419
2025-01-24,3,DML,1.42
2025-01-24,3,DMH,1.644
2025-01-24,3,DRL,1.965
2025-01-24,3,DRH,1.716
2025-01-24,4,DCL,3.463
2025-01-24,4,DCH,2.529
2025-01-24,4,DML,1.84
2025-01-24,4,DMH,1.324
2025-01-24,4,DRL,5.92
2025-01-24,4,DRH,1.838
2025-01-24,5,DCL,4.094
2025-01-24,5,DCH,4.14
2025-01-24,5,DML,5.654
2025-01-24,5,DMH,1.122
2025-01-24,5,DRL,7.781
2025-01-24,5,DRH,1.027
2025-01-24,6,DCL,4.873
2025-01-24,6,DCH,2.077
2025-01-24,6,DML,4.883
2025-01-24,6,DMH,1.235
2025-01-24,6,DRL,4.798
2025-01-24,6,DRH,1.268
2025-01-25,1,DCL,3.973
2025-01-25,1,DCH,0.43
2025-01-25,1,DML,2.733
2025-01-25,1,DMH,0.29
2025-01-25,1,DRL,3.383
2025-01-25,1,DRH,2.751
2025-01-25,2,DCL,2.6
2025-01-25,2,DCH,1.223
2025-01-25,2,DML,1.666
2025-01-25,2,DMH,1.134
2025-01-25,2,DRL,3.708
2025-01-25,2,DRH,1.198
2025-01-25,3,DCL,3.302
2025-01-25,3,DCH,1.776
2025-01-25,3,DML,1.198
2025-01-25,3,DMH,1.268
2025-01-25,3,DRL,4.137
2025-01-25,3,DRH,3.733
2025-01-25,4,DCL,2.18
2025-01-25,4,DCH,1.448
2025-01-25,4,DML,3.261
2025-01-25,4,DMH,1.425
2025-01-25,4,DRL,4.307
2025-01-25,4,DRH,2.045
2025-01-25,5,DCL,4.697
2025-01-25,5,DCH,1.786
2025-01-25,5,DML,1.895
2025-01-25,5,DMH,1.725
2025-01-25,5,DRL,5.796
2025-01-25,5,DRH,6.045
2025-01-25,6,DCL,6.68
2025-01-25,6,DCH,1.529
2025-01-25,6,DML,1.515
2025-01-25,6,DMH,0.693
2025-01-25,6,DRL,8.007
2025-01-25,6,DRH,1.314
2025-01-26,1,DCL,2.553
2025-01-26,1,DCH,1.267
2025-01-26,1,DML,1.598
2025-01-26,1,DMH,1.874
2025-01-26,1,DRL,8.103
2025-01-26,1,DRH,3.576
2025-01-26,2,DCL,3.083
2025-01-26,2,DCH,0.762
2025-01-26,2,DML,2.373
2025-01-26,2,DMH,0.507
2025-01-26,2,DRL,4.549
2025-01-26,2,DRH,3.127
2025-01-26,3,DCL,3.265
2025-01-26,3,DCH,2.727
2025-01-26,3,DML,3.358
2025-01-26,3,DMH,3.874
2025-01-26,3,DRL,2.953
2025-01-26,3,DRH,1.23
2025-01-26,4,DCL,4.696
2025-01-26,4,DCH,1.222
2025-01-26,4,DML,5.031
2025-01-26,4,DMH,9.323
2025-01-26,4,DRL,6.687
2025-01-26,4,DRH,2.357
2025-01-26,5,DCL,10.456
2025-01-26,5,DCH,2.071
2025-01-26,5,DML,2.246
2025-01-26,5,DMH,3.646
2025-01-26,5,DRL,6.928
2025-01-26,5,DRH,1.418
2025-01-26,6,DCL,3.176
2025-01-26,6,DCH,1.085
2025-01-26,6,DML,4.336
2025-01-26,6,DMH,1.084
2025-01-26,6,DRL,6.827
2025-01-26,6,DRH,1.415
2025-01-27,1,DCL,3.364
2025-01-27,1,DCH,1.187
2025-01-27,1,DML,1.648
2025-01-27,1,DMH,0.765
2025-01-27,1,DRL,4.382
2025-01-27,1,DRH,1.1
2025-01-27,2,DCL,1.067
2025-01-27,2,DCH,0.826
2025-01-27,2,DML,1.944
2025-01-27,2,DMH,2.279
2025-01-27,2,DRL,1.243
2025-01-27,2,DRH,1.495
2025-01-27,3,DCL,4.205
2025-01-27,3,DCH,2.611
2025-01-27,3,DML,2.058
2025-01-27,3,DMH,0.774
2025-01-27,3,DRL,3.803
2025-01-27,3,DRH,1.129
2025-01-27,4,DCL,2.94
2025-01-27,4,DCH,2.666
2025-01-27,4,DML,2.25
2025-01-27,4,DMH,1.707
2025-01-27,4,DRL,5.174
2025-01-27,4,DRH,3.25
2025-01-27,5,DCL,3.805
2025-01-27,5,DCH,1.418
2025-01-27,5,DML,5.7
2025-01-27,5,DMH,1.604
2025-01-27,5,DRL,11.331
2025-01-27,5,DRH,3.074
2025-01-27,6,DCL,3.998
2025-01-27,6,DCH,2.143
2025-01-27,6,DML,3.083
2025-01-27,6,DMH,1.457
2025-01-27,6,DRL,12.316
2025-01-27,6,DRH,4.494
2025-01-28,1,DCL,4.227
2025-01-28,1,DCH,2.4
2025-01-28,1,DML,2.16
2025-01-28,1,DMH,3.112
2025-01-28,1,DRL,4.247
2025-01-28,1,DRH,0.93
2025-01-28,2,DCL,2.088
2025-01-28,2,DCH,1.568
2025-01-28,2,DML,2.639
2025-01-28,2,DMH,1.56
2025-01-28,2,DRL,2.804
2025-01-28,2,DRH,2.859
2025-01-28,3,DCL,2.646
2025-01-28,3,DCH,1.206
2025-01-28,3,DML,3.279
2025-01-28,3,DMH,0.882
2025-01-28,3,DRL,3.258
2025-01-28,3,DRH,1.028
2025-01-28,4,DCL,7.589
2025-01-28,4,DCH,3.011
2025-01-28,4,DML,2.814
2025-01-28,4,DMH,0.588
2025-01-28,4,DRL,14.848
2025-01-28,4,DRH,2.717
2025-01-28,5,DCL,3.093
2025-01-28,5,DCH,3.124
2025-01-28,5,DML,4.058
2025-01-28,5,DMH,2.147
2025-01-28,5,DRL,6.589
2025-01-28,5,DRH,2.962
2025-01-28,6,DCL,4.121
2025-01-28,6,DCH,0.765
2025-01-28,6,DML,1.57
2025-01-28,6,DMH,0.926
2025-01-28,6,DRL,1.784
2025-01-28,6,DRH,4.979
2025-01-29,1,DCL,4.669
2025-01-29,1,DCH,0.525
2025-01-29,1,DML,0.982
2025-01-29,1,DMH,2.04
2025-01-29,1,DRL,3.974
2025-01-29,1,DRH,1.884
2025-01-29,2,DCL,1.9
2025-01-29,2,DCH,0.294
2025-01-29,2,DML,0.824
2025-01-29,2,DMH,1.893
2025-01-29,2,DRL,1.976
2025-01-29,2,DRH,1.301
2025-01-29,3,DCL,2.519
2025-01-29,3,DCH,1.649
2025-01-29,3,DML,2.7
2025-01-29,3,DMH,3.247
2025-01-29,3,DRL,5.293
2025-01-29,3,DRH,3.58
2025-01-29,4,DCL,3.796
2025-01-29,4,DCH,4.97
2025-01-29,4,DML,5.583
2025-01-29,4,DMH,2.239
2025-01-29,4,DRL,6.921
2025-01-29,4,DRH,5.402
2025-01-29,5,DCL,3.141
2025-01-29,5,DCH,1.731
2025-01-29,5,DML,4.306
2025-01-29,5,DMH,1.698
2025-01-29,5,DRL,10.857
2025-01-29,5,DRH,18.701
2025-01-29,6,DCL,5.141
2025-01-29,6,DCH,1.301
2025-01-29,6,DML,8.114
2025-01-29,6,DMH,0.946
2025-01-29,6,DRL,4.894
2025-01-29,6,DRH,3.387
2025-01-30,1,DCL,1.552
2025-01-30,1,DCH,1.237
2025-01-30,1,DML,1.463
2025-01-30,1,DMH,0.596
2025-01-30,1,DRL,3.347
2025-01-30,1,DRH,2.581
2025-01-30,2,DCL,1.022
2025-01-30,2,DCH,0.514
2025-01-30,2,DML,1.479
2025-01-30,2,DMH,2.572
2025-01-30,2,DRL,7.641
2025-01-30,2,DRH,2.227
2025-01-30,3,DCL,2.649
2025-01-30,3,DCH,2.071
2025-01-30,3,DML,0.934
2025-01-30,3,DMH,1.16
2025-01-30,3,DRL,2.736
2025-01-30,3,DRH,1.639
2025-01-30,4,DCL,3.448
2025-01-30,4,DCH,1.015
2025-01-30,4,DML,2.741
2025-01-30,4,DMH,1.08
2025-01-30,4,DRL,3.476
2025-01-30,4,DRH,4.949
2025-01-30,5,DCL,2.996
2025-01-30,5,DCH,2.713
2025-01-30,5,DML,3.182
2025-01-30,5,DMH,1.559
2025-01-30,5,DRL,5.326
2025-01-30,5,DRH,14.721
2025-01-30,6,DCL,7.767
2025-01-30,6,DCH,2.375
2025-01-30,6,DML,2.733
2025-01-30,6,DMH,1.199
2025-01-30,6,DRL,5.682
2025-01-30,6,DRH,3.813
2025-01-31,1,DCL,3.31
2025-01-31,1,DCH,1.224
2025-01-31,1,DML,2.764
2025-01-31,1,DMH,0.945
2025-01-31,1,DRL,6.019
2025-01-31,1,DRH,0.458
2025-01-31,2,DCL,2.609
2025-01-31,2,DCH,1.358
2025-01-31,2,DML,1.907
2025-01-31,2,DMH,0.587
2025-01-31,2,DRL,2.55
2025-01-31,2,DRH,0.896
2025-01-31,3,DCL,4.312
2025-01-31,3,DCH,1.979
2025-01-31,3,DML,1.396
2025-01-31,3,DMH,0.586
2025-01-31,3,DRL,6.838
2025-01-31,3,DRH,1.01
2025-01-31,4,DCL,5.305
2025-01-31,4,DCH,4.59
2025-01-31,4,DML,0.849
2025-01-31,4,DMH,0.984
2025-01-31,4,DRL,7.205
2025-01-31,4,DRH,1.886
2025-01-31,5,DCL,6.393
2025-01-31,5,DCH,1.516
2025-01-31,5,DML,6.594
2025-01-31,5,DMH,2.58
2025-01-31,5,DRL,12.253
2025-01-31,5,DRH,1.905
2025-01-31,6,DCL,5.89
2025-01-31,6,DCH,0.826
2025-01-31,6,DML,5.955
2025-01-31,6,DMH,1.255
2025-01-31,6,DRL,4.956
2025-01-31,6,DRH,2.486
2025-02-01,1,DCL,4.106
2025-02-01,1,DCH,1.045
2025-02-01,1,DML,2.752
2025-02-01,1,DMH,1.115
2025-02-01,1,DRL,4.124
2025-02-01,1,DRH,1.744
2025-02-01,2,DCL,1.561
2025-02-01,2,DCH,1.2
2025-02-01,2,DML,1.819
2025-02-01,2,DMH,0.299
2025-02-01,2,DRL,2.721
2025-02-01,2,DRH,2.802
2025-02-01,3,DCL,7.962
2025-02-01,3,DCH,1.84
2025-02-01,3,DML,8.402
2025-02-01,3,DMH,0.754
2025-02-01,3,DRL,1.755
2025-02-01,3,DRH,2.015
2025-02-01,4,DCL,3.271
2025-02-01,4,DCH,1.255
2025-02-01,4,DML,4.58
2025-02-01,4,DMH,2.327
2025-02-01,4,DRL,8.098
2025-02-01,4,DRH,2.051
2025-02-01,5,DCL,3.317
2025-02-01,5,DCH,1.176
2025-02-01,5,DML,7.537
2025-02-01,5,DMH,1.145
2025-02-01,5,DRL,7.066
2025-02-01,5,DRH,5.393
2025-02-01,6,DCL,1.632
2025-02-01,6,DCH,1.256
2025-02-01,6,DML,4.248
2025-02-01,6,DMH,0.996
2025-02-01,6,DRL,11.646
2025-02-01,6,DRH,2.378
2025-02-02,1,DCL,2.8
2025-02-02,1,DCH,1.158
2025-02-02,1,DML,3.907
2025-02-02,1,DMH,0.306
2025-02-02,1,DRL,3.822
2025-02-02,1,DRH,1.713
2025-02-02,2,DCL,3.465
2025-02-02,2,DCH,1.258
2025-02-02,2,DML,1.756
2025-02-02,2,DMH,2.355
2025-02-02,2,DRL,4.918
2025-02-02,2,DRH,1.072
2025-02-02,3,DCL,4.359
2025-02-02,3,DCH,1.668
2025-02-02,3,DML,1.809
2025-02-02,3,DMH,1.529
2025-02-02,3,DRL,3.301
2025-02-02,3,DRH,1.615
2025-02-02,4,DCL,0.862
2025-02-02,4,DCH,2.505
2025-02-02,4,DML,2.296
2025-02-02,4,DMH,0.803
2025-02-02,4,DRL,3.505
2025-02-02,4,DRH,1.811
2025-02-02,5,DCL,7.378
2025-02-02,5,DCH,3.359
2025-02-02,5,DML,6.725
2025-02-02,5,DMH,1.629
2025-02-02,5,DRL,7.703
2025-02-02,5,DRH,4.477
2025-02-02,6,DCL,2.074
2025-02-02,6,DCH,1.212
2025-02-02,6,DML,2.505
2025-02-02,6,DMH,2.026
2025-02-02,6,DRL,3.974
2025-02-02,6,DRH,1.977
2025-02-03,1,DCL,4.406
2025-02-03,1,DCH,1.009
2025-02-03,1,DML,1.371
2025-02-03,1,DMH,1.566
2025-02-03,1,DRL,2.851
2025-02-03,1,DRH,1.955
2025-02-03,2,DCL,1.963
2025-02-03,2,DCH,0.954
2025-02-03,2,DML,4.552
2025-02-03,2,DMH,0.483
2025-02-03,2,DRL,4.601
2025-02-03,2,DRH,2.643
2025-02-03,3,DCL,4.336
2025-02-03,3,DCH,1.235
2025-02-03,3,DML,2.591
2025-02-03,3,DMH,1.488
2025-02-03,3,DRL,6.223
2025-02-03,3,DRH,1.517
2025-02-03,4,DCL,3.825
2025-02-03,4,DCH,0.613
2025-02-03,4,DML,3.484
2025-02-03,4,DMH,2.354
2025-02-03,4,DRL,6.27
2025-02-03,4,DRH,1.588
2025-02-03,5,DCL,3.16
2025-02-03,5,DCH,2.487
2025-02-03,5,DML,3.403
2025-02-03,5,DMH,1.766
2025-02-03,5,DRL,10.861
2025-02-03,5,DRH,5.432
2025-02-03,6,DCL,3.475
2025-02-03,6,DCH,2.102
2025-02-03,6,DML,4.203
2025-02-03,6,DMH,0.73
2025-02-03,6,DRL,3.258
2025-02-03,6,DRH,5.307
2025-02-04,1,DCL,4.25
2025-02-04,1,DCH,0.281
2025-02-04,1,DML,3.037
2025-02-04,1,DMH,0.388
2025-02-04,1,DRL,2.888
2025-02-04,1,DRH,0.923
2025-02-04,2,DCL,3.219
2025-02-04,2,DCH,0.576
2025-02-04,2,DML,1.503
2025-02-04,2,DMH,1.883
2025-02-04,2,DRL,4.697
2025-02-04,2,DRH,0.983
2025-02-04,3,DCL,2.757
2025-02-04,3,DCH,1.267
2025-02-04,3,DML,2.624
2025-02-04,3,DMH,3.37
2025-02-04,3,DRL,4.244
2025-02-04,3,DRH,3.458
2025-02-04,4,DCL,2.484
2025-02-04,4,DCH,1.482
2025-02-04,4,DML,3.874
2025-02-04,4,DMH,0.818
2025-02-04,4,DRL,8.118
2025-02-04,4,DRH,2.306
2025-02-04,5,DCL,9.762
2025-02-04,5,DCH,1.215
2025-02-04,5,DML,3.826
2025-02-04,5,DMH,3.412
2025-02-04,5,DRL,4.517
2025-02-04,5,DRH,5.404
2025-02-04,6,DCL,4.833
2025-02-04,6,DCH,1.327
2025-02-04,6,DML,3.047
2025-02-04,6,DMH,1.476
2025-02-04,6,DRL,6.307
2025-02-04,6,DRH,3.531
2025-02-05,1,DCL,2.582
2025-02-05,1,DCH,1.13
2025-02-05,1,DML,2.861
2025-02-05,1,DMH,0.745
2025-02-05,1,DRL,2.55
2025-02-05,1,DRH,2.205
2025-02-05,2,DCL,2.529
2025-02-05,2,DCH,0.77
2025-02-05,2,DML,1.554
2025-02-05,2,DMH,0.907
2025-02-05,2,DRL,2.658
2025-02-05,2,DRH,1.254
2025-02-05,3,DCL,4.881
2025-02-05,3,DCH,2.169
2025-02-05,3,DML,2.838
2025-02-05,3,DMH,1.527
2025-02-05,3,DRL,12.582
2025-02-05,3,DRH,1.719
2025-02-05,4,DCL,3.148
2025-02-05,4,DCH,2.731
2025-02-05,4,DML,1.426
2025-02-05,4,DMH,0.462
2025-02-05,4,DRL,13.858
2025-02-05,4,DRH,2.596
2025-02-05,5,DCL,1.784
2025-02-05,5,DCH,1.909
2025-02-05,5,DML,3.394
2025-02-05,5,DMH,1.591
2025-02-05,5,DRL,5.339
2025-02-05,5,DRH,2.025
2025-02-05,6,DCL,5.296
2025-02-05,6,DCH,1.293
2025-02-05,6,DML,1.016
2025-02-05,6,DMH,1.909
2025-02-05,6,DRL,2.784
2025-02-05,6,DRH,2.522
2025-02-06,1,DCL,6.554
2025-02-06,1,DCH,1.171
2025-02-06,1,DML,2.252
2025-02-06,1,DMH,1.256
2025-02-06,1,DRL,3.567
2025-02-06,1,DRH,1.177
2025-02-06,2,DCL,3.018
2025-02-06,2,DCH,1.992
2025-02-06,2,DML,1.46
2025-02-06,2,DMH,0.948
2025-02-06,2,DRL,3.119
2025-02-06,2,DRH,1.599
2025-02-06,3,DCL,4.937
2025-02-06,3,DCH,0.895
2025-02-06,3,DML,4.197
2025-02-06,3,DMH,1.906
2025-02-06,3,DRL,7.902
2025-02-06,3,DRH,2.41
2025-02-06,4,DCL,2.366
2025-02-06,4,DCH,3.791
2025-02-06,4,DML,2.846
2025-02-06,4,DMH,0.713
2025-02-06,4,DRL,3.092
2025-02-06,4,DRH,4.667
2025-02-06,5,DCL,7.264
2025-02-06,5,DCH,3.205
2025-02-06,5,DML,2.807
2025-02-06,5,DMH,2.665
2025-02-06,5,DRL,14.565
2025-02-06,5,DRH,3.001
2025-02-06,6,DCL,3.316
2025-02-06,6,DCH,1.642
2025-02-06,6,DML,2.198
2025-02-06,6,DMH,2.567
2025-02-06,6,DRL,7.891
2025-02-06,6,DRH,2.163
2025-02-07,1,DCL,2.433
2025-02-07,1,DCH,1.389
2025-02-07,1,DML,8.913
2025-02-07,1,DMH,1.085
2025-02-07,1,DRL,3.617
2025-02-07,1,DRH,1.082
2025-02-07,2,DCL,5.058
2025-02-07,2,DCH,0.9
2025-02-07,2,DML,1.032
2025-02-07,2,DMH,1.612
2025-02-07,2,DRL,2.544
2025-02-07,2,DRH,1.833
2025-02-07,3,DCL,3.146
2025-02-07,3,DCH,0.594
2025-02-07,3,DML,2.682
2025-02-07,3,DMH,0.56
2025-02-07,3,DRL,3.648
2025-02-07,3,DRH,2.156
2025-02-07,4,DCL,1.794
2025-02-07,4,DCH,1.692
2025-02-07,4,DML,1.873
2025-02-07,4,DMH,2.242
2025-02-07,4,DRL,3.329
2025-02-07,4,DRH,1.412
2025-02-07,5,DCL,6.136
2025-02-07,5,DCH,0.95
2025-02-07,5,DML,4.94
2025-02-07,5,DMH,2.0
2025-02-07,5,DRL,10.962
2025-02-07,5,DRH,4.498
2025-02-07,6,DCL,3.364
2025-02-07,6,DCH,3.702
2025-02-07,6,DML,8.166
2025-02-07,6,DMH,2.096
2025-02-07,6,DRL,11.117
2025-02-07,6,DRH,1.129
2025-02-08,1,DCL,3.167
2025-02-08,1,DCH,1.205
2025-02-08,1,DML,2.277
2025-02-08,1,DMH,0.882
2025-02-08,1,DRL,3.005
2025-02-08,1,DRH,1.964
2025-02-08,2,DCL,0.945
2025-02-08,2,DCH,1.387
2025-02-08,2,DML,2.01
2025-02-08,2,DMH,0.524
2025-02-08,2,DRL,4.812
2025-02-08,2,DRH,0.77
2025-02-08,3,DCL,2.295
2025-02-08,3,DCH,1.245
2025-02-08,3,DML,1.909
2025-02-08,3,DMH,0.437
2025-02-08,3,DRL,7.939
2025-02-08,3,DRH,1.762
2025-02-08,4,DCL,2.835
2025-02-08,4,DCH,0.849
2025-02-08,4,DML,1.983
2025-02-08,4,DMH,1.234
2025-02-08,4,DRL,5.253
2025-02-08,4,DRH,1.494
2025-02-08,5,DCL,6.301
2025-02-08,5,DCH,1.684
2025-02-08,5,DML,2.207
2025-02-08,5,DMH,3.574
2025-02-08,5,DRL,11.097
2025-02-08,5,DRH,1.263
2025-02-08,6,DCL,2.433
2025-02-08,6,DCH,2.074
2025-02-08,6,DML,1.572
2025-02-08,6,DMH,2.596
2025-02-08,6,DRL,6.344
2025-02-08,6,DRH,1.611
2025-02-09,1,DCL,6.308
2025-02-09,1,DCH,0.582
2025-02-09,1,DML,2.753
2025-02-09,1,DMH,2.333
2025-02-09,1,DRL,5.256
2025-02-09,1,DRH,0.908
2025-02-09,2,DCL,1.718
2025-02-09,2,DCH,0.942
2025-02-09,2,DML,5.098
2025-02-09,2,DMH,0.539
2025-02-09,2,DRL,2.003
2025-02-09,2,DRH,0.877
2025-02-09,3,DCL,12.682
2025-02-09,3,DCH,1.746
2025-02-09,3,DML,2.319
2025-02-09,3,DMH,0.792
2025-02-09,3,DRL,2.144
2025-02-09,3,DRH,2.869
2025-02-09,4,DCL,3.37
2025-02-09,4,DCH,0.914
2025-02-09,4,DML,2.51
2025-02-09,4,DMH,1.87
2025-02-09,4,DRL,3.617
2025-02-09,4,DRH,2.752
2025-02-09,5,DCL,2.943
2025-02-09,5,DCH,1.293
2025-02-09,5,DML,3.911
2025-02-09,5,DMH,5.349
2025-02-09,5,DRL,4.997
2025-02-09,5,DRH,4.245
2025-02-09,6,DCL,4.001
2025-02-09,6,DCH,2.539
2025-02-09,6,DML,3.056
2025-02-09,6,DMH,2.329
2025-02-09,6,DRL,6.857
2025-02-09,6,DRH,2.359
2025-02-10,1,DCL,2.467
2025-02-10,1,DCH,0.474
2025-02-10,1,DML,1.613
2025-02-10,1,DMH,1.394
2025-02-10,1,DRL,3.356
2025-02-10,1,DRH,1.498
2025-02-10,2,DCL,2.908
2025-02-10,2,DCH,0.714
2025-02-10,2,DML,1.583
2025-02-10,2,DMH,0.855
2025-02-10,2,DRL,2.512
2025-02-10,2,DRH,1.822
2025-02-10,3,DCL,9.047
2025-02-10,3,DCH,2.761
2025-02-10,3,DML,1.885
2025-02-10,3,DMH,1.582
2025-02-10,3,DRL,3.114
2025-02-10,3,DRH,1.988
2025-02-10,4,DCL,1.646
2025-02-10,4,DCH,0.725
2025-02-10,4,DML,5.633
2025-02-10,4,DMH,1.179
2025-02-10,4,DRL,5.042
2025-02-10,4,DRH,1.682
2025-02-10,5,DCL,4.457
2025-02-10,5,DCH,1.064
2025-02-10,5,DML,1.867
2025-02-10,5,DMH,8.348
2025-02-10,5,DRL,14.626
2025-02-10,5,DRH,6.466
2025-02-10,6,DCL,6.157
2025-02-10,6,DCH,0.996
2025-02-10,6,DML,2.534
2025-02-10,6,DMH,1.96
2025-02-10,6,DRL,3.85
2025-02-10,6,DRH,2.525
2025-02-11,1,DCL,3.534
2025-02-11,1,DCH,0.761
2025-02-11,1,DML,3.028
2025-02-11,1,DMH,0.883
2025-02-11,1,DRL,2.92
2025-02-11,1,DRH,1.184
2025-02-11,2,DCL,2.961
2025-02-11,2,DCH,0.759
2025-02-11,2,DML,3.575
2025-02-11,2,DMH,0.637
2025-02-11,2,DRL,6.547
2025-02-11,2,DRH,0.912
2025-02-11,3,DCL,8.564
2025-02-11,3,DCH,0.62
2025-02-11,3,DML,1.068
2025-02-11,3,DMH,0.74
2025-02-11,3,DRL,6.284
2025-02-11,3,DRH,0.886
2025-02-11,4,DCL,4.806
2025-02-11,4,DCH,1.166
2025-02-11,4,DML,1.519
2025-02-11,4,DMH,0.92
2025-02-11,4,DRL,4.557
2025-02-11,4,DRH,2.404
2025-02-11,5,DCL,3.494
2025-02-11,5,DCH,0.887
2025-02-11,5,DML,5.692
2025-02-11,5,DMH,1.188
2025-02-11,5,DRL,10.757
2025-02-11,5,DRH,6.644
2025-02-11,6,DCL,2.129
2025-02-11,6,DCH,2.098
2025-02-11,6,DML,3.641
2025-02-11,6,DMH,0.349
2025-02-11,6,DRL,4.4
2025-02-11,6,DRH,3.615
2025-02-12,1,DCL,5.431
2025-02-12,1,DCH,0.45
2025-02-12,1,DML,3.2
2025-02-12,1,DMH,1.664
2025-02-12,1,DRL,2.671
2025-02-12,1,DRH,6.549
2025-02-12,2,DCL,1.902
2025-02-12,2,DCH,2.175
2025-02-12,2,DML,3.009
2025-02-12,2,DMH,0.565
2025-02-12,2,DRL,3.011
2025-02-12,2,DRH,1.993
2025-02-12,3,DCL,1.22
2025-02-12,3,DCH,0.803
2025-02-12,3,DML,0.997
2025-02-12,3,DMH,0.482
2025-02-12,3,DRL,5.17
2025-02-12,3,DRH,1.771
2025-02-12,4,DCL,5.937
2025-02-12,4,DCH,1.292
2025-02-12,4,DML,1.064
2025-02-12,4,DMH,0.837
2025-02-12,4,DRL,4.42
2025-02-12,4,DRH,1.491
2025-02-12,5,DCL,10.236
2025-02-12,5,DCH,3.405
2025-02-12,5,DML,6.031
2025-02-12,5,DMH,3.616
2025-02-12,5,DRL,5.623
2025-02-12,5,DRH,2.835
2025-02-12,6,DCL,4.944
2025-02-12,6,DCH,0.675
2025-02-12,6,DML,3.381
2025-02-12,6,DMH,1.493
2025-02-12,6,DRL,6.124
2025-02-12,6,DRH,3.225
2025-02-13,1,DCL,4.772
2025-02-13,1,DCH,0.805
2025-02-13,1,DML,2.084
2025-02-13,1,DMH,0.78
2025-02-13,1,DRL,1.599
2025-02-13,1,DRH,1.663
2025-02-13,2,DCL,1.256
2025-02-13,2,DCH,0.514
2025-02-13,2,DML,3.653
2025-02-13,2,DMH,0.522
2025-02-13,2,DRL,2.527
2025-02-13,2,DRH,4.401
2025-02-13,3,DCL,3.83
2025-02-13,3,DCH,3.455
2025-02-13,3,DML,1.65
2025-02-13,3,DMH,0.857
2025-02-13,3,DRL,5.144
2025-02-13,3,DRH,2.693
2025-02-13,4,DCL,3.618
2025-02-13,4,DCH,0.876
2025-02-13,4,DML,6.811
2025-02-13,4,DMH,1.317
2025-02-13,4,DRL,7.943
2025-02-13,4,DRH,2.228
2025-02-13,5,DCL,2.939
2025-02-13,5,DCH,1.398
2025-02-13,5,DML,6.845
2025-02-13,5,DMH,4.367
2025-02-13,5,DRL,5.095
2025-02-13,5,DRH,4.606
2025-02-13,6,DCL,2.54
2025-02-13,6,DCH,1.948
2025-02-13,6,DML,2.926
2025-02-13,6,DMH,2.664
2025-02-13,6,DRL,5.893
2025-02-13,6,DRH,2.301
2025-02-14,1,DCL,3.354
2025-02-14,1,DCH,1.105
2025-02-14,1,DML,2.25
2025-02-14,1,DMH,0.889
2025-02-14,1,DRL,6.32
2025-02-14,1,DRH,5.342
2025-02-14,2,DCL,2.072
2025-02-14,2,DCH,1.605
2025-02-14,2,DML,1.893
2025-02-14,2,DMH,0.525
2025-02-14,2,DRL,3.861
2025-02-14,2,DRH,1.727
2025-02-14,3,DCL,4.186
2025-02-14,3,DCH,1.529
2025-02-14,3,DML,2.304
2025-02-14,3,DMH,1.804
2025-02-14,3,DRL,2.972
2025-02-14,3,DRH,6.813
2025-02-14,4,DCL,2.172
2025-02-14,4,DCH,1.916
2025-02-14,4,DML,1.114
2025-02-14,4,DMH,0.59
2025-02-14,4,DRL,6.05
2025-02-14,4,DRH,1.961
2025-02-14,5,DCL,6.516
2025-02-14,5,DCH,1.927
2025-02-14,5,DML,2.824
2025-02-14,5,DMH,0.675
2025-02-14,5,DRL,8.339
2025-02-14,5,DRH,3.419
2025-02-14,6,DCL,5.715
2025-02-14,6,DCH,1.523
2025-02-14,6,DML,4.262
2025-02-14,6,DMH,1.372
2025-02-14,6,DRL,5.205
2025-02-14,6,DRH,4.609
2025-02-15,1,DCL,2.644
2025-02-15,1,DCH,1.037
2025-02-15,1,DML,4.803
2025-02-15,1,DMH,0.913
2025-02-15,1,DRL,7.187
2025-02-15,1,DRH,0.791
2025-02-15,2,DCL,3.945
2025-02-15,2,DCH,0.715
2025-02-15,2,DML,1.318
2025-02-15,2,DMH,0.87
2025-02-15,2,DRL,3.051
2025-02-15,2,DRH,3.073
2025-02-15,3,DCL,5.731
2025-02-15,3,DCH,1.45
2025-02-15,3,DML,4.989
2025-02-15,3,DMH,1.688
2025-02-15,3,DRL,3.256
2025-02-15,3,DRH,1.836
2025-02-15,4,DCL,3.117
2025-02-15,4,DCH,1.114
2025-02-15,4,DML,2.574
2025-02-15,4,DMH,1.824
2025-02-15,4,DRL,3.597
2025-02-15,4,DRH,1.282
2025-02-15,5,DCL,3.808
2025-02-15,5,DCH,2.767
2025-02-15,5,DML,3.035
2025-02-15,5,DMH,1.453
2025-02-15,5,DRL,3.418
2025-02-15,5,DRH,2.844
2025-02-15,6,DCL,2.656
2025-02-15,6,DCH,2.021
2025-02-15,6,DML,8.787
2025-02-15,6,DMH,1.823
2025-02-15,6,DRL,1.261
2025-02-15,6,DRH,9.063
2025-02-16,1,DCL,4.161
2025-02-16,1,DCH,1.231
2025-02-16,1,DML,3.491
2025-02-16,1,DMH,0.716
2025-02-16,1,DRL,10.713
2025-02-16,1,DRH,0.674
2025-02-16,2,DCL,2.959
2025-02-16,2,DCH,0.629
2025-02-16,2,DML,2.812
2025-02-16,2,DMH,1.181
2025-02-16,2,DRL,6.591
2025-02-16,2,DRH,3.693
2025-02-16,3,DCL,2.641
2025-02-16,3,DCH,1.92
2025-02-16,3,DML,2.714
2025-02-16,3,DMH,1.411
2025-02-16,3,DRL,2.759
2025-02-16,3,DRH,1.801
2025-02-16,4,DCL,7.31
2025-02-16,4,DCH,1.822
2025-02-16,4,DML,2.499
2025-02-16,4,DMH,0.975
2025-02-16,4,DRL,2.871
2025-02-16,4,DRH,5.754
2025-02-16,5,DCL,3.326
2025-02-16,5,DCH,1.38
2025-02-16,5,DML,8.567
2025-02-16,5,DMH,1.755
2025-02-16,5,DRL,2.987
2025-02-16,5,DRH,3.969
2025-02-16,6,DCL,5.085
2025-02-16,6,DCH,1.81
2025-02-16,6,DML,3.458
2025-02-16,6,DMH,1.056
2025-02-16,6,DRL,4.575
2025-02-16,6,DRH,4.3
2025-02-17,1,DCL,2.636
2025-02-17,1,DCH,1.038
2025-02-17,1,DML,3.434
2025-02-17,1,DMH,0.621
2025-02-17,1,DRL,0.995
2025-02-17,1,DRH,0.782
2025-02-17,2,DCL,1.455
2025-02-17,2,DCH,0.771
2025-02-17,2,DML,1.383
2025-02-17,2,DMH,1.196
2025-02-17,2,DRL,1.964
2025-02-17,2,DRH,1.276
2025-02-17,3,DCL,2.451
2025-02-17,3,DCH,0.708
2025-02-17,3,DML,2.318
2025-02-17,3,DMH,2.592
2025-02-17,3,DRL,2.703
2025-02-17,3,DRH,1.84
2025-02-17,4,DCL,1.593
2025-02-17,4,DCH,1.062
2025-02-17,4,DML,3.423
2025-02-17,4,DMH,0.614
2025-02-17,4,DRL,3.852
2025-02-17,4,DRH,2.523
2025-02-17,5,DCL,9.561
2025-02-17,5,DCH,1.848
2025-02-17,5,DML,2.934
2025-02-17,5,DMH,3.607
2025-02-17,5,DRL,17.324
2025-02-17,5,DRH,2.311
2025-02-17,6,DCL,4.927
2025-02-17,6,DCH,1.593
2025-02-17,6,DML,1.595
2025-02-17,6,DMH,0.812
2025-02-17,6,DRL,3.652
2025-02-17,6,DRH,3.814
2025-02-18,1,DCL,2.012
2025-02-18,1,DCH,1.299
2025-02-18,1,DML,2.407
2025-02-18,1,DMH,1.009
2025-02-18,1,DRL,3.891
2025-02-18,1,DRH,1.773
2025-02-18,2,DCL,1.912
2025-02-18,2,DCH,0.452
2025-02-18,2,DML,1.884
2025-02-18,2,DMH,1.075
2025-02-18,2,DRL,2.974
2025-02-18,2,DRH,1.516
2025-02-18,3,DCL,1.826
2025-02-18,3,DCH,1.806
2025-02-18,3,DML,4.269
2025-02-18,3,DMH,0.333
2025-02-18,3,DRL,5.074
2025-02-18,3,DRH,2.647
2025-02-18,4,DCL,3.052
2025-02-18,4,DCH,2.63
2025-02-18,4,DML,1.449
2025-02-18,4,DMH,0.504
2025-02-18,4,DRL,8.395
2025-02-18,4,DRH,1.976
2025-02-18,5,DCL,4.676
2025-02-18,5,DCH,0.719
2025-02-18,5,DML,7.166
2025-02-18,5,DMH,1.66
2025-02-18,5,DRL,9.629
2025-02-18,5,DRH,4.141
2025-02-18,6,DCL,2.839
2025-02-18,6,DCH,3.253
2025-02-18,6,DML,3.528
2025-02-18,6,DMH,0.929
2025-02-18,6,DRL,4.41
2025-02-18,6,DRH,2.557
2025-02-19,1,DCL,3.001
2025-02-19,1,DCH,0.747
2025-02-19,1,DML,1.244
2025-02-19,1,DMH,0.706
2025-02-19,1,DRL,2.094
2025-02-19,1,DRH,2.352
2025-02-19,2,DCL,4.814
2025-02-19,2,DCH,2.317
2025-02-19,2,DML,2.724
2025-02-19,2,DMH,0.716
2025-02-19,2,DRL,6.547
2025-02-19,2,DRH,1.294
2025-02-19,3,DCL,3.208
2025-02-19,3,DCH,0.633
2025-02-19,3,DML,2.425
2025-02-19,3,DMH,0.609
2025-02-19,3,DRL,2.286
2025-02-19,3,DRH,1.85
2025-02-19,4,DCL,2.73
2025-02-19,4,DCH,2.196
2025-02-19,4,DML,4.922
2025-02-19,4,DMH,0.792
2025-02-19,4,DRL,3.238
2025-02-19,4,DRH,1.652
2025-02-19,5,DCL,3.828
2025-02-19,5,DCH,1.748
2025-02-19,5,DML,11.453
2025-02-19,5,DMH,1.286
2025-02-19,5,DRL,6.397
2025-02-19,5,DRH,2.066
2025-02-19,6,DCL,2.449
2025-02-19,6,DCH,0.816
2025-02-19,6,DML,3.289
2025-02-19,6,DMH,1.487
2025-02-19,6,DRL,5.177
2025-02-19,6,DRH,3.418
2025-02-20,1,DCL,0.99
2025-02-20,1,DCH,4.687
2025-02-20,1,DML,2.345
2025-02-20,1,DMH,1.287
2025-02-20,1,DRL,2.942
2025-02-20,1,DRH,1.73
2025-02-20,2,DCL,2.1
2025-02-20,2,DCH,0.625
2025-02-20,2,DML,4.968
2025-02-20,2,DMH,0.523
2025-02-20,2,DRL,1.819
2025-02-20,2,DRH,1.381
2025-02-20,3,DCL,4.483
2025-02-20,3,DCH,1.229
2025-02-20,3,DML,1.86
2025-02-20,3,DMH,2.27
2025-02-20,3,DRL,3.874
2025-02-20,3,DRH,3.366
2025-02-20,4,DCL,1.222
2025-02-20,4,DCH,2.069
2025-02-20,4,DML,2.992
2025-02-20,4,DMH,1.818
2025-02-20,4,DRL,4.313
2025-02-20,4,DRH,3.021
2025-02-20,5,DCL,3.447
2025-02-20,5,DCH,2.561
2025-02-20,5,DML,3.21
2025-02-20,5,DMH,0.882
2025-02-20,5,DRL,24.486
2025-02-20,5,DRH,3.19
2025-02-20,6,DCL,10.042
2025-02-20,6,DCH,1.28
2025-02-20,6,DML,3.605
2025-02-20,6,DMH,2.207
2025-02-20,6,DRL,9.144
2025-02-20,6,DRH,4.592
2025-02-21,1,DCL,1.302
2025-02-21,1,DCH,0.886
2025-02-21,1,DML,2.588
2025-02-21,1,DMH,1.003
2025-02-21,1,DRL,1.156
2025-02-21,1,DRH,1.303
2025-02-21,2,DCL,5.591
2025-02-21,2,DCH,1.01
2025-02-21,2,DML,0.664
2025-02-21,2,DMH,1.285
2025-02-21,2,DRL,2.559
2025-02-21,2,DRH,1.254
2025-02-21,3,DCL,6.272
2025-02-21,3,DCH,1.25
2025-02-21,3,DML,2.304
2025-02-21,3,DMH,0.569
2025-02-21,3,DRL,3.267
2025-02-21,3,DRH,2.411
2025-02-21,4,DCL,2.551
2025-02-21,4,DCH,5.69
2025-02-21,4,DML,2.128
2025-02-21,4,DMH,1.092
2025-02-21,4,DRL,3.816
2025-02-21,4,DRH,1.882
2025-02-21,5,DCL,6.523
2025-02-21,5,DCH,3.763
2025-02-21,5,DML,2.274
2025-02-21,5,DMH,6.282
2025-02-21,5,DRL,5.298
2025-02-21,5,DRH,2.721
2025-02-21,6,DCL,4.424
2025-02-21,6,DCH,2.614
2025-02-21,6,DML,8.813
2025-02-21,6,DMH,2.826
2025-02-21,6,DRL,4.455
2025-02-21,6,DRH,3.098
2025-02-22,1,DCL,3.84
2025-02-22,1,DCH,0.996
2025-02-22,1,DML,2.052
2025-02-22,1,DMH,0.641
2025-02-22,1,DRL,4.183
2025-02-22,1,DRH,1.905
2025-02-22,2,DCL,7.447
2025-02-22,2,DCH,2.659
2025-02-22,2,DML,2.554
2025-02-22,2,DMH,0.735
2025-02-22,2,DRL,3.078
2025-02-22,2,DRH,1.849
2025-02-22,3,DCL,2.87
2025-02-22,3,DCH,1.742
2025-02-22,3,DML,5.069
2025-02-22,3,DMH,0.565
2025-02-22,3,DRL,2.068
2025-02-22,3,DRH,1.21
2025-02-22,4,DCL,2.23
2025-02-22,4,DCH,1.974
2025-02-22,4,DML,6.735
2025-02-22,4,DMH,0.769
2025-02-22,4,DRL,10.787
2025-02-22,4,DRH,2.588
2025-02-22,5,DCL,4.368
2025-02-22,5,DCH,3.282
2025-02-22,5,DML,2.451
2025-02-22,5,DMH,1.898
2025-02-22,5,DRL,28.878
2025-02-22,5,DRH,0.925
2025-02-22,6,DCL,4.419
2025-02-22,6,DCH,1.24
2025-02-22,6,DML,7.972
2025-02-22,6,DMH,1.162
2025-02-22,6,DRL,6.66
2025-02-22,6,DRH,1.698
2025-02-23,1,DCL,1.336
2025-02-23,1,DCH,2.131
2025-02-23,1,DML,1.891
2025-02-23,1,DMH,1.651
2025-02-23,1,DRL,1.809
2025-02-23,1,DRH,1.621
2025-02-23,2,DCL,4.5
2025-02-23,2,DCH,1.598
2025-02-23,2,DML,2.482
2025-02-23,2,DMH,0.713
2025-02-23,2,DRL,4.063
2025-02-23,2,DRH,3.084
2025-02-23,3,DCL,8.968
2025-02-23,3,DCH,2.52
2025-02-23,3,DML,5.236
2025-02-23,3,DMH,1.675
2025-02-23,3,DRL,2.58
2025-02-23,3,DRH,0.845
2025-02-23,4,DCL,4.527
2025-02-23,4,DCH,1.297
2025-02-23,4,DML,5.366
2025-02-23,4,DMH,2.398
2025-02-23,4,DRL,4.912
2025-02-23,4,DRH,1.594
2025-02-23,5,DCL,5.31
2025-02-23,5,DCH,1.638
2025-02-23,5,DML,6.387
2025-02-23,5,DMH,1.042
2025-02-23,5,DRL,10.526
2025-02-23,5,DRH,1.198
2025-02-23,6,DCL,6.686
2025-02-23,6,DCH,2.089
2025-02-23,6,DML,3.629
2025-02-23,6,DMH,1.522
2025-02-23,6,DRL,3.947
2025-02-23,6,DRH,2.036
2025-02-24,1,DCL,4.101
2025-02-24,1,DCH,1.11
2025-02-24,1,DML,2.408
2025-02-24,1,DMH,0.964
2025-02-24,1,DRL,4.013
2025-02-24,1,DRH,1.281
2025-02-24,2,DCL,5.197
2025-02-24,2,DCH,1.091
2025-02-24,2,DML,2.563
2025-02-24,2,DMH,1.434
2025-02-24,2,DRL,1.636
2025-02-24,2,DRH,2.391
2025-02-24,3,DCL,2.493
2025-02-24,3,DCH,2.307
2025-02-24,3,DML,3.231
2025-02-24,3,DMH,1.314
2025-02-24,3,DRL,4.575
2025-02-24,3,DRH,1.385
2025-02-24,4,DCL,5.344
2025-02-24,4,DCH,0.417
2025-02-24,4,DML,3.569
2025-02-24,4,DMH,1.005
2025-02-24,4,DRL,8.117
2025-02-24,4,DRH,2.886
2025-02-24,5,DCL,2.582
2025-02-24,5,DCH,1.046
2025-02-24,5,DML,4.173
2025-02-24,5,DMH,2.337
2025-02-24,5,DRL,6.693
2025-02-24,5,DRH,2.51
2025-02-24,6,DCL,2.965
2025-02-24,6,DCH,1.901
2025-02-24,6,DML,4.499
2025-02-24,6,DMH,1.546
2025-02-24,6,DRL,7.436
2025-02-24,6,DRH,0.841
2025-02-25,1,DCL,8.464
2025-02-25,1,DCH,0.917
2025-02-25,1,DML,1.799
2025-02-25,1,DMH,0.683
2025-02-25,1,DRL,3.693
2025-02-25,1,DRH,1.629
2025-02-25,2,DCL,2.087
2025-02-25,2,DCH,0.778
2025-02-25,2,DML,1.157
2025-02-25,2,DMH,0.383
2025-02-25,2,DRL,2.228
2025-02-25,2,DRH,2.357
2025-02-25,3,DCL,3.106
2025-02-25,3,DCH,1.33
2025-02-25,3,DML,2.663
2025-02-25,3,DMH,1.102
2025-02-25,3,DRL,6.052
2025-02-25,3,DRH,1.9
2025-02-25,4,DCL,3.136
2025-02-25,4,DCH,0.496
2025-02-25,4,DML,0.989
2025-02-25,4,DMH,2.713
2025-02-25,4,DRL,3.375
2025-02-25,4,DRH,3.472
2025-02-25,5,DCL,5.769
2025-02-25,5,DCH,1.931
2025-02-25,5,DML,2.796
2025-02-25,5,DMH,0.983
2025-02-25,5,DRL,13.681
2025-02-25,5,DRH,7.036
2025-02-25,6,DCL,3.832
2025-02-25,6,DCH,1.484
2025-02-25,6,DML,9.626
2025-02-25,6,DMH,1.007
2025-02-25,6,DRL,11.296
2025-02-25,6,DRH,4.858
2025-02-26,1,DCL,4.66
2025-02-26,1,DCH,1.577
2025-02-26,1,DML,1.728
2025-02-26,1,DMH,1.24
2025-02-26,1,DRL,3.336
2025-02-26,1,DRH,0.986
2025-02-26,2,DCL,2.119
2025-02-26,2,DCH,0.416
2025-02-26,2,DML,1.886
2025-02-26,2,DMH,1.079
2025-02-26,2,DRL,3.267
2025-02-26,2,DRH,3.624
2025-02-26,3,DCL,3.63
2025-02-26,3,DCH,0.444
2025-02-26,3,DML,2.218
2025-02-26,3,DMH,0.713
2025-02-26,3,DRL,3.237
2025-02-26,3,DRH,0.985
2025-02-26,4,DCL,2.054
2025-02-26,4,DCH,1.701
2025-02-26,4,DML,4.056
2025-02-26,4,DMH,0.85
2025-02-26,4,DRL,1.984
2025-02-26,4,DRH,0.782
2025-02-26,5,DCL,5.904
2025-02-26,5,DCH,3.215
2025-02-26,5,DML,2.822
2025-02-26,5,DMH,1.03
2025-02-26,5,DRL,5.213
2025-02-26,5,DRH,2.386
2025-02-26,6,DCL,8.086
2025-02-26,6,DCH,0.923
2025-02-26,6,DML,1.774
2025-02-26,6,DMH,2.292
2025-02-26,6,DRL,5.033
2025-02-26,6,DRH,1.681
2025-02-27,1,DCL,2.758
2025-02-27,1,DCH,1.594
2025-02-27,1,DML,1.885
2025-02-27,1,DMH,1.02
2025-02-27,1,DRL,5.358
2025-02-27,1,DRH,1.668
2025-02-27,2,DCL,1.975
2025-02-27,2,DCH,1.285
2025-02-27,2,DML,2.306
2025-02-27,2,DMH,1.127
2025-02-27,2,DRL,6.654
2025-02-27,2,DRH,0.643
2025-02-27,3,DCL,4.534
2025-02-27,3,DCH,1.756
2025-02-27,3,DML,3.363
2025-02-27,3,DMH,1.458
2025-02-27,3,DRL,6.349
2025-02-27,3,DRH,2.844
2025-02-27,4,DCL,3.501
2025-02-27,4,DCH,1.032
2025-02-27,4,DML,5.194
2025-02-27,4,DMH,2.69
2025-02-27,4,DRL,4.284
2025-02-27,4,DRH,3.829
2025-02-27,5,DCL,15.562
2025-02-27,5,DCH,1.661
2025-02-27,5,DML,5.991
2025-02-27,5,DMH,2.309
2025-02-27,5,DRL,6.221
2025-02-27,5,DRH,3.573
2025-02-27,6,DCL,9.464
2025-02-27,6,DCH,1.674
2025-02-27,6,DML,4.481
2025-02-27,6,DMH,0.89
2025-02-27,6,DRL,6.013
2025-02-27,6,DRH,1.355
2025-02-28,1,DCL,1.478
2025-02-28,1,DCH,0.851
2025-02-28,1,DML,2.887
2025-02-28,1,DMH,1.475
2025-02-28,1,DRL,4.285
2025-02-28,1,DRH,3.103
2025-02-28,2,DCL,0.923
2025-02-28,2,DCH,0.612
2025-02-28,2,DML,0.988
2025-02-28,2,DMH,0.339
2025-02-28,2,DRL,4.879
2025-02-28,2,DRH,4.189
2025-02-28,3,DCL,4.174
2025-02-28,3,DCH,1.976
2025-02-28,3,DML,2.947
2025-02-28,3,DMH,1.317
2025-02-28,3,DRL,3.939
2025-02-28,3,DRH,0.863
2025-02-28,4,DCL,10.24
2025-02-28,4,DCH,1.363
2025-02-28,4,DML,1.412
2025-02-28,4,DMH,1.764
2025-02-28,4,DRL,3.051
2025-02-28,4,DRH,0.814
2025-02-28,5,DCL,1.457
2025-02-28,5,DCH,2.575
2025-02-28,5,DML,3.374
2025-02-28,5,DMH,3.599
2025-02-28,5,DRL,8.207
2025-02-28,5,DRH,4.656
2025-02-28,6,DCL,2.114
2025-02-28,6,DCH,1.031
2025-02-28,6,DML,4.633
2025-02-28,6,DMH,1.196
2025-02-28,6,DRL,4.423
2025-02-28,6,DRH,3.975
2025-03-01,1,DCL,4.017
2025-03-01,1,DCH,1.388
2025-03-01,1,DML,3.679
2025-03-01,1,DMH,1.147
2025-03-01,1,DRL,2.432
2025-03-01,1,DRH,2.285
2025-03-01,2,DCL,5.018
2025-03-01,2,DCH,1.975
2025-03-01,2,DML,1.994
2025-03-01,2,DMH,0.849
2025-03-01,2,DRL,1.531
2025-03-01,2,DRH,3.508
2025-03-01,3,DCL,2.54
2025-03-01,3,DCH,1.134
2025-03-01,3,DML,3.181
2025-03-01,3,DMH,0.721
2025-03-01,3,DRL,3.025
2025-03-01,3,DRH,2.103
2025-03-01,4,DCL,9.719
2025-03-01,4,DCH,4.148
2025-03-01,4,DML,3.258
2025-03-01,4,DMH,1.787
2025-03-01,4,DRL,4.395
2025-03-01,4,DRH,1.911
2025-03-01,5,DCL,2.519
2025-03-01,5,DCH,4.827
2025-03-01,5,DML,2.112
2025-03-01,5,DMH,1.337
2025-03-01,5,DRL,7.696
2025-03-01,5,DRH,3.921
2025-03-01,6,DCL,6.399
2025-03-01,6,DCH,2.478
2025-03-01,6,DML,2.052
2025-03-01,6,DMH,0.481
2025-03-01,6,DRL,2.884
2025-03-01,6,DRH,1.733
2025-03-02,1,DCL,5.544
2025-03-02,1,DCH,1.479
2025-03-02,1,DML,1.257
2025-03-02,1,DMH,0.438
2025-03-02,1,DRL,1.735
2025-03-02,1,DRH,1.061
2025-03-02,2,DCL,1.591
2025-03-02,2,DCH,1.176
2025-03-02,2,DML,2.104
2025-03-02,2,DMH,0.538
2025-03-02,2,DRL,6.918
2025-03-02,2,DRH,1.278
2025-03-02,3,DCL,9.405
2025-03-02,3,DCH,0.675
2025-03-02,3,DML,2.779
2025-03-02,3,DMH,0.714
2025-03-02,3,DRL,15.429
2025-03-02,3,DRH,3.54
2025-03-02,4,DCL,3.543
2025-03-02,4,DCH,1.508
2025-03-02,4,DML,3.128
2025-03-02,4,DMH,0.944
2025-03-02,4,DRL,7.077
2025-03-02,4,DRH,1.375
2025-03-02,5,DCL,2.274
2025-03-02,5,DCH,0.771
2025-03-02,5,DML,3.553
2025-03-02,5,DMH,1.671
2025-03-02,5,DRL,3.893
2025-03-02,5,DRH,2.053
2025-03-02,6,DCL,2.589
2025-03-02,6,DCH,1.31
2025-03-02,6,DML,4.908
2025-03-02,6,DMH,2.335
2025-03-02,6,DRL,3.402
2025-03-02,6,DRH,2.931
2025-03-03,1,DCL,3.767
2025-03-03,1,DCH,0.66
2025-03-03,1,DML,3.572
2025-03-03,1,DMH,0.804
2025-03-03,1,DRL,1.252
2025-03-03,1,DRH,2.809
2025-03-03,2,DCL,4.06
2025-03-03,2,DCH,1.11
2025-03-03,2,DML,7.656
2025-03-03,2,DMH,0.87
2025-03-03,2,DRL,4.172
2025-03-03,2,DRH,0.925
2025-03-03,3,DCL,2.09
2025-03-03,3,DCH,1.717
2025-03-03,3,DML,3.705
2025-03-03,3,DMH,0.866
2025-03-03,3,DRL,2.477
2025-03-03,3,DRH,4.11
2025-03-03,4,DCL,2.579
2025-03-03,4,DCH,0.853
2025-03-03,4,DML,2.444
2025-03-03,4,DMH,1.725
2025-03-03,4,DRL,8.927
2025-03-03,4,DRH,2.136
2025-03-03,5,DCL,14.411
2025-03-03,5,DCH,2.629
2025-03-03,5,DML,3.689
2025-03-03,5,DMH,4.161
2025-03-03,5,DRL,3.485
2025-03-03,5,DRH,2.956
2025-03-03,6,DCL,3.872
2025-03-03,6,DCH,1.213
2025-03-03,6,DML,2.678
2025-03-03,6,DMH,0.787
2025-03-03,6,DRL,4.742
2025-03-03,6,DRH,2.317
2025-03-04,1,DCL,2.82
2025-03-04,1,DCH,4.473
2025-03-04,1,DML,1.299
2025-03-04,1,DMH,1.169
2025-03-04,1,DRL,6.78
2025-03-04,1,DRH,2.869
2025-03-04,2,DCL,2.884
2025-03-04,2,DCH,0.453
2025-03-04,2,DML,3.854
2025-03-04,2,DMH,0.916
2025-03-04,2,DRL,6.106
2025-03-04,2,DRH,1.395
2025-03-04,3,DCL,2.853
2025-03-04,3,DCH,1.202
2025-03-04,3,DML,2.608
2025-03-04,3,DMH,0.604
2025-03-04,3,DRL,2.831
2025-03-04,3,DRH,4.618
2025-03-04,4,DCL,12.016
2025-03-04,4,DCH,3.874
2025-03-04,4,DML,3.427
2025-03-04,4,DMH,2.259
2025-03-04,4,DRL,8.541
2025-03-04,4,DRH,1.977
2025-03-04,5,DCL,5.301
2025-03-04,5,DCH,2.363
2025-03-04,5,DML,4.519
2025-03-04,5,DMH,3.069
2025-03-04,5,DRL,8.459
2025-03-04,5,DRH,2.889
2025-03-04,6,DCL,6.836
2025-03-04,6,DCH,1.122
2025-03-04,6,DML,1.868
2025-03-04,6,DMH,2.27
2025-03-04,6,DRL,5.216
2025-03-04,6,DRH,2.092
2025-03-05,1,DCL,2.971
2025-03-05,1,DCH,1.097
2025-03-05,1,DML,0.96
2025-03-05,1,DMH,1.064
2025-03-05,1,DRL,3.471
2025-03-05,1,DRH,1.963
2025-03-05,2,DCL,2.219
2025-03-05,2,DCH,1.333
2025-03-05,2,DML,0.667
2025-03-05,2,DMH,2.337
2025-03-05,2,DRL,3.558
2025-03-05,2,DRH,4.38
2025-03-05,3,DCL,2.3
2025-03-05,3,DCH,0.599
2025-03-05,3,DML,2.66
2025-03-05,3,DMH,0.553
2025-03-05,3,DRL,2.004
2025-03-05,3,DRH,1.562
2025-03-05,4,DCL,12.247
2025-03-05,4,DCH,0.722
2025-03-05,4,DML,2.087
2025-03-05,4,DMH,0.986
2025-03-05,4,DRL,6.928
2025-03-05,4,DRH,1.287
2025-03-05,5,DCL,6.841
2025-03-05,5,DCH,1.452
2025-03-05,5,DML,2.376
2025-03-05,5,DMH,4.228
2025-03-05,5,DRL,4.429
2025-03-05,5,DRH,4.339
2025-03-05,6,DCL,3.395
2025-03-05,6,DCH,2.585
2025-03-05,6,DML,4.068
2025-03-05,6,DMH,1.203
2025-03-05,6,DRL,2.758
2025-03-05,6,DRH,1.353
2025-03-06,1,DCL,7.567
2025-03-06,1,DCH,1.837
2025-03-06,1,DML,2.785
2025-03-06,1,DMH,1.131
2025-03-06,1,DRL,2.945
2025-03-06,1,DRH,0.697
2025-03-06,2,DCL,6.081
2025-03-06,2,DCH,1.637
2025-03-06,2,DML,1.128
2025-03-06,2,DMH,2.128
2025-03-06,2,DRL,4.216
2025-03-06,2,DRH,0.915
2025-03-06,3,DCL,2.743
2025-03-06,3,DCH,0.752
2025-03-06,3,DML,3.555
2025-03-06,3,DMH,0.665
2025-03-06,3,DRL,4.602
2025-03-06,3,DRH,0.94
2025-03-06,4,DCL,3.207
2025-03-06,4,DCH,0.959
2025-03-06,4,DML,3.342
2025-03-06,4,DMH,1.017
2025-03-06,4,DRL,4.244
2025-03-06,4,DRH,1.442
2025-03-06,5,DCL,2.115
2025-03-06,5,DCH,1.481
2025-03-06,5,DML,2.376
2025-03-06,5,DMH,4.039
2025-03-06,5,DRL,20.569
2025-03-06,5,DRH,3.061
2025-03-06,6,DCL,3.214
2025-03-06,6,DCH,0.796
2025-03-06,6,DML,1.981
2025-03-06,6,DMH,2.13
2025-03-06,6,DRL,4.78
2025-03-06,6,DRH,2.452
2025-03-07,1,DCL,1.618
2025-03-07,1,DCH,1.274
2025-03-07,1,DML,0.83
2025-03-07,1,DMH,0.742
2025-03-07,1,DRL,3.233
2025-03-07,1,DRH,1.637
2025-03-07,2,DCL,2.07
2025-03-07,2,DCH,0.966
2025-03-07,2,DML,1.666
2025-03-07,2,DMH,0.911
2025-03-07,2,DRL,2.501
2025-03-07,2,DRH,1.533
2025-03-07,3,DCL,4.603
2025-03-07,3,DCH,0.966
2025-03-07,3,DML,1.62
2025-03-07,3,DMH,2.095
2025-03-07,3,DRL,5.589
2025-03-07,3,DRH,3.189
2025-03-07,4,DCL,2.204
2025-03-07,4,DCH,1.078
2025-03-07,4,DML,3.952
2025-03-07,4,DMH,0.545
2025-03-07,4,DRL,6.036
2025-03-07,4,DRH,1.465
2025-03-07,5,DCL,10.096
2025-03-07,5,DCH,2.114
2025-03-07,5,DML,3.593
2025-03-07,5,DMH,1.26
2025-03-07,5,DRL,5.391
2025-03-07,5,DRH,2.272
2025-03-07,6,DCL,6.037
2025-03-07,6,DCH,0.39
2025-03-07,6,DML,6.172
2025-03-07,6,DMH,2.161
2025-03-07,6,DRL,3.541
2025-03-07,6,DRH,1.833
2025-03-08,1,DCL,2.773
2025-03-08,1,DCH,0.458
2025-03-08,1,DML,2.725
2025-03-08,1,DMH,1.705
2025-03-08,1,DRL,3.091
2025-03-08,1,DRH,1.78
2025-03-08,2,DCL,3.26
2025-03-08,2,DCH,1.095
2025-03-08,2,DML,1.435
2025-03-08,2,DMH,0.825
2025-03-08,2,DRL,2.754
2025-03-08,2,DRH,2.581
2025-03-08,3,DCL,6.515
2025-03-08,3,DCH,1.445
2025-03-08,3,DML,4.252
2025-03-08,3,DMH,2.344
2025-03-08,3,DRL,2.257
2025-03-08,3,DRH,1.386
2025-03-08,4,DCL,3.975
2025-03-08,4,DCH,0.807
2025-03-08,4,DML,1.093
2025-03-08,4,DMH,1.132
2025-03-08,4,DRL,4.432
2025-03-08,4,DRH,0.817
2025-03-08,5,DCL,4.449
2025-03-08,5,DCH,1.075
2025-03-08,5,DML,3.394
2025-03-08,5,DMH,1.911
2025-03-08,5,DRL,6.418
2025-03-08,5,DRH,4.237
2025-03-08,6,DCL,5.231
2025-03-08,6,DCH,2.833
2025-03-08,6,DML,7.284
2025-03-08,6,DMH,1.502
2025-03-08,6,DRL,2.019
2025-03-08,6,DRH,1.613
2025-03-09,1,DCL,3.808
2025-03-09,1,DCH,1.297
2025-03-09,1,DML,2.589
2025-03-09,1,DMH,1.483
2025-03-09,1,DRL,3.6
2025-03-09,1,DRH,1.396
2025-03-09,2,DCL,3.205
2025-03-09,2,DCH,1.393
2025-03-09,2,DML,1.548
2025-03-09,2,DMH,0.56
2025-03-09,2,DRL,4.134
2025-03-09,2,DRH,1.359
2025-03-09,3,DCL,2.45
2025-03-09,3,DCH,0.888
2025-03-09,3,DML,1.606
2025-03-09,3,DMH,1.034
2025-03-09,3,DRL,4.971
2025-03-09,3,DRH,0.921
2025-03-09,4,DCL,2.193
2025-03-09,4,DCH,1.342
2025-03-09,4,DML,3.274
2025-03-09,4,DMH,1.294
2025-03-09,4,DRL,2.866
2025-03-09,4,DRH,1.844
2025-03-09,5,DCL,5.956
2025-03-09,5,DCH,2.754
2025-03-09,5,DML,4.619
2025-03-09,5,DMH,1.437
2025-03-09,5,DRL,5.09
2025-03-09,5,DRH,8.663
2025-03-09,6,DCL,7.965
2025-03-09,6,DCH,1.516
2025-03-09,6,DML,4.859
2025-03-09,6,DMH,0.868
2025-03-09,6,DRL,3.325
2025-03-09,6,DRH,2.389
2025-03-10,1,DCL,3.502
2025-03-10,1,DCH,0.749
2025-03-10,1,DML,2.223
2025-03-10,1,DMH,0.556
2025-03-10,1,DRL,5.445
2025-03-10,1,DRH,2.547
2025-03-10,2,DCL,2.107
2025-03-10,2,DCH,0.563
2025-03-10,2,DML,1.394
2025-03-10,2,DMH,0.764
2025-03-10,2,DRL,1.333
2025-03-10,2,DRH,1.933
2025-03-10,3,DCL,6.415
2025-03-10,3,DCH,0.368
2025-03-10,3,DML,1.513
2025-03-10,3,DMH,1.566
2025-03-10,3,DRL,2.768
2025-03-10,3,DRH,1.262
2025-03-10,4,DCL,8.941
2025-03-10,4,DCH,0.594
2025-03-10,4,DML,2.485
2025-03-10,4,DMH,1.125
2025-03-10,4,DRL,3.524
2025-03-10,4,DRH,3.379
2025-03-10,5,DCL,3.602
2025-03-10,5,DCH,4.01
2025-03-10,5,DML,2.339
2025-03-10,5,DMH,1.079
2025-03-10,5,DRL,3.74
2025-03-10,5,DRH,12.294
2025-03-10,6,DCL,2.632
2025-03-10,6,DCH,1.693
2025-03-10,6,DML,1.871
2025-03-10,6,DMH,2.709
2025-03-10,6,DRL,6.18
2025-03-10,6,DRH,1.612
2025-03-11,1,DCL,3.526
2025-03-11,1,DCH,0.868
2025-03-11,1,DML,2.19
2025-03-11,1,DMH,0.49
2025-03-11,1,DRL,2.546
2025-03-11,1,DRH,1.988
2025-03-11,2,DCL,1.585
2025-03-11,2,DCH,0.644
2025-03-11,2,DML,2.353
2025-03-11,2,DMH,1.287
2025-03-11,2,DRL,4.406
2025-03-11,2,DRH,2.609
2025-03-11,3,DCL,2.946
2025-03-11,3,DCH,1.751
2025-03-11,3,DML,1.567
2025-03-11,3,DMH,1.67
2025-03-11,3,DRL,1.998
2025-03-11,3,DRH,2.164
2025-03-11,4,DCL,3.286
2025-03-11,4,DCH,0.989
2025-03-11,4,DML,3.98
2025-03-11,4,DMH,1.331
2025-03-11,4,DRL,4.912
2025-03-11,4,DRH,1.149
2025-03-11,5,DCL,5.776
2025-03-11,5,DCH,1.654
2025-03-11,5,DML,3.994
2025-03-11,5,DMH,1.811
2025-03-11,5,DRL,6.752
2025-03-11,5,DRH,3.381
2025-03-11,6,DCL,1.114
2025-03-11,6,DCH,3.494
2025-03-11,6,DML,1.222
2025-03-11,6,DMH,0.692
2025-03-11,6,DRL,5.563
2025-03-11,6,DRH,3.092
2025-03-12,1,DCL,1.578
2025-03-12,1,DCH,1.502
2025-03-12,1,DML,1.712
2025-03-12,1,DMH,1.201
2025-03-12,1,DRL,4.201
2025-03-12,1,DRH,1.315
2025-03-12,2,DCL,8.574
2025-03-12,2,DCH,1.035
2025-03-12,2,DML,1.985
2025-03-12,2,DMH,0.791
2025-03-12,2,DRL,1.728
2025-03-12,2,DRH,2.751
2025-03-12,3,DCL,0.809
2025-03-12,3,DCH,1.164
2025-03-12,3,DML,3.379
2025-03-12,3,DMH,0.913
2025-03-12,3,DRL,2.909
2025-03-12,3,DRH,1.595
2025-03-12,4,DCL,9.671
2025-03-12,4,DCH,1.5
2025-03-12,4,DML,7.285
2025-03-12,4,DMH,0.926
2025-03-12,4,DRL,9.319
2025-03-12,4,DRH,2.182
2025-03-12,5,DCL,4.905
2025-03-12,5,DCH,3.557
2025-03-12,5,DML,4.958
2025-03-12,5,DMH,0.925
2025-03-12,5,DRL,2.521
2025-03-12,5,DRH,3.955
2025-03-12,6,DCL,5.541
2025-03-12,6,DCH,1.609
2025-03-12,6,DML,5.802
2025-03-12,6,DMH,0.69
2025-03-12,6,DRL,5.067
2025-03-12,6,DRH,2.27
2025-03-13,1,DCL,3.008
2025-03-13,1,DCH,0.726
2025-03-13,1,DML,1.89
2025-03-13,1,DMH,0.879
2025-03-13,1,DRL,3.367
2025-03-13,1,DRH,3.041
2025-03-13,2,DCL,1.41
2025-03-13,2,DCH,0.736
2025-03-13,2,DML,2.883
2025-03-13,2,DMH,0.399
2025-03-13,2,DRL,1.975
2025-03-13,2,DRH,1.558
2025-03-13,3,DCL,2.588
2025-03-13,3,DCH,0.694
2025-03-13,3,DML,1.819
2025-03-13,3,DMH,1.248
2025-03-13,3,DRL,3.467
2025-03-13,3,DRH,3.729
2025-03-13,4,DCL,3.759
2025-03-13,4,DCH,1.519
2025-03-13,4,DML,1.085
2025-03-13,4,DMH,1.703
2025-03-13,4,DRL,4.363
2025-03-13,4,DRH,2.452
2025-03-13,5,DCL,10.521
2025-03-13,5,DCH,1.305
2025-03-13,5,DML,13.443
2025-03-13,5,DMH,1.062
2025-03-13,5,DRL,11.011
2025-03-13,5,DRH,2.566
2025-03-13,6,DCL,3.898
2025-03-13,6,DCH,0.345
2025-03-13,6,DML,3.207
2025-03-13,6,DMH,1.769
2025-03-13,6,DRL,3.33
2025-03-13,6,DRH,1.583
2025-03-14,1,DCL,1.913
2025-03-14,1,DCH,1.062
2025-03-14,1,DML,2.806
2025-03-14,1,DMH,1.534
2025-03-14,1,DRL,2.289
2025-03-14,1,DRH,2.383
2025-03-14,2,DCL,2.451
2025-03-14,2,DCH,0.964
2025-03-14,2,DML,2.386
2025-03-14,2,DMH,0.355
2025-03-14,2,DRL,2.87
2025-03-14,2,DRH,1.522
2025-03-14,3,DCL,2.274
2025-03-14,3,DCH,1.006
2025-03-14,3,DML,2.61
2025-03-14,3,DMH,1.904
2025-03-14,3,DRL,1.279
2025-03-14,3,DRH,2.512
2025-03-14,4,DCL,3.631
2025-03-14,4,DCH,1.207
2025-03-14,4,DML,2.556
2025-03-14,4,DMH,0.692
2025-03-14,4,DRL,5.368
2025-03-14,4,DRH,4.517
2025-03-14,5,DCL,4.821
2025-03-14,5,DCH,1.244
2025-03-14,5,DML,3.992
2025-03-14,5,DMH,1.706
2025-03-14,5,DRL,8.894
2025-03-14,5,DRH,2.23
2025-03-14,6,DCL,4.858
2025-03-14,6,DCH,2.105
2025-03-14,6,DML,5.783
2025-03-14,6,DMH,2.319
2025-03-14,6,DRL,2.759
2025-03-14,6,DRH,3.355
2025-03-15,1,DCL,2.993
2025-03-15,1,DCH,1.753
2025-03-15,1,DML,4.249
2025-03-15,1,DMH,1.046
2025-03-15,1,DRL,3.649
2025-03-15,1,DRH,0.937
2025-03-15,2,DCL,3.719
2025-03-15,2,DCH,2.127
2025-03-15,2,DML,1.968
2025-03-15,2,DMH,1.904
2025-03-15,2,DRL,5.109
2025-03-15,2,DRH,1.384
2025-03-15,3,DCL,4.894
2025-03-15,3,DCH,1.007
2025-03-15,3,DML,1.451
2025-03-15,3,DMH,1.354
2025-03-15,3,DRL,2.669
2025-03-15,3,DRH,0.732
2025-03-15,4,DCL,3.094
2025-03-15,4,DCH,1.754
2025-03-15,4,DML,1.888
2025-03-15,4,DMH,0.663
2025-03-15,4,DRL,3.643
2025-03-15,4,DRH,3.886
2025-03-15,5,DCL,6.415
2025-03-15,5,DCH,1.485
2025-03-15,5,DML,7.093
2025-03-15,5,DMH,2.46
2025-03-15,5,DRL,6.538
2025-03-15,5,DRH,3.023
2025-03-15,6,DCL,4.821
2025-03-15,6,DCH,3.595
2025-03-15,6,DML,1.559
2025-03-15,6,DMH,1.2
2025-03-15,6,DRL,4.319
2025-03-15,6,DRH,5.14
2025-03-16,1,DCL,4.145
2025-03-16,1,DCH,2.163
2025-03-16,1,DML,3.647
2025-03-16,1,DMH,0.988
2025-03-16,1,DRL,6.41
2025-03-16,1,DRH,1.251
2025-03-16,2,DCL,1.489
2025-03-16,2,DCH,0.587
2025-03-16,2,DML,1.568
2025-03-16,2,DMH,1.372
2025-03-16,2,DRL,1.201
2025-03-16,2,DRH,1.186
2025-03-16,3,DCL,7.772
2025-03-16,3,DCH,0.885
2025-03-16,3,DML,0.939
2025-03-16,3,DMH,0.504
2025-03-16,3,DRL,6.148
2025-03-16,3,DRH,0.928
2025-03-16,4,DCL,1.864
2025-03-16,4,DCH,2.657
2025-03-16,4,DML,1.485
2025-03-16,4,DMH,1.405
2025-03-16,4,DRL,2.555
2025-03-16,4,DRH,1.555
2025-03-16,5,DCL,4.68
2025-03-16,5,DCH,5.124
2025-03-16,5,DML,4.404
2025-03-16,5,DMH,2.658
2025-03-16,5,DRL,4.08
2025-03-16,5,DRH,2.751
2025-03-16,6,DCL,6.423
2025-03-16,6,DCH,1.309
2025-03-16,6,DML,2.293
2025-03-16,6,DMH,2.551
2025-03-16,6,DRL,2.711
2025-03-16,6,DRH,0.953
2025-03-17,1,DCL,1.408
2025-03-17,1,DCH,0.942
2025-03-17,1,DML,1.662
2025-03-17,1,DMH,2.35
2025-03-17,1,DRL,10.574
2025-03-17,1,DRH,2.002
2025-03-17,2,DCL,4.175
2025-03-17,2,DCH,0.983
2025-03-17,2,DML,3.005
2025-03-17,2,DMH,1.507
2025-03-17,2,DRL,1.242
2025-03-17,2,DRH,0.477
2025-03-17,3,DCL,2.607
2025-03-17,3,DCH,1.958
2025-03-17,3,DML,1.872
2025-03-17,3,DMH,1.143
2025-03-17,3,DRL,4.25
2025-03-17,3,DRH,1.185
2025-03-17,4,DCL,4.719
2025-03-17,4,DCH,1.59
2025-03-17,4,DML,1.601
2025-03-17,4,DMH,1.471
2025-03-17,4,DRL,3.254
2025-03-17,4,DRH,4.832
2025-03-17,5,DCL,3.346
2025-03-17,5,DCH,1.33
2025-03-17,5,DML,12.536
2025-03-17,5,DMH,1.765
2025-03-17,5,DRL,5.165
2025-03-17,5,DRH,2.243
2025-03-17,6,DCL,2.376
2025-03-17,6,DCH,1.221
2025-03-17,6,DML,2.152
2025-03-17,6,DMH,0.912
2025-03-17,6,DRL,5.397
2025-03-17,6,DRH,6.776
2025-03-18,1,DCL,2.463
2025-03-18,1,DCH,1.048
2025-03-18,1,DML,1.198
2025-03-18,1,DMH,0.428
2025-03-18,1,DRL,3.493
2025-03-18,1,DRH,0.276
2025-03-18,2,DCL,1.334
2025-03-18,2,DCH,0.626
2025-03-18,2,DML,1.993
2025-03-18,2,DMH,0.344
2025-03-18,2,DRL,5.983
2025-03-18,2,DRH,1.197
2025-03-18,3,DCL,4.026
2025-03-18,3,DCH,1.249
2025-03-18,3,DML,2.804
2025-03-18,3,DMH,0.852
2025-03-18,3,DRL,3.462
2025-03-18,3,DRH,1.734
2025-03-18,4,DCL,2.744
2025-03-18,4,DCH,2.55
2025-03-18,4,DML,2.105
2025-03-18,4,DMH,1.413
2025-03-18,4,DRL,1.324
2025-03-18,4,DRH,0.946
2025-03-18,5,DCL,2.439
2025-03-18,5,DCH,1.36
2025-03-18,5,DML,3.003
2025-03-18,5,DMH,2.944
2025-03-18,5,DRL,8.056
2025-03-18,5,DRH,4.164
2025-03-18,6,DCL,3.673
2025-03-18,6,DCH,1.363
2025-03-18,6,DML,5.075
2025-03-18,6,DMH,2.368
2025-03-18,6,DRL,3.425
2025-03-18,6,DRH,0.92
2025-03-19,1,DCL,2.92
2025-03-19,1,DCH,0.489
2025-03-19,1,DML,2.753
2025-03-19,1,DMH,0.734
2025-03-19,1,DRL,2.658
2025-03-19,1,DRH,2.825
2025-03-19,2,DCL,1.857
2025-03-19,2,DCH,1.717
2025-03-19,2,DML,1.088
2025-03-19,2,DMH,0.539
2025-03-19,2,DRL,2.787
2025-03-19,2,DRH,2.375
2025-03-19,3,DCL,9.455
2025-03-19,3,DCH,1.104
2025-03-19,3,DML,2.383
2025-03-19,3,DMH,2.174
2025-03-19,3,DRL,4.171
2025-03-19,3,DRH,3.278
2025-03-19,4,DCL,5.695
2025-03-19,4,DCH,1.7
2025-03-19,4,DML,0.841
2025-03-19,4,DMH,2.297
2025-03-19,4,DRL,2.792
2025-03-19,4,DRH,2.352
2025-03-19,5,DCL,2.438
2025-03-19,5,DCH,1.295
2025-03-19,5,DML,4.542
2025-03-19,5,DMH,1.002
2025-03-19,5,DRL,4.852
2025-03-19,5,DRH,3.141
2025-03-19,6,DCL,2.576
2025-03-19,6,DCH,1.568
2025-03-19,6,DML,3.88
2025-03-19,6,DMH,1.125
2025-03-19,6,DRL,7.371
2025-03-19,6,DRH,3.284
2025-03-20,1,DCL,3.478
2025-03-20,1,DCH,1.388
2025-03-20,1,DML,1.415
2025-03-20,1,DMH,0.661
2025-03-20,1,DRL,8.575
2025-03-20,1,DRH,6.171
2025-03-20,2,DCL,5.846
2025-03-20,2,DCH,0.577
2025-03-20,2,DML,1.025
2025-03-20,2,DMH,0.471
2025-03-20,2,DRL,2.772
2025-03-20,2,DRH,0.52
2025-03-20,3,DCL,3.797
2025-03-20,3,DCH,1.084
2025-03-20,3,DML,3.612
2025-03-20,3,DMH,1.256
2025-03-20,3,DRL,3.246
2025-03-20,3,DRH,0.777
2025-03-20,4,DCL,3.674
2025-03-20,4,DCH,1.472
2025-03-20,4,DML,2.635
2025-03-20,4,DMH,0.803
2025-03-20,4,DRL,5.685
2025-03-20,4,DRH,1.421
2025-03-20,5,DCL,10.507
2025-03-20,5,DCH,0.754
2025-03-20,5,DML,4.924
2025-03-20,5,DMH,4.795
2025-03-20,5,DRL,6.836
2025-03-20,5,DRH,3.476
2025-03-20,6,DCL,8.771
2025-03-20,6,DCH,1.101
2025-03-20,6,DML,3.34
2025-03-20,6,DMH,2.092
2025-03-20,6,DRL,6.868
2025-03-20,6,DRH,3.666
2025-03-21,1,DCL,3.203
2025-03-21,1,DCH,1.334
2025-03-21,1,DML,2.827
2025-03-21,1,DMH,0.342
2025-03-21,1,DRL,1.919
2025-03-21,1,DRH,2.108
2025-03-21,2,DCL,2.371
2025-03-21,2,DCH,1.178
2025-03-21,2,DML,1.613
2025-03-21,2,DMH,1.542
2025-03-21,2,DRL,6.873
2025-03-21,2,DRH,0.799
2025-03-21,3,DCL,2.966
2025-03-21,3,DCH,0.577
2025-03-21,3,DML,2.831
2025-03-21,3,DMH,0.571
2025-03-21,3,DRL,4.116
2025-03-21,3,DRH,2.108
2025-03-21,4,DCL,2.519
2025-03-21,4,DCH,2.217
2025-03-21,4,DML,2.537
2025-03-21,4,DMH,0.757
2025-03-21,4,DRL,4.23
2025-03-21,4,DRH,1.77
2025-03-21,5,DCL,2.875
2025-03-21,5,DCH,1.745
2025-03-21,5,DML,3.605
2025-03-21,5,DMH,1.648
2025-03-21,5,DRL,7.649
2025-03-21,5,DRH,2.521
2025-03-21,6,DCL,4.971
2025-03-21,6,DCH,1.544
2025-03-21,6,DML,4.175
2025-03-21,6,DMH,0.824
2025-03-21,6,DRL,2.478
2025-03-21,6,DRH,1.759
2025-03-22,1,DCL,2.687
2025-03-22,1,DCH,0.837
2025-03-22,1,DML,1.522
2025-03-22,1,DMH,1.051
2025-03-22,1,DRL,3.103
2025-03-22,1,DRH,0.895
2025-03-22,2,DCL,1.664
2025-03-22,2,DCH,2.777
2025-03-22,2,DML,0.906
2025-03-22,2,DMH,1.416
2025-03-22,2,DRL,2.711
2025-03-22,2,DRH,1.002
2025-03-22,3,DCL,3.282
2025-03-22,3,DCH,2.413
2025-03-22,3,DML,1.793
2025-03-22,3,DMH,3.763
2025-03-22,3,DRL,5.525
2025-03-22,3,DRH,0.548
2025-03-22,4,DCL,2.047
2025-03-22,4,DCH,2.031
2025-03-22,4,DML,0.884
2025-03-22,4,DMH,1.864
2025-03-22,4,DRL,7.188
2025-03-22,4,DRH,1.686
2025-03-22,5,DCL,2.382
2025-03-22,5,DCH,2.294
2025-03-22,5,DML,3.526
2025-03-22,5,DMH,3.486
2025-03-22,5,DRL,5.209
2025-03-22,5,DRH,2.48
2025-03-22,6,DCL,5.531
2025-03-22,6,DCH,1.219
2025-03-22,6,DML,3.999
2025-03-22,6,DMH,2.433
2025-03-22,6,DRL,3.292
2025-03-22,6,DRH,7.282
2025-03-23,1,DCL,4.261
2025-03-23,1,DCH,0.949
2025-03-23,1,DML,3.083
2025-03-23,1,DMH,2.015
2025-03-23,1,DRL,1.686
2025-03-23,1,DRH,1.696
2025-03-23,2,DCL,2.508
2025-03-23,2,DCH,0.94
2025-03-23,2,DML,0.718
2025-03-23,2,DMH,1.57
2025-03-23,2,DRL,2.455
2025-03-23,2,DRH,1.292
2025-03-23,3,DCL,1.696
2025-03-23,3,DCH,1.104
2025-03-23,3,DML,3.75
2025-03-23,3,DMH,0.632
2025-03-23,3,DRL,2.634
2025-03-23,3,DRH,1.149
2025-03-23,4,DCL,4.262
2025-03-23,4,DCH,1.226
2025-03-23,4,DML,1.576
2025-03-23,4,DMH,1.063
2025-03-23,4,DRL,3.356
2025-03-23,4,DRH,2.312
2025-03-23,5,DCL,3.423
2025-03-23,5,DCH,1.409
2025-03-23,5,DML,5.673
2025-03-23,5,DMH,1.094
2025-03-23,5,DRL,9.767
2025-03-23,5,DRH,4.089
2025-03-23,6,DCL,3.016
2025-03-23,6,DCH,2.873
2025-03-23,6,DML,2.471
2025-03-23,6,DMH,0.93
2025-03-23,6,DRL,8.076
2025-03-23,6,DRH,1.781
2025-03-24,1,DCL,8.795
2025-03-24,1,DCH,1.611
2025-03-24,1,DML,1.442
2025-03-24,1,DMH,0.856
2025-03-24,1,DRL,4.687
2025-03-24,1,DRH,0.657
2025-03-24,2,DCL,0.424
2025-03-24,2,DCH,1.337
2025-03-24,2,DML,2.214
2025-03-24,2,DMH,1.11
2025-03-24,2,DRL,4.136
2025-03-24,2,DRH,1.522
2025-03-24,3,DCL,2.731
2025-03-24,3,DCH,0.387
2025-03-24,3,DML,0.796
2025-03-24,3,DMH,0.836
2025-03-24,3,DRL,3.52
2025-03-24,3,DRH,1.52
2025-03-24,4,DCL,4.064
2025-03-24,4,DCH,1.039
2025-03-24,4,DML,1.84
2025-03-24,4,DMH,1.201
2025-03-24,4,DRL,2.236
2025-03-24,4,DRH,2.39
2025-03-24,5,DCL,2.392
2025-03-24,5,DCH,2.055
2025-03-24,5,DML,3.185
2025-03-24,5,DMH,1.227
2025-03-24,5,DRL,3.273
2025-03-24,5,DRH,5.363
2025-03-24,6,DCL,6.254
2025-03-24,6,DCH,2.516
2025-03-24,6,DML,1.098
2025-03-24,6,DMH,1.852
2025-03-24,6,DRL,5.882
2025-03-24,6,DRH,2.212
2025-03-25,1,DCL,3.26
2025-03-25,1,DCH,1.035
2025-03-25,1,DML,2.118
2025-03-25,1,DMH,1.232
2025-03-25,1,DRL,3.591
2025-03-25,1,DRH,2.179
2025-03-25,2,DCL,1.953
2025-03-25,2,DCH,1.021
2025-03-25,2,DML,2.036
2025-03-25,2,DMH,0.953
2025-03-25,2,DRL,10.71
2025-03-25,2,DRH,0.869
2025-03-25,3,DCL,3.001
2025-03-25,3,DCH,1.921
2025-03-25,3,DML,1.752
2025-03-25,3,DMH,0.353
2025-03-25,3,DRL,5.116
2025-03-25,3,DRH,1.799
2025-03-25,4,DCL,9.189
2025-03-25,4,DCH,2.648
2025-03-25,4,DML,2.608
2025-03-25,4,DMH,1.244
2025-03-25,4,DRL,3.401
2025-03-25,4,DRH,1.559
2025-03-25,5,DCL,8.477
2025-03-25,5,DCH,1.384
2025-03-25,5,DML,2.472
2025-03-25,5,DMH,3.186
2025-03-25,5,DRL,4.558
2025-03-25,5,DRH,1.348
2025-03-25,6,DCL,6.967
2025-03-25,6,DCH,1.395
2025-03-25,6,DML,3.491
2025-03-25,6,DMH,1.861
2025-03-25,6,DRL,13.412
2025-03-25,6,DRH,1.215
2025-03-26,1,DCL,6.376
2025-03-26,1,DCH,0.626
2025-03-26,1,DML,0.695
2025-03-26,1,DMH,1.725
2025-03-26,1,DRL,2.322
2025-03-26,1,DRH,1.663
2025-03-26,2,DCL,2.228
2025-03-26,2,DCH,1.604
2025-03-26,2,DML,1.366
2025-03-26,2,DMH,1.684
2025-03-26,2,DRL,2.301
2025-03-26,2,DRH,1.154
2025-03-26,3,DCL,6.284
2025-03-26,3,DCH,1.223
2025-03-26,3,DML,6.54
2025-03-26,3,DMH,1.723
2025-03-26,3,DRL,10.853
2025-03-26,3,DRH,1.712
2025-03-26,4,DCL,1.289
2025-03-26,4,DCH,2.08
2025-03-26,4,DML,7.148
2025-03-26,4,DMH,0.738
2025-03-26,4,DRL,5.025
2025-03-26,4,DRH,1.607
2025-03-26,5,DCL,9.121
2025-03-26,5,DCH,1.026
2025-03-26,5,DML,3.739
2025-03-26,5,DMH,2.187
2025-03-26,5,DRL,6.593
2025-03-26,5,DRH,10.461
2025-03-26,6,DCL,2.894
2025-03-26,6,DCH,1.6
2025-03-26,6,DML,2.048
2025-03-26,6,DMH,0.464
2025-03-26,6,DRL,8.053
2025-03-26,6,DRH,1.626
2025-03-27,1,DCL,3.188
2025-03-27,1,DCH,0.919
2025-03-27,1,DML,6.227
2025-03-27,1,DMH,1.441
2025-03-27,1,DRL,1.42
2025-03-27,1,DRH,1.287
2025-03-27,2,DCL,3.296
2025-03-27,2,DCH,0.923
2025-03-27,2,DML,1.125
2025-03-27,2,DMH,0.944
2025-03-27,2,DRL,2.361
2025-03-27,2,DRH,1.075
2025-03-27,3,DCL,8.458
2025-03-27,3,DCH,1.169
2025-03-27,3,DML,0.69
2025-03-27,3,DMH,1.601
2025-03-27,3,DRL,3.62
2025-03-27,3,DRH,1.104
2025-03-27,4,DCL,2.881
2025-03-27,4,DCH,1.639
2025-03-27,4,DML,9.437
2025-03-27,4,DMH,1.088
2025-03-27,4,DRL,5.212
2025-03-27,4,DRH,1.052
2025-03-27,5,DCL,5.511
2025-03-27,5,DCH,4.704
2025-03-27,5,DML,11.205
2025-03-27,5,DMH,1.492
2025-03-27,5,DRL,4.942
2025-03-27,5,DRH,1.956
2025-03-27,6,DCL,2.059
2025-03-27,6,DCH,3.63
2025-03-27,6,DML,4.126
2025-03-27,6,DMH,1.5
2025-03-27,6,DRL,9.775
2025-03-27,6,DRH,2.778
2025-03-28,1,DCL,2.914
2025-03-28,1,DCH,0.526
2025-03-28,1,DML,2.319
2025-03-28,1,DMH,1.782
2025-03-28,1,DRL,1.771
2025-03-28,1,DRH,0.814
2025-03-28,2,DCL,3.612
2025-03-28,2,DCH,1.045
2025-03-28,2,DML,0.568
2025-03-28,2,DMH,1.081
2025-03-28,2,DRL,1.684
2025-03-28,2,DRH,1.22
2025-03-28,3,DCL,4.276
2025-03-28,3,DCH,2.458
2025-03-28,3,DML,5.068
2025-03-28,3,DMH,0.623
2025-03-28,3,DRL,1.845
2025-03-28,3,DRH,2.669
2025-03-28,4,DCL,1.62
2025-03-28,4,DCH,2.375
2025-03-28,4,DML,2.703
2025-03-28,4,DMH,1.891
2025-03-28,4,DRL,1.436
2025-03-28,4,DRH,2.002
2025-03-28,5,DCL,2.231
2025-03-28,5,DCH,1.237
2025-03-28,5,DML,6.251
2025-03-28,5,DMH,1.26
2025-03-28,5,DRL,10.901
2025-03-28,5,DRH,4.413
2025-03-28,6,DCL,6.646
2025-03-28,6,DCH,1.112
2025-03-28,6,DML,2.506
2025-03-28,6,DMH,1.144
2025-03-28,6,DRL,4.431
2025-03-28,6,DRH,1.11
2025-03-29,1,DCL,1.579
2025-03-29,1,DCH,1.078
2025-03-29,1,DML,1.63
2025-03-29,1,DMH,0.753
2025-03-29,1,DRL,2.82
2025-03-29,1,DRH,3.764
2025-03-29,2,DCL,3.628
2025-03-29,2,DCH,0.857
2025-03-29,2,DML,1.361
2025-03-29,2,DMH,1.707
2025-03-29,2,DRL,0.712
2025-03-29,2,DRH,1.401
2025-03-29,3,DCL,2.626
2025-03-29,3,DCH,1.765
2025-03-29,3,DML,3.898
2025-03-29,3,DMH,0.743
2025-03-29,3,DRL,5.141
2025-03-29,3,DRH,1.581
2025-03-29,4,DCL,5.419
2025-03-29,4,DCH,2.058
2025-03-29,4,DML,1.31
2025-03-29,4,DMH,0.972
2025-03-29,4,DRL,4.761
2025-03-29,4,DRH,2.42
2025-03-29,5,DCL,6.397
2025-03-29,5,DCH,10.345
2025-03-29,5,DML,5.939
2025-03-29,5,DMH,1.907
2025-03-29,5,DRL,6.975
2025-03-29,5,DRH,2.483
2025-03-29,6,DCL,3.328
2025-03-29,6,DCH,0.97
2025-03-29,6,DML,2.982
2025-03-29,6,DMH,1.23
2025-03-29,6,DRL,4.218
2025-03-29,6,DRH,1.125
2025-03-30,1,DCL,1.515
2025-03-30,1,DCH,0.886
2025-03-30,1,DML,2.343
2025-03-30,1,DMH,0.664
2025-03-30,1,DRL,4.09
2025-03-30,1,DRH,4.098
2025-03-30,2,DCL,2.923
2025-03-30,2,DCH,0.972
2025-03-30,2,DML,1.919
2025-03-30,2,DMH,0.644
2025-03-30,2,DRL,2.564
2025-03-30,2,DRH,1.135
2025-03-30,3,DCL,1.327
2025-03-30,3,DCH,0.969
2025-03-30,3,DML,2.442
2025-03-30,3,DMH,1.214
2025-03-30,3,DRL,2.028
2025-03-30,3,DRH,2.133
2025-03-30,4,DCL,5.191
2025-03-30,4,DCH,0.954
2025-03-30,4,DML,8.969
2025-03-30,4,DMH,1.256
2025-03-30,4,DRL,2.157
2025-03-30,4,DRH,3.677
2025-03-30,5,DCL,11.445
2025-03-30,5,DCH,1.161
2025-03-30,5,DML,1.624
2025-03-30,5,DMH,1.266
2025-03-30,5,DRL,25.954
2025-03-30,5,DRH,4.396
2025-03-30,6,DCL,5.795
2025-03-30,6,DCH,0.749
2025-03-30,6,DML,1.673
2025-03-30,6,DMH,1.044
2025-03-30,6,DRL,7.364
2025-03-30,6,DRH,1.11
2025-03-31,1,DCL,2.905
2025-03-31,1,DCH,0.774
2025-03-31,1,DML,1.474
2025-03-31,1,DMH,0.334
2025-03-31,1,DRL,3.169
2025-03-31,1,DRH,1.609
2025-03-31,2,DCL,2.547
2025-03-31,2,DCH,0.295
2025-03-31,2,DML,2.043
2025-03-31,2,DMH,0.482
2025-03-31,2,DRL,1.087
2025-03-31,2,DRH,3.148
2025-03-31,3,DCL,2.021
2025-03-31,3,DCH,0.945
2025-03-31,3,DML,1.049
2025-03-31,3,DMH,1.455
2025-03-31,3,DRL,6.674
2025-03-31,3,DRH,1.647
2025-03-31,4,DCL,3.029
2025-03-31,4,DCH,0.732
2025-03-31,4,DML,7.234
2025-03-31,4,DMH,3.523
2025-03-31,4,DRL,3.661
2025-03-31,4,DRH,2.403
2025-03-31,5,DCL,4.934
2025-03-31,5,DCH,1.283
2025-03-31,5,DML,3.879
2025-03-31,5,DMH,0.756
2025-03-31,5,DRL,4.139
2025-03-31,5,DRH,1.584
2025-03-31,6,DCL,5.752
2025-03-31,6,DCH,1.263
2025-03-31,6,DML,2.107
2025-03-31,6,DMH,1.366
2025-03-31,6,DRL,3.581
2025-03-31,6,DRH,7.062
2025-04-01,1,DCL,2.723
2025-04-01,1,DCH,0.379
2025-04-01,1,DML,1.9
2025-04-01,1,DMH,1.967
2025-04-01,1,DRL,13.005
2025-04-01,1,DRH,1.443
2025-04-01,2,DCL,1.246
2025-04-01,2,DCH,0.764
2025-04-01,2,DML,1.094
2025-04-01,2,DMH,0.919
2025-04-01,2,DRL,1.24
2025-04-01,2,DRH,1.44
2025-04-01,3,DCL,0.943
2025-04-01,3,DCH,1.086
2025-04-01,3,DML,2.558
2025-04-01,3,DMH,1.217
2025-04-01,3,DRL,1.658
2025-04-01,3,DRH,1.419
2025-04-01,4,DCL,5.441
2025-04-01,4,DCH,2.259
2025-04-01,4,DML,2.008
2025-04-01,4,DMH,4.429
2025-04-01,4,DRL,2.758
2025-04-01,4,DRH,3.172
2025-04-01,5,DCL,3.189
2025-04-01,5,DCH,2.343
2025-04-01,5,DML,4.156
2025-04-01,5,DMH,1.564
2025-04-01,5,DRL,2.554
2025-04-01,5,DRH,4.351
2025-04-01,6,DCL,7.659
2025-04-01,6,DCH,1.165
2025-04-01,6,DML,2.15
2025-04-01,6,DMH,2.235
2025-04-01,6,DRL,5.037
2025-04-01,6,DRH,1.873
2025-04-02,1,DCL,1.872
2025-04-02,1,DCH,0.76
2025-04-02,1,DML,1.61
2025-04-02,1,DMH,0.589
2025-04-02,1,DRL,1.739
2025-04-02,1,DRH,3.772
2025-04-02,2,DCL,3.938
2025-04-02,2,DCH,1.201
2025-04-02,2,DML,1.485
2025-04-02,2,DMH,0.532
2025-04-02,2,DRL,4.854
2025-04-02,2,DRH,1.232
2025-04-02,3,DCL,5.115
2025-04-02,3,DCH,1.149
2025-04-02,3,DML,2.832
2025-04-02,3,DMH,0.608
2025-04-02,3,DRL,4.316
2025-04-02,3,DRH,1.722
2025-04-02,4,DCL,2.514
2025-04-02,4,DCH,0.592
2025-04-02,4,DML,1.237
2025-04-02,4,DMH,0.681
2025-04-02,4,DRL,3.972
2025-04-02,4,DRH,1.035
2025-04-02,5,DCL,1.546
2025-04-02,5,DCH,1.778
2025-04-02,5,DML,1.923
2025-04-02,5,DMH,1.147
2025-04-02,5,DRL,14.947
2025-04-02,5,DRH,2.408
2025-04-02,6,DCL,2.361
2025-04-02,6,DCH,2.087
2025-04-02,6,DML,2.292
2025-04-02,6,DMH,0.691
2025-04-02,6,DRL,4.807
2025-04-02,6,DRH,2.185
2025-04-03,1,DCL,1.781
2025-04-03,1,DCH,1.025
2025-04-03,1,DML,4.918
2025-04-03,1,DMH,0.86
2025-04-03,1,DRL,3.771
2025-04-03,1,DRH,3.912
2025-04-03,2,DCL,2.473
2025-04-03,2,DCH,0.809
2025-04-03,2,DML,1.841
2025-04-03,2,DMH,0.841
2025-04-03,2,DRL,1.455
2025-04-03,2,DRH,1.538
2025-04-03,3,DCL,3.727
2025-04-03,3,DCH,1.683
2025-04-03,3,DML,2.769
2025-04-03,3,DMH,0.733
2025-04-03,3,DRL,3.815
2025-04-03,3,DRH,1.461
2025-04-03,4,DCL,3.678
2025-04-03,4,DCH,0.4
2025-04-03,4,DML,3.456
2025-04-03,4,DMH,1.029
2025-04-03,4,DRL,2.513
2025-04-03,4,DRH,1.139
2025-04-03,5,DCL,5.322
2025-04-03,5,DCH,2.541
2025-04-03,5,DML,2.245
2025-04-03,5,DMH,1.457
2025-04-03,5,DRL,5.781
2025-04-03,5,DRH,3.89
2025-04-03,6,DCL,5.99
2025-04-03,6,DCH,1.199
2025-04-03,6,DML,3.014
2025-04-03,6,DMH,1.075
2025-04-03,6,DRL,7.513
2025-04-03,6,DRH,0.774
2025-04-04,1,DCL,7.093
2025-04-04,1,DCH,0.433
2025-04-04,1,DML,2.19
2025-04-04,1,DMH,0.586
2025-04-04,1,DRL,3.576
2025-04-04,1,DRH,1.149
2025-04-04,2,DCL,2.163
2025-04-04,2,DCH,1.423
2025-04-04,2,DML,1.104
2025-04-04,2,DMH,0.477
2025-04-04,2,DRL,8.325
2025-04-04,2,DRH,0.77
2025-04-04,3,DCL,2.157
2025-04-04,3,DCH,1.49
2025-04-04,3,DML,1.259
2025-04-04,3,DMH,0.638
2025-04-04,3,DRL,6.187
2025-04-04,3,DRH,3.999
2025-04-04,4,DCL,3.533
2025-04-04,4,DCH,1.072
2025-04-04,4,DML,2.441
2025-04-04,4,DMH,1.313
2025-04-04,4,DRL,7.133
2025-04-04,4,DRH,3.293
2025-04-04,5,DCL,2.206
2025-04-04,5,DCH,0.955
2025-04-04,5,DML,5.685
2025-04-04,5,DMH,1.21
2025-04-04,5,DRL,1.868
2025-04-04,5,DRH,2.625
2025-04-04,6,DCL,2.497
2025-04-04,6,DCH,2.862
2025-04-04,6,DML,4.663
2025-04-04,6,DMH,1.139
2025-04-04,6,DRL,2.091
2025-04-04,6,DRH,1.263
2025-04-05,1,DCL,1.678
2025-04-05,1,DCH,0.501
2025-04-05,1,DML,1.389
2025-04-05,1,DMH,0.953
2025-04-05,1,DRL,1.297
2025-04-05,1,DRH,1.209
2025-04-05,2,DCL,2.028
2025-04-05,2,DCH,0.95
2025-04-05,2,DML,1.383
2025-04-05,2,DMH,0.584
2025-04-05,2,DRL,1.658
2025-04-05,2,DRH,2.15
2025-04-05,3,DCL,2.655
2025-04-05,3,DCH,0.721
2025-04-05,3,DML,1.828
2025-04-05,3,DMH,1.257
2025-04-05,3,DRL,4.356
2025-04-05,3,DRH,2.519
2025-04-05,4,DCL,4.356
2025-04-05,4,DCH,1.022
2025-04-05,4,DML,1.853
2025-04-05,4,DMH,0.931
2025-04-05,4,DRL,2.137
2025-04-05,4,DRH,0.546
2025-04-05,5,DCL,5.795
2025-04-05,5,DCH,3.121
2025-04-05,5,DML,1.685
2025-04-05,5,DMH,2.053
2025-04-05,5,DRL,7.168
2025-04-05,5,DRH,7.246
2025-04-05,6,DCL,3.07
2025-04-05,6,DCH,2.376
2025-04-05,6,DML,4.464
2025-04-05,6,DMH,1.14
2025-04-05,6,DRL,3.575
2025-04-05,6,DRH,1.673
2025-04-06,1,DCL,3.568
2025-04-06,1,DCH,3.191
2025-04-06,1,DML,2.492
2025-04-06,1,DMH,1.252
2025-04-06,1,DRL,3.496
2025-04-06,1,DRH,3.89
2025-04-06,2,DCL,2.003
2025-04-06,2,DCH,1.272
2025-04-06,2,DML,1.992
2025-04-06,2,DMH,0.296
2025-04-06,2,DRL,1.618
2025-04-06,2,DRH,0.879
2025-04-06,3,DCL,3.756
2025-04-06,3,DCH,1.67
2025-04-06,3,DML,4.114
2025-04-06,3,DMH,1.562
2025-04-06,3,DRL,3.627
2025-04-06,3,DRH,1.542
2025-04-06,4,DCL,5.145
2025-04-06,4,DCH,0.869
2025-04-06,4,DML,2.855
2025-04-06,4,DMH,2.59
2025-04-06,4,DRL,1.995
2025-04-06,4,DRH,1.841
2025-04-06,5,DCL,10.716
2025-04-06,5,DCH,3.068
2025-04-06,5,DML,6.671
2025-04-06,5,DMH,0.999
2025-04-06,5,DRL,10.996
2025-04-06,5,DRH,3.068
2025-04-06,6,DCL,2.077
2025-04-06,6,DCH,1.346
2025-04-06,6,DML,1.289
2025-04-06,6,DMH,0.803
2025-04-06,6,DRL,3.862
2025-04-06,6,DRH,1.674
2025-04-07,1,DCL,3.597
2025-04-07,1,DCH,0.793
2025-04-07,1,DML,1.887
2025-04-07,1,DMH,1.826
2025-04-07,1,DRL,2.022
2025-04-07,1,DRH,3.087
2025-04-07,2,DCL,1.537
2025-04-07,2,DCH,1.956
2025-04-07,2,DML,1.202
2025-04-07,2,DMH,0.427
2025-04-07,2,DRL,3.139
2025-04-07,2,DRH,1.84
2025-04-07,3,DCL,5.307
2025-04-07,3,DCH,0.908
2025-04-07,3,DML,1.747
2025-04-07,3,DMH,1.583
2025-04-07,3,DRL,9.93
2025-04-07,3,DRH,1.91
2025-04-07,4,DCL,2.984
2025-04-07,4,DCH,2.462
2025-04-07,4,DML,2.158
2025-04-07,4,DMH,0.865
2025-04-07,4,DRL,7.484
2025-04-07,4,DRH,1.892
2025-04-07,5,DCL,8.066
2025-04-07,5,DCH,2.108
2025-04-07,5,DML,5.334
2025-04-07,5,DMH,2.529
2025-04-07,5,DRL,3.701
2025-04-07,5,DRH,2.91
2025-04-07,6,DCL,1.625
2025-04-07,6,DCH,1.194
2025-04-07,6,DML,4.575
2025-04-07,6,DMH,0.664
2025-04-07,6,DRL,2.084
2025-04-07,6,DRH,0.871
2025-04-08,1,DCL,1.309
2025-04-08,1,DCH,1.128
2025-04-08,1,DML,2.176
2025-04-08,1,DMH,2.82
2025-04-08,1,DRL,3.007
2025-04-08,1,DRH,2.194
2025-04-08,2,DCL,2.679
2025-04-08,2,DCH,0.353
2025-04-08,2,DML,3.072
2025-04-08,2,DMH,0.551
2025-04-08,2,DRL,1.639
2025-04-08,2,DRH,5.034
2025-04-08,3,DCL,3.655
2025-04-08,3,DCH,0.966
2025-04-08,3,DML,1.294
2025-04-08,3,DMH,0.955
2025-04-08,3,DRL,1.432
2025-04-08,3,DRH,2.661
2025-04-08,4,DCL,2.566
2025-04-08,4,DCH,1.115
2025-04-08,4,DML,1.337
2025-04-08,4,DMH,1.121
2025-04-08,4,DRL,2.74
2025-04-08,4,DRH,0.924
2025-04-08,5,DCL,8.364
2025-04-08,5,DCH,1.953
2025-04-08,5,DML,1.15
2025-04-08,5,DMH,2.828
2025-04-08,5,DRL,9.508
2025-04-08,5,DRH,3.777
2025-04-08,6,DCL,3.663
2025-04-08,6,DCH,2.495
2025-04-08,6,DML,2.717
2025-04-08,6,DMH,1.187
2025-04-08,6,DRL,6.762
2025-04-08,6,DRH,1.68
2025-04-09,1,DCL,4.155
2025-04-09,1,DCH,1.643
2025-04-09,1,DML,2.077
2025-04-09,1,DMH,0.599
2025-04-09,1,DRL,2.284
2025-04-09,1,DRH,1.518
2025-04-09,2,DCL,4.736
2025-04-09,2,DCH,1.322
2025-04-09,2,DML,1.585
2025-04-09,2,DMH,0.883
2025-04-09,2,DRL,2.607
2025-04-09,2,DRH,2.226
2025-04-09,3,DCL,9.245
2025-04-09,3,DCH,0.451
2025-04-09,3,DML,2.008
2025-04-09,3,DMH,0.893
2025-04-09,3,DRL,3.972
2025-04-09,3,DRH,3.974
2025-04-09,4,DCL,2.868
2025-04-09,4,DCH,1.564
2025-04-09,4,DML,3.734
2025-04-09,4,DMH,0.425
2025-04-09,4,DRL,2.667
2025-04-09,4,DRH,3.214
2025-04-09,5,DCL,5.898
2025-04-09,5,DCH,1.008
2025-04-09,5,DML,4.882
2025-04-09,5,DMH,0.827
2025-04-09,5,DRL,8.429
2025-04-09,5,DRH,2.235
2025-04-09,6,DCL,1.915
2025-04-09,6,DCH,0.643
2025-04-09,6,DML,1.532
2025-04-09,6,DMH,0.666
2025-04-09,6,DRL,9.434
2025-04-09,6,DRH,3.99
2025-04-10,1,DCL,4.573
2025-04-10,1,DCH,0.775
2025-04-10,1,DML,0.924
2025-04-10,1,DMH,0.669
2025-04-10,1,DRL,6.26
2025-04-10,1,DRH,0.475
2025-04-10,2,DCL,3.574
2025-04-10,2,DCH,1.639
2025-04-10,2,DML,1.605
2025-04-10,2,DMH,0.601
2025-04-10,2,DRL,3.298
2025-04-10,2,DRH,1.721
2025-04-10,3,DCL,5.194
2025-04-10,3,DCH,0.924
2025-04-10,3,DML,3.602
2025-04-10,3,DMH,0.987
2025-04-10,3,DRL,1.993
2025-04-10,3,DRH,1.83
2025-04-10,4,DCL,2.446
2025-04-10,4,DCH,0.673
2025-04-10,4,DML,6.646
2025-04-10,4,DMH,0.824
2025-04-10,4,DRL,2.022
2025-04-10,4,DRH,5.666
2025-04-10,5,DCL,3.626
2025-04-10,5,DCH,1.898
2025-04-10,5,DML,6.569
2025-04-10,5,DMH,1.82
2025-04-10,5,DRL,4.417
2025-04-10,5,DRH,2.473
2025-04-10,6,DCL,1.362
2025-04-10,6,DCH,2.641
2025-04-10,6,DML,5.139
2025-04-10,6,DMH,0.85
2025-04-10,6,DRL,3.86
2025-04-10,6,DRH,0.834
2025-04-11,1,DCL,0.759
2025-04-11,1,DCH,1.152
2025-04-11,1,DML,2.837
2025-04-11,1,DMH,0.853
2025-04-11,1,DRL,3.042
2025-04-11,1,DRH,0.92
2025-04-11,2,DCL,1.537
2025-04-11,2,DCH,0.59
2025-04-11,2,DML,0.946
2025-04-11,2,DMH,0.434
2025-04-11,2,DRL,2.102
2025-04-11,2,DRH,1.995
2025-04-11,3,DCL,2.089
2025-04-11,3,DCH,1.214
2025-04-11,3,DML,2.264
2025-04-11,3,DMH,1.881
2025-04-11,3,DRL,2.122
2025-04-11,3,DRH,1.267
2025-04-11,4,DCL,1.842
2025-04-11,4,DCH,1.845
2025-04-11,4,DML,4.25
2025-04-11,4,DMH,0.791
2025-04-11,4,DRL,4.425
2025-04-11,4,DRH,2.455
2025-04-11,5,DCL,5.024
2025-04-11,5,DCH,2.824
2025-04-11,5,DML,8.848
2025-04-11,5,DMH,1.061
2025-04-11,5,DRL,5.984
2025-04-11,5,DRH,1.314
2025-04-11,6,DCL,6.112
2025-04-11,6,DCH,1.863
2025-04-11,6,DML,3.663
2025-04-11,6,DMH,0.801
2025-04-11,6,DRL,2.961
2025-04-11,6,DRH,1.913
2025-04-12,1,DCL,1.62
2025-04-12,1,DCH,0.407
2025-04-12,1,DML,1.95
2025-04-12,1,DMH,0.757
2025-04-12,1,DRL,4.238
2025-04-12,1,DRH,2.248
2025-04-12,2,DCL,0.656
2025-04-12,2,DCH,1.237
2025-04-12,2,DML,1.035
2025-04-12,2,DMH,0.739
2025-04-12,2,DRL,5.047
2025-04-12,2,DRH,0.859
2025-04-12,3,DCL,3.465
2025-04-12,3,DCH,0.73
2025-04-12,3,DML,1.258
2025-04-12,3,DMH,0.864
2025-04-12,3,DRL,3.081
2025-04-12,3,DRH,1.473
2025-04-12,4,DCL,5.525
2025-04-12,4,DCH,0.633
2025-04-12,4,DML,0.678
2025-04-12,4,DMH,0.757
2025-04-12,4,DRL,2.176
2025-04-12,4,DRH,0.406
2025-04-12,5,DCL,6.885
2025-04-12,5,DCH,2.015
2025-04-12,5,DML,3.299
2025-04-12,5,DMH,1.557
2025-04-12,5,DRL,12.077
2025-04-12,5,DRH,2.989
2025-04-12,6,DCL,3.527
2025-04-12,6,DCH,0.732
2025-04-12,6,DML,2.174
2025-04-12,6,DMH,0.802
2025-04-12,6,DRL,6.958
2025-04-12,6,DRH,4.376
2025-04-13,1,DCL,1.791
2025-04-13,1,DCH,0.374
2025-04-13,1,DML,6.262
2025-04-13,1,DMH,2.182
2025-04-13,1,DRL,6.343
2025-04-13,1,DRH,1.027
2025-04-13,2,DCL,1.216
2025-04-13,2,DCH,1.371
2025-04-13,2,DML,1.172
2025-04-13,2,DMH,0.264
2025-04-13,2,DRL,1.529
2025-04-13,2,DRH,0.987
2025-04-13,3,DCL,4.466
2025-04-13,3,DCH,0.984
2025-04-13,3,DML,2.323
2025-04-13,3,DMH,0.72
2025-04-13,3,DRL,1.94
2025-04-13,3,DRH,4.928
2025-04-13,4,DCL,7.472
2025-04-13,4,DCH,1.614
2025-04-13,4,DML,2.363
2025-04-13,4,DMH,0.923
2025-04-13,4,DRL,3.763
2025-04-13,4,DRH,2.24
2025-04-13,5,DCL,5.47
2025-04-13,5,DCH,2.259
2025-04-13,5,DML,1.404
2025-04-13,5,DMH,1.196
2025-04-13,5,DRL,1.951
2025-04-13,5,DRH,1.953
2025-04-13,6,DCL,2.111
2025-04-13,6,DCH,2.228
2025-04-13,6,DML,2.979
2025-04-13,6,DMH,0.468
2025-04-13,6,DRL,2.854
2025-04-13,6,DRH,0.442
2025-04-14,1,DCL,2.813
2025-04-14,1,DCH,0.935
2025-04-14,1,DML,0.879
2025-04-14,1,DMH,0.466
2025-04-14,1,DRL,6.96
2025-04-14,1,DRH,1.671
2025-04-14,2,DCL,1.729
2025-04-14,2,DCH,0.571
2025-04-14,2,DML,2.732
2025-04-14,2,DMH,0.647
2025-04-14,2,DRL,2.471
2025-04-14,2,DRH,0.942
2025-04-14,3,DCL,4.618
2025-04-14,3,DCH,2.132
2025-04-14,3,DML,3.141
2025-04-14,3,DMH,0.695
2025-04-14,3,DRL,3.392
2025-04-14,3,DRH,1.944
2025-04-14,4,DCL,1.961
2025-04-14,4,DCH,2.837
2025-04-14,4,DML,1.838
2025-04-14,4,DMH,1.037
2025-04-14,4,DRL,1.535
2025-04-14,4,DRH,3.176
2025-04-14,5,DCL,8.863
2025-04-14,5,DCH,2.059
2025-04-14,5,DML,5.308
2025-04-14,5,DMH,2.812
2025-04-14,5,DRL,4.976
2025-04-14,5,DRH,2.687
2025-04-14,6,DCL,4.047
2025-04-14,6,DCH,2.019
2025-04-14,6,DML,3.123
2025-04-14,6,DMH,1.37
2025-04-14,6,DRL,1.554
2025-04-14,6,DRH,3.477
2025-04-15,1,DCL,3.301
2025-04-15,1,DCH,0.64
2025-04-15,1,DML,3.16
2025-04-15,1,DMH,0.562
2025-04-15,1,DRL,8.198
2025-04-15,1,DRH,1.621
2025-04-15,2,DCL,3.524
2025-04-15,2,DCH,0.466
2025-04-15,2,DML,3.345
2025-04-15,2,DMH,0.951
2025-04-15,2,DRL,2.15
2025-04-15,2,DRH,1.009
2025-04-15,3,DCL,2.488
2025-04-15,3,DCH,1.147
2025-04-15,3,DML,3.468
2025-04-15,3,DMH,2.013
2025-04-15,3,DRL,3.032
2025-04-15,3,DRH,0.845
2025-04-15,4,DCL,1.565
2025-04-15,4,DCH,0.623
2025-04-15,4,DML,2.217
2025-04-15,4,DMH,0.796
2025-04-15,4,DRL,2.86
2025-04-15,4,DRH,1.715
2025-04-15,5,DCL,5.204
2025-04-15,5,DCH,3.934
2025-04-15,5,DML,13.748
2025-04-15,5,DMH,2.077
2025-04-15,5,DRL,7.512
2025-04-15,5,DRH,1.501
2025-04-15,6,DCL,8.572
2025-04-15,6,DCH,2.9
2025-04-15,6,DML,4.582
2025-04-15,6,DMH,1.591
2025-04-15,6,DRL,3.387
2025-04-15,6,DRH,2.863
2025-04-16,1,DCL,2.702
2025-04-16,1,DCH,0.715
2025-04-16,1,DML,1.211
2025-04-16,1,DMH,0.385
2025-04-16,1,DRL,3.135
2025-04-16,1,DRH,0.931
2025-04-16,2,DCL,1.495
2025-04-16,2,DCH,0.426
2025-04-16,2,DML,0.6
2025-04-16,2,DMH,1.237
2025-04-16,2,DRL,4.195
2025-04-16,2,DRH,2.129
2025-04-16,3,DCL,3.345
2025-04-16,3,DCH,1.43
2025-04-16,3,DML,1.618
2025-04-16,3,DMH,0.78
2025-04-16,3,DRL,3.071
2025-04-16,3,DRH,2.409
2025-04-16,4,DCL,4.731
2025-04-16,4,DCH,2.496
2025-04-16,4,DML,2.709
2025-04-16,4,DMH,1.755
2025-04-16,4,DRL,2.407
2025-04-16,4,DRH,1.154
2025-04-16,5,DCL,3.216
2025-04-16,5,DCH,4.174
2025-04-16,5,DML,3.056
2025-04-16,5,DMH,2.499
2025-04-16,5,DRL,4.264
2025-04-16,5,DRH,2.941
2025-04-16,6,DCL,1.114
2025-04-16,6,DCH,0.803
2025-04-16,6,DML,3.929
2025-04-16,6,DMH,2.598
2025-04-16,6,DRL,2.638
2025-04-16,6,DRH,1.079
2025-04-17,1,DCL,1.14
2025-04-17,1,DCH,0.976
2025-04-17,1,DML,2.491
2025-04-17,1,DMH,0.511
2025-04-17,1,DRL,2.658
2025-04-17,1,DRH,1.274
2025-04-17,2,DCL,3.316
2025-04-17,2,DCH,1.416
2025-04-17,2,DML,1.647
2025-04-17,2,DMH,0.879
2025-04-17,2,DRL,2.253
2025-04-17,2,DRH,1.934
2025-04-17,3,DCL,2.547
2025-04-17,3,DCH,1.362
2025-04-17,3,DML,1.321
2025-04-17,3,DMH,1.503
2025-04-17,3,DRL,2.632
2025-04-17,3,DRH,7.782
2025-04-17,4,DCL,2.555
2025-04-17,4,DCH,0.625
2025-04-17,4,DML,2.038
2025-04-17,4,DMH,0.971
2025-04-17,4,DRL,5.736
2025-04-17,4,DRH,6.072
2025-04-17,5,DCL,3.069
2025-04-17,5,DCH,1.081
2025-04-17,5,DML,4.491
2025-04-17,5,DMH,1.303
2025-04-17,5,DRL,11.835
2025-04-17,5,DRH,2.422
2025-04-17,6,DCL,1.983
2025-04-17,6,DCH,0.765
2025-04-17,6,DML,3.315
2025-04-17,6,DMH,1.086
2025-04-17,6,DRL,2.452
2025-04-17,6,DRH,2.93
2025-04-18,1,DCL,1.457
2025-04-18,1,DCH,1.034
2025-04-18,1,DML,1.579
2025-04-18,1,DMH,1.324
2025-04-18,1,DRL,5.118
2025-04-18,1,DRH,0.779
2025-04-18,2,DCL,1.187
2025-04-18,2,DCH,0.575
2025-04-18,2,DML,0.798
2025-04-18,2,DMH,0.747
2025-04-18,2,DRL,2.834
2025-04-18,2,DRH,0.764
2025-04-18,3,DCL,1.349
2025-04-18,3,DCH,0.86
2025-04-18,3,DML,1.55
2025-04-18,3,DMH,0.82
2025-04-18,3,DRL,3.184
2025-04-18,3,DRH,3.518
2025-04-18,4,DCL,2.556
2025-04-18,4,DCH,1.595
2025-04-18,4,DML,1.871
2025-04-18,4,DMH,0.465
2025-04-18,4,DRL,2.695
2025-04-18,4,DRH,1.73
2025-04-18,5,DCL,5.641
2025-04-18,5,DCH,0.987
2025-04-18,5,DML,3.817
2025-04-18,5,DMH,0.863
2025-04-18,5,DRL,3.313
2025-04-18,5,DRH,1.924
2025-04-18,6,DCL,2.652
2025-04-18,6,DCH,1.716
2025-04-18,6,DML,2.291
2025-04-18,6,DMH,1.038
2025-04-18,6,DRL,4.756
2025-04-18,6,DRH,0.889
2025-04-19,1,DCL,2.901
2025-04-19,1,DCH,1.295
2025-04-19,1,DML,1.219
2025-04-19,1,DMH,1.221
2025-04-19,1,DRL,2.692
2025-04-19,1,DRH,3.419
2025-04-19,2,DCL,6.686
2025-04-19,2,DCH,0.755
2025-04-19,2,DML,2.568
2025-04-19,2,DMH,0.532
2025-04-19,2,DRL,3.361
2025-04-19,2,DRH,1.748
2025-04-19,3,DCL,2.316
2025-04-19,3,DCH,1.74
2025-04-19,3,DML,2.165
2025-04-19,3,DMH,0.69
2025-04-19,3,DRL,1.622
2025-04-19,3,DRH,3.445
2025-04-19,4,DCL,1.328
2025-04-19,4,DCH,0.501
2025-04-19,4,DML,1.709
2025-04-19,4,DMH,0.79
2025-04-19,4,DRL,4.016
2025-04-19,4,DRH,1.091
2025-04-19,5,DCL,3.196
2025-04-19,5,DCH,1.616
2025-04-19,5,DML,6.044
2025-04-19,5,DMH,1.098
2025-04-19,5,DRL,9.185
2025-04-19,5,DRH,4.711
2025-04-19,6,DCL,3.72
2025-04-19,6,DCH,0.758
2025-04-19,6,DML,2.657
2025-04-19,6,DMH,0.564
2025-04-19,6,DRL,4.293
2025-04-19,6,DRH,1.406
2025-04-20,1,DCL,2.344
2025-04-20,1,DCH,1.056
2025-04-20,1,DML,1.678
2025-04-20,1,DMH,0.577
2025-04-20,1,DRL,1.91
2025-04-20,1,DRH,1.381
2025-04-20,2,DCL,4.64
2025-04-20,2,DCH,1.315
2025-04-20,2,DML,0.967
2025-04-20,2,DMH,1.405
2025-04-20,2,DRL,1.309
2025-04-20,2,DRH,1.257
2025-04-20,3,DCL,2.972
2025-04-20,3,DCH,0.745
2025-04-20,3,DML,1.839
2025-04-20,3,DMH,2.176
2025-04-20,3,DRL,4.648
2025-04-20,3,DRH,4.463
2025-04-20,4,DCL,4.388
2025-04-20,4,DCH,0.59
2025-04-20,4,DML,3.155
2025-04-20,4,DMH,1.683
2025-04-20,4,DRL,4.335
2025-04-20,4,DRH,0.706
2025-04-20,5,DCL,4.466
2025-04-20,5,DCH,1.95
2025-04-20,5,DML,3.24
2025-04-20,5,DMH,0.776
2025-04-20,5,DRL,4.523
2025-04-20,5,DRH,2.754
2025-04-20,6,DCL,2.239
2025-04-20,6,DCH,0.887
2025-04-20,6,DML,2.078
2025-04-20,6,DMH,2.969
2025-04-20,6,DRL,2.94
2025-04-20,6,DRH,2.574
2025-04-21,1,DCL,3.064
2025-04-21,1,DCH,0.867
2025-04-21,1,DML,2.023
2025-04-21,1,DMH,0.598
2025-04-21,1,DRL,10.02
2025-04-21,1,DRH,1.64
2025-04-21,2,DCL,3.826
2025-04-21,2,DCH,0.589
2025-04-21,2,DML,1.468
2025-04-21,2,DMH,0.304
2025-04-21,2,DRL,2.114
2025-04-21,2,DRH,1.112
2025-04-21,3,DCL,1.628
2025-04-21,3,DCH,0.755
2025-04-21,3,DML,0.949
2025-04-21,3,DMH,0.952
2025-04-21,3,DRL,3.954
2025-04-21,3,DRH,2.48
2025-04-21,4,DCL,2.065
2025-04-21,4,DCH,1.041
2025-04-21,4,DML,2.505
2025-04-21,4,DMH,0.921
2025-04-21,4,DRL,3.723
2025-04-21,4,DRH,1.101
2025-04-21,5,DCL,4.957
2025-04-21,5,DCH,1.472
2025-04-21,5,DML,5.454
2025-04-21,5,DMH,1.859
2025-04-21,5,DRL,5.025
2025-04-21,5,DRH,4.292
2025-04-21,6,DCL,1.487
2025-04-21,6,DCH,1.318
2025-04-21,6,DML,6.133
2025-04-21,6,DMH,0.8
2025-04-21,6,DRL,2.864
2025-04-21,6,DRH,0.633
2025-04-22,1,DCL,1.765
2025-04-22,1,DCH,2.389
2025-04-22,1,DML,1.25
2025-04-22,1,DMH,0.725
2025-04-22,1,DRL,2.128
2025-04-22,1,DRH,0.941
2025-04-22,2,DCL,2.07
2025-04-22,2,DCH,0.83
2025-04-22,2,DML,1.026
2025-04-22,2,DMH,0.849
2025-04-22,2,DRL,1.863
2025-04-22,2,DRH,1.273
2025-04-22,3,DCL,7.348
2025-04-22,3,DCH,1.86
2025-04-22,3,DML,2.299
2025-04-22,3,DMH,0.616
2025-04-22,3,DRL,2.533
2025-04-22,3,DRH,0.641
2025-04-22,4,DCL,4.418
2025-04-22,4,DCH,0.384
2025-04-22,4,DML,2.498
2025-04-22,4,DMH,2.761
2025-04-22,4,DRL,3.204
2025-04-22,4,DRH,0.498
2025-04-22,5,DCL,5.21
2025-04-22,5,DCH,3.241
2025-04-22,5,DML,2.426
2025-04-22,5,DMH,1.518
2025-04-22,5,DRL,16.654
2025-04-22,5,DRH,3.529
2025-04-22,6,DCL,5.083
2025-04-22,6,DCH,1.721
2025-04-22,6,DML,1.059
2025-04-22,6,DMH,1.899
2025-04-22,6,DRL,3.582
2025-04-22,6,DRH,0.998
2025-04-23,1,DCL,1.768
2025-04-23,1,DCH,0.75
2025-04-23,1,DML,1.508
2025-04-23,1,DMH,0.707
2025-04-23,1,DRL,4.157
2025-04-23,1,DRH,0.764
2025-04-23,2,DCL,1.941
2025-04-23,2,DCH,0.55
2025-04-23,2,DML,2.182
2025-04-23,2,DMH,0.967
2025-04-23,2,DRL,9.119
2025-04-23,2,DRH,0.632
2025-04-23,3,DCL,1.305
2025-04-23,3,DCH,1.266
2025-04-23,3,DML,1.847
2025-04-23,3,DMH,1.495
2025-04-23,3,DRL,5.097
2025-04-23,3,DRH,2.517
2025-04-23,4,DCL,3.91
2025-04-23,4,DCH,0.599
2025-04-23,4,DML,2.309
2025-04-23,4,DMH,0.64
2025-04-23,4,DRL,1.972
2025-04-23,4,DRH,1.013
2025-04-23,5,DCL,6.964
2025-04-23,5,DCH,3.944
2025-04-23,5,DML,3.356
2025-04-23,5,DMH,1.361
2025-04-23,5,DRL,10.902
2025-04-23,5,DRH,5.147
2025-04-23,6,DCL,1.543
2025-04-23,6,DCH,0.983
2025-04-23,6,DML,5.078
2025-04-23,6,DMH,1.341
2025-04-23,6,DRL,4.445
2025-04-23,6,DRH,2.138
2025-04-24,1,DCL,2.838
2025-04-24,1,DCH,0.867
2025-04-24,1,DML,2.557
2025-04-24,1,DMH,0.887
2025-04-24,1,DRL,6.003
2025-04-24,1,DRH,1.381
2025-04-24,2,DCL,4.665
2025-04-24,2,DCH,0.697
2025-04-24,2,DML,1.186
2025-04-24,2,DMH,0.658
2025-04-24,2,DRL,1.244
2025-04-24,2,DRH,3.658
2025-04-24,3,DCL,2.48
2025-04-24,3,DCH,1.643
2025-04-24,3,DML,1.721
2025-04-24,3,DMH,0.683
2025-04-24,3,DRL,5.774
2025-04-24,3,DRH,3.156
2025-04-24,4,DCL,1.64
2025-04-24,4,DCH,0.812
2025-04-24,4,DML,1.33
2025-04-24,4,DMH,1.504
2025-04-24,4,DRL,5.527
2025-04-24,4,DRH,1.368
2025-04-24,5,DCL,8.657
2025-04-24,5,DCH,0.997
2025-04-24,5,DML,6.911
2025-04-24,5,DMH,6.145
2025-04-24,5,DRL,5.217
2025-04-24,5,DRH,4.861
2025-04-24,6,DCL,1.673
2025-04-24,6,DCH,1.197
2025-04-24,6,DML,1.696
2025-04-24,6,DMH,0.67
2025-04-24,6,DRL,2.442
2025-04-24,6,DRH,2.107
2025-04-25,1,DCL,2.186
2025-04-25,1,DCH,0.944
2025-04-25,1,DML,1.068
2025-04-25,1,DMH,1.018
2025-04-25,1,DRL,2.707
2025-04-25,1,DRH,1.497
2025-04-25,2,DCL,1.243
2025-04-25,2,DCH,0.567
2025-04-25,2,DML,0.67
2025-04-25,2,DMH,0.949
2025-04-25,2,DRL,3.722
2025-04-25,2,DRH,1.286
2025-04-25,3,DCL,3.062
2025-04-25,3,DCH,0.353
2025-04-25,3,DML,1.099
2025-04-25,3,DMH,1.009
2025-04-25,3,DRL,3.323
2025-04-25,3,DRH,1.431
2025-04-25,4,DCL,1.79
2025-04-25,4,DCH,1.143
2025-04-25,4,DML,1.81
2025-04-25,4,DMH,1.294
2025-04-25,4,DRL,3.509
2025-04-25,4,DRH,1.548
2025-04-25,5,DCL,9.411
2025-04-25,5,DCH,0.911
2025-04-25,5,DML,3.736
2025-04-25,5,DMH,1.372
2025-04-25,5,DRL,4.72
2025-04-25,5,DRH,3.796
2025-04-25,6,DCL,2.304
2025-04-25,6,DCH,1.309
2025-04-25,6,DML,1.908
2025-04-25,6,DMH,0.253
2025-04-25,6,DRL,5.462
2025-04-25,6,DRH,2.814
2025-04-26,1,DCL,1.541
2025-04-26,1,DCH,1.591
2025-04-26,1,DML,1.166
2025-04-26,1,DMH,0.609
2025-04-26,1,DRL,2.09
2025-04-26,1,DRH,2.552
2025-04-26,2,DCL,4.599
2025-04-26,2,DCH,1.295
2025-04-26,2,DML,4.418
2025-04-26,2,DMH,0.307
2025-04-26,2,DRL,2.805
2025-04-26,2,DRH,0.51
2025-04-26,3,DCL,1.993
2025-04-26,3,DCH,0.726
2025-04-26,3,DML,1.442
2025-04-26,3,DMH,0.22
2025-04-26,3,DRL,3.145
2025-04-26,3,DRH,1.75
2025-04-26,4,DCL,4.189
2025-04-26,4,DCH,1.544
2025-04-26,4,DML,4.129
2025-04-26,4,DMH,1.838
2025-04-26,4,DRL,12.18
2025-04-26,4,DRH,1.49
2025-04-26,5,DCL,2.19
2025-04-26,5,DCH,1.008
2025-04-26,5,DML,3.35
2025-04-26,5,DMH,1.709
2025-04-26,5,DRL,15.473
2025-04-26,5,DRH,1.61
2025-04-26,6,DCL,4.033
2025-04-26,6,DCH,1.038
2025-04-26,6,DML,1.146
2025-04-26,6,DMH,0.922
2025-04-26,6,DRL,5.033
2025-04-26,6,DRH,0.941
2025-04-27,1,DCL,1.243
2025-04-27,1,DCH,0.585
2025-04-27,1,DML,0.901
2025-04-27,1,DMH,0.694
2025-04-27,1,DRL,1.863
2025-04-27,1,DRH,2.033
2025-04-27,2,DCL,1.31
2025-04-27,2,DCH,1.223
2025-04-27,2,DML,1.793
2025-04-27,2,DMH,1.136
2025-04-27,2,DRL,2.682
2025-04-27,2,DRH,2.164
2025-04-27,3,DCL,1.569
2025-04-27,3,DCH,0.742
2025-04-27,3,DML,0.804
2025-04-27,3,DMH,0.743
2025-04-27,3,DRL,3.169
2025-04-27,3,DRH,1.927
2025-04-27,4,DCL,2.563
2025-04-27,4,DCH,1.203
2025-04-27,4,DML,5.486
2025-04-27,4,DMH,0.921
2025-04-27,4,DRL,1.863
2025-04-27,4,DRH,2.433
2025-04-27,5,DCL,7.776
2025-04-27,5,DCH,0.624
2025-04-27,5,DML,3.329
2025-04-27,5,DMH,1.092
2025-04-27,5,DRL,11.467
2025-04-27,5,DRH,2.908
2025-04-27,6,DCL,2.791
2025-04-27,6,DCH,1.985
2025-04-27,6,DML,6.948
2025-04-27,6,DMH,0.431
2025-04-27,6,DRL,4.985
2025-04-27,6,DRH,5.682
2025-04-28,1,DCL,2.303
2025-04-28,1,DCH,0.63
2025-04-28,1,DML,2.827
2025-04-28,1,DMH,0.665
2025-04-28,1,DRL,5.21
2025-04-28,1,DRH,1.712
2025-04-28,2,DCL,1.424
2025-04-28,2,DCH,0.37
2025-04-28,2,DML,1.449
2025-04-28,2,DMH,0.462
2025-04-28,2,DRL,2.564
2025-04-28,2,DRH,0.97
2025-04-28,3,DCL,2.752
2025-04-28,3,DCH,0.733
2025-04-28,3,DML,1.731
2025-04-28,3,DMH,1.136
2025-04-28,3,DRL,5.365
2025-04-28,3,DRH,3.009
2025-04-28,4,DCL,3.581
2025-04-28,4,DCH,0.622
2025-04-28,4,DML,1.144
2025-04-28,4,DMH,0.513
2025-04-28,4,DRL,2.504
2025-04-28,4,DRH,1.777
2025-04-28,5,DCL,9.869
2025-04-28,5,DCH,1.79
2025-04-28,5,DML,3.259
2025-04-28,5,DMH,2.383
2025-04-28,5,DRL,7.696
2025-04-28,5,DRH,1.007
2025-04-28,6,DCL,3.639
2025-04-28,6,DCH,1.247
2025-04-28,6,DML,2.415
2025-04-28,6,DMH,1.827
2025-04-28,6,DRL,1.642
2025-04-28,6,DRH,2.398
2025-04-29,1,DCL,2.082
2025-04-29,1,DCH,2.131
2025-04-29,1,DML,1.108
2025-04-29,1,DMH,1.652
2025-04-29,1,DRL,2.672
2025-04-29,1,DRH,2.988
2025-04-29,2,DCL,2.73
2025-04-29,2,DCH,0.512
2025-04-29,2,DML,1.723
2025-04-29,2,DMH,0.483
2025-04-29,2,DRL,5.249
2025-04-29,2,DRH,1.469
2025-04-29,3,DCL,1.195
2025-04-29,3,DCH,1.386
2025-04-29,3,DML,3.835
2025-04-29,3,DMH,0.348
2025-04-29,3,DRL,3.186
2025-04-29,3,DRH,1.411
2025-04-29,4,DCL,3.669
2025-04-29,4,DCH,2.157
2025-04-29,4,DML,1.649
2025-04-29,4,DMH,1.448
2025-04-29,4,DRL,1.107
2025-04-29,4,DRH,3.559
2025-04-29,5,DCL,3.975
2025-04-29,5,DCH,3.19
2025-04-29,5,DML,3.221
2025-04-29,5,DMH,1.392
2025-04-29,5,DRL,9.335
2025-04-29,5,DRH,2.156
2025-04-29,6,DCL,1.835
2025-04-29,6,DCH,0.428
2025-04-29,6,DML,4.805
2025-04-29,6,DMH,0.663
2025-04-29,6,DRL,3.508
2025-04-29,6,DRH,4.08
2025-04-30,1,DCL,1.966
2025-04-30,1,DCH,1.68
2025-04-30,1,DML,1.42
2025-04-30,1,DMH,0.886
2025-04-30,1,DRL,2.154
2025-04-30,1,DRH,1.344
2025-04-30,2,DCL,1.698
2025-04-30,2,DCH,0.335
2025-04-30,2,DML,1.977
2025-04-30,2,DMH,0.906
2025-04-30,2,DRL,7.727
2025-04-30,2,DRH,1.197
2025-04-30,3,DCL,2.981
2025-04-30,3,DCH,1.0
2025-04-30,3,DML,2.841
2025-04-30,3,DMH,0.816
2025-04-30,3,DRL,1.69
2025-04-30,3,DRH,0.72
2025-04-30,4,DCL,3.848
2025-04-30,4,DCH,1.3
2025-04-30,4,DML,1.505
2025-04-30,4,DMH,0.568
2025-04-30,4,DRL,2.925
2025-04-30,4,DRH,1.111
2025-04-30,5,DCL,2.616
2025-04-30,5,DCH,1.669
2025-04-30,5,DML,2.906
2025-04-30,5,DMH,1.368
2025-04-30,5,DRL,4.398
2025-04-30,5,DRH,1.504
2025-04-30,6,DCL,2.547
2025-04-30,6,DCH,1.488
2025-04-30,6,DML,1.591
2025-04-30,6,DMH,0.601
2025-04-30,6,DRL,2.522
2025-04-30,6,DRH,1.329
2025-05-01,1,DCL,2.227
2025-05-01,1,DCH,2.001
2025-05-01,1,DML,0.822
2025-05-01,1,DMH,1.04
2025-05-01,1,DRL,1.825
2025-05-01,1,DRH,0.983
2025-05-01,2,DCL,1.748
2025-05-01,2,DCH,1.193
2025-05-01,2,DML,1.245
2025-05-01,2,DMH,0.804
2025-05-01,2,DRL,2.753
2025-05-01,2,DRH,1.228
2025-05-01,3,DCL,1.856
2025-05-01,3,DCH,0.9
2025-05-01,3,DML,2.197
2025-05-01,3,DMH,1.106
2025-05-01,3,DRL,2.612
2025-05-01,3,DRH,3.353
2025-05-01,4,DCL,2.676
2025-05-01,4,DCH,0.632
2025-05-01,4,DML,1.276
2025-05-01,4,DMH,1.372
2025-05-01,4,DRL,5.541
2025-05-01,4,DRH,1.22
2025-05-01,5,DCL,4.26
2025-05-01,5,DCH,2.736
2025-05-01,5,DML,6.012
2025-05-01,5,DMH,3.13
2025-05-01,5,DRL,10.246
2025-05-01,5,DRH,6.266
2025-05-01,6,DCL,4.821
2025-05-01,6,DCH,2.547
2025-05-01,6,DML,2.854
2025-05-01,6,DMH,0.37
2025-05-01,6,DRL,2.439
2025-05-01,6,DRH,2.218
2025-05-02,1,DCL,1.931
2025-05-02,1,DCH,1.005
2025-05-02,1,DML,3.524
2025-05-02,1,DMH,1.355
2025-05-02,1,DRL,3.149
2025-05-02,1,DRH,0.852
2025-05-02,2,DCL,3.098
2025-05-02,2,DCH,0.751
2025-05-02,2,DML,1.91
2025-05-02,2,DMH,1.468
2025-05-02,2,DRL,0.911
2025-05-02,2,DRH,1.138
2025-05-02,3,DCL,1.333
2025-05-02,3,DCH,1.19
2025-05-02,3,DML,1.227
2025-05-02,3,DMH,1.212
2025-05-02,3,DRL,1.651
2025-05-02,3,DRH,1.138
2025-05-02,4,DCL,4.358
2025-05-02,4,DCH,0.626
2025-05-02,4,DML,2.076
2025-05-02,4,DMH,0.689
2025-05-02,4,DRL,3.254
2025-05-02,4,DRH,2.517
2025-05-02,5,DCL,2.412
2025-05-02,5,DCH,3.593
2025-05-02,5,DML,2.113
2025-05-02,5,DMH,4.138
2025-05-02,5,DRL,3.716
2025-05-02,5,DRH,3.507
2025-05-02,6,DCL,2.132
2025-05-02,6,DCH,0.805
2025-05-02,6,DML,3.992
2025-05-02,6,DMH,1.707
2025-05-02,6,DRL,7.361
2025-05-02,6,DRH,1.247
2025-05-03,1,DCL,2.767
2025-05-03,1,DCH,0.376
2025-05-03,1,DML,2.906
2025-05-03,1,DMH,0.411
2025-05-03,1,DRL,3.43
2025-05-03,1,DRH,0.741
2025-05-03,2,DCL,2.437
2025-05-03,2,DCH,3.019
2025-05-03,2,DML,2.276
2025-05-03,2,DMH,1.171
2025-05-03,2,DRL,1.02
2025-05-03,2,DRH,0.44
2025-05-03,3,DCL,2.273
2025-05-03,3,DCH,0.921
2025-05-03,3,DML,2.526
2025-05-03,3,DMH,3.25
2025-05-03,3,DRL,6.099
2025-05-03,3,DRH,3.831
2025-05-03,4,DCL,1.922
2025-05-03,4,DCH,0.875
2025-05-03,4,DML,1.671
2025-05-03,4,DMH,1.36
2025-05-03,4,DRL,4.32
2025-05-03,4,DRH,3.401
2025-05-03,5,DCL,5.343
2025-05-03,5,DCH,1.255
2025-05-03,5,DML,2.855
2025-05-03,5,DMH,1.17
2025-05-03,5,DRL,3.68
2025-05-03,5,DRH,2.403
2025-05-03,6,DCL,1.839
2025-05-03,6,DCH,3.345
2025-05-03,6,DML,0.67
2025-05-03,6,DMH,1.027
2025-05-03,6,DRL,2.644
2025-05-03,6,DRH,4.056
2025-05-04,1,DCL,1.54
2025-05-04,1,DCH,1.428
2025-05-04,1,DML,0.734
2025-05-04,1,DMH,2.46
2025-05-04,1,DRL,2.767
2025-05-04,1,DRH,0.668
2025-05-04,2,DCL,1.439
2025-05-04,2,DCH,0.514
2025-05-04,2,DML,1.108
2025-05-04,2,DMH,0.442
2025-05-04,2,DRL,2.502
2025-05-04,2,DRH,1.817
2025-05-04,3,DCL,1.733
2025-05-04,3,DCH,1.482
2025-05-04,3,DML,1.193
2025-05-04,3,DMH,0.626
2025-05-04,3,DRL,2.644
2025-05-04,3,DRH,1.879
2025-05-04,4,DCL,2.32
2025-05-04,4,DCH,1.542
2025-05-04,4,DML,2.1
2025-05-04,4,DMH,2.221
2025-05-04,4,DRL,3.734
2025-05-04,4,DRH,0.905
2025-05-04,5,DCL,4.557
2025-05-04,5,DCH,1.058
2025-05-04,5,DML,4.948
2025-05-04,5,DMH,2.034
2025-05-04,5,DRL,5.627
2025-05-04,5,DRH,3.356
2025-05-04,6,DCL,1.65
2025-05-04,6,DCH,0.721
2025-05-04,6,DML,4.359
2025-05-04,6,DMH,1.314
2025-05-04,6,DRL,6.263
2025-05-04,6,DRH,2.362
2025-05-05,1,DCL,1.109
2025-05-05,1,DCH,0.613
2025-05-05,1,DML,1.142
2025-05-05,1,DMH,0.502
2025-05-05,1,DRL,2.564
2025-05-05,1,DRH,0.759
2025-05-05,2,DCL,1.708
2025-05-05,2,DCH,0.452
2025-05-05,2,DML,1.679
2025-05-05,2,DMH,1.096
2025-05-05,2,DRL,2.629
2025-05-05,2,DRH,1.199
2025-05-05,3,DCL,4.433
2025-05-05,3,DCH,0.773
2025-05-05,3,DML,2.274
2025-05-05,3,DMH,0.847
2025-05-05,3,DRL,1.142
2025-05-05,3,DRH,1.358
2025-05-05,4,DCL,9.373
2025-05-05,4,DCH,0.373
2025-05-05,4,DML,2.276
2025-05-05,4,DMH,0.702
2025-05-05,4,DRL,2.827
2025-05-05,4,DRH,1.573
2025-05-05,5,DCL,3.059
2025-05-05,5,DCH,1.699
2025-05-05,5,DML,5.585
2025-05-05,5,DMH,2.315
2025-05-05,5,DRL,10.345
2025-05-05,5,DRH,2.998
2025-05-05,6,DCL,3.901
2025-05-05,6,DCH,1.684
2025-05-05,6,DML,1.836
2025-05-05,6,DMH,0.748
2025-05-05,6,DRL,3.222
2025-05-05,6,DRH,2.007
2025-05-06,1,DCL,2.141
2025-05-06,1,DCH,0.45
2025-05-06,1,DML,3.346
2025-05-06,1,DMH,1.101
2025-05-06,1,DRL,2.034
2025-05-06,1,DRH,1.307
2025-05-06,2,DCL,1.067
2025-05-06,2,DCH,1.788
2025-05-06,2,DML,1.137
2025-05-06,2,DMH,0.358
2025-05-06,2,DRL,2.381
2025-05-06,2,DRH,2.173
2025-05-06,3,DCL,1.31
2025-05-06,3,DCH,0.672
2025-05-06,3,DML,1.338
2025-05-06,3,DMH,1.209
2025-05-06,3,DRL,3.79
2025-05-06,3,DRH,1.978
2025-05-06,4,DCL,1.653
2025-05-06,4,DCH,0.623
2025-05-06,4,DML,3.056
2025-05-06,4,DMH,0.898
2025-05-06,4,DRL,4.598
2025-05-06,4,DRH,1.28
2025-05-06,5,DCL,4.748
2025-05-06,5,DCH,0.801
2025-05-06,5,DML,3.752
2025-05-06,5,DMH,1.021
2025-05-06,5,DRL,4.833
2025-05-06,5,DRH,4.375
2025-05-06,6,DCL,2.064
2025-05-06,6,DCH,0.623
2025-05-06,6,DML,2.82
2025-05-06,6,DMH,1.938
2025-05-06,6,DRL,2.671
2025-05-06,6,DRH,2.811
2025-05-07,1,DCL,1.671
2025-05-07,1,DCH,0.864
2025-05-07,1,DML,1.041
2025-05-07,1,DMH,0.734
2025-05-07,1,DRL,2.311
2025-05-07,1,DRH,0.825
2025-05-07,2,DCL,1.644
2025-05-07,2,DCH,0.588
2025-05-07,2,DML,1.223
2025-05-07,2,DMH,0.882
2025-05-07,2,DRL,1.986
2025-05-07,2,DRH,0.97
2025-05-07,3,DCL,1.271
2025-05-07,3,DCH,0.521
2025-05-07,3,DML,2.978
2025-05-07,3,DMH,0.711
2025-05-07,3,DRL,1.039
2025-05-07,3,DRH,1.026
2025-05-07,4,DCL,1.439
2025-05-07,4,DCH,0.933
2025-05-07,4,DML,2.571
2025-05-07,4,DMH,0.931
2025-05-07,4,DRL,4.191
2025-05-07,4,DRH,1.225
2025-05-07,5,DCL,7.754
2025-05-07,5,DCH,2.484
2025-05-07,5,DML,1.911
2025-05-07,5,DMH,1.847
2025-05-07,5,DRL,4.06
2025-05-07,5,DRH,2.827
2025-05-07,6,DCL,4.855
2025-05-07,6,DCH,1.492
2025-05-07,6,DML,1.149
2025-05-07,6,DMH,0.608
2025-05-07,6,DRL,1.311
2025-05-07,6,DRH,2.848
2025-05-08,1,DCL,5.722
2025-05-08,1,DCH,0.961
2025-05-08,1,DML,1.705
2025-05-08,1,DMH,0.571
2025-05-08,1,DRL,7.189
2025-05-08,1,DRH,0.699
2025-05-08,2,DCL,2.008
2025-05-08,2,DCH,1.66
2025-05-08,2,DML,1.894
2025-05-08,2,DMH,1.061
2025-05-08,2,DRL,1.945
2025-05-08,2,DRH,1.482
2025-05-08,3,DCL,1.63
2025-05-08,3,DCH,0.661
2025-05-08,3,DML,1.553
2025-05-08,3,DMH,1.568
2025-05-08,3,DRL,3.824
2025-05-08,3,DRH,1.907
2025-05-08,4,DCL,1.586
2025-05-08,4,DCH,1.847
2025-05-08,4,DML,1.658
2025-05-08,4,DMH,1.017
2025-05-08,4,DRL,2.06
2025-05-08,4,DRH,1.977
2025-05-08,5,DCL,3.569
2025-05-08,5,DCH,1.657
2025-05-08,5,DML,3.447
2025-05-08,5,DMH,1.064
2025-05-08,5,DRL,4.878
2025-05-08,5,DRH,2.693
2025-05-08,6,DCL,1.549
2025-05-08,6,DCH,0.861
2025-05-08,6,DML,1.997
2025-05-08,6,DMH,0.333
2025-05-08,6,DRL,5.061
2025-05-08,6,DRH,1.642
2025-05-09,1,DCL,0.679
2025-05-09,1,DCH,0.356
2025-05-09,1,DML,2.109
2025-05-09,1,DMH,0.212
2025-05-09,1,DRL,3.73
2025-05-09,1,DRH,2.131
2025-05-09,2,DCL,3.807
2025-05-09,2,DCH,1.073
2025-05-09,2,DML,1.083
2025-05-09,2,DMH,0.917
2025-05-09,2,DRL,4.604
2025-05-09,2,DRH,2.042
2025-05-09,3,DCL,5.307
2025-05-09,3,DCH,0.392
2025-05-09,3,DML,2.368
2025-05-09,3,DMH,1.034
2025-05-09,3,DRL,4.858
2025-05-09,3,DRH,3.168
2025-05-09,4,DCL,3.13
2025-05-09,4,DCH,1.287
2025-05-09,4,DML,1.455
2025-05-09,4,DMH,1.227
2025-05-09,4,DRL,2.807
2025-05-09,4,DRH,2.992
2025-05-09,5,DCL,6.273
2025-05-09,5,DCH,1.203
2025-05-09,5,DML,3.3
2025-05-09,5,DMH,0.825
2025-05-09,5,DRL,7.671
2025-05-09,5,DRH,1.979
2025-05-09,6,DCL,3.275
2025-05-09,6,DCH,0.9
2025-05-09,6,DML,1.793
2025-05-09,6,DMH,1.004
2025-05-09,6,DRL,6.221
2025-05-09,6,DRH,1.145
2025-05-10,1,DCL,3.576
2025-05-10,1,DCH,1.369
2025-05-10,1,DML,1.619
2025-05-10,1,DMH,0.534
2025-05-10,1,DRL,1.772
2025-05-10,1,DRH,0.587
2025-05-10,2,DCL,1.659
2025-05-10,2,DCH,0.509
2025-05-10,2,DML,1.733
2025-05-10,2,DMH,0.821
2025-05-10,2,DRL,2.083
2025-05-10,2,DRH,2.188
2025-05-10,3,DCL,2.324
2025-05-10,3,DCH,1.047
2025-05-10,3,DML,1.396
2025-05-10,3,DMH,0.796
2025-05-10,3,DRL,3.8
2025-05-10,3,DRH,1.088
2025-05-10,4,DCL,1.85
2025-05-10,4,DCH,2.323
2025-05-10,4,DML,0.824
2025-05-10,4,DMH,0.586
2025-05-10,4,DRL,2.609
2025-05-10,4,DRH,2.606
2025-05-10,5,DCL,2.315
2025-05-10,5,DCH,1.257
2025-05-10,5,DML,1.823
2025-05-10,5,DMH,1.799
2025-05-10,5,DRL,2.902
2025-05-10,5,DRH,6.048
2025-05-10,6,DCL,3.853
2025-05-10,6,DCH,0.788
2025-05-10,6,DML,1.327
2025-05-10,6,DMH,1.493
2025-05-10,6,DRL,3.761
2025-05-10,6,DRH,0.654
2025-05-11,1,DCL,1.357
2025-05-11,1,DCH,0.808
2025-05-11,1,DML,1.301
2025-05-11,1,DMH,2.397
2025-05-11,1,DRL,1.686
2025-05-11,1,DRH,1.192
2025-05-11,2,DCL,3.809
2025-05-11,2,DCH,0.244
2025-05-11,2,DML,0.736
2025-05-11,2,DMH,0.416
2025-05-11,2,DRL,2.375
2025-05-11,2,DRH,0.902
2025-05-11,3,DCL,4.199
2025-05-11,3,DCH,2.484
2025-05-11,3,DML,2.443
2025-05-11,3,DMH,0.632
2025-05-11,3,DRL,3.491
2025-05-11,3,DRH,1.942
2025-05-11,4,DCL,2.21
2025-05-11,4,DCH,1.089
2025-05-11,4,DML,0.802
2025-05-11,4,DMH,0.661
2025-05-11,4,DRL,6.474
2025-05-11,4,DRH,2.107
2025-05-11,5,DCL,4.396
2025-05-11,5,DCH,3.403
2025-05-11,5,DML,3.945
2025-05-11,5,DMH,1.593
2025-05-11,5,DRL,4.895
2025-05-11,5,DRH,3.005
2025-05-11,6,DCL,2.5
2025-05-11,6,DCH,2.954
2025-05-11,6,DML,3.564
2025-05-11,6,DMH,0.922
2025-05-11,6,DRL,3.033
2025-05-11,6,DRH,2.415
2025-05-12,1,DCL,1.159
2025-05-12,1,DCH,0.886
2025-05-12,1,DML,1.935
2025-05-12,1,DMH,0.389
2025-05-12,1,DRL,3.776
2025-05-12,1,DRH,0.535
2025-05-12,2,DCL,2.743
2025-05-12,2,DCH,0.602
2025-05-12,2,DML,2.723
2025-05-12,2,DMH,0.907
2025-05-12,2,DRL,3.755
2025-05-12,2,DRH,0.746
2025-05-12,3,DCL,1.391
2025-05-12,3,DCH,0.617
2025-05-12,3,DML,0.777
2025-05-12,3,DMH,0.371
2025-05-12,3,DRL,0.898
2025-05-12,3,DRH,0.978
2025-05-12,4,DCL,2.879
2025-05-12,4,DCH,0.931
2025-05-12,4,DML,1.598
2025-05-12,4,DMH,1.2
2025-05-12,4,DRL,3.138
2025-05-12,4,DRH,1.489
2025-05-12,5,DCL,6.427
2025-05-12,5,DCH,1.255
2025-05-12,5,DML,1.984
2025-05-12,5,DMH,3.017
2025-05-12,5,DRL,2.961
2025-05-12,5,DRH,2.458
2025-05-12,6,DCL,6.283
2025-05-12,6,DCH,0.33
2025-05-12,6,DML,2.585
2025-05-12,6,DMH,0.669
2025-05-12,6,DRL,3.365
2025-05-12,6,DRH,1.87
2025-05-13,1,DCL,1.839
2025-05-13,1,DCH,1.32
2025-05-13,1,DML,0.826
2025-05-13,1,DMH,0.615
2025-05-13,1,DRL,1.856
2025-05-13,1,DRH,1.279
2025-05-13,2,DCL,0.861
2025-05-13,2,DCH,0.535
2025-05-13,2,DML,1.681
2025-05-13,2,DMH,1.336
2025-05-13,2,DRL,1.989
2025-05-13,2,DRH,0.983
2025-05-13,3,DCL,2.485
2025-05-13,3,DCH,0.428
2025-05-13,3,DML,3.265
2025-05-13,3,DMH,0.432
2025-05-13,3,DRL,3.556
2025-05-13,3,DRH,1.672
2025-05-13,4,DCL,1.537
2025-05-13,4,DCH,0.425
2025-05-13,4,DML,0.902
2025-05-13,4,DMH,0.359
2025-05-13,4,DRL,1.854
2025-05-13,4,DRH,0.824
2025-05-13,5,DCL,5.385
2025-05-13,5,DCH,1.744
2025-05-13,5,DML,3.117
2025-05-13,5,DMH,1.154
2025-05-13,5,DRL,13.795
2025-05-13,5,DRH,2.183
2025-05-13,6,DCL,3.005
2025-05-13,6,DCH,0.866
2025-05-13,6,DML,1.241
2025-05-13,6,DMH,0.553
2025-05-13,6,DRL,3.407
2025-05-13,6,DRH,1.853
2025-05-14,1,DCL,3.811
2025-05-14,1,DCH,0.526
2025-05-14,1,DML,0.737
2025-05-14,1,DMH,0.674
2025-05-14,1,DRL,1.521
2025-05-14,1,DRH,0.673
2025-05-14,2,DCL,2.379
2025-05-14,2,DCH,0.563
2025-05-14,2,DML,1.267
2025-05-14,2,DMH,0.468
2025-05-14,2,DRL,2.679
2025-05-14,2,DRH,1.826
2025-05-14,3,DCL,3.407
2025-05-14,3,DCH,0.555
2025-05-14,3,DML,0.91
2025-05-14,3,DMH,0.786
2025-05-14,3,DRL,2.462
2025-05-14,3,DRH,1.315
2025-05-14,4,DCL,1.141
2025-05-14,4,DCH,2.211
2025-05-14,4,DML,2.662
2025-05-14,4,DMH,0.957
2025-05-14,4,DRL,5.707
2025-05-14,4,DRH,1.556
2025-05-14,5,DCL,3.57
2025-05-14,5,DCH,1.407
2025-05-14,5,DML,1.652
2025-05-14,5,DMH,1.588
2025-05-14,5,DRL,11.078
2025-05-14,5,DRH,1.174
2025-05-14,6,DCL,1.659
2025-05-14,6,DCH,2.015
2025-05-14,6,DML,2.231
2025-05-14,6,DMH,1.31
2025-05-14,6,DRL,6.79
2025-05-14,6,DRH,0.671
2025-05-15,1,DCL,1.859
2025-05-15,1,DCH,2.268
2025-05-15,1,DML,1.948
2025-05-15,1,DMH,1.059
2025-05-15,1,DRL,1.573
2025-05-15,1,DRH,1.592
2025-05-15,2,DCL,1.414
2025-05-15,2,DCH,0.52
2025-05-15,2,DML,0.756
2025-05-15,2,DMH,0.45
2025-05-15,2,DRL,8.894
2025-05-15,2,DRH,0.502
2025-05-15,3,DCL,1.187
2025-05-15,3,DCH,0.76
2025-05-15,3,DML,1.639
2025-05-15,3,DMH,0.797
2025-05-15,3,DRL,2.708
2025-05-15,3,DRH,1.918
2025-05-15,4,DCL,4.563
2025-05-15,4,DCH,2.292
2025-05-15,4,DML,1.06
2025-05-15,4,DMH,0.892
2025-05-15,4,DRL,3.022
2025-05-15,4,DRH,0.736
2025-05-15,5,DCL,3.405
2025-05-15,5,DCH,1.691
2025-05-15,5,DML,0.928
2025-05-15,5,DMH,1.76
2025-05-15,5,DRL,5.61
2025-05-15,5,DRH,3.703
2025-05-15,6,DCL,2.399
2025-05-15,6,DCH,2.085
2025-05-15,6,DML,1.047
2025-05-15,6,DMH,0.945
2025-05-15,6,DRL,4.178
2025-05-15,6,DRH,2.789
2025-05-16,1,DCL,1.092
2025-05-16,1,DCH,0.601
2025-05-16,1,DML,1.236
2025-05-16,1,DMH,0.689
2025-05-16,1,DRL,2.647
2025-05-16,1,DRH,1.103
2025-05-16,2,DCL,1.739
2025-05-16,2,DCH,1.058
2025-05-16,2,DML,1.223
2025-05-16,2,DMH,0.433
2025-05-16,2,DRL,1.613
2025-05-16,2,DRH,0.783
2025-05-16,3,DCL,1.987
2025-05-16,3,DCH,1.155
2025-05-16,3,DML,2.911
2025-05-16,3,DMH,0.689
2025-05-16,3,DRL,4.759
2025-05-16,3,DRH,0.608
2025-05-16,4,DCL,2.703
2025-05-16,4,DCH,0.735
2025-05-16,4,DML,1.051
2025-05-16,4,DMH,0.679
2025-05-16,4,DRL,4.327
2025-05-16,4,DRH,1.337
2025-05-16,5,DCL,2.148
2025-05-16,5,DCH,1.198
2025-05-16,5,DML,2.354
2025-05-16,5,DMH,1.593
2025-05-16,5,DRL,6.856
2025-05-16,5,DRH,1.576
2025-05-16,6,DCL,2.589
2025-05-16,6,DCH,0.645
2025-05-16,6,DML,1.172
2025-05-16,6,DMH,1.129
2025-05-16,6,DRL,4.232
2025-05-16,6,DRH,1.183
2025-05-17,1,DCL,3.738
2025-05-17,1,DCH,0.383
2025-05-17,1,DML,1.312
2025-05-17,1,DMH,0.799
2025-05-17,1,DRL,1.412
2025-05-17,1,DRH,1.607
2025-05-17,2,DCL,1.636
2025-05-17,2,DCH,0.643
2025-05-17,2,DML,0.546
2025-05-17,2,DMH,0.915
2025-05-17,2,DRL,3.18
2025-05-17,2,DRH,1.43
2025-05-17,3,DCL,1.028
2025-05-17,3,DCH,0.93
2025-05-17,3,DML,0.61
2025-05-17,3,DMH,0.89
2025-05-17,3,DRL,3.21
2025-05-17,3,DRH,1.08
2025-05-17,4,DCL,1.356
2025-05-17,4,DCH,2.068
2025-05-17,4,DML,3.265
2025-05-17,4,DMH,0.708
2025-05-17,4,DRL,1.775
2025-05-17,4,DRH,0.998
2025-05-17,5,DCL,2.541
2025-05-17,5,DCH,0.743
2025-05-17,5,DML,3.389
2025-05-17,5,DMH,2.056
2025-05-17,5,DRL,3.858
2025-05-17,5,DRH,4.272
2025-05-17,6,DCL,2.996
2025-05-17,6,DCH,0.637
2025-05-17,6,DML,0.692
2025-05-17,6,DMH,0.737
2025-05-17,6,DRL,3.315
2025-05-17,6,DRH,2.256
2025-05-18,1,DCL,2.116
2025-05-18,1,DCH,0.992
2025-05-18,1,DML,0.664
2025-05-18,1,DMH,0.743
2025-05-18,1,DRL,3.51
2025-05-18,1,DRH,1.087
2025-05-18,2,DCL,3.268
2025-05-18,2,DCH,0.52
2025-05-18,2,DML,1.039
2025-05-18,2,DMH,0.492
2025-05-18,2,DRL,1.428
2025-05-18,2,DRH,2.65
2025-05-18,3,DCL,1.668
2025-05-18,3,DCH,1.829
2025-05-18,3,DML,2.758
2025-05-18,3,DMH,0.62
2025-05-18,3,DRL,6.046
2025-05-18,3,DRH,2.503
2025-05-18,4,DCL,2.571
2025-05-18,4,DCH,0.677
2025-05-18,4,DML,0.897
2025-05-18,4,DMH,0.368
2025-05-18,4,DRL,3.84
2025-05-18,4,DRH,0.466
2025-05-18,5,DCL,1.471
2025-05-18,5,DCH,0.511
2025-05-18,5,DML,2.552
2025-05-18,5,DMH,1.612
2025-05-18,5,DRL,7.976
2025-05-18,5,DRH,2.15
2025-05-18,6,DCL,2.199
2025-05-18,6,DCH,1.692
2025-05-18,6,DML,1.476
2025-05-18,6,DMH,1.325
2025-05-18,6,DRL,2.176
2025-05-18,6,DRH,1.287
2025-05-19,1,DCL,2.589
2025-05-19,1,DCH,1.124
2025-05-19,1,DML,1.115
2025-05-19,1,DMH,0.587
2025-05-19,1,DRL,4.241
2025-05-19,1,DRH,2.064
2025-05-19,2,DCL,1.146
2025-05-19,2,DCH,1.778
2025-05-19,2,DML,0.466
2025-05-19,2,DMH,0.941
2025-05-19,2,DRL,2.568
2025-05-19,2,DRH,1.38
2025-05-19,3,DCL,3.238
2025-05-19,3,DCH,0.952
2025-05-19,3,DML,1.803
2025-05-19,3,DMH,1.81
2025-05-19,3,DRL,2.044
2025-05-19,3,DRH,0.865
2025-05-19,4,DCL,3.321
2025-05-19,4,DCH,1.233
2025-05-19,4,DML,1.824
2025-05-19,4,DMH,1.05
2025-05-19,4,DRL,4.503
2025-05-19,4,DRH,2.463
2025-05-19,5,DCL,4.009
2025-05-19,5,DCH,3.587
2025-05-19,5,DML,4.159
2025-05-19,5,DMH,1.402
2025-05-19,5,DRL,8.734
2025-05-19,5,DRH,1.783
2025-05-19,6,DCL,5.107
2025-05-19,6,DCH,0.458
2025-05-19,6,DML,2.294
2025-05-19,6,DMH,1.596
2025-05-19,6,DRL,4.798
2025-05-19,6,DRH,0.6
2025-05-20,1,DCL,3.498
2025-05-20,1,DCH,1.372
2025-05-20,1,DML,1.378
2025-05-20,1,DMH,0.732
2025-05-20,1,DRL,2.624
2025-05-20,1,DRH,0.857
2025-05-20,2,DCL,2.262
2025-05-20,2,DCH,0.657
2025-05-20,2,DML,0.905
2025-05-20,2,DMH,0.747
2025-05-20,2,DRL,3.408
2025-05-20,2,DRH,0.853
2025-05-20,3,DCL,6.026
2025-05-20,3,DCH,0.916
2025-05-20,3,DML,3.464
2025-05-20,3,DMH,1.43
2025-05-20,3,DRL,5.246
2025-05-20,3,DRH,1.641
2025-05-20,4,DCL,3.535
2025-05-20,4,DCH,1.668
2025-05-20,4,DML,1.031
2025-05-20,4,DMH,0.695
2025-05-20,4,DRL,3.874
2025-05-20,4,DRH,1.521
2025-05-20,5,DCL,8.324
2025-05-20,5,DCH,1.377
2025-05-20,5,DML,1.64
2025-05-20,5,DMH,1.452
2025-05-20,5,DRL,15.901
2025-05-20,5,DRH,4.548
2025-05-20,6,DCL,1.846
2025-05-20,6,DCH,1.192
2025-05-20,6,DML,2.568
2025-05-20,6,DMH,0.638
2025-05-20,6,DRL,3.397
2025-05-20,6,DRH,1.448
2025-05-21,1,DCL,1.827
2025-05-21,1,DCH,0.822
2025-05-21,1,DML,1.104
2025-05-21,1,DMH,0.959
2025-05-21,1,DRL,2.596
2025-05-21,1,DRH,3.27
2025-05-21,2,DCL,2.11
2025-05-21,2,DCH,0.411
2025-05-21,2,DML,4.961
2025-05-21,2,DMH,0.378
2025-05-21,2,DRL,2.324
2025-05-21,2,DRH,2.513
2025-05-21,3,DCL,0.615
2025-05-21,3,DCH,0.913
2025-05-21,3,DML,1.756
2025-05-21,3,DMH,0.853
2025-05-21,3,DRL,2.681
2025-05-21,3,DRH,0.904
2025-05-21,4,DCL,1.563
2025-05-21,4,DCH,1.969
2025-05-21,4,DML,0.868
2025-05-21,4,DMH,1.035
2025-05-21,4,DRL,3.871
2025-05-21,4,DRH,1.775
2025-05-21,5,DCL,2.284
2025-05-21,5,DCH,0.838
2025-05-21,5,DML,2.835
2025-05-21,5,DMH,0.497
2025-05-21,5,DRL,3.803
2025-05-21,5,DRH,1.662
2025-05-21,6,DCL,2.549
2025-05-21,6,DCH,2.332
2025-05-21,6,DML,2.929
2025-05-21,6,DMH,1.342
2025-05-21,6,DRL,1.771
2025-05-21,6,DRH,1.785
2025-05-22,1,DCL,1.787
2025-05-22,1,DCH,0.815
2025-05-22,1,DML,1.213
2025-05-22,1,DMH,0.511
2025-05-22,1,DRL,1.834
2025-05-22,1,DRH,1.221
2025-05-22,2,DCL,1.161
2025-05-22,2,DCH,0.382
2025-05-22,2,DML,0.603
2025-05-22,2,DMH,0.825
2025-05-22,2,DRL,4.285
2025-05-22,2,DRH,1.172
2025-05-22,3,DCL,3.459
2025-05-22,3,DCH,0.858
2025-05-22,3,DML,1.487
2025-05-22,3,DMH,0.936
2025-05-22,3,DRL,3.503
2025-05-22,3,DRH,2.162
2025-05-22,4,DCL,2.579
2025-05-22,4,DCH,0.901
2025-05-22,4,DML,3.84
2025-05-22,4,DMH,0.69
2025-05-22,4,DRL,2.569
2025-05-22,4,DRH,0.603
2025-05-22,5,DCL,1.731
2025-05-22,5,DCH,1.194
2025-05-22,5,DML,1.761
2025-05-22,5,DMH,3.75
2025-05-22,5,DRL,10.346
2025-05-22,5,DRH,4.519
2025-05-22,6,DCL,3.397
2025-05-22,6,DCH,0.538
2025-05-22,6,DML,1.934
2025-05-22,6,DMH,0.862
2025-05-22,6,DRL,5.177
2025-05-22,6,DRH,2.776
2025-05-23,1,DCL,2.511
2025-05-23,1,DCH,1.318
2025-05-23,1,DML,1.287
2025-05-23,1,DMH,0.588
2025-05-23,1,DRL,2.24
2025-05-23,1,DRH,2.514
2025-05-23,2,DCL,3.327
2025-05-23,2,DCH,1.203
2025-05-23,2,DML,2.097
2025-05-23,2,DMH,1.052
2025-05-23,2,DRL,3.407
2025-05-23,2,DRH,0.759
2025-05-23,3,DCL,4.243
2025-05-23,3,DCH,0.868
2025-05-23,3,DML,1.403
2025-05-23,3,DMH,1.481
2025-05-23,3,DRL,2.784
2025-05-23,3,DRH,1.216
2025-05-23,4,DCL,2.043
2025-05-23,4,DCH,0.622
2025-05-23,4,DML,2.07
2025-05-23,4,DMH,0.644
2025-05-23,4,DRL,2.694
2025-05-23,4,DRH,1.002
2025-05-23,5,DCL,4.04
2025-05-23,5,DCH,2.342
2025-05-23,5,DML,6.125
2025-05-23,5,DMH,2.41
2025-05-23,5,DRL,2.522
2025-05-23,5,DRH,1.7
2025-05-23,6,DCL,3.862
2025-05-23,6,DCH,0.614
2025-05-23,6,DML,1.595
2025-05-23,6,DMH,0.363
2025-05-23,6,DRL,1.077
2025-05-23,6,DRH,2.15
2025-05-24,1,DCL,2.411
2025-05-24,1,DCH,1.504
2025-05-24,1,DML,2.233
2025-05-24,1,DMH,0.361
2025-05-24,1,DRL,5.024
2025-05-24,1,DRH,1.194
2025-05-24,2,DCL,0.835
2025-05-24,2,DCH,0.945
2025-05-24,2,DML,2.13
2025-05-24,2,DMH,0.45
2025-05-24,2,DRL,2.039
2025-05-24,2,DRH,0.353
2025-05-24,3,DCL,2.585
2025-05-24,3,DCH,1.01
2025-05-24,3,DML,1.974
2025-05-24,3,DMH,0.571
2025-05-24,3,DRL,4.765
2025-05-24,3,DRH,0.87
2025-05-24,4,DCL,1.878
2025-05-24,4,DCH,0.559
2025-05-24,4,DML,2.243
2025-05-24,4,DMH,0.217
2025-05-24,4,DRL,2.001
2025-05-24,4,DRH,3.098
2025-05-24,5,DCL,7.871
2025-05-24,5,DCH,0.898
2025-05-24,5,DML,2.198
2025-05-24,5,DMH,1.208
2025-05-24,5,DRL,6.865
2025-05-24,5,DRH,2.33
2025-05-24,6,DCL,2.716
2025-05-24,6,DCH,3.613
2025-05-24,6,DML,1.602
2025-05-24,6,DMH,1.868
2025-05-24,6,DRL,6.843
2025-05-24,6,DRH,2.512
2025-05-25,1,DCL,2.563
2025-05-25,1,DCH,0.933
2025-05-25,1,DML,4.507
2025-05-25,1,DMH,0.98
2025-05-25,1,DRL,1.611
2025-05-25,1,DRH,2.302
2025-05-25,2,DCL,1.898
2025-05-25,2,DCH,0.67
2025-05-25,2,DML,1.544
2025-05-25,2,DMH,0.616
2025-05-25,2,DRL,1.921
2025-05-25,2,DRH,0.973
2025-05-25,3,DCL,1.77
2025-05-25,3,DCH,0.708
2025-05-25,3,DML,2.019
2025-05-25,3,DMH,1.556
2025-05-25,3,DRL,3.325
2025-05-25,3,DRH,0.929
2025-05-25,4,DCL,6.938
2025-05-25,4,DCH,0.516
2025-05-25,4,DML,6.197
2025-05-25,4,DMH,1.35
2025-05-25,4,DRL,11.935
2025-05-25,4,DRH,0.931
2025-05-25,5,DCL,3.606
2025-05-25,5,DCH,1.176
2025-05-25,5,DML,3.499
2025-05-25,5,DMH,0.979
2025-05-25,5,DRL,4.525
2025-05-25,5,DRH,1.11
2025-05-25,6,DCL,2.071
2025-05-25,6,DCH,0.7
2025-05-25,6,DML,3.024
2025-05-25,6,DMH,1.468
2025-05-25,6,DRL,4.368
2025-05-25,6,DRH,1.326
2025-05-26,1,DCL,1.833
2025-05-26,1,DCH,1.138
2025-05-26,1,DML,0.376
2025-05-26,1,DMH,0.563
2025-05-26,1,DRL,1.924
2025-05-26,1,DRH,1.287
2025-05-26,2,DCL,2.247
2025-05-26,2,DCH,0.56
2025-05-26,2,DML,0.867
2025-05-26,2,DMH,0.251
2025-05-26,2,DRL,2.139
2025-05-26,2,DRH,0.595
2025-05-26,3,DCL,3.195
2025-05-26,3,DCH,0.849
2025-05-26,3,DML,1.962
2025-05-26,3,DMH,0.609
2025-05-26,3,DRL,2.376
2025-05-26,3,DRH,0.981
2025-05-26,4,DCL,1.284
2025-05-26,4,DCH,0.574
2025-05-26,4,DML,0.936
2025-05-26,4,DMH,0.607
2025-05-26,4,DRL,4.362
2025-05-26,4,DRH,1.457
2025-05-26,5,DCL,3.642
2025-05-26,5,DCH,1.894
2025-05-26,5,DML,3.131
2025-05-26,5,DMH,1.232
2025-05-26,5,DRL,9.946
2025-05-26,5,DRH,6.226
2025-05-26,6,DCL,0.8
2025-05-26,6,DCH,1.021
2025-05-26,6,DML,4.289
2025-05-26,6,DMH,1.127
2025-05-26,6,DRL,4.328
2025-05-26,6,DRH,0.749
2025-05-27,1,DCL,1.935
2025-05-27,1,DCH,0.435
2025-05-27,1,DML,0.909
2025-05-27,1,DMH,1.309
2025-05-27,1,DRL,0.425
2025-05-27,1,DRH,1.383
2025-05-27,2,DCL,1.455
2025-05-27,2,DCH,0.529
2025-05-27,2,DML,1.18
2025-05-27,2,DMH,0.395
2025-05-27,2,DRL,1.467
2025-05-27,2,DRH,0.603
2025-05-27,3,DCL,3.296
2025-05-27,3,DCH,1.008
2025-05-27,3,DML,2.17
2025-05-27,3,DMH,0.734
2025-05-27,3,DRL,3.602
2025-05-27,3,DRH,1.693
2025-05-27,4,DCL,2.054
2025-05-27,4,DCH,0.506
2025-05-27,4,DML,2.549
2025-05-27,4,DMH,0.617
2025-05-27,4,DRL,2.416
2025-05-27,4,DRH,4.014
2025-05-27,5,DCL,2.937
2025-05-27,5,DCH,1.006
2025-05-27,5,DML,1.743
2025-05-27,5,DMH,1.009
2025-05-27,5,DRL,2.82
2025-05-27,5,DRH,1.233
2025-05-27,6,DCL,2.478
2025-05-27,6,DCH,0.821
2025-05-27,6,DML,2.966
2025-05-27,6,DMH,1.091
2025-05-27,6,DRL,1.36
2025-05-27,6,DRH,1.487
2025-05-28,1,DCL,2.246
2025-05-28,1,DCH,0.664
2025-05-28,1,DML,1.749
2025-05-28,1,DMH,0.462
2025-05-28,1,DRL,3.62
2025-05-28,1,DRH,1.318
2025-05-28,2,DCL,3.027
2025-05-28,2,DCH,0.654
2025-05-28,2,DML,2.049
2025-05-28,2,DMH,1.048
2025-05-28,2,DRL,4.264
2025-05-28,2,DRH,1.297
2025-05-28,3,DCL,1.588
2025-05-28,3,DCH,0.465
2025-05-28,3,DML,1.234
2025-05-28,3,DMH,0.449
2025-05-28,3,DRL,3.792
2025-05-28,3,DRH,0.795
2025-05-28,4,DCL,1.301
2025-05-28,4,DCH,0.652
2025-05-28,4,DML,1.323
2025-05-28,4,DMH,2.644
2025-05-28,4,DRL,5.148
2025-05-28,4,DRH,1.285
2025-05-28,5,DCL,7.988
2025-05-28,5,DCH,1.868
2025-05-28,5,DML,4.343
2025-05-28,5,DMH,0.505
2025-05-28,5,DRL,2.036
2025-05-28,5,DRH,0.98
2025-05-28,6,DCL,4.164
2025-05-28,6,DCH,0.413
2025-05-28,6,DML,1.973
2025-05-28,6,DMH,1.18
2025-05-28,6,DRL,4.678
2025-05-28,6,DRH,1.411
2025-05-29,1,DCL,2.608
2025-05-29,1,DCH,0.697
2025-05-29,1,DML,3.27
2025-05-29,1,DMH,0.232
2025-05-29,1,DRL,1.814
2025-05-29,1,DRH,1.499
2025-05-29,2,DCL,1.55
2025-05-29,2,DCH,0.536
2025-05-29,2,DML,1.537
2025-05-29,2,DMH,0.709
2025-05-29,2,DRL,2.324
2025-05-29,2,DRH,0.907
2025-05-29,3,DCL,1.403
2025-05-29,3,DCH,2.389
2025-05-29,3,DML,1.723
2025-05-29,3,DMH,0.397
2025-05-29,3,DRL,2.534
2025-05-29,3,DRH,0.65
2025-05-29,4,DCL,3.74
2025-05-29,4,DCH,3.076
2025-05-29,4,DML,1.354
2025-05-29,4,DMH,1.77
2025-05-29,4,DRL,1.832
2025-05-29,4,DRH,2.702
2025-05-29,5,DCL,1.303
2025-05-29,5,DCH,1.373
2025-05-29,5,DML,1.595
2025-05-29,5,DMH,1.963
2025-05-29,5,DRL,9.65
2025-05-29,5,DRH,2.059
2025-05-29,6,DCL,1.575
2025-05-29,6,DCH,0.852
2025-05-29,6,DML,1.079
2025-05-29,6,DMH,0.337
2025-05-29,6,DRL,3.4
2025-05-29,6,DRH,4.251
2025-05-30,1,DCL,1.319
2025-05-30,1,DCH,0.515
2025-05-30,1,DML,2.316
2025-05-30,1,DMH,0.834
2025-05-30,1,DRL,2.359
2025-05-30,1,DRH,0.994
2025-05-30,2,DCL,0.946
2025-05-30,2,DCH,1.043
2025-05-30,2,DML,0.873
2025-05-30,2,DMH,1.755
2025-05-30,2,DRL,3.125
2025-05-30,2,DRH,0.446
2025-05-30,3,DCL,3.854
2025-05-30,3,DCH,0.581
2025-05-30,3,DML,1.686
2025-05-30,3,DMH,0.547
2025-05-30,3,DRL,1.998
2025-05-30,3,DRH,1.068
2025-05-30,4,DCL,2.288
2025-05-30,4,DCH,0.775
2025-05-30,4,DML,3.345
2025-05-30,4,DMH,0.689
2025-05-30,4,DRL,4.478
2025-05-30,4,DRH,2.135
2025-05-30,5,DCL,2.81
2025-05-30,5,DCH,3.547
2025-05-30,5,DML,1.772
2025-05-30,5,DMH,1.334
2025-05-30,5,DRL,6.073
2025-05-30,5,DRH,1.165
2025-05-30,6,DCL,1.864
2025-05-30,6,DCH,0.519
2025-05-30,6,DML,2.946
2025-05-30,6,DMH,1.366
2025-05-30,6,DRL,3.478
2025-05-30,6,DRH,1.439
2025-05-31,1,DCL,2.416
2025-05-31,1,DCH,0.915
2025-05-31,1,DML,3.405
2025-05-31,1,DMH,1.054
2025-05-31,1,DRL,1.503
2025-05-31,1,DRH,0.851
2025-05-31,2,DCL,1.886
2025-05-31,2,DCH,0.507
2025-05-31,2,DML,0.996
2025-05-31,2,DMH,1.363
2025-05-31,2,DRL,1.582
2025-05-31,2,DRH,1.319
2025-05-31,3,DCL,6.037
2025-05-31,3,DCH,1.308
2025-05-31,3,DML,1.176
2025-05-31,3,DMH,1.346
2025-05-31,3,DRL,2.234
2025-05-31,3,DRH,0.883
2025-05-31,4,DCL,3.321
2025-05-31,4,DCH,0.615
2025-05-31,4,DML,1.146
2025-05-31,4,DMH,1.173
2025-05-31,4,DRL,2.184
2025-05-31,4,DRH,1.185
2025-05-31,5,DCL,5.092
2025-05-31,5,DCH,1.232
2025-05-31,5,DML,3.448
2025-05-31,5,DMH,1.695
2025-05-31,5,DRL,3.09
2025-05-31,5,DRH,4.181
2025-05-31,6,DCL,3.818
2025-05-31,6,DCH,2.484
2025-05-31,6,DML,0.647
2025-05-31,6,DMH,1.396
2025-05-31,6,DRL,1.852
2025-05-31,6,DRH,2.016
2025-06-01,1,DCL,3.311
2025-06-01,1,DCH,1.419
2025-06-01,1,DML,1.91
2025-06-01,1,DMH,0.707
2025-06-01,1,DRL,1.789
2025-06-01,1,DRH,1.049
2025-06-01,2,DCL,3.156
2025-06-01,2,DCH,0.471
2025-06-01,2,DML,1.099
2025-06-01,2,DMH,1.109
2025-06-01,2,DRL,3.41
2025-06-01,2,DRH,0.678
2025-06-01,3,DCL,3.491
2025-06-01,3,DCH,1.353
2025-06-01,3,DML,3.297
2025-06-01,3,DMH,0.884
2025-06-01,3,DRL,2.249
2025-06-01,3,DRH,2.224
2025-06-01,4,DCL,2.004
2025-06-01,4,DCH,1.213
2025-06-01,4,DML,1.683
2025-06-01,4,DMH,3.075
2025-06-01,4,DRL,2.921
2025-06-01,4,DRH,2.156
2025-06-01,5,DCL,1.925
2025-06-01,5,DCH,0.833
2025-06-01,5,DML,2.961
2025-06-01,5,DMH,1.31
2025-06-01,5,DRL,4.875
2025-06-01,5,DRH,1.168
2025-06-01,6,DCL,2.859
2025-06-01,6,DCH,1.978
2025-06-01,6,DML,1.555
2025-06-01,6,DMH,0.56
2025-06-01,6,DRL,3.721
2025-06-01,6,DRH,0.75
2025-06-02,1,DCL,1.394
2025-06-02,1,DCH,1.498
2025-06-02,1,DML,0.875
2025-06-02,1,DMH,0.952
2025-06-02,1,DRL,3.497
2025-06-02,1,DRH,0.735
2025-06-02,2,DCL,2.044
2025-06-02,2,DCH,1.072
2025-06-02,2,DML,0.535
2025-06-02,2,DMH,1.031
2025-06-02,2,DRL,1.126
2025-06-02,2,DRH,1.596
2025-06-02,3,DCL,1.202
2025-06-02,3,DCH,1.748
2025-06-02,3,DML,1.61
2025-06-02,3,DMH,0.39
2025-06-02,3,DRL,4.228
2025-06-02,3,DRH,1.724
2025-06-02,4,DCL,3.269
2025-06-02,4,DCH,0.999
2025-06-02,4,DML,1.603
2025-06-02,4,DMH,0.883
2025-06-02,4,DRL,2.304
2025-06-02,4,DRH,0.885
2025-06-02,5,DCL,3.953
2025-06-02,5,DCH,1.316
2025-06-02,5,DML,5.199
2025-06-02,5,DMH,2.817
2025-06-02,5,DRL,3.695
2025-06-02,5,DRH,3.185
2025-06-02,6,DCL,1.152
2025-06-02,6,DCH,1.866
2025-06-02,6,DML,2.136
2025-06-02,6,DMH,0.567
2025-06-02,6,DRL,4.039
2025-06-02,6,DRH,2.551
2025-06-03,1,DCL,2.448
2025-06-03,1,DCH,0.707
2025-06-03,1,DML,1.516
2025-06-03,1,DMH,0.578
2025-06-03,1,DRL,2.134
2025-06-03,1,DRH,0.776
2025-06-03,2,DCL,1.676
2025-06-03,2,DCH,0.957
2025-06-03,2,DML,1.045
2025-06-03,2,DMH,0.793
2025-06-03,2,DRL,5.865
2025-06-03,2,DRH,0.954
2025-06-03,3,DCL,1.787
2025-06-03,3,DCH,1.318
2025-06-03,3,DML,1.248
2025-06-03,3,DMH,1.135
2025-06-03,3,DRL,1.313
2025-06-03,3,DRH,1.335
2025-06-03,4,DCL,2.102
2025-06-03,4,DCH,0.909
2025-06-03,4,DML,1.245
2025-06-03,4,DMH,1.797
2025-06-03,4,DRL,5.531
2025-06-03,4,DRH,0.916
2025-06-03,5,DCL,2.372
2025-06-03,5,DCH,2.8
2025-06-03,5,DML,2.892
2025-06-03,5,DMH,1.001
2025-06-03,5,DRL,3.622
2025-06-03,5,DRH,5.298
2025-06-03,6,DCL,1.091
2025-06-03,6,DCH,1.06
2025-06-03,6,DML,2.313
2025-06-03,6,DMH,1.124
2025-06-03,6,DRL,2.072
2025-06-03,6,DRH,1.118
2025-06-04,1,DCL,1.029
2025-06-04,1,DCH,0.69
2025-06-04,1,DML,2.342
2025-06-04,1,DMH,0.459
2025-06-04,1,DRL,2.384
2025-06-04,1,DRH,1.665
2025-06-04,2,DCL,0.646
2025-06-04,2,DCH,0.569
2025-06-04,2,DML,1.276
2025-06-04,2,DMH,0.338
2025-06-04,2,DRL,1.702
2025-06-04,2,DRH,1.036
2025-06-04,3,DCL,2.76
2025-06-04,3,DCH,1.027
2025-06-04,3,DML,2.268
2025-06-04,3,DMH,0.437
2025-06-04,3,DRL,2.333
2025-06-04,3,DRH,1.796
2025-06-04,4,DCL,2.237
2025-06-04,4,DCH,1.496
2025-06-04,4,DML,5.092
2025-06-04,4,DMH,0.942
2025-06-04,4,DRL,5.872
2025-06-04,4,DRH,1.178
2025-06-04,5,DCL,2.839
2025-06-04,5,DCH,1.246
2025-06-04,5,DML,2.683
2025-06-04,5,DMH,1.373
2025-06-04,5,DRL,6.221
2025-06-04,5,DRH,1.8
2025-06-04,6,DCL,1.243
2025-06-04,6,DCH,0.861
2025-06-04,6,DML,2.43
2025-06-04,6,DMH,2.439
2025-06-04,6,DRL,2.612
2025-06-04,6,DRH,2.362
2025-06-05,1,DCL,1.566
2025-06-05,1,DCH,1.324
2025-06-05,1,DML,1.472
2025-06-05,1,DMH,0.737
2025-06-05,1,DRL,4.675
2025-06-05,1,DRH,0.281
2025-06-05,2,DCL,0.895
2025-06-05,2,DCH,2.165
2025-06-05,2,DML,0.941
2025-06-05,2,DMH,0.903
2025-06-05,2,DRL,3.071
2025-06-05,2,DRH,0.497
2025-06-05,3,DCL,3.042
2025-06-05,3,DCH,1.422
2025-06-05,3,DML,3.159
2025-06-05,3,DMH,0.535
2025-06-05,3,DRL,1.259
2025-06-05,3,DRH,0.97
2025-06-05,4,DCL,2.92
2025-06-05,4,DCH,0.517
2025-06-05,4,DML,1.151
2025-06-05,4,DMH,0.312
2025-06-05,4,DRL,4.095
2025-06-05,4,DRH,3.817
2025-06-05,5,DCL,5.025
2025-06-05,5,DCH,2.798
2025-06-05,5,DML,4.64
2025-06-05,5,DMH,1.237
2025-06-05,5,DRL,4.875
2025-06-05,5,DRH,1.805
2025-06-05,6,DCL,2.618
2025-06-05,6,DCH,1.496
2025-06-05,6,DML,2.266
2025-06-05,6,DMH,0.487
2025-06-05,6,DRL,5.317
2025-06-05,6,DRH,4.17
2025-06-06,1,DCL,3.133
2025-06-06,1,DCH,0.363
2025-06-06,1,DML,0.97
2025-06-06,1,DMH,0.647
2025-06-06,1,DRL,2.153
2025-06-06,1,DRH,1.361
2025-06-06,2,DCL,1.195
2025-06-06,2,DCH,1.196
2025-06-06,2,DML,2.119
2025-06-06,2,DMH,0.566
2025-06-06,2,DRL,1.89
2025-06-06,2,DRH,2.459
2025-06-06,3,DCL,1.836
2025-06-06,3,DCH,2.053
2025-06-06,3,DML,2.43
2025-06-06,3,DMH,0.956
2025-06-06,3,DRL,8.875
2025-06-06,3,DRH,0.791
2025-06-06,4,DCL,1.651
2025-06-06,4,DCH,0.811
2025-06-06,4,DML,1.585
2025-06-06,4,DMH,0.761
2025-06-06,4,DRL,4.973
2025-06-06,4,DRH,2.61
2025-06-06,5,DCL,10.537
2025-06-06,5,DCH,1.551
2025-06-06,5,DML,2.039
2025-06-06,5,DMH,1.726
2025-06-06,5,DRL,2.488
2025-06-06,5,DRH,1.529
2025-06-06,6,DCL,1.486
2025-06-06,6,DCH,0.451
2025-06-06,6,DML,1.482
2025-06-06,6,DMH,1.969
2025-06-06,6,DRL,5.485
2025-06-06,6,DRH,3.624
2025-06-07,1,DCL,1.46
2025-06-07,1,DCH,0.887
2025-06-07,1,DML,1.565
2025-06-07,1,DMH,0.533
2025-06-07,1,DRL,3.296
2025-06-07,1,DRH,2.469
2025-06-07,2,DCL,1.518
2025-06-07,2,DCH,0.516
2025-06-07,2,DML,1.452
2025-06-07,2,DMH,0.22
2025-06-07,2,DRL,4.777
2025-06-07,2,DRH,1.378
2025-06-07,3,DCL,1.893
2025-06-07,3,DCH,1.14
2025-06-07,3,DML,1.255
2025-06-07,3,DMH,1.183
2025-06-07,3,DRL,0.935
2025-06-07,3,DRH,0.69
2025-06-07,4,DCL,1.991
2025-06-07,4,DCH,0.714
2025-06-07,4,DML,2.337
2025-06-07,4,DMH,1.727
2025-06-07,4,DRL,6.274
2025-06-07,4,DRH,2.5
2025-06-07,5,DCL,1.833
2025-06-07,5,DCH,2.504
2025-06-07,5,DML,2.175
2025-06-07,5,DMH,1.583
2025-06-07,5,DRL,5.092
2025-06-07,5,DRH,4.072
2025-06-07,6,DCL,1.694
2025-06-07,6,DCH,1.093
2025-06-07,6,DML,3.042
2025-06-07,6,DMH,0.363
2025-06-07,6,DRL,4.262
2025-06-07,6,DRH,1.666
2025-06-08,1,DCL,2.414
2025-06-08,1,DCH,0.732
2025-06-08,1,DML,0.718
2025-06-08,1,DMH,0.523
2025-06-08,1,DRL,2.144
2025-06-08,1,DRH,0.873
2025-06-08,2,DCL,0.824
2025-06-08,2,DCH,0.203
2025-06-08,2,DML,1.078
2025-06-08,2,DMH,0.475
2025-06-08,2,DRL,2.303
2025-06-08,2,DRH,1.542
2025-06-08,3,DCL,2.681
2025-06-08,3,DCH,1.789
2025-06-08,3,DML,0.856
2025-06-08,3,DMH,0.322
2025-06-08,3,DRL,1.72
2025-06-08,3,DRH,1.588
2025-06-08,4,DCL,6.499
2025-06-08,4,DCH,0.566
2025-06-08,4,DML,1.556
2025-06-08,4,DMH,0.401
2025-06-08,4,DRL,1.883
2025-06-08,4,DRH,1.759
2025-06-08,5,DCL,3.738
2025-06-08,5,DCH,3.712
2025-06-08,5,DML,1.903
2025-06-08,5,DMH,0.944
2025-06-08,5,DRL,6.122
2025-06-08,5,DRH,1.382
2025-06-08,6,DCL,4.107
2025-06-08,6,DCH,1.448
2025-06-08,6,DML,1.052
2025-06-08,6,DMH,1.145
2025-06-08,6,DRL,2.888
2025-06-08,6,DRH,1.958
2025-06-09,1,DCL,3.372
2025-06-09,1,DCH,0.943
2025-06-09,1,DML,2.11
2025-06-09,1,DMH,0.623
2025-06-09,1,DRL,4.126
2025-06-09,1,DRH,1.334
2025-06-09,2,DCL,1.532
2025-06-09,2,DCH,0.718
2025-06-09,2,DML,1.13
2025-06-09,2,DMH,1.083
2025-06-09,2,DRL,1.626
2025-06-09,2,DRH,0.476
2025-06-09,3,DCL,1.557
2025-06-09,3,DCH,0.273
2025-06-09,3,DML,1.035
2025-06-09,3,DMH,0.93
2025-06-09,3,DRL,2.391
2025-06-09,3,DRH,1.111
2025-06-09,4,DCL,5.209
2025-06-09,4,DCH,0.562
2025-06-09,4,DML,1.221
2025-06-09,4,DMH,0.997
2025-06-09,4,DRL,2.968
2025-06-09,4,DRH,0.725
2025-06-09,5,DCL,2.274
2025-06-09,5,DCH,1.848
2025-06-09,5,DML,7.502
2025-06-09,5,DMH,1.285
2025-06-09,5,DRL,3.955
2025-06-09,5,DRH,2.628
2025-06-09,6,DCL,2.889
2025-06-09,6,DCH,1.439
2025-06-09,6,DML,1.758
2025-06-09,6,DMH,0.41
2025-06-09,6,DRL,6.298
2025-06-09,6,DRH,4.092
2025-06-10,1,DCL,0.97
2025-06-10,1,DCH,2.142
2025-06-10,1,DML,1.654
2025-06-10,1,DMH,1.327
2025-06-10,1,DRL,1.45
2025-06-10,1,DRH,1.118
2025-06-10,2,DCL,2.124
2025-06-10,2,DCH,0.614
2025-06-10,2,DML,1.313
2025-06-10,2,DMH,0.48
2025-06-10,2,DRL,0.896
2025-06-10,2,DRH,0.613
2025-06-10,3,DCL,1.335
2025-06-10,3,DCH,1.257
2025-06-10,3,DML,1.736
2025-06-10,3,DMH,0.526
2025-06-10,3,DRL,1.541
2025-06-10,3,DRH,0.922
2025-06-10,4,DCL,1.609
2025-06-10,4,DCH,0.781
2025-06-10,4,DML,1.396
2025-06-10,4,DMH,1.506
2025-06-10,4,DRL,1.313
2025-06-10,4,DRH,1.933
2025-06-10,5,DCL,3.474
2025-06-10,5,DCH,0.974
2025-06-10,5,DML,7.837
2025-06-10,5,DMH,1.982
2025-06-10,5,DRL,5.805
2025-06-10,5,DRH,1.725
2025-06-10,6,DCL,2.741
2025-06-10,6,DCH,0.923
2025-06-10,6,DML,2.029
2025-06-10,6,DMH,0.897
2025-06-10,6,DRL,2.536
2025-06-10,6,DRH,1.09
2025-06-11,1,DCL,1.933
2025-06-11,1,DCH,0.441
2025-06-11,1,DML,1.225
2025-06-11,1,DMH,0.69
2025-06-11,1,DRL,1.103
2025-06-11,1,DRH,0.783
2025-06-11,2,DCL,0.645
2025-06-11,2,DCH,0.536
2025-06-11,2,DML,1.527
2025-06-11,2,DMH,0.781
2025-06-11,2,DRL,2.272
2025-06-11,2,DRH,0.679
2025-06-11,3,DCL,2.486
2025-06-11,3,DCH,0.437
2025-06-11,3,DML,1.251
2025-06-11,3,DMH,0.48
2025-06-11,3,DRL,3.368
2025-06-11,3,DRH,1.499
2025-06-11,4,DCL,3.677
2025-06-11,4,DCH,0.988
2025-06-11,4,DML,4.994
2025-06-11,4,DMH,1.017
2025-06-11,4,DRL,7.296
2025-06-11,4,DRH,5.051
2025-06-11,5,DCL,2.114
2025-06-11,5,DCH,4.351
2025-06-11,5,DML,3.348
2025-06-11,5,DMH,0.605
2025-06-11,5,DRL,2.678
2025-06-11,5,DRH,0.78
2025-06-11,6,DCL,3.042
2025-06-11,6,DCH,1.204
2025-06-11,6,DML,1.077
2025-06-11,6,DMH,0.609
2025-06-11,6,DRL,2.857
2025-06-11,6,DRH,1.849
2025-06-12,1,DCL,0.648
2025-06-12,1,DCH,0.202
2025-06-12,1,DML,3.323
2025-06-12,1,DMH,0.295
2025-06-12,1,DRL,1.968
2025-06-12,1,DRH,0.539
2025-06-12,2,DCL,2.137
2025-06-12,2,DCH,0.514
2025-06-12,2,DML,0.85
2025-06-12,2,DMH,1.004
2025-06-12,2,DRL,0.876
2025-06-12,2,DRH,0.832
2025-06-12,3,DCL,0.544
2025-06-12,3,DCH,0.694
2025-06-12,3,DML,2.333
2025-06-12,3,DMH,0.425
2025-06-12,3,DRL,1.981
2025-06-12,3,DRH,0.992
2025-06-12,4,DCL,1.424
2025-06-12,4,DCH,1.352
2025-06-12,4,DML,3.301
2025-06-12,4,DMH,0.74
2025-06-12,4,DRL,3.106
2025-06-12,4,DRH,1.86
2025-06-12,5,DCL,5.207
2025-06-12,5,DCH,1.328
2025-06-12,5,DML,2.655
2025-06-12,5,DMH,0.959
2025-06-12,5,DRL,5.738
2025-06-12,5,DRH,1.637
2025-06-12,6,DCL,2.197
2025-06-12,6,DCH,0.541
2025-06-12,6,DML,1.109
2025-06-12,6,DMH,1.183
2025-06-12,6,DRL,4.452
2025-06-12,6,DRH,0.957
2025-06-13,1,DCL,1.712
2025-06-13,1,DCH,1.377
2025-06-13,1,DML,2.511
2025-06-13,1,DMH,0.64
2025-06-13,1,DRL,1.572
2025-06-13,1,DRH,1.294
2025-06-13,2,DCL,1.45
2025-06-13,2,DCH,0.421
2025-06-13,2,DML,1.01
2025-06-13,2,DMH,0.6
2025-06-13,2,DRL,2.643
2025-06-13,2,DRH,1.831
2025-06-13,3,DCL,1.554
2025-06-13,3,DCH,0.631
2025-06-13,3,DML,2.166
2025-06-13,3,DMH,0.668
2025-06-13,3,DRL,5.707
2025-06-13,3,DRH,0.708
2025-06-13,4,DCL,3.869
2025-06-13,4,DCH,0.827
2025-06-13,4,DML,4.163
2025-06-13,4,DMH,1.04
2025-06-13,4,DRL,0.667
2025-06-13,4,DRH,1.417
2025-06-13,5,DCL,1.834
2025-06-13,5,DCH,0.709
2025-06-13,5,DML,1.485
2025-06-13,5,DMH,1.451
2025-06-13,5,DRL,5.307
2025-06-13,5,DRH,1.394
2025-06-13,6,DCL,3.041
2025-06-13,6,DCH,1.08
2025-06-13,6,DML,3.715
2025-06-13,6,DMH,2.249
2025-06-13,6,DRL,2.709
2025-06-13,6,DRH,1.559
2025-06-14,1,DCL,1.2
2025-06-14,1,DCH,0.668
2025-06-14,1,DML,1.544
2025-06-14,1,DMH,0.53
2025-06-14,1,DRL,2.048
2025-06-14,1,DRH,1.232
2025-06-14,2,DCL,0.495
2025-06-14,2,DCH,0.756
2025-06-14,2,DML,2.424
2025-06-14,2,DMH,0.441
2025-06-14,2,DRL,8.938
2025-06-14,2,DRH,0.334
2025-06-14,3,DCL,2.835
2025-06-14,3,DCH,0.296
2025-06-14,3,DML,2.454
2025-06-14,3,DMH,0.67
2025-06-14,3,DRL,3.553
2025-06-14,3,DRH,1.949
2025-06-14,4,DCL,2.579
2025-06-14,4,DCH,0.804
2025-06-14,4,DML,1.996
2025-06-14,4,DMH,0.724
2025-06-14,4,DRL,5.693
2025-06-14,4,DRH,1.115
2025-06-14,5,DCL,1.775
2025-06-14,5,DCH,0.824
2025-06-14,5,DML,1.951
2025-06-14,5,DMH,1.318
2025-06-14,5,DRL,7.29
2025-06-14,5,DRH,1.452
2025-06-14,6,DCL,1.539
2025-06-14,6,DCH,0.958
2025-06-14,6,DML,4.458
2025-06-14,6,DMH,0.391
2025-06-14,6,DRL,5.469
2025-06-14,6,DRH,3.592
2025-06-15,1,DCL,3.793
2025-06-15,1,DCH,0.686
2025-06-15,1,DML,2.134
2025-06-15,1,DMH,1.275
2025-06-15,1,DRL,1.495
2025-06-15,1,DRH,1.326
2025-06-15,2,DCL,3.039
2025-06-15,2,DCH,1.382
2025-06-15,2,DML,2.239
2025-06-15,2,DMH,0.335
2025-06-15,2,DRL,1.65
2025-06-15,2,DRH,1.638
2025-06-15,3,DCL,0.956
2025-06-15,3,DCH,0.729
2025-06-15,3,DML,1.346
2025-06-15,3,DMH,0.869
2025-06-15,3,DRL,3.631
2025-06-15,3,DRH,3.939
2025-06-15,4,DCL,1.779
2025-06-15,4,DCH,0.734
2025-06-15,4,DML,0.734
2025-06-15,4,DMH,0.666
2025-06-15,4,DRL,3.003
2025-06-15,4,DRH,2.183
2025-06-15,5,DCL,4.34
2025-06-15,5,DCH,1.232
2025-06-15,5,DML,5.957
2025-06-15,5,DMH,0.794
2025-06-15,5,DRL,3.779
2025-06-15,5,DRH,1.139
2025-06-15,6,DCL,3.735
2025-06-15,6,DCH,0.989
2025-06-15,6,DML,1.789
2025-06-15,6,DMH,1.145
2025-06-15,6,DRL,2.362
2025-06-15,6,DRH,0.582
2025-06-16,1,DCL,2.768
2025-06-16,1,DCH,0.567
2025-06-16,1,DML,0.805
2025-06-16,1,DMH,0.761
2025-06-16,1,DRL,4.9
2025-06-16,1,DRH,0.965
2025-06-16,2,DCL,0.42
2025-06-16,2,DCH,1.011
2025-06-16,2,DML,0.569
2025-06-16,2,DMH,0.585
2025-06-16,2,DRL,4.452
2025-06-16,2,DRH,0.874
2025-06-16,3,DCL,3.243
2025-06-16,3,DCH,1.026
2025-06-16,3,DML,0.631
2025-06-16,3,DMH,0.951
2025-06-16,3,DRL,4.494
2025-06-16,3,DRH,3.732
2025-06-16,4,DCL,4.257
2025-06-16,4,DCH,0.636
2025-06-16,4,DML,1.546
2025-06-16,4,DMH,0.717
2025-06-16,4,DRL,5.16
2025-06-16,4,DRH,2.472
2025-06-16,5,DCL,4.371
2025-06-16,5,DCH,1.047
2025-06-16,5,DML,4.152
2025-06-16,5,DMH,1.118
2025-06-16,5,DRL,12.553
2025-06-16,5,DRH,1.986
2025-06-16,6,DCL,1.944
2025-06-16,6,DCH,1.082
2025-06-16,6,DML,2.315
2025-06-16,6,DMH,0.847
2025-06-16,6,DRL,2.995
2025-06-16,6,DRH,0.799
2025-06-17,1,DCL,1.565
2025-06-17,1,DCH,1.245
2025-06-17,1,DML,1.048
2025-06-17,1,DMH,0.306
2025-06-17,1,DRL,6.405
2025-06-17,1,DRH,0.832
2025-06-17,2,DCL,1.477
2025-06-17,2,DCH,1.015
2025-06-17,2,DML,0.63
2025-06-17,2,DMH,0.486
2025-06-17,2,DRL,4.26
2025-06-17,2,DRH,0.469
2025-06-17,3,DCL,2.181
2025-06-17,3,DCH,0.622
2025-06-17,3,DML,1.257
2025-06-17,3,DMH,0.509
2025-06-17,3,DRL,0.855
2025-06-17,3,DRH,2.013
2025-06-17,4,DCL,1.648
2025-06-17,4,DCH,1.488
2025-06-17,4,DML,1.087
2025-06-17,4,DMH,2.259
2025-06-17,4,DRL,5.3
2025-06-17,4,DRH,0.762
2025-06-17,5,DCL,5.339
2025-06-17,5,DCH,1.133
2025-06-17,5,DML,3.875
2025-06-17,5,DMH,1.095
2025-06-17,5,DRL,2.692
2025-06-17,5,DRH,2.892
2025-06-17,6,DCL,5.873
2025-06-17,6,DCH,1.033
2025-06-17,6,DML,1.44
2025-06-17,6,DMH,1.03
2025-06-17,6,DRL,2.751
2025-06-17,6,DRH,1.354
2025-06-18,1,DCL,1.337
2025-06-18,1,DCH,0.705
2025-06-18,1,DML,0.619
2025-06-18,1,DMH,0.479
2025-06-18,1,DRL,4.384
2025-06-18,1,DRH,1.688
2025-06-18,2,DCL,1.309
2025-06-18,2,DCH,0.61
2025-06-18,2,DML,1.57
2025-06-18,2,DMH,0.325
2025-06-18,2,DRL,3.347
2025-06-18,2,DRH,1.724
2025-06-18,3,DCL,3.293
2025-06-18,3,DCH,0.949
2025-06-18,3,DML,3.772
2025-06-18,3,DMH,1.016
2025-06-18,3,DRL,4.52
2025-06-18,3,DRH,0.946
2025-06-18,4,DCL,0.944
2025-06-18,4,DCH,0.715
2025-06-18,4,DML,1.649
2025-06-18,4,DMH,0.956
2025-06-18,4,DRL,1.074
2025-06-18,4,DRH,1.332
2025-06-18,5,DCL,8.115
2025-06-18,5,DCH,2.756
2025-06-18,5,DML,4.806
2025-06-18,5,DMH,1.225
2025-06-18,5,DRL,3.176
2025-06-18,5,DRH,2.174
2025-06-18,6,DCL,5.509
2025-06-18,6,DCH,1.579
2025-06-18,6,DML,1.06
2025-06-18,6,DMH,0.852
2025-06-18,6,DRL,3.954
2025-06-18,6,DRH,2.313
2025-06-19,1,DCL,1.484
2025-06-19,1,DCH,0.348
2025-06-19,1,DML,1.63
2025-06-19,1,DMH,0.831
2025-06-19,1,DRL,3.439
2025-06-19,1,DRH,0.962
2025-06-19,2,DCL,1.551
2025-06-19,2,DCH,0.449
2025-06-19,2,DML,0.832
2025-06-19,2,DMH,0.288
2025-06-19,2,DRL,1.237
2025-06-19,2,DRH,2.498
2025-06-19,3,DCL,2.662
2025-06-19,3,DCH,0.528
2025-06-19,3,DML,0.81
2025-06-19,3,DMH,0.405
2025-06-19,3,DRL,3.272
2025-06-19,3,DRH,1.196
2025-06-19,4,DCL,1.576
2025-06-19,4,DCH,0.983
2025-06-19,4,DML,2.983
2025-06-19,4,DMH,0.567
2025-06-19,4,DRL,11.206
2025-06-19,4,DRH,1.607
2025-06-19,5,DCL,4.343
2025-06-19,5,DCH,1.429
2025-06-19,5,DML,4.177
2025-06-19,5,DMH,1.975
2025-06-19,5,DRL,5.236
2025-06-19,5,DRH,3.077
2025-06-19,6,DCL,3.694
2025-06-19,6,DCH,0.732
2025-06-19,6,DML,3.985
2025-06-19,6,DMH,1.071
2025-06-19,6,DRL,2.735
2025-06-19,6,DRH,1.486
2025-06-20,1,DCL,1.3
2025-06-20,1,DCH,0.71
2025-06-20,1,DML,0.621
2025-06-20,1,DMH,0.773
2025-06-20,1,DRL,1.67
2025-06-20,1,DRH,2.456
2025-06-20,2,DCL,1.512
2025-06-20,2,DCH,0.651
2025-06-20,2,DML,1.328
2025-06-20,2,DMH,1.043
2025-06-20,2,DRL,1.011
2025-06-20,2,DRH,1.576
2025-06-20,3,DCL,1.14
2025-06-20,3,DCH,0.638
2025-06-20,3,DML,1.673
2025-06-20,3,DMH,0.941
2025-06-20,3,DRL,2.331
2025-06-20,3,DRH,0.621
2025-06-20,4,DCL,1.988
2025-06-20,4,DCH,1.318
2025-06-20,4,DML,1.724
2025-06-20,4,DMH,0.344
2025-06-20,4,DRL,4.437
2025-06-20,4,DRH,1.674
2025-06-20,5,DCL,4.059
2025-06-20,5,DCH,0.706
2025-06-20,5,DML,1.949
2025-06-20,5,DMH,0.981
2025-06-20,5,DRL,5.248
2025-06-20,5,DRH,1.823
2025-06-20,6,DCL,1.981
2025-06-20,6,DCH,1.299
2025-06-20,6,DML,1.399
2025-06-20,6,DMH,0.537
2025-06-20,6,DRL,3.745
2025-06-20,6,DRH,0.799
2025-06-21,1,DCL,2.061
2025-06-21,1,DCH,0.364
2025-06-21,1,DML,2.184
2025-06-21,1,DMH,0.442
2025-06-21,1,DRL,1.916
2025-06-21,1,DRH,1.015
2025-06-21,2,DCL,1.131
2025-06-21,2,DCH,0.587
2025-06-21,2,DML,1.73
2025-06-21,2,DMH,0.362
2025-06-21,2,DRL,1.425
2025-06-21,2,DRH,1.03
2025-06-21,3,DCL,2.948
2025-06-21,3,DCH,0.771
2025-06-21,3,DML,2.828
2025-06-21,3,DMH,0.296
2025-06-21,3,DRL,2.731
2025-06-21,3,DRH,1.28
2025-06-21,4,DCL,7.355
2025-06-21,4,DCH,1.481
2025-06-21,4,DML,2.205
2025-06-21,4,DMH,1.144
2025-06-21,4,DRL,5.551
2025-06-21,4,DRH,1.024
2025-06-21,5,DCL,5.492
2025-06-21,5,DCH,0.738
2025-06-21,5,DML,2.322
2025-06-21,5,DMH,1.13
2025-06-21,5,DRL,2.2
2025-06-21,5,DRH,2.615
2025-06-21,6,DCL,6.622
2025-06-21,6,DCH,1.784
2025-06-21,6,DML,2.467
2025-06-21,6,DMH,0.599
2025-06-21,6,DRL,5.693
2025-06-21,6,DRH,1.043
2025-06-22,1,DCL,2.953
2025-06-22,1,DCH,1.005
2025-06-22,1,DML,1.326
2025-06-22,1,DMH,0.747
2025-06-22,1,DRL,2.734
2025-06-22,1,DRH,0.77
2025-06-22,2,DCL,3.02
2025-06-22,2,DCH,0.71
2025-06-22,2,DML,0.789
2025-06-22,2,DMH,0.402
2025-06-22,2,DRL,2.212
2025-06-22,2,DRH,1.013
2025-06-22,3,DCL,1.281
2025-06-22,3,DCH,0.922
2025-06-22,3,DML,1.078
2025-06-22,3,DMH,0.258
2025-06-22,3,DRL,1.409
2025-06-22,3,DRH,1.104
2025-06-22,4,DCL,1.933
2025-06-22,4,DCH,0.949
2025-06-22,4,DML,1.833
2025-06-22,4,DMH,1.552
2025-06-22,4,DRL,6.867
2025-06-22,4,DRH,1.918
2025-06-22,5,DCL,2.338
2025-06-22,5,DCH,2.656
2025-06-22,5,DML,0.849
2025-06-22,5,DMH,1.009
2025-06-22,5,DRL,3.714
2025-06-22,5,DRH,2.337
2025-06-22,6,DCL,3.659
2025-06-22,6,DCH,1.602
2025-06-22,6,DML,1.024
2025-06-22,6,DMH,0.569
2025-06-22,6,DRL,1.894
2025-06-22,6,DRH,1.325
2025-06-23,1,DCL,2.147
2025-06-23,1,DCH,0.926
2025-06-23,1,DML,4.201
2025-06-23,1,DMH,0.456
2025-06-23,1,DRL,2.738
2025-06-23,1,DRH,1.064
2025-06-23,2,DCL,1.293
2025-06-23,2,DCH,0.428
2025-06-23,2,DML,0.915
2025-06-23,2,DMH,0.439
2025-06-23,2,DRL,1.683
2025-06-23,2,DRH,0.838
2025-06-23,3,DCL,7.228
2025-06-23,3,DCH,1.081
2025-06-23,3,DML,1.789
2025-06-23,3,DMH,0.534
2025-06-23,3,DRL,2.761
2025-06-23,3,DRH,0.681
2025-06-23,4,DCL,2.73
2025-06-23,4,DCH,0.329
2025-06-23,4,DML,1.716
2025-06-23,4,DMH,1.834
2025-06-23,4,DRL,3.758
2025-06-23,4,DRH,0.492
2025-06-23,5,DCL,2.447
2025-06-23,5,DCH,0.471
2025-06-23,5,DML,2.33
2025-06-23,5,DMH,1.158
2025-06-23,5,DRL,5.312
2025-06-23,5,DRH,3.459
2025-06-23,6,DCL,2.379
2025-06-23,6,DCH,0.903
2025-06-23,6,DML,1.856
2025-06-23,6,DMH,2.202
2025-06-23,6,DRL,3.086
2025-06-23,6,DRH,1.337
2025-06-24,1,DCL,3.918
2025-06-24,1,DCH,0.501
2025-06-24,1,DML,1.294
2025-06-24,1,DMH,0.491
2025-06-24,1,DRL,1.755
2025-06-24,1,DRH,1.265
2025-06-24,2,DCL,1.249
2025-06-24,2,DCH,0.444
2025-06-24,2,DML,1.718
2025-06-24,2,DMH,0.41
2025-06-24,2,DRL,3.449
2025-06-24,2,DRH,0.946
2025-06-24,3,DCL,1.085
2025-06-24,3,DCH,1.176
2025-06-24,3,DML,1.558
2025-06-24,3,DMH,0.737
2025-06-24,3,DRL,2.353
2025-06-24,3,DRH,0.254
2025-06-24,4,DCL,1.88
2025-06-24,4,DCH,0.933
2025-06-24,4,DML,1.431
2025-06-24,4,DMH,0.9
2025-06-24,4,DRL,1.512
2025-06-24,4,DRH,1.25
2025-06-24,5,DCL,4.201
2025-06-24,5,DCH,1.667
2025-06-24,5,DML,2.26
2025-06-24,5,DMH,2.0
2025-06-24,5,DRL,3.466
2025-06-24,5,DRH,1.262
2025-06-24,6,DCL,1.58
2025-06-24,6,DCH,1.335
2025-06-24,6,DML,2.667
2025-06-24,6,DMH,3.06
2025-06-24,6,DRL,2.559
2025-06-24,6,DRH,1.405
2025-06-25,1,DCL,1.193
2025-06-25,1,DCH,1.082
2025-06-25,1,DML,1.139
2025-06-25,1,DMH,0.316
2025-06-25,1,DRL,4.535
2025-06-25,1,DRH,0.394
2025-06-25,2,DCL,2.661
2025-06-25,2,DCH,0.72
2025-06-25,2,DML,0.34
2025-06-25,2,DMH,0.407
2025-06-25,2,DRL,1.487
2025-06-25,2,DRH,1.77
2025-06-25,3,DCL,1.808
2025-06-25,3,DCH,1.029
2025-06-25,3,DML,1.494
2025-06-25,3,DMH,1.023
2025-06-25,3,DRL,1.975
2025-06-25,3,DRH,1.952
2025-06-25,4,DCL,0.712
2025-06-25,4,DCH,0.497
2025-06-25,4,DML,2.002
2025-06-25,4,DMH,1.627
2025-06-25,4,DRL,2.594
2025-06-25,4,DRH,1.081
2025-06-25,5,DCL,4.831
2025-06-25,5,DCH,1.176
2025-06-25,5,DML,1.443
2025-06-25,5,DMH,0.499
2025-06-25,5,DRL,2.027
2025-06-25,5,DRH,1.509
2025-06-25,6,DCL,1.008
2025-06-25,6,DCH,1.231
2025-06-25,6,DML,2.993
2025-06-25,6,DMH,0.659
2025-06-25,6,DRL,2.848
2025-06-25,6,DRH,1.794
2025-06-26,1,DCL,0.755
2025-06-26,1,DCH,0.407
2025-06-26,1,DML,1.996
2025-06-26,1,DMH,0.571
2025-06-26,1,DRL,1.208
2025-06-26,1,DRH,2.183
2025-06-26,2,DCL,2.201
2025-06-26,2,DCH,0.916
2025-06-26,2,DML,1.479
2025-06-26,2,DMH,0.104
2025-06-26,2,DRL,3.62
2025-06-26,2,DRH,1.066
2025-06-26,3,DCL,1.27
2025-06-26,3,DCH,1.099
2025-06-26,3,DML,1.11
2025-06-26,3,DMH,0.722
2025-06-26,3,DRL,3.785
2025-06-26,3,DRH,0.998
2025-06-26,4,DCL,3.51
2025-06-26,4,DCH,0.511
2025-06-26,4,DML,1.622
2025-06-26,4,DMH,0.931
2025-06-26,4,DRL,2.802
2025-06-26,4,DRH,4.814
2025-06-26,5,DCL,3.321
2025-06-26,5,DCH,1.337
2025-06-26,5,DML,1.873
2025-06-26,5,DMH,1.987
2025-06-26,5,DRL,12.895
2025-06-26,5,DRH,1.358
2025-06-26,6,DCL,6.162
2025-06-26,6,DCH,0.872
2025-06-26,6,DML,2.098
2025-06-26,6,DMH,0.566
2025-06-26,6,DRL,2.048
2025-06-26,6,DRH,1.513
2025-06-27,1,DCL,4.044
2025-06-27,1,DCH,1.157
2025-06-27,1,DML,1.716
2025-06-27,1,DMH,0.783
2025-06-27,1,DRL,2.74
2025-06-27,1,DRH,0.554
2025-06-27,2,DCL,2.382
2025-06-27,2,DCH,0.319
2025-06-27,2,DML,2.261
2025-06-27,2,DMH,0.427
2025-06-27,2,DRL,4.02
2025-06-27,2,DRH,2.046
2025-06-27,3,DCL,1.701
2025-06-27,3,DCH,1.029
2025-06-27,3,DML,2.687
2025-06-27,3,DMH,1.199
2025-06-27,3,DRL,1.518
2025-06-27,3,DRH,2.124
2025-06-27,4,DCL,1.192
2025-06-27,4,DCH,0.826
2025-06-27,4,DML,1.729
2025-06-27,4,DMH,1.619
2025-06-27,4,DRL,4.347
2025-06-27,4,DRH,1.23
2025-06-27,5,DCL,2.346
2025-06-27,5,DCH,0.968
2025-06-27,5,DML,1.536
2025-06-27,5,DMH,1.416
2025-06-27,5,DRL,3.443
2025-06-27,5,DRH,2.778
2025-06-27,6,DCL,3.891
2025-06-27,6,DCH,2.57
2025-06-27,6,DML,3.935
2025-06-27,6,DMH,0.773
2025-06-27,6,DRL,5.25
2025-06-27,6,DRH,0.769
2025-06-28,1,DCL,1.127
2025-06-28,1,DCH,0.317
2025-06-28,1,DML,1.875
2025-06-28,1,DMH,0.607
2025-06-28,1,DRL,2.335
2025-06-28,1,DRH,1.065
2025-06-28,2,DCL,1.83
2025-06-28,2,DCH,0.233
2025-06-28,2,DML,1.378
2025-06-28,2,DMH,0.241
2025-06-28,2,DRL,3.886
2025-06-28,2,DRH,1.522
2025-06-28,3,DCL,0.824
2025-06-28,3,DCH,0.821
2025-06-28,3,DML,0.909
2025-06-28,3,DMH,0.531
2025-06-28,3,DRL,5.207
2025-06-28,3,DRH,2.04
2025-06-28,4,DCL,1.234
2025-06-28,4,DCH,0.975
2025-06-28,4,DML,0.958
2025-06-28,4,DMH,1.077
2025-06-28,4,DRL,2.827
2025-06-28,4,DRH,1.183
2025-06-28,5,DCL,2.64
2025-06-28,5,DCH,1.249
2025-06-28,5,DML,2.955
2025-06-28,5,DMH,1.334
2025-06-28,5,DRL,4.13
2025-06-28,5,DRH,2.934
2025-06-28,6,DCL,4.822
2025-06-28,6,DCH,0.865
2025-06-28,6,DML,2.714
2025-06-28,6,DMH,1.462
2025-06-28,6,DRL,3.645
2025-06-28,6,DRH,4.409
2025-06-29,1,DCL,2.909
2025-06-29,1,DCH,0.733
2025-06-29,1,DML,1.008
2025-06-29,1,DMH,0.557
2025-06-29,1,DRL,2.027
2025-06-29,1,DRH,0.922
2025-06-29,2,DCL,1.004
2025-06-29,2,DCH,0.631
2025-06-29,2,DML,1.086
2025-06-29,2,DMH,0.748
2025-06-29,2,DRL,2.826
2025-06-29,2,DRH,1.071
2025-06-29,3,DCL,3.306
2025-06-29,3,DCH,0.702
2025-06-29,3,DML,1.17
2025-06-29,3,DMH,0.546
2025-06-29,3,DRL,3.013
2025-06-29,3,DRH,0.975
2025-06-29,4,DCL,1.549
2025-06-29,4,DCH,1.168
2025-06-29,4,DML,4.48
2025-06-29,4,DMH,1.422
2025-06-29,4,DRL,1.702
2025-06-29,4,DRH,1.18
2025-06-29,5,DCL,5.524
2025-06-29,5,DCH,1.671
2025-06-29,5,DML,1.628
2025-06-29,5,DMH,0.601
2025-06-29,5,DRL,4.184
2025-06-29,5,DRH,1.933
2025-06-29,6,DCL,2.627
2025-06-29,6,DCH,1.882
2025-06-29,6,DML,2.034
2025-06-29,6,DMH,1.252
2025-06-29,6,DRL,1.642
2025-06-29,6,DRH,1.626
2025-06-30,1,DCL,2.273
2025-06-30,1,DCH,0.888
2025-06-30,1,DML,1.859
2025-06-30,1,DMH,1.52
2025-06-30,1,DRL,0.944
2025-06-30,1,DRH,1.204
2025-06-30,2,DCL,4.62
2025-06-30,2,DCH,0.32
2025-06-30,2,DML,2.161
2025-06-30,2,DMH,0.317
2025-06-30,2,DRL,2.12
2025-06-30,2,DRH,2.562
2025-06-30,3,DCL,1.895
2025-06-30,3,DCH,1.94
2025-06-30,3,DML,3.316
2025-06-30,3,DMH,0.97
2025-06-30,3,DRL,1.901
2025-06-30,3,DRH,0.327
2025-06-30,4,DCL,1.599
2025-06-30,4,DCH,1.036
2025-06-30,4,DML,2.045
2025-06-30,4,DMH,0.348
2025-06-30,4,DRL,1.866
2025-06-30,4,DRH,1.103
2025-06-30,5,DCL,2.862
2025-06-30,5,DCH,1.973
2025-06-30,5,DML,5.054
2025-06-30,5,DMH,2.094
2025-06-30,5,DRL,3.728
2025-06-30,5,DRH,1.889
2025-06-30,6,DCL,2.048
2025-06-30,6,DCH,2.534
2025-06-30,6,DML,1.402
2025-06-30,6,DMH,1.698
2025-06-30,6,DRL,1.626
2025-06-30,6,DRH,1.728
2025-07-01,1,DCL,3.071
2025-07-01,1,DCH,0.727
2025-07-01,1,DML,0.573
2025-07-01,1,DMH,0.901
2025-07-01,1,DRL,2.296
2025-07-01,1,DRH,1.053
2025-07-01,2,DCL,3.438
2025-07-01,2,DCH,0.804
2025-07-01,2,DML,0.946
2025-07-01,2,DMH,0.37
2025-07-01,2,DRL,1.366
2025-07-01,2,DRH,0.877
2025-07-01,3,DCL,1.727
2025-07-01,3,DCH,1.097
2025-07-01,3,DML,0.966
2025-07-01,3,DMH,0.374
2025-07-01,3,DRL,2.374
2025-07-01,3,DRH,0.695
2025-07-01,4,DCL,1.661
2025-07-01,4,DCH,1.347
2025-07-01,4,DML,4.171
2025-07-01,4,DMH,1.919
2025-07-01,4,DRL,5.45
2025-07-01,4,DRH,0.735
2025-07-01,5,DCL,8.054
2025-07-01,5,DCH,0.948
2025-07-01,5,DML,1.119
2025-07-01,5,DMH,1.699
2025-07-01,5,DRL,3.232
2025-07-01,5,DRH,1.07
2025-07-01,6,DCL,4.284
2025-07-01,6,DCH,0.582
2025-07-01,6,DML,0.787
2025-07-01,6,DMH,0.696
2025-07-01,6,DRL,4.307
2025-07-01,6,DRH,1.557
2025-07-02,1,DCL,1.545
2025-07-02,1,DCH,0.698
2025-07-02,1,DML,1.221
2025-07-02,1,DMH,0.328
2025-07-02,1,DRL,1.807
2025-07-02,1,DRH,1.596
2025-07-02,2,DCL,1.589
2025-07-02,2,DCH,0.413
2025-07-02,2,DML,1.159
2025-07-02,2,DMH,0.414
2025-07-02,2,DRL,1.825
2025-07-02,2,DRH,1.819
2025-07-02,3,DCL,3.095
2025-07-02,3,DCH,1.478
2025-07-02,3,DML,1.107
2025-07-02,3,DMH,0.492
2025-07-02,3,DRL,4.08
2025-07-02,3,DRH,0.88
2025-07-02,4,DCL,1.279
2025-07-02,4,DCH,0.471
2025-07-02,4,DML,1.462
2025-07-02,4,DMH,0.376
2025-07-02,4,DRL,2.359
2025-07-02,4,DRH,1.556
2025-07-02,5,DCL,2.975
2025-07-02,5,DCH,0.959
2025-07-02,5,DML,2.607
2025-07-02,5,DMH,0.952
2025-07-02,5,DRL,2.596
2025-07-02,5,DRH,2.385
2025-07-02,6,DCL,3.43
2025-07-02,6,DCH,0.783
2025-07-02,6,DML,1.23
2025-07-02,6,DMH,1.432
2025-07-02,6,DRL,3.772
2025-07-02,6,DRH,2.124
2025-07-03,1,DCL,2.706
2025-07-03,1,DCH,0.943
2025-07-03,1,DML,1.591
2025-07-03,1,DMH,0.379
2025-07-03,1,DRL,1.799
2025-07-03,1,DRH,1.413
2025-07-03,2,DCL,1.514
2025-07-03,2,DCH,0.678
2025-07-03,2,DML,1.2
2025-07-03,2,DMH,0.648
2025-07-03,2,DRL,1.524
2025-07-03,2,DRH,1.593
2025-07-03,3,DCL,2.132
2025-07-03,3,DCH,0.901
2025-07-03,3,DML,1.04
2025-07-03,3,DMH,0.818
2025-07-03,3,DRL,2.625
2025-07-03,3,DRH,1.456
2025-07-03,4,DCL,2.072
2025-07-03,4,DCH,1.314
2025-07-03,4,DML,0.595
2025-07-03,4,DMH,1.639
2025-07-03,4,DRL,4.501
2025-07-03,4,DRH,1.247
2025-07-03,5,DCL,3.052
2025-07-03,5,DCH,2.138
2025-07-03,5,DML,2.727
2025-07-03,5,DMH,2.903
2025-07-03,5,DRL,3.111
2025-07-03,5,DRH,2.507
2025-07-03,6,DCL,1.522
2025-07-03,6,DCH,1.602
2025-07-03,6,DML,2.193
2025-07-03,6,DMH,0.798
2025-07-03,6,DRL,1.95
2025-07-03,6,DRH,0.67
2025-07-04,1,DCL,1.717
2025-07-04,1,DCH,1.104
2025-07-04,1,DML,0.405
2025-07-04,1,DMH,0.554
2025-07-04,1,DRL,4.206
2025-07-04,1,DRH,1.452
2025-07-04,2,DCL,2.188
2025-07-04,2,DCH,0.722
2025-07-04,2,DML,1.571
2025-07-04,2,DMH,0.845
2025-07-04,2,DRL,1.609
2025-07-04,2,DRH,0.612
2025-07-04,3,DCL,1.86
2025-07-04,3,DCH,1.241
2025-07-04,3,DML,0.788
2025-07-04,3,DMH,0.681
2025-07-04,3,DRL,2.977
2025-07-04,3,DRH,1.613
2025-07-04,4,DCL,2.127
2025-07-04,4,DCH,1.025
2025-07-04,4,DML,0.983
2025-07-04,4,DMH,0.352
2025-07-04,4,DRL,4.316
2025-07-04,4,DRH,0.693
2025-07-04,5,DCL,4.665
2025-07-04,5,DCH,2.547
2025-07-04,5,DML,1.687
2025-07-04,5,DMH,0.827
2025-07-04,5,DRL,1.954
2025-07-04,5,DRH,1.16
2025-07-04,6,DCL,1.787
2025-07-04,6,DCH,1.334
2025-07-04,6,DML,3.025
2025-07-04,6,DMH,1.254
2025-07-04,6,DRL,2.696
2025-07-04,6,DRH,1.213
2025-07-05,1,DCL,3.116
2025-07-05,1,DCH,0.66
2025-07-05,1,DML,1.629
2025-07-05,1,DMH,0.261
2025-07-05,1,DRL,2.59
2025-07-05,1,DRH,0.707
2025-07-05,2,DCL,2.112
2025-07-05,2,DCH,1.381
2025-07-05,2,DML,3.039
2025-07-05,2,DMH,0.644
2025-07-05,2,DRL,2.308
2025-07-05,2,DRH,0.493
2025-07-05,3,DCL,1.885
2025-07-05,3,DCH,0.651
2025-07-05,3,DML,1.306
2025-07-05,3,DMH,0.673
2025-07-05,3,DRL,2.554
2025-07-05,3,DRH,0.585
2025-07-05,4,DCL,3.272
2025-07-05,4,DCH,0.842
2025-07-05,4,DML,0.462
2025-07-05,4,DMH,0.852
2025-07-05,4,DRL,6.815
2025-07-05,4,DRH,2.125
2025-07-05,5,DCL,3.608
2025-07-05,5,DCH,1.546
2025-07-05,5,DML,1.646
2025-07-05,5,DMH,0.919
2025-07-05,5,DRL,2.415
2025-07-05,5,DRH,4.14
2025-07-05,6,DCL,2.815
2025-07-05,6,DCH,2.724
2025-07-05,6,DML,0.666
2025-07-05,6,DMH,1.354
2025-07-05,6,DRL,4.048
2025-07-05,6,DRH,1.097
2025-07-06,1,DCL,0.919
2025-07-06,1,DCH,0.286
2025-07-06,1,DML,5.056
2025-07-06,1,DMH,0.949
2025-07-06,1,DRL,4.272
2025-07-06,1,DRH,0.53
2025-07-06,2,DCL,2.851
2025-07-06,2,DCH,0.488
2025-07-06,2,DML,2.285
2025-07-06,2,DMH,0.515
2025-07-06,2,DRL,2.418
2025-07-06,2,DRH,1.251
2025-07-06,3,DCL,4.28
2025-07-06,3,DCH,0.542
2025-07-06,3,DML,1.497
2025-07-06,3,DMH,0.706
2025-07-06,3,DRL,5.717
2025-07-06,3,DRH,0.724
2025-07-06,4,DCL,2.994
2025-07-06,4,DCH,1.003
2025-07-06,4,DML,1.465
2025-07-06,4,DMH,0.731
2025-07-06,4,DRL,2.188
2025-07-06,4,DRH,0.953
2025-07-06,5,DCL,4.364
2025-07-06,5,DCH,2.845
2025-07-06,5,DML,6.131
2025-07-06,5,DMH,1.91
2025-07-06,5,DRL,4.47
2025-07-06,5,DRH,3.036
2025-07-06,6,DCL,2.859
2025-07-06,6,DCH,1.205
2025-07-06,6,DML,2.945
2025-07-06,6,DMH,1.912
2025-07-06,6,DRL,2.925
2025-07-06,6,DRH,0.845
2025-07-07,1,DCL,1.188
2025-07-07,1,DCH,1.385
2025-07-07,1,DML,1.196
2025-07-07,1,DMH,0.401
2025-07-07,1,DRL,2.117
2025-07-07,1,DRH,1.06
2025-07-07,2,DCL,0.736
2025-07-07,2,DCH,0.673
2025-07-07,2,DML,1.606
2025-07-07,2,DMH,0.455
2025-07-07,2,DRL,2.604
2025-07-07,2,DRH,1.411
2025-07-07,3,DCL,1.355
2025-07-07,3,DCH,0.769
2025-07-07,3,DML,2.469
2025-07-07,3,DMH,0.513
2025-07-07,3,DRL,3.2
2025-07-07,3,DRH,1.604
2025-07-07,4,DCL,3.542
2025-07-07,4,DCH,0.873
2025-07-07,4,DML,2.702
2025-07-07,4,DMH,0.475
2025-07-07,4,DRL,3.33
2025-07-07,4,DRH,1.067
2025-07-07,5,DCL,2.261
2025-07-07,5,DCH,0.451
2025-07-07,5,DML,4.311
2025-07-07,5,DMH,0.47
2025-07-07,5,DRL,4.191
2025-07-07,5,DRH,0.858
2025-07-07,6,DCL,1.075
2025-07-07,6,DCH,1.478
2025-07-07,6,DML,1.101
2025-07-07,6,DMH,2.931
2025-07-07,6,DRL,1.806
2025-07-07,6,DRH,2.474
2025-07-08,1,DCL,0.91
2025-07-08,1,DCH,2.104
2025-07-08,1,DML,2.047
2025-07-08,1,DMH,0.409
2025-07-08,1,DRL,2.306
2025-07-08,1,DRH,0.872
2025-07-08,2,DCL,2.736
2025-07-08,2,DCH,0.837
2025-07-08,2,DML,0.949
2025-07-08,2,DMH,0.767
2025-07-08,2,DRL,2.222
2025-07-08,2,DRH,0.326
2025-07-08,3,DCL,1.969
2025-07-08,3,DCH,0.449
2025-07-08,3,DML,2.565
2025-07-08,3,DMH,0.549
2025-07-08,3,DRL,1.419
2025-07-08,3,DRH,2.25
2025-07-08,4,DCL,1.252
2025-07-08,4,DCH,0.509
2025-07-08,4,DML,1.611
2025-07-08,4,DMH,1.974
2025-07-08,4,DRL,4.879
2025-07-08,4,DRH,2.432
2025-07-08,5,DCL,2.413
2025-07-08,5,DCH,1.882
2025-07-08,5,DML,2.053
2025-07-08,5,DMH,0.69
2025-07-08,5,DRL,3.503
2025-07-08,5,DRH,5.436
2025-07-08,6,DCL,4.731
2025-07-08,6,DCH,0.548
2025-07-08,6,DML,0.452
2025-07-08,6,DMH,0.966
2025-07-08,6,DRL,1.601
2025-07-08,6,DRH,1.411
2025-07-09,1,DCL,0.886
2025-07-09,1,DCH,0.856
2025-07-09,1,DML,2.357
2025-07-09,1,DMH,0.208
2025-07-09,1,DRL,3.403
2025-07-09,1,DRH,0.345
2025-07-09,2,DCL,1.433
2025-07-09,2,DCH,0.615
2025-07-09,2,DML,2.616
2025-07-09,2,DMH,0.362
2025-07-09,2,DRL,1.439
2025-07-09,2,DRH,1.624
2025-07-09,3,DCL,3.476
2025-07-09,3,DCH,0.861
2025-07-09,3,DML,0.786
2025-07-09,3,DMH,0.999
2025-07-09,3,DRL,7.024
2025-07-09,3,DRH,2.212
2025-07-09,4,DCL,0.514
2025-07-09,4,DCH,2.104
2025-07-09,4,DML,0.737
2025-07-09,4,DMH,1.182
2025-07-09,4,DRL,2.874
2025-07-09,4,DRH,1.333
2025-07-09,5,DCL,1.821
2025-07-09,5,DCH,2.276
2025-07-09,5,DML,2.167
2025-07-09,5,DMH,0.676
2025-07-09,5,DRL,2.958
2025-07-09,5,DRH,1.937
2025-07-09,6,DCL,4.324
2025-07-09,6,DCH,1.776
2025-07-09,6,DML,1.875
2025-07-09,6,DMH,2.654
2025-07-09,6,DRL,4.542
2025-07-09,6,DRH,6.64
2025-07-10,1,DCL,3.713
2025-07-10,1,DCH,0.512
2025-07-10,1,DML,6.1
2025-07-10,1,DMH,0.939
2025-07-10,1,DRL,2.375
2025-07-10,1,DRH,0.956
2025-07-10,2,DCL,1.133
2025-07-10,2,DCH,0.24
2025-07-10,2,DML,1.922
2025-07-10,2,DMH,0.515
2025-07-10,2,DRL,3.413
2025-07-10,2,DRH,0.87
2025-07-10,3,DCL,1.205
2025-07-10,3,DCH,0.649
2025-07-10,3,DML,1.496
2025-07-10,3,DMH,0.579
2025-07-10,3,DRL,6.63
2025-07-10,3,DRH,1.369
2025-07-10,4,DCL,4.87
2025-07-10,4,DCH,0.72
2025-07-10,4,DML,2.049
2025-07-10,4,DMH,0.539
2025-07-10,4,DRL,3.008
2025-07-10,4,DRH,0.703
2025-07-10,5,DCL,3.099
2025-07-10,5,DCH,0.91
2025-07-10,5,DML,1.857
2025-07-10,5,DMH,1.287
2025-07-10,5,DRL,2.842
2025-07-10,5,DRH,1.95
2025-07-10,6,DCL,2.365
2025-07-10,6,DCH,1.093
2025-07-10,6,DML,1.142
2025-07-10,6,DMH,1.093
2025-07-10,6,DRL,6.808
2025-07-10,6,DRH,0.572
2025-07-11,1,DCL,2.753
2025-07-11,1,DCH,0.437
2025-07-11,1,DML,0.891
2025-07-11,1,DMH,1.162
2025-07-11,1,DRL,2.839
2025-07-11,1,DRH,0.861
2025-07-11,2,DCL,1.211
2025-07-11,2,DCH,0.335
2025-07-11,2,DML,0.937
2025-07-11,2,DMH,1.732
2025-07-11,2,DRL,3.621
2025-07-11,2,DRH,1.261
2025-07-11,3,DCL,2.0
2025-07-11,3,DCH,0.353
2025-07-11,3,DML,1.525
2025-07-11,3,DMH,0.6
2025-07-11,3,DRL,1.592
2025-07-11,3,DRH,1.361
2025-07-11,4,DCL,4.197
2025-07-11,4,DCH,1.372
2025-07-11,4,DML,1.388
2025-07-11,4,DMH,0.607
2025-07-11,4,DRL,3.076
2025-07-11,4,DRH,0.771
2025-07-11,5,DCL,2.449
2025-07-11,5,DCH,1.881
2025-07-11,5,DML,2.245
2025-07-11,5,DMH,1.404
2025-07-11,5,DRL,2.492
2025-07-11,5,DRH,0.936
2025-07-11,6,DCL,5.522
2025-07-11,6,DCH,0.699
2025-07-11,6,DML,1.502
2025-07-11,6,DMH,1.345
2025-07-11,6,DRL,3.979
2025-07-11,6,DRH,4.202
2025-07-12,1,DCL,1.924
2025-07-12,1,DCH,1.568
2025-07-12,1,DML,3.352
2025-07-12,1,DMH,0.562
2025-07-12,1,DRL,1.311
2025-07-12,1,DRH,1.16
2025-07-12,2,DCL,1.313
2025-07-12,2,DCH,0.409
2025-07-12,2,DML,0.617
2025-07-12,2,DMH,0.713
2025-07-12,2,DRL,2.279
2025-07-12,2,DRH,0.633
2025-07-12,3,DCL,3.556
2025-07-12,3,DCH,0.585
2025-07-12,3,DML,2.241
2025-07-12,3,DMH,1.567
2025-07-12,3,DRL,1.557
2025-07-12,3,DRH,1.312
2025-07-12,4,DCL,1.757
2025-07-12,4,DCH,1.344
2025-07-12,4,DML,1.651
2025-07-12,4,DMH,2.384
2025-07-12,4,DRL,2.182
2025-07-12,4,DRH,1.713
2025-07-12,5,DCL,2.262
2025-07-12,5,DCH,1.65
2025-07-12,5,DML,4.153
2025-07-12,5,DMH,0.737
2025-07-12,5,DRL,4.388
2025-07-12,5,DRH,3.41
2025-07-12,6,DCL,2.346
2025-07-12,6,DCH,0.753
2025-07-12,6,DML,1.978
2025-07-12,6,DMH,0.694
2025-07-12,6,DRL,4.702
2025-07-12,6,DRH,2.022
2025-07-13,1,DCL,3.724
2025-07-13,1,DCH,0.803
2025-07-13,1,DML,2.719
2025-07-13,1,DMH,0.516
2025-07-13,1,DRL,2.712
2025-07-13,1,DRH,1.584
2025-07-13,2,DCL,1.516
2025-07-13,2,DCH,0.548
2025-07-13,2,DML,1.246
2025-07-13,2,DMH,0.373
2025-07-13,2,DRL,1.297
2025-07-13,2,DRH,0.521
2025-07-13,3,DCL,5.324
2025-07-13,3,DCH,0.88
2025-07-13,3,DML,1.118
2025-07-13,3,DMH,0.398
2025-07-13,3,DRL,6.045
2025-07-13,3,DRH,0.603
2025-07-13,4,DCL,1.12
2025-07-13,4,DCH,2.279
2025-07-13,4,DML,1.885
2025-07-13,4,DMH,0.997
2025-07-13,4,DRL,2.034
2025-07-13,4,DRH,1.164
2025-07-13,5,DCL,2.659
2025-07-13,5,DCH,0.35
2025-07-13,5,DML,1.435
2025-07-13,5,DMH,1.133
2025-07-13,5,DRL,9.757
2025-07-13,5,DRH,1.669
2025-07-13,6,DCL,1.627
2025-07-13,6,DCH,0.924
2025-07-13,6,DML,1.303
2025-07-13,6,DMH,1.481
2025-07-13,6,DRL,3.157
2025-07-13,6,DRH,0.722
2025-07-14,1,DCL,1.565
2025-07-14,1,DCH,0.422
2025-07-14,1,DML,0.3
2025-07-14,1,DMH,0.333
2025-07-14,1,DRL,1.24
2025-07-14,1,DRH,1.096
2025-07-14,2,DCL,1.693
2025-07-14,2,DCH,0.84
2025-07-14,2,DML,1.191
2025-07-14,2,DMH,0.564
2025-07-14,2,DRL,0.696
2025-07-14,2,DRH,0.729
2025-07-14,3,DCL,1.94
2025-07-14,3,DCH,0.302
2025-07-14,3,DML,1.036
2025-07-14,3,DMH,0.536
2025-07-14,3,DRL,5.316
2025-07-14,3,DRH,1.128
2025-07-14,4,DCL,2.123
2025-07-14,4,DCH,0.771
2025-07-14,4,DML,3.386
2025-07-14,4,DMH,1.074
2025-07-14,4,DRL,1.697
2025-07-14,4,DRH,1.366
2025-07-14,5,DCL,8.235
2025-07-14,5,DCH,1.57
2025-07-14,5,DML,2.453
2025-07-14,5,DMH,0.815
2025-07-14,5,DRL,6.964
2025-07-14,5,DRH,4.283
2025-07-14,6,DCL,2.171
2025-07-14,6,DCH,0.969
2025-07-14,6,DML,2.02
2025-07-14,6,DMH,1.056
2025-07-14,6,DRL,3.355
2025-07-14,6,DRH,1.651
2025-07-15,1,DCL,1.038
2025-07-15,1,DCH,0.349
2025-07-15,1,DML,0.567
2025-07-15,1,DMH,0.916
2025-07-15,1,DRL,3.842
2025-07-15,1,DRH,1.575
2025-07-15,2,DCL,8.562
2025-07-15,2,DCH,0.571
2025-07-15,2,DML,0.992
2025-07-15,2,DMH,0.433
2025-07-15,2,DRL,2.068
2025-07-15,2,DRH,1.061
2025-07-15,3,DCL,1.881
2025-07-15,3,DCH,2.602
2025-07-15,3,DML,2.316
2025-07-15,3,DMH,0.531
2025-07-15,3,DRL,3.057
2025-07-15,3,DRH,4.271
2025-07-15,4,DCL,2.365
2025-07-15,4,DCH,0.279
2025-07-15,4,DML,2.089
2025-07-15,4,DMH,0.918
2025-07-15,4,DRL,3.376
2025-07-15,4,DRH,0.883
2025-07-15,5,DCL,4.649
2025-07-15,5,DCH,2.11
2025-07-15,5,DML,1.291
2025-07-15,5,DMH,0.481
2025-07-15,5,DRL,3.55
2025-07-15,5,DRH,3.153
2025-07-15,6,DCL,1.411
2025-07-15,6,DCH,1.262
2025-07-15,6,DML,1.003
2025-07-15,6,DMH,0.504
2025-07-15,6,DRL,1.952
2025-07-15,6,DRH,2.3
2025-07-16,1,DCL,2.465
2025-07-16,1,DCH,0.562
2025-07-16,1,DML,1.613
2025-07-16,1,DMH,0.303
2025-07-16,1,DRL,1.839
2025-07-16,1,DRH,0.484
2025-07-16,2,DCL,3.149
2025-07-16,2,DCH,0.267
2025-07-16,2,DML,1.272
2025-07-16,2,DMH,0.675
2025-07-16,2,DRL,0.628
2025-07-16,2,DRH,0.548
2025-07-16,3,DCL,1.364
2025-07-16,3,DCH,0.726
2025-07-16,3,DML,1.274
2025-07-16,3,DMH,1.408
2025-07-16,3,DRL,3.625
2025-07-16,3,DRH,0.5
2025-07-16,4,DCL,1.223
2025-07-16,4,DCH,1.194
2025-07-16,4,DML,1.098
2025-07-16,4,DMH,0.856
2025-07-16,4,DRL,1.696
2025-07-16,4,DRH,2.197
2025-07-16,5,DCL,3.141
2025-07-16,5,DCH,0.923
2025-07-16,5,DML,2.202
2025-07-16,5,DMH,0.874
2025-07-16,5,DRL,4.227
2025-07-16,5,DRH,1.733
2025-07-16,6,DCL,2.149
2025-07-16,6,DCH,0.824
2025-07-16,6,DML,1.721
2025-07-16,6,DMH,0.923
2025-07-16,6,DRL,1.789
2025-07-16,6,DRH,0.891
2025-07-17,1,DCL,2.496
2025-07-17,1,DCH,0.717
2025-07-17,1,DML,2.707
2025-07-17,1,DMH,0.456
2025-07-17,1,DRL,1.853
2025-07-17,1,DRH,0.777
2025-07-17,2,DCL,1.068
2025-07-17,2,DCH,1.075
2025-07-17,2,DML,1.671
2025-07-17,2,DMH,0.747
2025-07-17,2,DRL,1.23
2025-07-17,2,DRH,2.102
2025-07-17,3,DCL,2.954
2025-07-17,3,DCH,0.832
2025-07-17,3,DML,1.701
2025-07-17,3,DMH,0.786
2025-07-17,3,DRL,7.901
2025-07-17,3,DRH,0.562
2025-07-17,4,DCL,4.832
2025-07-17,4,DCH,0.705
2025-07-17,4,DML,3.544
2025-07-17,4,DMH,0.541
2025-07-17,4,DRL,1.838
2025-07-17,4,DRH,1.322
2025-07-17,5,DCL,3.905
2025-07-17,5,DCH,2.434
2025-07-17,5,DML,3.357
2025-07-17,5,DMH,1.904
2025-07-17,5,DRL,4.245
2025-07-17,5,DRH,2.781
2025-07-17,6,DCL,2.191
2025-07-17,6,DCH,1.681
2025-07-17,6,DML,1.726
2025-07-17,6,DMH,0.346
2025-07-17,6,DRL,2.188
2025-07-17,6,DRH,1.082
2025-07-18,1,DCL,0.998
2025-07-18,1,DCH,1.001
2025-07-18,1,DML,3.415
2025-07-18,1,DMH,0.681
2025-07-18,1,DRL,1.503
2025-07-18,1,DRH,0.619
2025-07-18,2,DCL,2.843
2025-07-18,2,DCH,1.226
2025-07-18,2,DML,1.723
2025-07-18,2,DMH,0.277
2025-07-18,2,DRL,1.333
2025-07-18,2,DRH,2.255
2025-07-18,3,DCL,1.339
2025-07-18,3,DCH,0.642
2025-07-18,3,DML,0.601
2025-07-18,3,DMH,0.395
2025-07-18,3,DRL,5.262
2025-07-18,3,DRH,0.232
2025-07-18,4,DCL,2.756
2025-07-18,4,DCH,0.896
2025-07-18,4,DML,0.721
2025-07-18,4,DMH,0.633
2025-07-18,4,DRL,1.932
2025-07-18,4,DRH,1.702
2025-07-18,5,DCL,5.142
2025-07-18,5,DCH,1.082
2025-07-18,5,DML,2.031
2025-07-18,5,DMH,1.345
2025-07-18,5,DRL,2.664
2025-07-18,5,DRH,2.776
2025-07-18,6,DCL,2.147
2025-07-18,6,DCH,0.472
2025-07-18,6,DML,1.633
2025-07-18,6,DMH,0.38
2025-07-18,6,DRL,1.662
2025-07-18,6,DRH,2.555
2025-07-19,1,DCL,1.231
2025-07-19,1,DCH,0.5
2025-07-19,1,DML,1.332
2025-07-19,1,DMH,0.908
2025-07-19,1,DRL,3.146
2025-07-19,1,DRH,0.331
2025-07-19,2,DCL,2.423
2025-07-19,2,DCH,1.19
2025-07-19,2,DML,1.585
2025-07-19,2,DMH,0.284
2025-07-19,2,DRL,2.676
2025-07-19,2,DRH,1.624
2025-07-19,3,DCL,1.201
2025-07-19,3,DCH,0.808
2025-07-19,3,DML,1.243
2025-07-19,3,DMH,0.347
2025-07-19,3,DRL,4.0
2025-07-19,3,DRH,1.56
2025-07-19,4,DCL,0.663
2025-07-19,4,DCH,1.486
2025-07-19,4,DML,5.408
2025-07-19,4,DMH,1.774
2025-07-19,4,DRL,4.196
2025-07-19,4,DRH,2.49
2025-07-19,5,DCL,1.336
2025-07-19,5,DCH,1.681
2025-07-19,5,DML,2.442
2025-07-19,5,DMH,1.591
2025-07-19,5,DRL,3.484
2025-07-19,5,DRH,0.856
2025-07-19,6,DCL,3.85
2025-07-19,6,DCH,0.525
2025-07-19,6,DML,1.501
2025-07-19,6,DMH,0.811
2025-07-19,6,DRL,2.7
2025-07-19,6,DRH,2.027
2025-07-20,1,DCL,3.14
2025-07-20,1,DCH,0.259
2025-07-20,1,DML,2.826
2025-07-20,1,DMH,0.659
2025-07-20,1,DRL,3.145
2025-07-20,1,DRH,1.417
2025-07-20,2,DCL,0.857
2025-07-20,2,DCH,0.571
2025-07-20,2,DML,2.073
2025-07-20,2,DMH,0.349
2025-07-20,2,DRL,0.769
2025-07-20,2,DRH,0.351
2025-07-20,3,DCL,3.11
2025-07-20,3,DCH,0.751
2025-07-20,3,DML,2.005
2025-07-20,3,DMH,1.148
2025-07-20,3,DRL,1.127
2025-07-20,3,DRH,1.007
2025-07-20,4,DCL,1.681
2025-07-20,4,DCH,0.843
2025-07-20,4,DML,0.867
2025-07-20,4,DMH,0.359
2025-07-20,4,DRL,2.352
2025-07-20,4,DRH,2.599
2025-07-20,5,DCL,5.846
2025-07-20,5,DCH,1.213
2025-07-20,5,DML,3.196
2025-07-20,5,DMH,2.157
2025-07-20,5,DRL,6.427
2025-07-20,5,DRH,1.648
2025-07-20,6,DCL,2.293
2025-07-20,6,DCH,1.938
2025-07-20,6,DML,1.651
2025-07-20,6,DMH,1.117
2025-07-20,6,DRL,2.194
2025-07-20,6,DRH,2.051
2025-07-21,1,DCL,1.546
2025-07-21,1,DCH,1.144
2025-07-21,1,DML,0.505
2025-07-21,1,DMH,0.79
2025-07-21,1,DRL,2.102
2025-07-21,1,DRH,1.932
2025-07-21,2,DCL,1.163
2025-07-21,2,DCH,0.501
2025-07-21,2,DML,0.362
2025-07-21,2,DMH,0.789
2025-07-21,2,DRL,1.933
2025-07-21,2,DRH,0.737
2025-07-21,3,DCL,1.762
2025-07-21,3,DCH,0.55
2025-07-21,3,DML,1.37
2025-07-21,3,DMH,0.947
2025-07-21,3,DRL,2.012
2025-07-21,3,DRH,2.877
2025-07-21,4,DCL,1.071
2025-07-21,4,DCH,0.92
2025-07-21,4,DML,1.522
2025-07-21,4,DMH,0.419
2025-07-21,4,DRL,3.415
2025-07-21,4,DRH,1.794
2025-07-21,5,DCL,11.429
2025-07-21,5,DCH,0.809
2025-07-21,5,DML,1.833
2025-07-21,5,DMH,0.656
2025-07-21,5,DRL,6.68
2025-07-21,5,DRH,1.22
2025-07-21,6,DCL,1.348
2025-07-21,6,DCH,0.292
2025-07-21,6,DML,3.087
2025-07-21,6,DMH,0.606
2025-07-21,6,DRL,5.595
2025-07-21,6,DRH,1.246
2025-07-22,1,DCL,1.093
2025-07-22,1,DCH,1.467
2025-07-22,1,DML,0.779
2025-07-22,1,DMH,1.602
2025-07-22,1,DRL,2.192
2025-07-22,1,DRH,0.704
2025-07-22,2,DCL,2.149
2025-07-22,2,DCH,0.695
2025-07-22,2,DML,2.047
2025-07-22,2,DMH,0.333
2025-07-22,2,DRL,2.854
2025-07-22,2,DRH,1.339
2025-07-22,3,DCL,2.694
2025-07-22,3,DCH,0.283
2025-07-22,3,DML,3.105
2025-07-22,3,DMH,0.76
2025-07-22,3,DRL,3.386
2025-07-22,3,DRH,1.464
2025-07-22,4,DCL,1.141
2025-07-22,4,DCH,0.823
2025-07-22,4,DML,3.724
2025-07-22,4,DMH,0.57
2025-07-22,4,DRL,2.992
2025-07-22,4,DRH,2.052
2025-07-22,5,DCL,4.576
2025-07-22,5,DCH,1.064
2025-07-22,5,DML,2.163
2025-07-22,5,DMH,1.697
2025-07-22,5,DRL,7.393
2025-07-22,5,DRH,2.073
2025-07-22,6,DCL,1.411
2025-07-22,6,DCH,1.784
2025-07-22,6,DML,2.004
2025-07-22,6,DMH,0.815
2025-07-22,6,DRL,2.033
2025-07-22,6,DRH,1.71
2025-07-23,1,DCL,0.43
2025-07-23,1,DCH,1.247
2025-07-23,1,DML,1.061
2025-07-23,1,DMH,0.725
2025-07-23,1,DRL,1.436
2025-07-23,1,DRH,1.134
2025-07-23,2,DCL,0.984
2025-07-23,2,DCH,0.694
2025-07-23,2,DML,1.407
2025-07-23,2,DMH,0.67
2025-07-23,2,DRL,2.397
2025-07-23,2,DRH,1.071
2025-07-23,3,DCL,1.792
2025-07-23,3,DCH,0.555
2025-07-23,3,DML,0.895
2025-07-23,3,DMH,0.762
2025-07-23,3,DRL,1.661
2025-07-23,3,DRH,0.366
2025-07-23,4,DCL,4.661
2025-07-23,4,DCH,0.816
2025-07-23,4,DML,1.712
2025-07-23,4,DMH,0.799
2025-07-23,4,DRL,1.865
2025-07-23,4,DRH,1.793
2025-07-23,5,DCL,6.386
2025-07-23,5,DCH,0.941
2025-07-23,5,DML,1.504
2025-07-23,5,DMH,1.215
2025-07-23,5,DRL,2.151
2025-07-23,5,DRH,1.529
2025-07-23,6,DCL,2.362
2025-07-23,6,DCH,0.728
2025-07-23,6,DML,1.116
2025-07-23,6,DMH,0.477
2025-07-23,6,DRL,1.253
2025-07-23,6,DRH,2.555
2025-07-24,1,DCL,1.075
2025-07-24,1,DCH,0.841
2025-07-24,1,DML,2.629
2025-07-24,1,DMH,0.853
2025-07-24,1,DRL,0.993
2025-07-24,1,DRH,1.496
2025-07-24,2,DCL,1.849
2025-07-24,2,DCH,0.669
2025-07-24,2,DML,1.747
2025-07-24,2,DMH,0.404
2025-07-24,2,DRL,0.938
2025-07-24,2,DRH,1.329
2025-07-24,3,DCL,1.984
2025-07-24,3,DCH,0.296
2025-07-24,3,DML,3.27
2025-07-24,3,DMH,0.518
2025-07-24,3,DRL,4.923
2025-07-24,3,DRH,0.871
2025-07-24,4,DCL,1.054
2025-07-24,4,DCH,1.04
2025-07-24,4,DML,0.622
2025-07-24,4,DMH,0.635
2025-07-24,4,DRL,1.297
2025-07-24,4,DRH,2.123
2025-07-24,5,DCL,4.308
2025-07-24,5,DCH,1.652
2025-07-24,5,DML,0.896
2025-07-24,5,DMH,1.571
2025-07-24,5,DRL,5.198
2025-07-24,5,DRH,1.374
2025-07-24,6,DCL,3.812
2025-07-24,6,DCH,0.939
2025-07-24,6,DML,0.66
2025-07-24,6,DMH,0.938
2025-07-24,6,DRL,1.35
2025-07-24,6,DRH,0.974
2025-07-25,1,DCL,0.826
2025-07-25,1,DCH,0.297
2025-07-25,1,DML,0.708
2025-07-25,1,DMH,1.011
2025-07-25,1,DRL,0.903
2025-07-25,1,DRH,2.153
2025-07-25,2,DCL,7.232
2025-07-25,2,DCH,0.554
2025-07-25,2,DML,1.127
2025-07-25,2,DMH,0.332
2025-07-25,2,DRL,2.07
2025-07-25,2,DRH,1.041
2025-07-25,3,DCL,1.277
2025-07-25,3,DCH,1.179
2025-07-25,3,DML,1.719
2025-07-25,3,DMH,2.177
2025-07-25,3,DRL,2.414
2025-07-25,3,DRH,0.934
2025-07-25,4,DCL,1.595
2025-07-25,4,DCH,0.584
2025-07-25,4,DML,0.324
2025-07-25,4,DMH,1.751
2025-07-25,4,DRL,2.046
2025-07-25,4,DRH,1.084
2025-07-25,5,DCL,5.939
2025-07-25,5,DCH,1.468
2025-07-25,5,DML,2.627
2025-07-25,5,DMH,0.806
2025-07-25,5,DRL,4.019
2025-07-25,5,DRH,3.308
2025-07-25,6,DCL,1.53
2025-07-25,6,DCH,0.983
2025-07-25,6,DML,2.827
2025-07-25,6,DMH,0.58
2025-07-25,6,DRL,8.083
2025-07-25,6,DRH,3.367
2025-07-26,1,DCL,2.383
2025-07-26,1,DCH,1.15
2025-07-26,1,DML,1.309
2025-07-26,1,DMH,0.324
2025-07-26,1,DRL,3.842
2025-07-26,1,DRH,0.722
2025-07-26,2,DCL,1.681
2025-07-26,2,DCH,0.496
2025-07-26,2,DML,1.702
2025-07-26,2,DMH,0.674
2025-07-26,2,DRL,2.869
2025-07-26,2,DRH,0.823
2025-07-26,3,DCL,2.614
2025-07-26,3,DCH,1.02
2025-07-26,3,DML,0.861
2025-07-26,3,DMH,1.035
2025-07-26,3,DRL,2.786
2025-07-26,3,DRH,1.144
2025-07-26,4,DCL,1.156
2025-07-26,4,DCH,1.391
2025-07-26,4,DML,0.842
2025-07-26,4,DMH,0.379
2025-07-26,4,DRL,6.224
2025-07-26,4,DRH,0.479
2025-07-26,5,DCL,4.055
2025-07-26,5,DCH,1.599
2025-07-26,5,DML,3.105
2025-07-26,5,DMH,1.332
2025-07-26,5,DRL,4.339
2025-07-26,5,DRH,1.104
2025-07-26,6,DCL,3.837
2025-07-26,6,DCH,1.369
2025-07-26,6,DML,2.124
2025-07-26,6,DMH,0.591
2025-07-26,6,DRL,6.065
2025-07-26,6,DRH,0.809
2025-07-27,1,DCL,2.228
2025-07-27,1,DCH,0.606
2025-07-27,1,DML,1.477
2025-07-27,1,DMH,0.662
2025-07-27,1,DRL,3.652
2025-07-27,1,DRH,0.608
2025-07-27,2,DCL,0.885
2025-07-27,2,DCH,0.532
2025-07-27,2,DML,1.028
2025-07-27,2,DMH,0.769
2025-07-27,2,DRL,1.281
2025-07-27,2,DRH,0.965
2025-07-27,3,DCL,4.376
2025-07-27,3,DCH,1.559
2025-07-27,3,DML,1.477
2025-07-27,3,DMH,0.807
2025-07-27,3,DRL,1.785
2025-07-27,3,DRH,0.767
2025-07-27,4,DCL,2.463
2025-07-27,4,DCH,0.664
2025-07-27,4,DML,0.888
2025-07-27,4,DMH,0.946
2025-07-27,4,DRL,5.908
2025-07-27,4,DRH,1.348
2025-07-27,5,DCL,3.341
2025-07-27,5,DCH,2.701
2025-07-27,5,DML,0.883
2025-07-27,5,DMH,1.07
2025-07-27,5,DRL,3.794
2025-07-27,5,DRH,1.927
2025-07-27,6,DCL,3.067
2025-07-27,6,DCH,1.867
2025-07-27,6,DML,3.307
2025-07-27,6,DMH,0.252
2025-07-27,6,DRL,4.696
2025-07-27,6,DRH,2.218
2025-07-28,1,DCL,6.424
2025-07-28,1,DCH,0.75
2025-07-28,1,DML,1.735
2025-07-28,1,DMH,0.514
2025-07-28,1,DRL,4.403
2025-07-28,1,DRH,0.649
2025-07-28,2,DCL,0.744
2025-07-28,2,DCH,0.684
2025-07-28,2,DML,0.43
2025-07-28,2,DMH,0.449
2025-07-28,2,DRL,6.669
2025-07-28,2,DRH,1.034
2025-07-28,3,DCL,1.759
2025-07-28,3,DCH,0.683
2025-07-28,3,DML,2.168
2025-07-28,3,DMH,1.296
2025-07-28,3,DRL,3.564
2025-07-28,3,DRH,0.993
2025-07-28,4,DCL,4.437
2025-07-28,4,DCH,1.365
2025-07-28,4,DML,7.235
2025-07-28,4,DMH,1.098
2025-07-28,4,DRL,5.091
2025-07-28,4,DRH,1.872
2025-07-28,5,DCL,3.402
2025-07-28,5,DCH,2.465
2025-07-28,5,DML,1.364
2025-07-28,5,DMH,1.769
2025-07-28,5,DRL,4.92
2025-07-28,5,DRH,2.46
2025-07-28,6,DCL,2.788
2025-07-28,6,DCH,0.972
2025-07-28,6,DML,2.377
2025-07-28,6,DMH,1.122
2025-07-28,6,DRL,3.095
2025-07-28,6,DRH,3.744
2025-07-29,1,DCL,2.012
2025-07-29,1,DCH,0.835
2025-07-29,1,DML,1.043
2025-07-29,1,DMH,0.553
2025-07-29,1,DRL,0.949
2025-07-29,1,DRH,1.564
2025-07-29,2,DCL,1.5
2025-07-29,2,DCH,0.378
2025-07-29,2,DML,1.176
2025-07-29,2,DMH,0.744
2025-07-29,2,DRL,2.214
2025-07-29,2,DRH,1.183
2025-07-29,3,DCL,2.83
2025-07-29,3,DCH,1.028
2025-07-29,3,DML,3.169
2025-07-29,3,DMH,0.529
2025-07-29,3,DRL,3.152
2025-07-29,3,DRH,1.773
2025-07-29,4,DCL,1.833
2025-07-29,4,DCH,0.636
2025-07-29,4,DML,6.168
2025-07-29,4,DMH,0.43
2025-07-29,4,DRL,4.405
2025-07-29,4,DRH,1.675
2025-07-29,5,DCL,1.244
2025-07-29,5,DCH,1.934
2025-07-29,5,DML,1.641
2025-07-29,5,DMH,0.991
2025-07-29,5,DRL,3.188
2025-07-29,5,DRH,2.67
2025-07-29,6,DCL,3.23
2025-07-29,6,DCH,1.053
2025-07-29,6,DML,0.718
2025-07-29,6,DMH,0.856
2025-07-29,6,DRL,1.916
2025-07-29,6,DRH,1.513
2025-07-30,1,DCL,1.533
2025-07-30,1,DCH,0.723
2025-07-30,1,DML,0.843
2025-07-30,1,DMH,2.202
2025-07-30,1,DRL,2.904
2025-07-30,1,DRH,1.078
2025-07-30,2,DCL,1.234
2025-07-30,2,DCH,0.746
2025-07-30,2,DML,1.048
2025-07-30,2,DMH,0.746
2025-07-30,2,DRL,2.116
2025-07-30,2,DRH,0.626
2025-07-30,3,DCL,5.382
2025-07-30,3,DCH,1.151
2025-07-30,3,DML,1.344
2025-07-30,3,DMH,0.906
2025-07-30,3,DRL,1.373
2025-07-30,3,DRH,1.108
2025-07-30,4,DCL,0.887
2025-07-30,4,DCH,0.905
2025-07-30,4,DML,1.68
2025-07-30,4,DMH,0.405
2025-07-30,4,DRL,1.696
2025-07-30,4,DRH,2.88
2025-07-30,5,DCL,2.604
2025-07-30,5,DCH,1.77
2025-07-30,5,DML,0.972
2025-07-30,5,DMH,0.559
2025-07-30,5,DRL,8.394
2025-07-30,5,DRH,3.55
2025-07-30,6,DCL,9.985
2025-07-30,6,DCH,0.643
2025-07-30,6,DML,3.594
2025-07-30,6,DMH,1.35
2025-07-30,6,DRL,2.422
2025-07-30,6,DRH,4.26
2025-07-31,1,DCL,1.677
2025-07-31,1,DCH,0.518
2025-07-31,1,DML,1.023
2025-07-31,1,DMH,0.76
2025-07-31,1,DRL,1.816
2025-07-31,1,DRH,1.166
2025-07-31,2,DCL,2.49
2025-07-31,2,DCH,0.318
2025-07-31,2,DML,1.12
2025-07-31,2,DMH,0.581
2025-07-31,2,DRL,2.687
2025-07-31,2,DRH,3.626
2025-07-31,3,DCL,2.056
2025-07-31,3,DCH,0.939
2025-07-31,3,DML,1.441
2025-07-31,3,DMH,0.427
2025-07-31,3,DRL,3.916
2025-07-31,3,DRH,2.051
2025-07-31,4,DCL,1.614
2025-07-31,4,DCH,2.659
2025-07-31,4,DML,2.149
2025-07-31,4,DMH,0.821
2025-07-31,4,DRL,1.141
2025-07-31,4,DRH,0.975
2025-07-31,5,DCL,3.576
2025-07-31,5,DCH,0.583
2025-07-31,5,DML,2.398
2025-07-31,5,DMH,1.564
2025-07-31,5,DRL,4.773
2025-07-31,5,DRH,2.581
2025-07-31,6,DCL,2.051
2025-07-31,6,DCH,2.766
2025-07-31,6,DML,2.337
2025-07-31,6,DMH,1.557
2025-07-31,6,DRL,3.755
2025-07-31,6,DRH,1.041
2025-08-01,1,DCL,2.419
2025-08-01,1,DCH,0.339
2025-08-01,1,DML,0.831
2025-08-01,1,DMH,0.693
2025-08-01,1,DRL,2.326
2025-08-01,1,DRH,1.58
2025-08-01,2,DCL,6.757
2025-08-01,2,DCH,0.332
2025-08-01,2,DML,0.871
2025-08-01,2,DMH,0.636
2025-08-01,2,DRL,2.267
2025-08-01,2,DRH,0.411
2025-08-01,3,DCL,6.517
2025-08-01,3,DCH,2.099
2025-08-01,3,DML,0.634
2025-08-01,3,DMH,0.376
2025-08-01,3,DRL,2.121
2025-08-01,3,DRH,0.763
2025-08-01,4,DCL,5.924
2025-08-01,4,DCH,0.276
2025-08-01,4,DML,1.684
2025-08-01,4,DMH,0.957
2025-08-01,4,DRL,2.745
2025-08-01,4,DRH,1.597
2025-08-01,5,DCL,3.889
2025-08-01,5,DCH,1.999
2025-08-01,5,DML,1.838
2025-08-01,5,DMH,1.975
2025-08-01,5,DRL,11.612
2025-08-01,5,DRH,1.772
2025-08-01,6,DCL,2.437
2025-08-01,6,DCH,2.121
2025-08-01,6,DML,0.823
2025-08-01,6,DMH,0.285
2025-08-01,6,DRL,5.402
2025-08-01,6,DRH,1.001
2025-08-02,1,DCL,1.292
2025-08-02,1,DCH,1.116
2025-08-02,1,DML,1.229
2025-08-02,1,DMH,0.563
2025-08-02,1,DRL,3.392
2025-08-02,1,DRH,1.71
2025-08-02,2,DCL,1.616
2025-08-02,2,DCH,0.623
2025-08-02,2,DML,0.745
2025-08-02,2,DMH,0.271
2025-08-02,2,DRL,0.776
2025-08-02,2,DRH,0.867
2025-08-02,3,DCL,3.58
2025-08-02,3,DCH,0.994
2025-08-02,3,DML,0.789
2025-08-02,3,DMH,1.173
2025-08-02,3,DRL,1.68
2025-08-02,3,DRH,0.737
2025-08-02,4,DCL,2.133
2025-08-02,4,DCH,0.853
2025-08-02,4,DML,6.549
2025-08-02,4,DMH,0.368
2025-08-02,4,DRL,1.428
2025-08-02,4,DRH,1.034
2025-08-02,5,DCL,3.049
2025-08-02,5,DCH,1.2
2025-08-02,5,DML,4.462
2025-08-02,5,DMH,1.765
2025-08-02,5,DRL,6.218
2025-08-02,5,DRH,1.433
2025-08-02,6,DCL,2.416
2025-08-02,6,DCH,1.591
2025-08-02,6,DML,1.38
2025-08-02,6,DMH,0.623
2025-08-02,6,DRL,3.474
2025-08-02,6,DRH,2.059
2025-08-03,1,DCL,2.242
2025-08-03,1,DCH,1.523
2025-08-03,1,DML,1.582
2025-08-03,1,DMH,0.927
2025-08-03,1,DRL,5.213
2025-08-03,1,DRH,1.485
2025-08-03,2,DCL,1.021
2025-08-03,2,DCH,0.743
2025-08-03,2,DML,1.733
2025-08-03,2,DMH,0.33
2025-08-03,2,DRL,2.296
2025-08-03,2,DRH,0.259
2025-08-03,3,DCL,1.226
2025-08-03,3,DCH,0.82
2025-08-03,3,DML,1.243
2025-08-03,3,DMH,1.172
2025-08-03,3,DRL,1.911
2025-08-03,3,DRH,1.226
2025-08-03,4,DCL,2.173
2025-08-03,4,DCH,1.109
2025-08-03,4,DML,1.185
2025-08-03,4,DMH,0.533
2025-08-03,4,DRL,1.564
2025-08-03,4,DRH,3.767
2025-08-03,5,DCL,4.082
2025-08-03,5,DCH,1.959
2025-08-03,5,DML,2.33
2025-08-03,5,DMH,1.071
2025-08-03,5,DRL,9.493
2025-08-03,5,DRH,2.971
2025-08-03,6,DCL,2.957
2025-08-03,6,DCH,0.47
2025-08-03,6,DML,1.893
2025-08-03,6,DMH,0.48
2025-08-03,6,DRL,4.367
2025-08-03,6,DRH,0.688
2025-08-04,1,DCL,0.8
2025-08-04,1,DCH,1.822
2025-08-04,1,DML,1.797
2025-08-04,1,DMH,0.724
2025-08-04,1,DRL,3.474
2025-08-04,1,DRH,0.927
2025-08-04,2,DCL,1.457
2025-08-04,2,DCH,0.558
2025-08-04,2,DML,0.54
2025-08-04,2,DMH,0.908
2025-08-04,2,DRL,2.506
2025-08-04,2,DRH,0.874
2025-08-04,3,DCL,1.067
2025-08-04,3,DCH,0.844
2025-08-04,3,DML,0.944
2025-08-04,3,DMH,1.099
2025-08-04,3,DRL,13.517
2025-08-04,3,DRH,1.164
2025-08-04,4,DCL,1.969
2025-08-04,4,DCH,1.806
2025-08-04,4,DML,1.226
2025-08-04,4,DMH,0.45
2025-08-04,4,DRL,1.744
2025-08-04,4,DRH,2.106
2025-08-04,5,DCL,1.984
2025-08-04,5,DCH,0.588
2025-08-04,5,DML,3.779
2025-08-04,5,DMH,1.585
2025-08-04,5,DRL,4.465
2025-08-04,5,DRH,2.472
2025-08-04,6,DCL,2.375
2025-08-04,6,DCH,1.039
2025-08-04,6,DML,0.947
2025-08-04,6,DMH,1.182
2025-08-04,6,DRL,2.282
2025-08-04,6,DRH,1.12
2025-08-05,1,DCL,2.143
2025-08-05,1,DCH,1.246
2025-08-05,1,DML,2.028
2025-08-05,1,DMH,1.056
2025-08-05,1,DRL,11.028
2025-08-05,1,DRH,0.871
2025-08-05,2,DCL,0.602
2025-08-05,2,DCH,0.977
2025-08-05,2,DML,1.318
2025-08-05,2,DMH,0.413
2025-08-05,2,DRL,1.082
2025-08-05,2,DRH,1.18
2025-08-05,3,DCL,1.214
2025-08-05,3,DCH,0.827
2025-08-05,3,DML,1.442
2025-08-05,3,DMH,0.544
2025-08-05,3,DRL,2.723
2025-08-05,3,DRH,1.011
2025-08-05,4,DCL,5.04
2025-08-05,4,DCH,1.587
2025-08-05,4,DML,2.382
2025-08-05,4,DMH,0.602
2025-08-05,4,DRL,4.744
2025-08-05,4,DRH,3.565
2025-08-05,5,DCL,3.688
2025-08-05,5,DCH,1.391
2025-08-05,5,DML,2.568
2025-08-05,5,DMH,3.017
2025-08-05,5,DRL,5.007
2025-08-05,5,DRH,2.416
2025-08-05,6,DCL,2.296
2025-08-05,6,DCH,2.563
2025-08-05,6,DML,0.966
2025-08-05,6,DMH,0.453
2025-08-05,6,DRL,1.613
2025-08-05,6,DRH,1.452
2025-08-06,1,DCL,1.924
2025-08-06,1,DCH,1.105
2025-08-06,1,DML,2.829
2025-08-06,1,DMH,1.674
2025-08-06,1,DRL,1.156
2025-08-06,1,DRH,0.793
2025-08-06,2,DCL,2.033
2025-08-06,2,DCH,0.335
2025-08-06,2,DML,0.716
2025-08-06,2,DMH,0.329
2025-08-06,2,DRL,0.892
2025-08-06,2,DRH,1.662
2025-08-06,3,DCL,2.353
2025-08-06,3,DCH,1.017
2025-08-06,3,DML,2.73
2025-08-06,3,DMH,0.699
2025-08-06,3,DRL,3.226
2025-08-06,3,DRH,0.611
2025-08-06,4,DCL,2.37
2025-08-06,4,DCH,1.461
2025-08-06,4,DML,1.883
2025-08-06,4,DMH,0.696
2025-08-06,4,DRL,3.666
2025-08-06,4,DRH,3.183
2025-08-06,5,DCL,2.975
2025-08-06,5,DCH,1.667
2025-08-06,5,DML,5.046
2025-08-06,5,DMH,1.138
2025-08-06,5,DRL,5.094
2025-08-06,5,DRH,2.674
2025-08-06,6,DCL,2.673
2025-08-06,6,DCH,1.24
2025-08-06,6,DML,1.674
2025-08-06,6,DMH,0.459
2025-08-06,6,DRL,2.689
2025-08-06,6,DRH,2.659
2025-08-07,1,DCL,2.133
2025-08-07,1,DCH,0.559
2025-08-07,1,DML,1.994
2025-08-07,1,DMH,1.205
2025-08-07,1,DRL,1.64
2025-08-07,1,DRH,1.415
2025-08-07,2,DCL,1.113
2025-08-07,2,DCH,0.301
2025-08-07,2,DML,1.542
2025-08-07,2,DMH,0.833
2025-08-07,2,DRL,2.904
2025-08-07,2,DRH,0.642
2025-08-07,3,DCL,2.342
2025-08-07,3,DCH,1.616
2025-08-07,3,DML,1.352
2025-08-07,3,DMH,0.536
2025-08-07,3,DRL,3.189
2025-08-07,3,DRH,0.43
2025-08-07,4,DCL,2.236
2025-08-07,4,DCH,0.422
2025-08-07,4,DML,2.075
2025-08-07,4,DMH,0.638
2025-08-07,4,DRL,2.945
2025-08-07,4,DRH,1.034
2025-08-07,5,DCL,3.358
2025-08-07,5,DCH,0.941
2025-08-07,5,DML,2.474
2025-08-07,5,DMH,1.752
2025-08-07,5,DRL,3.77
2025-08-07,5,DRH,4.128
2025-08-07,6,DCL,3.568
2025-08-07,6,DCH,0.431
2025-08-07,6,DML,2.721
2025-08-07,6,DMH,0.911
2025-08-07,6,DRL,7.082
2025-08-07,6,DRH,1.395
2025-08-08,1,DCL,1.612
2025-08-08,1,DCH,1.18
2025-08-08,1,DML,1.541
2025-08-08,1,DMH,0.637
2025-08-08,1,DRL,3.155
2025-08-08,1,DRH,1.356
2025-08-08,2,DCL,2.098
2025-08-08,2,DCH,0.45
2025-08-08,2,DML,0.562
2025-08-08,2,DMH,1.18
2025-08-08,2,DRL,1.695
2025-08-08,2,DRH,1.142
2025-08-08,3,DCL,1.424
2025-08-08,3,DCH,1.098
2025-08-08,3,DML,6.312
2025-08-08,3,DMH,1.198
2025-08-08,3,DRL,2.601
2025-08-08,3,DRH,1.353
2025-08-08,4,DCL,2.382
2025-08-08,4,DCH,1.59
2025-08-08,4,DML,1.932
2025-08-08,4,DMH,1.329
2025-08-08,4,DRL,0.932
2025-08-08,4,DRH,2.787
2025-08-08,5,DCL,3.521
2025-08-08,5,DCH,2.198
2025-08-08,5,DML,3.661
2025-08-08,5,DMH,0.529
2025-08-08,5,DRL,7.218
2025-08-08,5,DRH,4.876
2025-08-08,6,DCL,1.707
2025-08-08,6,DCH,0.977
2025-08-08,6,DML,1.235
2025-08-08,6,DMH,0.511
2025-08-08,6,DRL,3.936
2025-08-08,6,DRH,1.467
2025-08-09,1,DCL,0.993
2025-08-09,1,DCH,0.474
2025-08-09,1,DML,0.639
2025-08-09,1,DMH,0.495
2025-08-09,1,DRL,5.367
2025-08-09,1,DRH,0.845
2025-08-09,2,DCL,2.845
2025-08-09,2,DCH,2.135
2025-08-09,2,DML,0.768
2025-08-09,2,DMH,0.499
2025-08-09,2,DRL,1.885
2025-08-09,2,DRH,0.757
2025-08-09,3,DCL,5.011
2025-08-09,3,DCH,0.798
2025-08-09,3,DML,1.907
2025-08-09,3,DMH,1.078
2025-08-09,3,DRL,1.994
2025-08-09,3,DRH,2.867
2025-08-09,4,DCL,2.183
2025-08-09,4,DCH,0.529
2025-08-09,4,DML,3.033
2025-08-09,4,DMH,1.09
2025-08-09,4,DRL,2.46
2025-08-09,4,DRH,1.259
2025-08-09,5,DCL,1.748
2025-08-09,5,DCH,1.966
2025-08-09,5,DML,1.38
2025-08-09,5,DMH,1.693
2025-08-09,5,DRL,4.578
2025-08-09,5,DRH,1.603
2025-08-09,6,DCL,3.92
2025-08-09,6,DCH,0.58
2025-08-09,6,DML,1.393
2025-08-09,6,DMH,1.077
2025-08-09,6,DRL,5.169
2025-08-09,6,DRH,1.935
2025-08-10,1,DCL,0.979
2025-08-10,1,DCH,0.613
2025-08-10,1,DML,1.635
2025-08-10,1,DMH,0.166
2025-08-10,1,DRL,1.993
2025-08-10,1,DRH,1.063
2025-08-10,2,DCL,1.767
2025-08-10,2,DCH,0.45
2025-08-10,2,DML,0.695
2025-08-10,2,DMH,0.308
2025-08-10,2,DRL,2.27
2025-08-10,2,DRH,1.477
2025-08-10,3,DCL,3.754
2025-08-10,3,DCH,1.43
2025-08-10,3,DML,3.019
2025-08-10,3,DMH,0.721
2025-08-10,3,DRL,3.039
2025-08-10,3,DRH,2.125
2025-08-10,4,DCL,2.214
2025-08-10,4,DCH,0.709
2025-08-10,4,DML,0.627
2025-08-10,4,DMH,0.692
2025-08-10,4,DRL,1.572
2025-08-10,4,DRH,0.876
2025-08-10,5,DCL,1.728
2025-08-10,5,DCH,1.697
2025-08-10,5,DML,3.042
2025-08-10,5,DMH,5.388
2025-08-10,5,DRL,3.653
2025-08-10,5,DRH,2.626
2025-08-10,6,DCL,1.628
2025-08-10,6,DCH,0.834
2025-08-10,6,DML,4.882
2025-08-10,6,DMH,0.801
2025-08-10,6,DRL,5.027
2025-08-10,6,DRH,1.471
2025-08-11,1,DCL,3.882
2025-08-11,1,DCH,0.817
2025-08-11,1,DML,0.594
2025-08-11,1,DMH,0.446
2025-08-11,1,DRL,1.867
2025-08-11,1,DRH,1.377
2025-08-11,2,DCL,0.799
2025-08-11,2,DCH,0.777
2025-08-11,2,DML,0.642
2025-08-11,2,DMH,0.753
2025-08-11,2,DRL,1.69
2025-08-11,2,DRH,0.837
2025-08-11,3,DCL,6.585
2025-08-11,3,DCH,0.353
2025-08-11,3,DML,1.265
2025-08-11,3,DMH,1.032
2025-08-11,3,DRL,2.12
2025-08-11,3,DRH,1.251
2025-08-11,4,DCL,2.102
2025-08-11,4,DCH,0.411
2025-08-11,4,DML,2.932
2025-08-11,4,DMH,1.022
2025-08-11,4,DRL,3.843
2025-08-11,4,DRH,1.292
2025-08-11,5,DCL,2.991
2025-08-11,5,DCH,0.375
2025-08-11,5,DML,1.757
2025-08-11,5,DMH,4.25
2025-08-11,5,DRL,1.355
2025-08-11,5,DRH,1.173
2025-08-11,6,DCL,1.984
2025-08-11,6,DCH,1.606
2025-08-11,6,DML,1.645
2025-08-11,6,DMH,1.965
2025-08-11,6,DRL,2.549
2025-08-11,6,DRH,0.95
2025-08-12,1,DCL,2.061
2025-08-12,1,DCH,0.573
2025-08-12,1,DML,3.152
2025-08-12,1,DMH,0.712
2025-08-12,1,DRL,2.204
2025-08-12,1,DRH,1.245
2025-08-12,2,DCL,0.779
2025-08-12,2,DCH,0.839
2025-08-12,2,DML,2.943
2025-08-12,2,DMH,0.549
2025-08-12,2,DRL,1.546
2025-08-12,2,DRH,0.749
2025-08-12,3,DCL,3.227
2025-08-12,3,DCH,0.716
2025-08-12,3,DML,2.135
2025-08-12,3,DMH,1.062
2025-08-12,3,DRL,1.004
2025-08-12,3,DRH,1.213
2025-08-12,4,DCL,1.503
2025-08-12,4,DCH,0.963
2025-08-12,4,DML,6.044
2025-08-12,4,DMH,0.662
2025-08-12,4,DRL,1.668
2025-08-12,4,DRH,1.384
2025-08-12,5,DCL,6.731
2025-08-12,5,DCH,1.159
2025-08-12,5,DML,3.05
2025-08-12,5,DMH,0.418
2025-08-12,5,DRL,4.38
2025-08-12,5,DRH,5.478
2025-08-12,6,DCL,1.992
2025-08-12,6,DCH,1.49
2025-08-12,6,DML,1.253
2025-08-12,6,DMH,0.686
2025-08-12,6,DRL,1.86
2025-08-12,6,DRH,1.664
2025-08-13,1,DCL,2.477
2025-08-13,1,DCH,0.917
2025-08-13,1,DML,1.661
2025-08-13,1,DMH,0.54
2025-08-13,1,DRL,1.963
2025-08-13,1,DRH,1.347
2025-08-13,2,DCL,1.07
2025-08-13,2,DCH,0.472
2025-08-13,2,DML,1.228
2025-08-13,2,DMH,0.276
2025-08-13,2,DRL,1.134
2025-08-13,2,DRH,1.519
2025-08-13,3,DCL,2.869
2025-08-13,3,DCH,0.599
2025-08-13,3,DML,2.307
2025-08-13,3,DMH,0.601
2025-08-13,3,DRL,5.092
2025-08-13,3,DRH,0.781
2025-08-13,4,DCL,2.039
2025-08-13,4,DCH,0.312
2025-08-13,4,DML,3.603
2025-08-13,4,DMH,0.564
2025-08-13,4,DRL,3.673
2025-08-13,4,DRH,0.495
2025-08-13,5,DCL,2.989
2025-08-13,5,DCH,1.091
2025-08-13,5,DML,2.538
2025-08-13,5,DMH,1.051
2025-08-13,5,DRL,5.142
2025-08-13,5,DRH,3.884
2025-08-13,6,DCL,2.993
2025-08-13,6,DCH,0.959
2025-08-13,6,DML,1.216
2025-08-13,6,DMH,1.205
2025-08-13,6,DRL,4.92
2025-08-13,6,DRH,2.381
2025-08-14,1,DCL,1.651
2025-08-14,1,DCH,0.606
2025-08-14,1,DML,1.354
2025-08-14,1,DMH,0.311
2025-08-14,1,DRL,1.48
2025-08-14,1,DRH,0.271
2025-08-14,2,DCL,1.492
2025-08-14,2,DCH,1.005
2025-08-14,2,DML,1.751
2025-08-14,2,DMH,0.269
2025-08-14,2,DRL,2.818
2025-08-14,2,DRH,0.55
2025-08-14,3,DCL,1.877
2025-08-14,3,DCH,0.649
2025-08-14,3,DML,2.84
2025-08-14,3,DMH,0.472
2025-08-14,3,DRL,1.195
2025-08-14,3,DRH,0.997
2025-08-14,4,DCL,2.95
2025-08-14,4,DCH,0.564
2025-08-14,4,DML,1.666
2025-08-14,4,DMH,1.229
2025-08-14,4,DRL,1.989
2025-08-14,4,DRH,1.264
2025-08-14,5,DCL,4.928
2025-08-14,5,DCH,0.761
2025-08-14,5,DML,3.109
2025-08-14,5,DMH,1.88
2025-08-14,5,DRL,3.145
2025-08-14,5,DRH,3.077
2025-08-14,6,DCL,2.175
2025-08-14,6,DCH,0.492
2025-08-14,6,DML,1.724
2025-08-14,6,DMH,0.806
2025-08-14,6,DRL,3.655
2025-08-14,6,DRH,1.264
2025-08-15,1,DCL,1.65
2025-08-15,1,DCH,0.511
2025-08-15,1,DML,3.43
2025-08-15,1,DMH,0.518
2025-08-15,1,DRL,6.006
2025-08-15,1,DRH,0.745
2025-08-15,2,DCL,1.661
2025-08-15,2,DCH,0.331
2025-08-15,2,DML,1.414
2025-08-15,2,DMH,0.42
2025-08-15,2,DRL,1.283
2025-08-15,2,DRH,1.355
2025-08-15,3,DCL,2.411
2025-08-15,3,DCH,0.833
2025-08-15,3,DML,0.787
2025-08-15,3,DMH,0.46
2025-08-15,3,DRL,2.204
2025-08-15,3,DRH,1.23
2025-08-15,4,DCL,1.755
2025-08-15,4,DCH,0.466
2025-08-15,4,DML,1.377
2025-08-15,4,DMH,1.215
2025-08-15,4,DRL,3.027
2025-08-15,4,DRH,1.943
2025-08-15,5,DCL,3.192
2025-08-15,5,DCH,1.356
2025-08-15,5,DML,1.382
2025-08-15,5,DMH,1.116
2025-08-15,5,DRL,2.127
2025-08-15,5,DRH,1.513
2025-08-15,6,DCL,4.012
2025-08-15,6,DCH,0.922
2025-08-15,6,DML,2.723
2025-08-15,6,DMH,0.444
2025-08-15,6,DRL,4.352
2025-08-15,6,DRH,4.254
2025-08-16,1,DCL,1.36
2025-08-16,1,DCH,0.689
2025-08-16,1,DML,2.407
2025-08-16,1,DMH,0.742
2025-08-16,1,DRL,1.165
2025-08-16,1,DRH,0.63
2025-08-16,2,DCL,2.031
2025-08-16,2,DCH,0.542
2025-08-16,2,DML,1.713
2025-08-16,2,DMH,0.738
2025-08-16,2,DRL,3.224
2025-08-16,2,DRH,1.452
2025-08-16,3,DCL,2.676
2025-08-16,3,DCH,1.542
2025-08-16,3,DML,1.551
2025-08-16,3,DMH,0.538
2025-08-16,3,DRL,3.431
2025-08-16,3,DRH,2.127
2025-08-16,4,DCL,2.792
2025-08-16,4,DCH,2.306
2025-08-16,4,DML,2.282
2025-08-16,4,DMH,0.799
2025-08-16,4,DRL,1.621
2025-08-16,4,DRH,1.188
2025-08-16,5,DCL,5.522
2025-08-16,5,DCH,1.252
2025-08-16,5,DML,1.872
2025-08-16,5,DMH,0.718
2025-08-16,5,DRL,3.124
2025-08-16,5,DRH,1.616
2025-08-16,6,DCL,2.31
2025-08-16,6,DCH,0.919
2025-08-16,6,DML,5.87
2025-08-16,6,DMH,0.679
2025-08-16,6,DRL,9.225
2025-08-16,6,DRH,2.389
2025-08-17,1,DCL,1.744
2025-08-17,1,DCH,0.597
2025-08-17,1,DML,1.844
2025-08-17,1,DMH,0.583
2025-08-17,1,DRL,2.994
2025-08-17,1,DRH,0.932
2025-08-17,2,DCL,1.93
2025-08-17,2,DCH,0.702
2025-08-17,2,DML,1.077
2025-08-17,2,DMH,0.766
2025-08-17,2,DRL,2.286
2025-08-17,2,DRH,0.678
2025-08-17,3,DCL,1.935
2025-08-17,3,DCH,0.913
2025-08-17,3,DML,1.922
2025-08-17,3,DMH,0.178
2025-08-17,3,DRL,1.7
2025-08-17,3,DRH,3.828
2025-08-17,4,DCL,2.163
2025-08-17,4,DCH,1.127
2025-08-17,4,DML,2.112
2025-08-17,4,DMH,0.521
2025-08-17,4,DRL,4.856
2025-08-17,4,DRH,1.519
2025-08-17,5,DCL,3.765
2025-08-17,5,DCH,1.57
2025-08-17,5,DML,3.44
2025-08-17,5,DMH,0.485
2025-08-17,5,DRL,2.191
2025-08-17,5,DRH,2.366
2025-08-17,6,DCL,2.872
2025-08-17,6,DCH,1.725
2025-08-17,6,DML,2.482
2025-08-17,6,DMH,1.091
2025-08-17,6,DRL,2.273
2025-08-17,6,DRH,1.261
2025-08-18,1,DCL,0.921
2025-08-18,1,DCH,1.927
2025-08-18,1,DML,3.33
2025-08-18,1,DMH,0.694
2025-08-18,1,DRL,1.699
2025-08-18,1,DRH,0.814
2025-08-18,2,DCL,2.03
2025-08-18,2,DCH,0.432
2025-08-18,2,DML,0.614
2025-08-18,2,DMH,0.491
2025-08-18,2,DRL,2.448
2025-08-18,2,DRH,2.34
2025-08-18,3,DCL,2.441
2025-08-18,3,DCH,2.645
2025-08-18,3,DML,1.372
2025-08-18,3,DMH,1.542
2025-08-18,3,DRL,2.314
2025-08-18,3,DRH,1.076
2025-08-18,4,DCL,1.657
2025-08-18,4,DCH,1.184
2025-08-18,4,DML,1.076
2025-08-18,4,DMH,0.737
2025-08-18,4,DRL,3.84
2025-08-18,4,DRH,2.868
2025-08-18,5,DCL,5.694
2025-08-18,5,DCH,1.04
2025-08-18,5,DML,3.374
2025-08-18,5,DMH,1.404
2025-08-18,5,DRL,4.492
2025-08-18,5,DRH,5.869
2025-08-18,6,DCL,2.913
2025-08-18,6,DCH,0.792
2025-08-18,6,DML,2.32
2025-08-18,6,DMH,1.478
2025-08-18,6,DRL,1.942
2025-08-18,6,DRH,1.494
2025-08-19,1,DCL,1.763
2025-08-19,1,DCH,0.448
2025-08-19,1,DML,1.188
2025-08-19,1,DMH,0.439
2025-08-19,1,DRL,2.079
2025-08-19,1,DRH,1.254
2025-08-19,2,DCL,1.595
2025-08-19,2,DCH,1.396
2025-08-19,2,DML,1.067
2025-08-19,2,DMH,0.285
2025-08-19,2,DRL,2.102
2025-08-19,2,DRH,0.747
2025-08-19,3,DCL,6.969
2025-08-19,3,DCH,1.071
2025-08-19,3,DML,1.626
2025-08-19,3,DMH,0.744
2025-08-19,3,DRL,3.107
2025-08-19,3,DRH,1.124
2025-08-19,4,DCL,2.022
2025-08-19,4,DCH,1.393
2025-08-19,4,DML,1.227
2025-08-19,4,DMH,1.233
2025-08-19,4,DRL,3.673
2025-08-19,4,DRH,3.85
2025-08-19,5,DCL,2.899
2025-08-19,5,DCH,2.024
2025-08-19,5,DML,2.711
2025-08-19,5,DMH,1.184
2025-08-19,5,DRL,9.654
2025-08-19,5,DRH,2.249
2025-08-19,6,DCL,6.073
2025-08-19,6,DCH,0.745
2025-08-19,6,DML,2.22
2025-08-19,6,DMH,1.083
2025-08-19,6,DRL,1.382
2025-08-19,6,DRH,1.531
2025-08-20,1,DCL,1.48
2025-08-20,1,DCH,0.897
2025-08-20,1,DML,1.756
2025-08-20,1,DMH,0.838
2025-08-20,1,DRL,1.072
2025-08-20,1,DRH,1.482
2025-08-20,2,DCL,1.063
2025-08-20,2,DCH,0.41
2025-08-20,2,DML,2.539
2025-08-20,2,DMH,0.848
2025-08-20,2,DRL,2.375
2025-08-20,2,DRH,0.77
2025-08-20,3,DCL,3.391
2025-08-20,3,DCH,0.418
2025-08-20,3,DML,1.871
2025-08-20,3,DMH,0.799
2025-08-20,3,DRL,2.57
2025-08-20,3,DRH,1.756
2025-08-20,4,DCL,5.528
2025-08-20,4,DCH,0.603
2025-08-20,4,DML,1.778
2025-08-20,4,DMH,0.912
2025-08-20,4,DRL,2.465
2025-08-20,4,DRH,1.539
2025-08-20,5,DCL,3.759
2025-08-20,5,DCH,0.936
2025-08-20,5,DML,2.993
2025-08-20,5,DMH,0.8
2025-08-20,5,DRL,9.555
2025-08-20,5,DRH,1.518
2025-08-20,6,DCL,4.16
2025-08-20,6,DCH,0.844
2025-08-20,6,DML,3.592
2025-08-20,6,DMH,0.57
2025-08-20,6,DRL,2.625
2025-08-20,6,DRH,2.456
2025-08-21,1,DCL,2.574
2025-08-21,1,DCH,0.363
2025-08-21,1,DML,0.8
2025-08-21,1,DMH,0.774
2025-08-21,1,DRL,0.854
2025-08-21,1,DRH,2.6
2025-08-21,2,DCL,1.016
2025-08-21,2,DCH,0.774
2025-08-21,2,DML,2.728
2025-08-21,2,DMH,1.023
2025-08-21,2,DRL,1.701
2025-08-21,2,DRH,1.154
2025-08-21,3,DCL,2.62
2025-08-21,3,DCH,1.483
2025-08-21,3,DML,2.448
2025-08-21,3,DMH,0.592
2025-08-21,3,DRL,1.395
2025-08-21,3,DRH,2.269
2025-08-21,4,DCL,1.796
2025-08-21,4,DCH,1.191
2025-08-21,4,DML,2.136
2025-08-21,4,DMH,0.576
2025-08-21,4,DRL,1.571
2025-08-21,4,DRH,1.138
2025-08-21,5,DCL,4.816
2025-08-21,5,DCH,1.412
2025-08-21,5,DML,2.04
2025-08-21,5,DMH,1.51
2025-08-21,5,DRL,10.22
2025-08-21,5,DRH,3.991
2025-08-21,6,DCL,2.204
2025-08-21,6,DCH,0.896
2025-08-21,6,DML,3.297
2025-08-21,6,DMH,0.781
2025-08-21,6,DRL,2.903
2025-08-21,6,DRH,1.998
2025-08-22,1,DCL,1.57
2025-08-22,1,DCH,0.957
2025-08-22,1,DML,1.659
2025-08-22,1,DMH,0.245
2025-08-22,1,DRL,0.817
2025-08-22,1,DRH,1.677
2025-08-22,2,DCL,1.34
2025-08-22,2,DCH,0.615
2025-08-22,2,DML,0.706
2025-08-22,2,DMH,0.664
2025-08-22,2,DRL,2.143
2025-08-22,2,DRH,1.467
2025-08-22,3,DCL,1.252
2025-08-22,3,DCH,1.357
2025-08-22,3,DML,0.858
2025-08-22,3,DMH,0.995
2025-08-22,3,DRL,0.976
2025-08-22,3,DRH,1.113
2025-08-22,4,DCL,1.473
2025-08-22,4,DCH,1.518
2025-08-22,4,DML,1.649
2025-08-22,4,DMH,0.901
2025-08-22,4,DRL,1.646
2025-08-22,4,DRH,2.103
2025-08-22,5,DCL,2.915
2025-08-22,5,DCH,2.561
2025-08-22,5,DML,5.185
2025-08-22,5,DMH,0.485
2025-08-22,5,DRL,5.941
2025-08-22,5,DRH,4.468
2025-08-22,6,DCL,4.216
2025-08-22,6,DCH,0.943
2025-08-22,6,DML,1.169
2025-08-22,6,DMH,0.295
2025-08-22,6,DRL,4.356
2025-08-22,6,DRH,1.978
2025-08-23,1,DCL,2.433
2025-08-23,1,DCH,0.322
2025-08-23,1,DML,3.137
2025-08-23,1,DMH,0.935
2025-08-23,1,DRL,1.469
2025-08-23,1,DRH,0.522
2025-08-23,2,DCL,2.614
2025-08-23,2,DCH,1.23
2025-08-23,2,DML,1.635
2025-08-23,2,DMH,0.736
2025-08-23,2,DRL,1.607
2025-08-23,2,DRH,2.783
2025-08-23,3,DCL,1.094
2025-08-23,3,DCH,0.684
2025-08-23,3,DML,5.299
2025-08-23,3,DMH,0.602
2025-08-23,3,DRL,5.188
2025-08-23,3,DRH,1.01
2025-08-23,4,DCL,1.992
2025-08-23,4,DCH,0.646
2025-08-23,4,DML,1.356
2025-08-23,4,DMH,1.423
2025-08-23,4,DRL,1.382
2025-08-23,4,DRH,1.401
2025-08-23,5,DCL,4.982
2025-08-23,5,DCH,1.174
2025-08-23,5,DML,1.248
2025-08-23,5,DMH,0.779
2025-08-23,5,DRL,5.563
2025-08-23,5,DRH,2.123
2025-08-23,6,DCL,1.994
2025-08-23,6,DCH,0.765
2025-08-23,6,DML,2.069
2025-08-23,6,DMH,0.508
2025-08-23,6,DRL,2.684
2025-08-23,6,DRH,2.675
2025-08-24,1,DCL,1.214
2025-08-24,1,DCH,1.036
2025-08-24,1,DML,1.126
2025-08-24,1,DMH,0.679
2025-08-24,1,DRL,3.662
2025-08-24,1,DRH,2.124
2025-08-24,2,DCL,1.982
2025-08-24,2,DCH,0.473
2025-08-24,2,DML,1.822
2025-08-24,2,DMH,0.608
2025-08-24,2,DRL,3.86
2025-08-24,2,DRH,1.242
2025-08-24,3,DCL,0.552
2025-08-24,3,DCH,0.672
2025-08-24,3,DML,1.532
2025-08-24,3,DMH,1.057
2025-08-24,3,DRL,1.733
2025-08-24,3,DRH,1.013
2025-08-24,4,DCL,1.782
2025-08-24,4,DCH,2.266
2025-08-24,4,DML,0.683
2025-08-24,4,DMH,1.258
2025-08-24,4,DRL,3.802
2025-08-24,4,DRH,2.692
2025-08-24,5,DCL,2.532
2025-08-24,5,DCH,0.851
2025-08-24,5,DML,4.443
2025-08-24,5,DMH,0.839
2025-08-24,5,DRL,5.595
2025-08-24,5,DRH,2.035
2025-08-24,6,DCL,1.735
2025-08-24,6,DCH,0.873
2025-08-24,6,DML,2.056
2025-08-24,6,DMH,1.149
2025-08-24,6,DRL,2.453
2025-08-24,6,DRH,1.757
2025-08-25,1,DCL,3.177
2025-08-25,1,DCH,0.519
2025-08-25,1,DML,0.799
2025-08-25,1,DMH,0.381
2025-08-25,1,DRL,9.451
2025-08-25,1,DRH,1.918
2025-08-25,2,DCL,2.209
2025-08-25,2,DCH,0.625
2025-08-25,2,DML,1.328
2025-08-25,2,DMH,0.348
2025-08-25,2,DRL,1.464
2025-08-25,2,DRH,0.801
2025-08-25,3,DCL,2.029
2025-08-25,3,DCH,0.319
2025-08-25,3,DML,2.427
2025-08-25,3,DMH,0.686
2025-08-25,3,DRL,3.393
2025-08-25,3,DRH,1.259
2025-08-25,4,DCL,3.052
2025-08-25,4,DCH,0.73
2025-08-25,4,DML,1.435
2025-08-25,4,DMH,1.043
2025-08-25,4,DRL,4.671
2025-08-25,4,DRH,0.778
2025-08-25,5,DCL,4.094
2025-08-25,5,DCH,2.01
2025-08-25,5,DML,6.992
2025-08-25,5,DMH,1.676
2025-08-25,5,DRL,2.59
2025-08-25,5,DRH,8.909
2025-08-25,6,DCL,2.935
2025-08-25,6,DCH,2.121
2025-08-25,6,DML,1.403
2025-08-25,6,DMH,1.082
2025-08-25,6,DRL,4.563
2025-08-25,6,DRH,5.174
2025-08-26,1,DCL,2.224
2025-08-26,1,DCH,1.684
2025-08-26,1,DML,4.495
2025-08-26,1,DMH,0.692
2025-08-26,1,DRL,1.988
2025-08-26,1,DRH,1.766
2025-08-26,2,DCL,3.063
2025-08-26,2,DCH,0.806
2025-08-26,2,DML,1.213
2025-08-26,2,DMH,1.577
2025-08-26,2,DRL,2.281
2025-08-26,2,DRH,1.01
2025-08-26,3,DCL,3.096
2025-08-26,3,DCH,0.862
2025-08-26,3,DML,3.913
2025-08-26,3,DMH,0.997
2025-08-26,3,DRL,1.942
2025-08-26,3,DRH,1.642
2025-08-26,4,DCL,3.275
2025-08-26,4,DCH,2.057
2025-08-26,4,DML,2.729
2025-08-26,4,DMH,0.901
2025-08-26,4,DRL,2.954
2025-08-26,4,DRH,0.53
2025-08-26,5,DCL,2.472
2025-08-26,5,DCH,0.662
2025-08-26,5,DML,1.393
2025-08-26,5,DMH,0.741
2025-08-26,5,DRL,2.605
2025-08-26,5,DRH,2.23
2025-08-26,6,DCL,2.275
2025-08-26,6,DCH,1.573
2025-08-26,6,DML,0.639
2025-08-26,6,DMH,0.85
2025-08-26,6,DRL,3.101
2025-08-26,6,DRH,1.4
2025-08-27,1,DCL,1.622
2025-08-27,1,DCH,1.525
2025-08-27,1,DML,0.877
2025-08-27,1,DMH,0.918
2025-08-27,1,DRL,1.902
2025-08-27,1,DRH,2.094
2025-08-27,2,DCL,1.522
2025-08-27,2,DCH,0.515
2025-08-27,2,DML,0.549
2025-08-27,2,DMH,0.76
2025-08-27,2,DRL,2.781
2025-08-27,2,DRH,2.656
2025-08-27,3,DCL,1.693
2025-08-27,3,DCH,0.945
2025-08-27,3,DML,1.628
2025-08-27,3,DMH,1.059
2025-08-27,3,DRL,8.425
2025-08-27,3,DRH,1.551
2025-08-27,4,DCL,9.377
2025-08-27,4,DCH,0.531
2025-08-27,4,DML,1.282
2025-08-27,4,DMH,1.199
2025-08-27,4,DRL,2.745
2025-08-27,4,DRH,1.019
2025-08-27,5,DCL,9.557
2025-08-27,5,DCH,4.095
2025-08-27,5,DML,7.442
2025-08-27,5,DMH,1.14
2025-08-27,5,DRL,6.613
2025-08-27,5,DRH,2.334
2025-08-27,6,DCL,3.219
2025-08-27,6,DCH,0.334
2025-08-27,6,DML,4.089
2025-08-27,6,DMH,0.916
2025-08-27,6,DRL,2.809
2025-08-27,6,DRH,1.167
2025-08-28,1,DCL,3.921
2025-08-28,1,DCH,0.779
2025-08-28,1,DML,1.968
2025-08-28,1,DMH,0.586
2025-08-28,1,DRL,0.993
2025-08-28,1,DRH,2.665
2025-08-28,2,DCL,1.533
2025-08-28,2,DCH,1.258
2025-08-28,2,DML,2.749
2025-08-28,2,DMH,0.527
2025-08-28,2,DRL,4.185
2025-08-28,2,DRH,1.938
2025-08-28,3,DCL,4.701
2025-08-28,3,DCH,0.829
2025-08-28,3,DML,1.812
2025-08-28,3,DMH,0.786
2025-08-28,3,DRL,1.278
2025-08-28,3,DRH,1.137
2025-08-28,4,DCL,2.317
2025-08-28,4,DCH,0.986
2025-08-28,4,DML,4.338
2025-08-28,4,DMH,1.488
2025-08-28,4,DRL,1.551
2025-08-28,4,DRH,2.863
2025-08-28,5,DCL,8.083
2025-08-28,5,DCH,2.089
2025-08-28,5,DML,2.363
2025-08-28,5,DMH,1.418
2025-08-28,5,DRL,2.993
2025-08-28,5,DRH,5.971
2025-08-28,6,DCL,2.781
2025-08-28,6,DCH,1.312
2025-08-28,6,DML,3.487
2025-08-28,6,DMH,0.636
2025-08-28,6,DRL,2.991
2025-08-28,6,DRH,1.142
2025-08-29,1,DCL,1.904
2025-08-29,1,DCH,0.789
2025-08-29,1,DML,1.042
2025-08-29,1,DMH,0.703
2025-08-29,1,DRL,3.105
2025-08-29,1,DRH,0.789
2025-08-29,2,DCL,1.95
2025-08-29,2,DCH,0.6
2025-08-29,2,DML,1.918
2025-08-29,2,DMH,0.516
2025-08-29,2,DRL,2.0
2025-08-29,2,DRH,0.981
2025-08-29,3,DCL,1.671
2025-08-29,3,DCH,0.98
2025-08-29,3,DML,0.75
2025-08-29,3,DMH,0.727
2025-08-29,3,DRL,11.648
2025-08-29,3,DRH,0.928
2025-08-29,4,DCL,2.901
2025-08-29,4,DCH,1.896
2025-08-29,4,DML,1.555
2025-08-29,4,DMH,2.66
2025-08-29,4,DRL,1.331
2025-08-29,4,DRH,1.145
2025-08-29,5,DCL,5.631
2025-08-29,5,DCH,1.141
2025-08-29,5,DML,2.705
2025-08-29,5,DMH,1.001
2025-08-29,5,DRL,6.87
2025-08-29,5,DRH,1.039
2025-08-29,6,DCL,3.55
2025-08-29,6,DCH,0.93
2025-08-29,6,DML,5.488
2025-08-29,6,DMH,1.17
2025-08-29,6,DRL,2.503
2025-08-29,6,DRH,2.308
2025-08-30,1,DCL,2.357
2025-08-30,1,DCH,0.897
2025-08-30,1,DML,2.027
2025-08-30,1,DMH,0.998
2025-08-30,1,DRL,3.731
2025-08-30,1,DRH,1.246
2025-08-30,2,DCL,2.281
2025-08-30,2,DCH,0.736
2025-08-30,2,DML,1.872
2025-08-30,2,DMH,0.743
2025-08-30,2,DRL,3.664
2025-08-30,2,DRH,1.818
2025-08-30,3,DCL,1.654
2025-08-30,3,DCH,0.68
2025-08-30,3,DML,3.719
2025-08-30,3,DMH,0.776
2025-08-30,3,DRL,1.219
2025-08-30,3,DRH,0.729
2025-08-30,4,DCL,1.243
2025-08-30,4,DCH,0.509
2025-08-30,4,DML,2.845
2025-08-30,4,DMH,0.965
2025-08-30,4,DRL,0.63
2025-08-30,4,DRH,1.074
2025-08-30,5,DCL,1.703
2025-08-30,5,DCH,1.771
2025-08-30,5,DML,2.223
2025-08-30,5,DMH,4.662
2025-08-30,5,DRL,3.482
2025-08-30,5,DRH,1.793
2025-08-30,6,DCL,0.709
2025-08-30,6,DCH,1.084
2025-08-30,6,DML,1.192
2025-08-30,6,DMH,1.63
2025-08-30,6,DRL,4.072
2025-08-30,6,DRH,2.78
2025-08-31,1,DCL,6.633
2025-08-31,1,DCH,1.438
2025-08-31,1,DML,1.411
2025-08-31,1,DMH,0.681
2025-08-31,1,DRL,4.964
2025-08-31,1,DRH,1.395
2025-08-31,2,DCL,2.022
2025-08-31,2,DCH,0.387
2025-08-31,2,DML,1.214
2025-08-31,2,DMH,1.21
2025-08-31,2,DRL,1.077
2025-08-31,2,DRH,0.439
2025-08-31,3,DCL,1.059
2025-08-31,3,DCH,0.949
2025-08-31,3,DML,0.945
2025-08-31,3,DMH,0.797
2025-08-31,3,DRL,1.803
2025-08-31,3,DRH,1.574
2025-08-31,4,DCL,3.803
2025-08-31,4,DCH,1.089
2025-08-31,4,DML,2.987
2025-08-31,4,DMH,1.097
2025-08-31,4,DRL,3.827
2025-08-31,4,DRH,0.572
2025-08-31,5,DCL,2.348
2025-08-31,5,DCH,1.299
2025-08-31,5,DML,2.747
2025-08-31,5,DMH,2.513
2025-08-31,5,DRL,7.276
2025-08-31,5,DRH,1.629
2025-08-31,6,DCL,2.353
2025-08-31,6,DCH,1.211
2025-08-31,6,DML,1.204
2025-08-31,6,DMH,1.384
2025-08-31,6,DRL,2.358
2025-08-31,6,DRH,2.968
2025-09-01,1,DCL,2.608
2025-09-01,1,DCH,2.327
2025-09-01,1,DML,1.347
2025-09-01,1,DMH,0.776
2025-09-01,1,DRL,4.518
2025-09-01,1,DRH,1.174
2025-09-01,2,DCL,5.073
2025-09-01,2,DCH,0.645
2025-09-01,2,DML,1.421
2025-09-01,2,DMH,0.154
2025-09-01,2,DRL,2.738
2025-09-01,2,DRH,2.795
2025-09-01,3,DCL,2.362
2025-09-01,3,DCH,0.767
2025-09-01,3,DML,0.993
2025-09-01,3,DMH,0.97
2025-09-01,3,DRL,5.079
2025-09-01,3,DRH,1.851
2025-09-01,4,DCL,1.036
2025-09-01,4,DCH,1.347
2025-09-01,4,DML,1.062
2025-09-01,4,DMH,0.566
2025-09-01,4,DRL,1.868
2025-09-01,4,DRH,2.003
2025-09-01,5,DCL,3.966
2025-09-01,5,DCH,0.473
2025-09-01,5,DML,2.093
2025-09-01,5,DMH,0.641
2025-09-01,5,DRL,7.42
2025-09-01,5,DRH,4.188
2025-09-01,6,DCL,4.375
2025-09-01,6,DCH,1.621
2025-09-01,6,DML,1.687
2025-09-01,6,DMH,1.593
2025-09-01,6,DRL,2.663
2025-09-01,6,DRH,7.003
2025-09-02,1,DCL,1.542
2025-09-02,1,DCH,1.076
2025-09-02,1,DML,0.958
2025-09-02,1,DMH,0.437
2025-09-02,1,DRL,3.234
2025-09-02,1,DRH,1.735
2025-09-02,2,DCL,2.493
2025-09-02,2,DCH,0.617
2025-09-02,2,DML,1.168
2025-09-02,2,DMH,0.606
2025-09-02,2,DRL,3.341
2025-09-02,2,DRH,0.347
2025-09-02,3,DCL,4.866
2025-09-02,3,DCH,0.726
2025-09-02,3,DML,3.171
2025-09-02,3,DMH,0.991
2025-09-02,3,DRL,1.787
2025-09-02,3,DRH,0.991
2025-09-02,4,DCL,3.727
2025-09-02,4,DCH,0.962
2025-09-02,4,DML,2.005
2025-09-02,4,DMH,0.413
2025-09-02,4,DRL,2.751
2025-09-02,4,DRH,1.147
2025-09-02,5,DCL,7.019
2025-09-02,5,DCH,2.057
2025-09-02,5,DML,1.239
2025-09-02,5,DMH,1.387
2025-09-02,5,DRL,2.508
2025-09-02,5,DRH,1.809
2025-09-02,6,DCL,1.829
2025-09-02,6,DCH,1.163
2025-09-02,6,DML,1.718
2025-09-02,6,DMH,0.693
2025-09-02,6,DRL,3.725
2025-09-02,6,DRH,3.787
2025-09-03,1,DCL,2.564
2025-09-03,1,DCH,0.76
2025-09-03,1,DML,2.272
2025-09-03,1,DMH,0.587
2025-09-03,1,DRL,2.947
2025-09-03,1,DRH,1.326
2025-09-03,2,DCL,1.959
2025-09-03,2,DCH,0.808
2025-09-03,2,DML,0.864
2025-09-03,2,DMH,0.908
2025-09-03,2,DRL,1.94
2025-09-03,2,DRH,1.412
2025-09-03,3,DCL,1.794
2025-09-03,3,DCH,1.779
2025-09-03,3,DML,1.776
2025-09-03,3,DMH,0.471
2025-09-03,3,DRL,1.929
2025-09-03,3,DRH,0.494
2025-09-03,4,DCL,3.046
2025-09-03,4,DCH,1.179
2025-09-03,4,DML,2.072
2025-09-03,4,DMH,0.238
2025-09-03,4,DRL,2.496
2025-09-03,4,DRH,2.839
2025-09-03,5,DCL,3.308
2025-09-03,5,DCH,2.66
2025-09-03,5,DML,0.588
2025-09-03,5,DMH,1.205
2025-09-03,5,DRL,2.269
2025-09-03,5,DRH,2.963
2025-09-03,6,DCL,3.051
2025-09-03,6,DCH,0.567
2025-09-03,6,DML,2.439
2025-09-03,6,DMH,0.78
2025-09-03,6,DRL,3.151
2025-09-03,6,DRH,1.481
2025-09-04,1,DCL,1.714
2025-09-04,1,DCH,0.474
2025-09-04,1,DML,0.924
2025-09-04,1,DMH,1.614
2025-09-04,1,DRL,2.384
2025-09-04,1,DRH,2.086
2025-09-04,2,DCL,1.165
2025-09-04,2,DCH,0.391
2025-09-04,2,DML,0.502
2025-09-04,2,DMH,0.341
2025-09-04,2,DRL,1.25
2025-09-04,2,DRH,1.559
2025-09-04,3,DCL,1.524
2025-09-04,3,DCH,0.375
2025-09-04,3,DML,1.994
2025-09-04,3,DMH,1.039
2025-09-04,3,DRL,2.593
2025-09-04,3,DRH,1.268
2025-09-04,4,DCL,3.129
2025-09-04,4,DCH,1.626
2025-09-04,4,DML,2.427
2025-09-04,4,DMH,0.856
2025-09-04,4,DRL,5.216
2025-09-04,4,DRH,0.942
2025-09-04,5,DCL,2.294
2025-09-04,5,DCH,2.396
2025-09-04,5,DML,2.152
2025-09-04,5,DMH,1.451
2025-09-04,5,DRL,6.854
2025-09-04,5,DRH,2.749
2025-09-04,6,DCL,1.865
2025-09-04,6,DCH,1.266
2025-09-04,6,DML,2.248
2025-09-04,6,DMH,0.413
2025-09-04,6,DRL,3.919
2025-09-04,6,DRH,1.108
2025-09-05,1,DCL,1.88
2025-09-05,1,DCH,1.31
2025-09-05,1,DML,1.728
2025-09-05,1,DMH,0.793
2025-09-05,1,DRL,1.698
2025-09-05,1,DRH,1.083
2025-09-05,2,DCL,4.83
2025-09-05,2,DCH,0.734
2025-09-05,2,DML,1.346
2025-09-05,2,DMH,0.716
2025-09-05,2,DRL,4.613
2025-09-05,2,DRH,1.558
2025-09-05,3,DCL,2.17
2025-09-05,3,DCH,0.615
2025-09-05,3,DML,1.457
2025-09-05,3,DMH,0.851
2025-09-05,3,DRL,5.658
2025-09-05,3,DRH,1.101
2025-09-05,4,DCL,1.349
2025-09-05,4,DCH,2.471
2025-09-05,4,DML,1.727
2025-09-05,4,DMH,1.765
2025-09-05,4,DRL,5.338
2025-09-05,4,DRH,2.259
2025-09-05,5,DCL,5.926
2025-09-05,5,DCH,1.009
2025-09-05,5,DML,2.059
2025-09-05,5,DMH,1.203
2025-09-05,5,DRL,9.02
2025-09-05,5,DRH,1.529
2025-09-05,6,DCL,0.87
2025-09-05,6,DCH,0.961
2025-09-05,6,DML,1.886
2025-09-05,6,DMH,1.691
2025-09-05,6,DRL,3.364
2025-09-05,6,DRH,3.387
2025-09-06,1,DCL,2.874
2025-09-06,1,DCH,1.807
2025-09-06,1,DML,0.97
2025-09-06,1,DMH,0.49
2025-09-06,1,DRL,1.615
2025-09-06,1,DRH,1.826
2025-09-06,2,DCL,1.049
2025-09-06,2,DCH,0.406
2025-09-06,2,DML,0.576
2025-09-06,2,DMH,1.049
2025-09-06,2,DRL,4.049
2025-09-06,2,DRH,0.472
2025-09-06,3,DCL,1.163
2025-09-06,3,DCH,0.629
2025-09-06,3,DML,1.058
2025-09-06,3,DMH,1.282
2025-09-06,3,DRL,7.531
2025-09-06,3,DRH,1.743
2025-09-06,4,DCL,2.324
2025-09-06,4,DCH,1.522
2025-09-06,4,DML,2.684
2025-09-06,4,DMH,0.638
2025-09-06,4,DRL,5.314
2025-09-06,4,DRH,0.839
2025-09-06,5,DCL,2.573
2025-09-06,5,DCH,0.909
2025-09-06,5,DML,2.772
2025-09-06,5,DMH,1.877
2025-09-06,5,DRL,6.112
2025-09-06,5,DRH,2.337
2025-09-06,6,DCL,2.699
2025-09-06,6,DCH,1.001
2025-09-06,6,DML,1.87
2025-09-06,6,DMH,1.705
2025-09-06,6,DRL,1.884
2025-09-06,6,DRH,1.635
2025-09-07,1,DCL,3.108
2025-09-07,1,DCH,0.371
2025-09-07,1,DML,2.569
2025-09-07,1,DMH,0.792
2025-09-07,1,DRL,4.681
2025-09-07,1,DRH,1.246
2025-09-07,2,DCL,1.856
2025-09-07,2,DCH,0.499
2025-09-07,2,DML,1.549
2025-09-07,2,DMH,0.552
2025-09-07,2,DRL,0.9
2025-09-07,2,DRH,1.089
2025-09-07,3,DCL,1.403
2025-09-07,3,DCH,0.6
2025-09-07,3,DML,1.695
2025-09-07,3,DMH,1.167
2025-09-07,3,DRL,2.44
2025-09-07,3,DRH,0.648
2025-09-07,4,DCL,1.747
2025-09-07,4,DCH,2.959
2025-09-07,4,DML,1.243
2025-09-07,4,DMH,0.837
2025-09-07,4,DRL,6.503
2025-09-07,4,DRH,1.432
2025-09-07,5,DCL,10.013
2025-09-07,5,DCH,1.16
2025-09-07,5,DML,5.067
2025-09-07,5,DMH,2.022
2025-09-07,5,DRL,3.328
2025-09-07,5,DRH,2.316
2025-09-07,6,DCL,2.717
2025-09-07,6,DCH,0.825
2025-09-07,6,DML,1.203
2025-09-07,6,DMH,0.384
2025-09-07,6,DRL,5.622
2025-09-07,6,DRH,1.69
2025-09-08,1,DCL,1.408
2025-09-08,1,DCH,0.511
2025-09-08,1,DML,1.825
2025-09-08,1,DMH,0.414
2025-09-08,1,DRL,1.205
2025-09-08,1,DRH,0.854
2025-09-08,2,DCL,2.213
2025-09-08,2,DCH,0.858
2025-09-08,2,DML,0.544
2025-09-08,2,DMH,0.531
2025-09-08,2,DRL,3.544
2025-09-08,2,DRH,0.34
2025-09-08,3,DCL,6.618
2025-09-08,3,DCH,0.652
2025-09-08,3,DML,0.786
2025-09-08,3,DMH,0.583
2025-09-08,3,DRL,3.604
2025-09-08,3,DRH,1.404
2025-09-08,4,DCL,3.021
2025-09-08,4,DCH,3.364
2025-09-08,4,DML,2.714
2025-09-08,4,DMH,0.847
2025-09-08,4,DRL,2.426
2025-09-08,4,DRH,2.838
2025-09-08,5,DCL,1.462
2025-09-08,5,DCH,2.707
2025-09-08,5,DML,1.293
2025-09-08,5,DMH,0.485
2025-09-08,5,DRL,4.478
2025-09-08,5,DRH,3.499
2025-09-08,6,DCL,2.867
2025-09-08,6,DCH,0.4
2025-09-08,6,DML,3.857
2025-09-08,6,DMH,0.746
2025-09-08,6,DRL,3.457
2025-09-08,6,DRH,1.354
2025-09-09,1,DCL,3.089
2025-09-09,1,DCH,1.997
2025-09-09,1,DML,0.742
2025-09-09,1,DMH,0.365
2025-09-09,1,DRL,3.063
2025-09-09,1,DRH,1.645
2025-09-09,2,DCL,1.088
2025-09-09,2,DCH,1.037
2025-09-09,2,DML,1.242
2025-09-09,2,DMH,0.286
2025-09-09,2,DRL,1.669
2025-09-09,2,DRH,0.588
2025-09-09,3,DCL,1.48
2025-09-09,3,DCH,1.111
2025-09-09,3,DML,1.795
2025-09-09,3,DMH,0.591
2025-09-09,3,DRL,10.461
2025-09-09,3,DRH,0.762
2025-09-09,4,DCL,2.458
2025-09-09,4,DCH,0.772
2025-09-09,4,DML,1.797
2025-09-09,4,DMH,0.628
2025-09-09,4,DRL,6.416
2025-09-09,4,DRH,2.371
2025-09-09,5,DCL,2.895
2025-09-09,5,DCH,0.884
2025-09-09,5,DML,1.975
2025-09-09,5,DMH,3.182
2025-09-09,5,DRL,4.122
2025-09-09,5,DRH,2.528
2025-09-09,6,DCL,5.958
2025-09-09,6,DCH,1.361
2025-09-09,6,DML,1.514
2025-09-09,6,DMH,1.426
2025-09-09,6,DRL,6.324
2025-09-09,6,DRH,1.181
2025-09-10,1,DCL,2.903
2025-09-10,1,DCH,0.747
2025-09-10,1,DML,0.583
2025-09-10,1,DMH,0.511
2025-09-10,1,DRL,1.499
2025-09-10,1,DRH,1.406
2025-09-10,2,DCL,2.647
2025-09-10,2,DCH,0.76
2025-09-10,2,DML,1.35
2025-09-10,2,DMH,1.329
2025-09-10,2,DRL,1.468
2025-09-10,2,DRH,1.903
2025-09-10,3,DCL,6.764
2025-09-10,3,DCH,0.652
2025-09-10,3,DML,3.187
2025-09-10,3,DMH,1.248
2025-09-10,3,DRL,1.644
2025-09-10,3,DRH,0.651
2025-09-10,4,DCL,4.558
2025-09-10,4,DCH,0.426
2025-09-10,4,DML,2.833
2025-09-10,4,DMH,0.768
2025-09-10,4,DRL,1.841
2025-09-10,4,DRH,1.832
2025-09-10,5,DCL,3.229
2025-09-10,5,DCH,0.953
2025-09-10,5,DML,4.528
2025-09-10,5,DMH,1.254
2025-09-10,5,DRL,4.137
2025-09-10,5,DRH,3.8
2025-09-10,6,DCL,0.505
2025-09-10,6,DCH,0.693
2025-09-10,6,DML,1.671
2025-09-10,6,DMH,1.075
2025-09-10,6,DRL,3.577
2025-09-10,6,DRH,0.492
2025-09-11,1,DCL,2.087
2025-09-11,1,DCH,0.646
2025-09-11,1,DML,1.449
2025-09-11,1,DMH,1.061
2025-09-11,1,DRL,4.272
2025-09-11,1,DRH,2.699
2025-09-11,2,DCL,1.6
2025-09-11,2,DCH,1.358
2025-09-11,2,DML,1.267
2025-09-11,2,DMH,0.743
2025-09-11,2,DRL,3.567
2025-09-11,2,DRH,0.616
2025-09-11,3,DCL,2.241
2025-09-11,3,DCH,1.21
2025-09-11,3,DML,1.751
2025-09-11,3,DMH,2.327
2025-09-11,3,DRL,2.342
2025-09-11,3,DRH,0.898
2025-09-11,4,DCL,5.022
2025-09-11,4,DCH,1.435
2025-09-11,4,DML,1.87
2025-09-11,4,DMH,0.518
2025-09-11,4,DRL,2.382
2025-09-11,4,DRH,0.903
2025-09-11,5,DCL,8.012
2025-09-11,5,DCH,0.542
2025-09-11,5,DML,7.399
2025-09-11,5,DMH,1.723
2025-09-11,5,DRL,1.361
2025-09-11,5,DRH,1.684
2025-09-11,6,DCL,4.482
2025-09-11,6,DCH,0.562
2025-09-11,6,DML,2.954
2025-09-11,6,DMH,1.266
2025-09-11,6,DRL,8.949
2025-09-11,6,DRH,2.093
2025-09-12,1,DCL,4.103
2025-09-12,1,DCH,0.748
2025-09-12,1,DML,0.99
2025-09-12,1,DMH,0.874
2025-09-12,1,DRL,2.379
2025-09-12,1,DRH,4.774
2025-09-12,2,DCL,1.171
2025-09-12,2,DCH,0.645
2025-09-12,2,DML,0.707
2025-09-12,2,DMH,0.222
2025-09-12,2,DRL,2.047
2025-09-12,2,DRH,2.085
2025-09-12,3,DCL,2.372
2025-09-12,3,DCH,0.627
2025-09-12,3,DML,1.215
2025-09-12,3,DMH,0.886
2025-09-12,3,DRL,2.677
2025-09-12,3,DRH,0.966
2025-09-12,4,DCL,2.203
2025-09-12,4,DCH,1.12
2025-09-12,4,DML,6.708
2025-09-12,4,DMH,1.285
2025-09-12,4,DRL,3.204
2025-09-12,4,DRH,0.667
2025-09-12,5,DCL,4.383
2025-09-12,5,DCH,2.887
2025-09-12,5,DML,1.541
2025-09-12,5,DMH,0.696
2025-09-12,5,DRL,2.939
2025-09-12,5,DRH,0.58
2025-09-12,6,DCL,3.083
2025-09-12,6,DCH,2.213
2025-09-12,6,DML,5.258
2025-09-12,6,DMH,1.014
2025-09-12,6,DRL,4.477
2025-09-12,6,DRH,2.287
2025-09-13,1,DCL,7.123
2025-09-13,1,DCH,0.586
2025-09-13,1,DML,1.524
2025-09-13,1,DMH,1.14
2025-09-13,1,DRL,2.716
2025-09-13,1,DRH,0.653
2025-09-13,2,DCL,3.838
2025-09-13,2,DCH,0.684
2025-09-13,2,DML,1.583
2025-09-13,2,DMH,0.555
2025-09-13,2,DRL,3.414
2025-09-13,2,DRH,0.561
2025-09-13,3,DCL,2.658
2025-09-13,3,DCH,0.527
2025-09-13,3,DML,1.18
2025-09-13,3,DMH,0.318
2025-09-13,3,DRL,3.909
2025-09-13,3,DRH,0.939
2025-09-13,4,DCL,3.404
2025-09-13,4,DCH,1.852
2025-09-13,4,DML,1.304
2025-09-13,4,DMH,0.698
2025-09-13,4,DRL,6.242
2025-09-13,4,DRH,3.126
2025-09-13,5,DCL,3.821
2025-09-13,5,DCH,1.147
2025-09-13,5,DML,2.991
2025-09-13,5,DMH,1.358
2025-09-13,5,DRL,4.131
2025-09-13,5,DRH,5.422
2025-09-13,6,DCL,1.817
2025-09-13,6,DCH,0.485
2025-09-13,6,DML,1.5
2025-09-13,6,DMH,0.694
2025-09-13,6,DRL,4.738
2025-09-13,6,DRH,1.124
2025-09-14,1,DCL,1.578
2025-09-14,1,DCH,1.206
2025-09-14,1,DML,0.999
2025-09-14,1,DMH,2.538
2025-09-14,1,DRL,3.483
2025-09-14,1,DRH,1.052
2025-09-14,2,DCL,2.875
2025-09-14,2,DCH,1.481
2025-09-14,2,DML,0.871
2025-09-14,2,DMH,0.594
2025-09-14,2,DRL,0.941
2025-09-14,2,DRH,0.834
2025-09-14,3,DCL,4.073
2025-09-14,3,DCH,1.566
2025-09-14,3,DML,3.302
2025-09-14,3,DMH,0.786
2025-09-14,3,DRL,4.687
2025-09-14,3,DRH,0.98
2025-09-14,4,DCL,1.293
2025-09-14,4,DCH,0.477
2025-09-14,4,DML,4.363
2025-09-14,4,DMH,0.729
2025-09-14,4,DRL,3.064
2025-09-14,4,DRH,2.937
2025-09-14,5,DCL,4.121
2025-09-14,5,DCH,1.627
2025-09-14,5,DML,2.757
2025-09-14,5,DMH,1.316
2025-09-14,5,DRL,8.024
2025-09-14,5,DRH,1.006
2025-09-14,6,DCL,1.608
2025-09-14,6,DCH,0.704
2025-09-14,6,DML,1.992
2025-09-14,6,DMH,1.039
2025-09-14,6,DRL,6.37
2025-09-14,6,DRH,1.873
2025-09-15,1,DCL,3.904
2025-09-15,1,DCH,1.992
2025-09-15,1,DML,1.076
2025-09-15,1,DMH,0.952
2025-09-15,1,DRL,3.751
2025-09-15,1,DRH,1.779
2025-09-15,2,DCL,1.72
2025-09-15,2,DCH,0.794
2025-09-15,2,DML,0.938
2025-09-15,2,DMH,0.906
2025-09-15,2,DRL,3.552
2025-09-15,2,DRH,1.195
2025-09-15,3,DCL,1.632
2025-09-15,3,DCH,1.009
2025-09-15,3,DML,2.742
2025-09-15,3,DMH,1.051
2025-09-15,3,DRL,5.785
2025-09-15,3,DRH,1.13
2025-09-15,4,DCL,1.113
2025-09-15,4,DCH,1.863
2025-09-15,4,DML,1.26
2025-09-15,4,DMH,0.453
2025-09-15,4,DRL,5.57
2025-09-15,4,DRH,2.395
2025-09-15,5,DCL,5.249
2025-09-15,5,DCH,1.56
2025-09-15,5,DML,2.181
2025-09-15,5,DMH,0.263
2025-09-15,5,DRL,7.3
2025-09-15,5,DRH,1.73
2025-09-15,6,DCL,2.979
2025-09-15,6,DCH,0.863
2025-09-15,6,DML,0.794
2025-09-15,6,DMH,0.52
2025-09-15,6,DRL,3.971
2025-09-15,6,DRH,1.855
2025-09-16,1,DCL,2.394
2025-09-16,1,DCH,1.814
2025-09-16,1,DML,3.448
2025-09-16,1,DMH,0.763
2025-09-16,1,DRL,2.83
2025-09-16,1,DRH,0.805
2025-09-16,2,DCL,1.695
2025-09-16,2,DCH,0.62
2025-09-16,2,DML,2.024
2025-09-16,2,DMH,0.846
2025-09-16,2,DRL,3.413
2025-09-16,2,DRH,0.697
2025-09-16,3,DCL,1.467
2025-09-16,3,DCH,0.865
2025-09-16,3,DML,1.341
2025-09-16,3,DMH,0.533
2025-09-16,3,DRL,3.157
2025-09-16,3,DRH,1.521
2025-09-16,4,DCL,1.432
2025-09-16,4,DCH,2.573
2025-09-16,4,DML,3.014
2025-09-16,4,DMH,3.002
2025-09-16,4,DRL,3.509
2025-09-16,4,DRH,1.327
2025-09-16,5,DCL,4.501
2025-09-16,5,DCH,1.763
2025-09-16,5,DML,3.56
2025-09-16,5,DMH,0.549
2025-09-16,5,DRL,2.813
2025-09-16,5,DRH,5.952
2025-09-16,6,DCL,1.749
2025-09-16,6,DCH,0.821
2025-09-16,6,DML,1.451
2025-09-16,6,DMH,0.507
2025-09-16,6,DRL,5.812
2025-09-16,6,DRH,3.63
2025-09-17,1,DCL,2.689
2025-09-17,1,DCH,0.689
2025-09-17,1,DML,2.092
2025-09-17,1,DMH,0.929
2025-09-17,1,DRL,2.953
2025-09-17,1,DRH,0.762
2025-09-17,2,DCL,1.53
2025-09-17,2,DCH,0.487
2025-09-17,2,DML,2.43
2025-09-17,2,DMH,0.434
2025-09-17,2,DRL,1.156
2025-09-17,2,DRH,0.572
2025-09-17,3,DCL,5.354
2025-09-17,3,DCH,0.98
2025-09-17,3,DML,5.977
2025-09-17,3,DMH,1.173
2025-09-17,3,DRL,1.672
2025-09-17,3,DRH,2.077
2025-09-17,4,DCL,1.005
2025-09-17,4,DCH,1.298
2025-09-17,4,DML,1.715
2025-09-17,4,DMH,1.396
2025-09-17,4,DRL,2.282
2025-09-17,4,DRH,2.644
2025-09-17,5,DCL,1.389
2025-09-17,5,DCH,1.131
2025-09-17,5,DML,1.81
2025-09-17,5,DMH,0.976
2025-09-17,5,DRL,2.439
2025-09-17,5,DRH,3.504
2025-09-17,6,DCL,1.896
2025-09-17,6,DCH,1.223
2025-09-17,6,DML,1.396
2025-09-17,6,DMH,2.242
2025-09-17,6,DRL,2.57
2025-09-17,6,DRH,2.517
2025-09-18,1,DCL,1.325
2025-09-18,1,DCH,0.795
2025-09-18,1,DML,1.661
2025-09-18,1,DMH,0.471
2025-09-18,1,DRL,3.455
2025-09-18,1,DRH,1.251
2025-09-18,2,DCL,0.617
2025-09-18,2,DCH,0.253
2025-09-18,2,DML,1.585
2025-09-18,2,DMH,0.399
2025-09-18,2,DRL,2.51
2025-09-18,2,DRH,0.837
2025-09-18,3,DCL,3.1
2025-09-18,3,DCH,2.798
2025-09-18,3,DML,2.909
2025-09-18,3,DMH,0.775
2025-09-18,3,DRL,1.581
2025-09-18,3,DRH,2.611
2025-09-18,4,DCL,3.4
2025-09-18,4,DCH,1.555
2025-09-18,4,DML,0.664
2025-09-18,4,DMH,1.059
2025-09-18,4,DRL,2.619
2025-09-18,4,DRH,1.201
2025-09-18,5,DCL,7.741
2025-09-18,5,DCH,1.221
2025-09-18,5,DML,2.549
2025-09-18,5,DMH,1.145
2025-09-18,5,DRL,17.712
2025-09-18,5,DRH,3.819
2025-09-18,6,DCL,4.545
2025-09-18,6,DCH,2.732
2025-09-18,6,DML,2.12
2025-09-18,6,DMH,0.847
2025-09-18,6,DRL,3.764
2025-09-18,6,DRH,1.818
2025-09-19,1,DCL,4.328
2025-09-19,1,DCH,1.053
2025-09-19,1,DML,1.897
2025-09-19,1,DMH,0.549
2025-09-19,1,DRL,2.966
2025-09-19,1,DRH,2.778
2025-09-19,2,DCL,2.472
2025-09-19,2,DCH,1.16
2025-09-19,2,DML,2.65
2025-09-19,2,DMH,1.082
2025-09-19,2,DRL,5.019
2025-09-19,2,DRH,1.012
2025-09-19,3,DCL,2.727
2025-09-19,3,DCH,0.651
2025-09-19,3,DML,1.012
2025-09-19,3,DMH,0.888
2025-09-19,3,DRL,4.581
2025-09-19,3,DRH,2.091
2025-09-19,4,DCL,0.878
2025-09-19,4,DCH,1.687
2025-09-19,4,DML,0.506
2025-09-19,4,DMH,0.716
2025-09-19,4,DRL,5.169
2025-09-19,4,DRH,2.41
2025-09-19,5,DCL,2.863
2025-09-19,5,DCH,2.835
2025-09-19,5,DML,6.487
2025-09-19,5,DMH,1.115
2025-09-19,5,DRL,7.744
2025-09-19,5,DRH,4.131
2025-09-19,6,DCL,2.665
2025-09-19,6,DCH,1.949
2025-09-19,6,DML,1.23
2025-09-19,6,DMH,1.785
2025-09-19,6,DRL,4.284
2025-09-19,6,DRH,2.047
2025-09-20,1,DCL,1.353
2025-09-20,1,DCH,0.485
2025-09-20,1,DML,0.692
2025-09-20,1,DMH,0.19
2025-09-20,1,DRL,3.387
2025-09-20,1,DRH,1.363
2025-09-20,2,DCL,2.579
2025-09-20,2,DCH,0.702
2025-09-20,2,DML,0.832
2025-09-20,2,DMH,0.653
2025-09-20,2,DRL,2.612
2025-09-20,2,DRH,0.821
2025-09-20,3,DCL,1.842
2025-09-20,3,DCH,1.424
2025-09-20,3,DML,2.248
2025-09-20,3,DMH,1.205
2025-09-20,3,DRL,3.241
2025-09-20,3,DRH,1.843
2025-09-20,4,DCL,2.467
2025-09-20,4,DCH,1.517
2025-09-20,4,DML,2.027
2025-09-20,4,DMH,1.684
2025-09-20,4,DRL,3.757
2025-09-20,4,DRH,1.19
2025-09-20,5,DCL,3.129
2025-09-20,5,DCH,0.812
2025-09-20,5,DML,1.683
2025-09-20,5,DMH,1.316
2025-09-20,5,DRL,3.637
2025-09-20,5,DRH,3.486
2025-09-20,6,DCL,4.308
2025-09-20,6,DCH,1.816
2025-09-20,6,DML,2.659
2025-09-20,6,DMH,1.071
2025-09-20,6,DRL,6.482
2025-09-20,6,DRH,1.918
2025-09-21,1,DCL,1.606
2025-09-21,1,DCH,0.5
2025-09-21,1,DML,0.832
2025-09-21,1,DMH,1.122
2025-09-21,1,DRL,2.969
2025-09-21,1,DRH,1.669
2025-09-21,2,DCL,1.436
2025-09-21,2,DCH,0.906
2025-09-21,2,DML,2.317
2025-09-21,2,DMH,0.461
2025-09-21,2,DRL,3.49
2025-09-21,2,DRH,1.332
2025-09-21,3,DCL,2.113
2025-09-21,3,DCH,0.773
2025-09-21,3,DML,1.905
2025-09-21,3,DMH,0.636
2025-09-21,3,DRL,1.261
2025-09-21,3,DRH,2.576
2025-09-21,4,DCL,3.196
2025-09-21,4,DCH,0.798
2025-09-21,4,DML,3.1
2025-09-21,4,DMH,2.179
2025-09-21,4,DRL,2.133
2025-09-21,4,DRH,2.359
2025-09-21,5,DCL,7.438
2025-09-21,5,DCH,1.387
2025-09-21,5,DML,3.739
2025-09-21,5,DMH,1.383
2025-09-21,5,DRL,5.288
2025-09-21,5,DRH,2.612
2025-09-21,6,DCL,1.261
2025-09-21,6,DCH,0.512
2025-09-21,6,DML,2.686
2025-09-21,6,DMH,1.489
2025-09-21,6,DRL,8.369
2025-09-21,6,DRH,1.558
2025-09-22,1,DCL,1.472
2025-09-22,1,DCH,2.562
2025-09-22,1,DML,2.719
2025-09-22,1,DMH,0.289
2025-09-22,1,DRL,2.753
2025-09-22,1,DRH,1.46
2025-09-22,2,DCL,4.732
2025-09-22,2,DCH,0.714
2025-09-22,2,DML,3.012
2025-09-22,2,DMH,0.474
2025-09-22,2,DRL,4.234
2025-09-22,2,DRH,2.871
2025-09-22,3,DCL,1.38
2025-09-22,3,DCH,0.911
2025-09-22,3,DML,1.206
2025-09-22,3,DMH,1.823
2025-09-22,3,DRL,4.516
2025-09-22,3,DRH,1.019
2025-09-22,4,DCL,2.742
2025-09-22,4,DCH,2.012
2025-09-22,4,DML,2.006
2025-09-22,4,DMH,1.048
2025-09-22,4,DRL,2.774
2025-09-22,4,DRH,0.659
2025-09-22,5,DCL,3.026
2025-09-22,5,DCH,0.623
2025-09-22,5,DML,3.53
2025-09-22,5,DMH,2.579
2025-09-22,5,DRL,3.195
2025-09-22,5,DRH,3.073
2025-09-22,6,DCL,2.199
2025-09-22,6,DCH,1.267
2025-09-22,6,DML,1.376
2025-09-22,6,DMH,1.56
2025-09-22,6,DRL,3.16
2025-09-22,6,DRH,0.954
2025-09-23,1,DCL,3.45
2025-09-23,1,DCH,0.656
2025-09-23,1,DML,2.758
2025-09-23,1,DMH,0.717
2025-09-23,1,DRL,2.847
2025-09-23,1,DRH,1.766
2025-09-23,2,DCL,1.236
2025-09-23,2,DCH,0.588
2025-09-23,2,DML,1.142
2025-09-23,2,DMH,0.764
2025-09-23,2,DRL,2.254
2025-09-23,2,DRH,1.59
2025-09-23,3,DCL,3.354
2025-09-23,3,DCH,0.859
2025-09-23,3,DML,2.958
2025-09-23,3,DMH,0.969
2025-09-23,3,DRL,2.302
2025-09-23,3,DRH,1.285
2025-09-23,4,DCL,3.429
2025-09-23,4,DCH,1.15
2025-09-23,4,DML,1.325
2025-09-23,4,DMH,0.726
2025-09-23,4,DRL,5.472
2025-09-23,4,DRH,1.694
2025-09-23,5,DCL,4.27
2025-09-23,5,DCH,0.69
2025-09-23,5,DML,2.247
2025-09-23,5,DMH,1.466
2025-09-23,5,DRL,2.943
2025-09-23,5,DRH,2.071
2025-09-23,6,DCL,3.377
2025-09-23,6,DCH,1.494
2025-09-23,6,DML,3.107
2025-09-23,6,DMH,1.066
2025-09-23,6,DRL,7.486
2025-09-23,6,DRH,3.752
2025-09-24,1,DCL,1.481
2025-09-24,1,DCH,1.456
2025-09-24,1,DML,1.522
2025-09-24,1,DMH,1.195
2025-09-24,1,DRL,3.649
2025-09-24,1,DRH,2.496
2025-09-24,2,DCL,3.587
2025-09-24,2,DCH,0.256
2025-09-24,2,DML,3.487
2025-09-24,2,DMH,0.727
2025-09-24,2,DRL,3.085
2025-09-24,2,DRH,0.964
2025-09-24,3,DCL,1.61
2025-09-24,3,DCH,1.953
2025-09-24,3,DML,6.411
2025-09-24,3,DMH,1.455
2025-09-24,3,DRL,0.635
2025-09-24,3,DRH,3.577
2025-09-24,4,DCL,2.322
2025-09-24,4,DCH,1.483
2025-09-24,4,DML,2.224
2025-09-24,4,DMH,0.659
2025-09-24,4,DRL,1.308
2025-09-24,4,DRH,1.108
2025-09-24,5,DCL,6.341
2025-09-24,5,DCH,1.465
2025-09-24,5,DML,6.823
2025-09-24,5,DMH,1.087
2025-09-24,5,DRL,3.403
2025-09-24,5,DRH,4.797
2025-09-24,6,DCL,4.412
2025-09-24,6,DCH,1.218
2025-09-24,6,DML,3.535
2025-09-24,6,DMH,1.503
2025-09-24,6,DRL,2.393
2025-09-24,6,DRH,1.105
2025-09-25,1,DCL,2.71
2025-09-25,1,DCH,0.811
2025-09-25,1,DML,2.954
2025-09-25,1,DMH,0.996
2025-09-25,1,DRL,2.375
2025-09-25,1,DRH,1.645
2025-09-25,2,DCL,3.622
2025-09-25,2,DCH,0.465
2025-09-25,2,DML,0.633
2025-09-25,2,DMH,1.22
2025-09-25,2,DRL,2.281
2025-09-25,2,DRH,0.809
2025-09-25,3,DCL,1.793
2025-09-25,3,DCH,0.434
2025-09-25,3,DML,1.88
2025-09-25,3,DMH,0.939
2025-09-25,3,DRL,4.919
2025-09-25,3,DRH,1.013
2025-09-25,4,DCL,2.641
2025-09-25,4,DCH,0.393
2025-09-25,4,DML,1.653
2025-09-25,4,DMH,2.035
2025-09-25,4,DRL,4.584
2025-09-25,4,DRH,1.111
2025-09-25,5,DCL,6.166
2025-09-25,5,DCH,1.071
2025-09-25,5,DML,4.135
2025-09-25,5,DMH,1.629
2025-09-25,5,DRL,6.554
2025-09-25,5,DRH,2.165
2025-09-25,6,DCL,3.185
2025-09-25,6,DCH,1.211
2025-09-25,6,DML,5.279
2025-09-25,6,DMH,0.547
2025-09-25,6,DRL,3.462
2025-09-25,6,DRH,1.126
2025-09-26,1,DCL,1.38
2025-09-26,1,DCH,1.446
2025-09-26,1,DML,1.715
2025-09-26,1,DMH,0.325
2025-09-26,1,DRL,3.095
2025-09-26,1,DRH,2.336
2025-09-26,2,DCL,3.171
2025-09-26,2,DCH,0.391
2025-09-26,2,DML,0.522
2025-09-26,2,DMH,0.301
2025-09-26,2,DRL,3.016
2025-09-26,2,DRH,0.369
2025-09-26,3,DCL,1.792
2025-09-26,3,DCH,0.744
2025-09-26,3,DML,1.446
2025-09-26,3,DMH,0.79
2025-09-26,3,DRL,2.169
2025-09-26,3,DRH,1.048
2025-09-26,4,DCL,3.639
2025-09-26,4,DCH,1.647
2025-09-26,4,DML,2.49
2025-09-26,4,DMH,0.534
2025-09-26,4,DRL,2.625
2025-09-26,4,DRH,2.917
2025-09-26,5,DCL,3.394
2025-09-26,5,DCH,4.255
2025-09-26,5,DML,8.086
2025-09-26,5,DMH,1.401
2025-09-26,5,DRL,5.275
2025-09-26,5,DRH,3.896
2025-09-26,6,DCL,3.795
2025-09-26,6,DCH,1.146
2025-09-26,6,DML,1.626
2025-09-26,6,DMH,0.417
2025-09-26,6,DRL,1.587
2025-09-26,6,DRH,0.786
2025-09-27,1,DCL,2.752
2025-09-27,1,DCH,0.583
2025-09-27,1,DML,0.911
2025-09-27,1,DMH,0.691
2025-09-27,1,DRL,1.496
2025-09-27,1,DRH,0.708
2025-09-27,2,DCL,2.881
2025-09-27,2,DCH,0.846
2025-09-27,2,DML,1.529
2025-09-27,2,DMH,0.777
2025-09-27,2,DRL,3.656
2025-09-27,2,DRH,1.473
2025-09-27,3,DCL,2.32
2025-09-27,3,DCH,1.584
2025-09-27,3,DML,1.711
2025-09-27,3,DMH,0.929
2025-09-27,3,DRL,2.479
2025-09-27,3,DRH,1.301
2025-09-27,4,DCL,1.314
2025-09-27,4,DCH,0.646
2025-09-27,4,DML,1.234
2025-09-27,4,DMH,0.543
2025-09-27,4,DRL,6.986
2025-09-27,4,DRH,0.726
2025-09-27,5,DCL,3.728
2025-09-27,5,DCH,2.969
2025-09-27,5,DML,2.786
2025-09-27,5,DMH,0.623
2025-09-27,5,DRL,6.742
2025-09-27,5,DRH,4.276
2025-09-27,6,DCL,2.837
2025-09-27,6,DCH,2.042
2025-09-27,6,DML,1.262
2025-09-27,6,DMH,0.534
2025-09-27,6,DRL,4.259
2025-09-27,6,DRH,1.623
2025-09-28,1,DCL,1.384
2025-09-28,1,DCH,1.054
2025-09-28,1,DML,1.631
2025-09-28,1,DMH,0.814
2025-09-28,1,DRL,0.8
2025-09-28,1,DRH,1.732
2025-09-28,2,DCL,4.027
2025-09-28,2,DCH,0.898
2025-09-28,2,DML,1.337
2025-09-28,2,DMH,0.295
2025-09-28,2,DRL,3.239
2025-09-28,2,DRH,1.999
2025-09-28,3,DCL,2.234
2025-09-28,3,DCH,0.913
2025-09-28,3,DML,2.029
2025-09-28,3,DMH,0.695
2025-09-28,3,DRL,2.517
2025-09-28,3,DRH,1.512
2025-09-28,4,DCL,3.882
2025-09-28,4,DCH,1.691
2025-09-28,4,DML,1.874
2025-09-28,4,DMH,1.71
2025-09-28,4,DRL,5.621
2025-09-28,4,DRH,2.529
2025-09-28,5,DCL,3.674
2025-09-28,5,DCH,5.055
2025-09-28,5,DML,3.375
2025-09-28,5,DMH,1.745
2025-09-28,5,DRL,4.691
2025-09-28,5,DRH,4.863
2025-09-28,6,DCL,6.642
2025-09-28,6,DCH,1.058
2025-09-28,6,DML,3.795
2025-09-28,6,DMH,0.837
2025-09-28,6,DRL,1.514
2025-09-28,6,DRH,1.411
2025-09-29,1,DCL,2.615
2025-09-29,1,DCH,1.086
2025-09-29,1,DML,1.717
2025-09-29,1,DMH,0.85
2025-09-29,1,DRL,2.05
2025-09-29,1,DRH,1.127
2025-09-29,2,DCL,6.507
2025-09-29,2,DCH,0.618
2025-09-29,2,DML,1.136
2025-09-29,2,DMH,1.255
2025-09-29,2,DRL,4.028
2025-09-29,2,DRH,1.061
2025-09-29,3,DCL,2.145
2025-09-29,3,DCH,0.857
2025-09-29,3,DML,1.802
2025-09-29,3,DMH,0.862
2025-09-29,3,DRL,2.193
2025-09-29,3,DRH,3.344
2025-09-29,4,DCL,1.9
2025-09-29,4,DCH,1.203
2025-09-29,4,DML,1.686
2025-09-29,4,DMH,1.365
2025-09-29,4,DRL,2.754
2025-09-29,4,DRH,1.481
2025-09-29,5,DCL,5.952
2025-09-29,5,DCH,1.619
2025-09-29,5,DML,13.453
2025-09-29,5,DMH,1.069
2025-09-29,5,DRL,2.456
2025-09-29,5,DRH,2.271
2025-09-29,6,DCL,2.024
2025-09-29,6,DCH,1.248
2025-09-29,6,DML,2.424
2025-09-29,6,DMH,1.029
2025-09-29,6,DRL,3.333
2025-09-29,6,DRH,0.892
2025-09-30,1,DCL,1.647
2025-09-30,1,DCH,1.409
2025-09-30,1,DML,1.576
2025-09-30,1,DMH,1.115
2025-09-30,1,DRL,2.843
2025-09-30,1,DRH,0.941
2025-09-30,2,DCL,1.324
2025-09-30,2,DCH,0.826
2025-09-30,2,DML,0.979
2025-09-30,2,DMH,0.568
2025-09-30,2,DRL,2.072
2025-09-30,2,DRH,0.884
2025-09-30,3,DCL,2.632
2025-09-30,3,DCH,0.852
2025-09-30,3,DML,3.494
2025-09-30,3,DMH,0.828
2025-09-30,3,DRL,5.719
2025-09-30,3,DRH,1.388
2025-09-30,4,DCL,4.46
2025-09-30,4,DCH,1.408
2025-09-30,4,DML,1.883
2025-09-30,4,DMH,0.465
2025-09-30,4,DRL,3.352
2025-09-30,4,DRH,1.403
2025-09-30,5,DCL,8.616
2025-09-30,5,DCH,1.221
2025-09-30,5,DML,2.745
2025-09-30,5,DMH,0.997
2025-09-30,5,DRL,6.385
2025-09-30,5,DRH,7.141
2025-09-30,6,DCL,4.906
2025-09-30,6,DCH,0.59
2025-09-30,6,DML,2.34
2025-09-30,6,DMH,1.475
2025-09-30,6,DRL,4.581
2025-09-30,6,DRH,1.762
2025-10-01,1,DCL,2.243
2025-10-01,1,DCH,0.874
2025-10-01,1,DML,1.624
2025-10-01,1,DMH,0.964
2025-10-01,1,DRL,3.782
2025-10-01,1,DRH,1.598
2025-10-01,2,DCL,1.279
2025-10-01,2,DCH,0.979
2025-10-01,2,DML,2.084
2025-10-01,2,DMH,0.449
2025-10-01,2,DRL,1.806
2025-10-01,2,DRH,0.521
2025-10-01,3,DCL,2.088
2025-10-01,3,DCH,0.644
2025-10-01,3,DML,3.892
2025-10-01,3,DMH,1.193
2025-10-01,3,DRL,1.674
2025-10-01,3,DRH,2.169
2025-10-01,4,DCL,2.016
2025-10-01,4,DCH,0.357
2025-10-01,4,DML,1.943
2025-10-01,4,DMH,0.339
2025-10-01,4,DRL,3.342
2025-10-01,4,DRH,0.505
2025-10-01,5,DCL,6.87
2025-10-01,5,DCH,3.039
2025-10-01,5,DML,2.782
2025-10-01,5,DMH,1.127
2025-10-01,5,DRL,1.651
2025-10-01,5,DRH,2.454
2025-10-01,6,DCL,6.29
2025-10-01,6,DCH,1.671
2025-10-01,6,DML,2.591
2025-10-01,6,DMH,1.052
2025-10-01,6,DRL,2.437
2025-10-01,6,DRH,1.233
2025-10-02,1,DCL,4.351
2025-10-02,1,DCH,1.336
2025-10-02,1,DML,1.024
2025-10-02,1,DMH,0.711
2025-10-02,1,DRL,3.523
2025-10-02,1,DRH,2.112
2025-10-02,2,DCL,3.669
2025-10-02,2,DCH,1.217
2025-10-02,2,DML,1.439
2025-10-02,2,DMH,0.583
2025-10-02,2,DRL,1.728
2025-10-02,2,DRH,0.77
2025-10-02,3,DCL,3.938
2025-10-02,3,DCH,1.742
2025-10-02,3,DML,0.706
2025-10-02,3,DMH,1.581
2025-10-02,3,DRL,2.051
2025-10-02,3,DRH,3.417
2025-10-02,4,DCL,3.67
2025-10-02,4,DCH,0.642
2025-10-02,4,DML,2.368
2025-10-02,4,DMH,1.087
2025-10-02,4,DRL,4.543
2025-10-02,4,DRH,3.104
2025-10-02,5,DCL,3.713
2025-10-02,5,DCH,1.835
2025-10-02,5,DML,2.106
2025-10-02,5,DMH,0.436
2025-10-02,5,DRL,6.271
2025-10-02,5,DRH,1.321
2025-10-02,6,DCL,0.925
2025-10-02,6,DCH,0.631
2025-10-02,6,DML,1.957
2025-10-02,6,DMH,3.505
2025-10-02,6,DRL,5.24
2025-10-02,6,DRH,1.198
2025-10-03,1,DCL,1.183
2025-10-03,1,DCH,1.595
2025-10-03,1,DML,2.82
2025-10-03,1,DMH,0.773
2025-10-03,1,DRL,1.394
2025-10-03,1,DRH,1.045
2025-10-03,2,DCL,2.6
2025-10-03,2,DCH,0.269
2025-10-03,2,DML,1.707
2025-10-03,2,DMH,0.547
2025-10-03,2,DRL,3.367
2025-10-03,2,DRH,0.538
2025-10-03,3,DCL,4.484
2025-10-03,3,DCH,1.041
2025-10-03,3,DML,1.403
2025-10-03,3,DMH,0.748
2025-10-03,3,DRL,4.72
2025-10-03,3,DRH,2.018
2025-10-03,4,DCL,1.444
2025-10-03,4,DCH,0.828
2025-10-03,4,DML,1.654
2025-10-03,4,DMH,0.944
2025-10-03,4,DRL,2.685
2025-10-03,4,DRH,1.406
2025-10-03,5,DCL,4.065
2025-10-03,5,DCH,5.27
2025-10-03,5,DML,3.918
2025-10-03,5,DMH,2.06
2025-10-03,5,DRL,4.601
2025-10-03,5,DRH,3.368
2025-10-03,6,DCL,2.461
2025-10-03,6,DCH,1.22
2025-10-03,6,DML,1.911
2025-10-03,6,DMH,1.009
2025-10-03,6,DRL,2.394
2025-10-03,6,DRH,2.982
2025-10-04,1,DCL,2.33
2025-10-04,1,DCH,0.58
2025-10-04,1,DML,1.468
2025-10-04,1,DMH,0.403
2025-10-04,1,DRL,2.412
2025-10-04,1,DRH,3.358
2025-10-04,2,DCL,1.475
2025-10-04,2,DCH,1.949
2025-10-04,2,DML,0.91
2025-10-04,2,DMH,1.674
2025-10-04,2,DRL,1.045
2025-10-04,2,DRH,1.096
2025-10-04,3,DCL,5.08
2025-10-04,3,DCH,0.807
2025-10-04,3,DML,1.153
2025-10-04,3,DMH,0.545
2025-10-04,3,DRL,1.851
2025-10-04,3,DRH,2.554
2025-10-04,4,DCL,1.511
2025-10-04,4,DCH,1.137
2025-10-04,4,DML,4.422
2025-10-04,4,DMH,0.281
2025-10-04,4,DRL,3.126
2025-10-04,4,DRH,1.231
2025-10-04,5,DCL,7.503
2025-10-04,5,DCH,1.645
2025-10-04,5,DML,7.074
2025-10-04,5,DMH,0.501
2025-10-04,5,DRL,9.559
2025-10-04,5,DRH,2.257
2025-10-04,6,DCL,1.399
2025-10-04,6,DCH,0.503
2025-10-04,6,DML,0.968
2025-10-04,6,DMH,0.839
2025-10-04,6,DRL,4.486
2025-10-04,6,DRH,2.475
2025-10-05,1,DCL,4.111
2025-10-05,1,DCH,1.164
2025-10-05,1,DML,0.586
2025-10-05,1,DMH,2.11
2025-10-05,1,DRL,2.215
2025-10-05,1,DRH,2.095
2025-10-05,2,DCL,3.03
2025-10-05,2,DCH,0.753
2025-10-05,2,DML,1.026
2025-10-05,2,DMH,1.648
2025-10-05,2,DRL,3.207
2025-10-05,2,DRH,0.599
2025-10-05,3,DCL,2.309
2025-10-05,3,DCH,1.978
2025-10-05,3,DML,1.333
2025-10-05,3,DMH,0.952
2025-10-05,3,DRL,2.563
2025-10-05,3,DRH,1.32
2025-10-05,4,DCL,3.176
2025-10-05,4,DCH,2.143
2025-10-05,4,DML,3.042
2025-10-05,4,DMH,1.421
2025-10-05,4,DRL,4.268
2025-10-05,4,DRH,2.51
2025-10-05,5,DCL,3.354
2025-10-05,5,DCH,1.061
2025-10-05,5,DML,1.58
2025-10-05,5,DMH,0.781
2025-10-05,5,DRL,3.985
2025-10-05,5,DRH,0.623
2025-10-05,6,DCL,3.08
2025-10-05,6,DCH,2.604
2025-10-05,6,DML,1.468
2025-10-05,6,DMH,1.589
2025-10-05,6,DRL,2.324
2025-10-05,6,DRH,1.054
2025-10-06,1,DCL,1.086
2025-10-06,1,DCH,0.292
2025-10-06,1,DML,1.186
2025-10-06,1,DMH,0.729
2025-10-06,1,DRL,2.575
2025-10-06,1,DRH,0.944
2025-10-06,2,DCL,1.343
2025-10-06,2,DCH,1.561
2025-10-06,2,DML,0.934
2025-10-06,2,DMH,0.661
2025-10-06,2,DRL,2.453
2025-10-06,2,DRH,1.363
2025-10-06,3,DCL,2.287
2025-10-06,3,DCH,1.128
2025-10-06,3,DML,3.266
2025-10-06,3,DMH,0.959
2025-10-06,3,DRL,4.897
2025-10-06,3,DRH,0.85
2025-10-06,4,DCL,4.806
2025-10-06,4,DCH,0.41
2025-10-06,4,DML,1.43
2025-10-06,4,DMH,0.95
2025-10-06,4,DRL,2.024
2025-10-06,4,DRH,1.531
2025-10-06,5,DCL,3.005
2025-10-06,5,DCH,0.764
2025-10-06,5,DML,4.192
2025-10-06,5,DMH,1.512
2025-10-06,5,DRL,6.071
2025-10-06,5,DRH,3.328
2025-10-06,6,DCL,1.734
2025-10-06,6,DCH,1.7
2025-10-06,6,DML,1.225
2025-10-06,6,DMH,1.561
2025-10-06,6,DRL,1.992
2025-10-06,6,DRH,1.181
2025-10-07,1,DCL,1.737
2025-10-07,1,DCH,3.418
2025-10-07,1,DML,0.886
2025-10-07,1,DMH,0.922
2025-10-07,1,DRL,3.244
2025-10-07,1,DRH,2.072
2025-10-07,2,DCL,3.494
2025-10-07,2,DCH,0.423
2025-10-07,2,DML,2.349
2025-10-07,2,DMH,1.104
2025-10-07,2,DRL,3.698
2025-10-07,2,DRH,1.175
2025-10-07,3,DCL,1.887
2025-10-07,3,DCH,1.779
2025-10-07,3,DML,2.079
2025-10-07,3,DMH,0.801
2025-10-07,3,DRL,2.744
2025-10-07,3,DRH,1.386
2025-10-07,4,DCL,3.175
2025-10-07,4,DCH,1.269
2025-10-07,4,DML,3.618
2025-10-07,4,DMH,1.033
2025-10-07,4,DRL,4.437
2025-10-07,4,DRH,3.136
2025-10-07,5,DCL,3.304
2025-10-07,5,DCH,1.401
2025-10-07,5,DML,3.168
2025-10-07,5,DMH,0.621
2025-10-07,5,DRL,4.756
2025-10-07,5,DRH,1.853
2025-10-07,6,DCL,5.502
2025-10-07,6,DCH,4.054
2025-10-07,6,DML,3.105
2025-10-07,6,DMH,0.909
2025-10-07,6,DRL,7.273
2025-10-07,6,DRH,0.724
2025-10-08,1,DCL,2.121
2025-10-08,1,DCH,1.517
2025-10-08,1,DML,2.626
2025-10-08,1,DMH,0.599
2025-10-08,1,DRL,1.262
2025-10-08,1,DRH,1.905
2025-10-08,2,DCL,0.698
2025-10-08,2,DCH,0.444
2025-10-08,2,DML,1.363
2025-10-08,2,DMH,0.558
2025-10-08,2,DRL,2.73
2025-10-08,2,DRH,1.305
2025-10-08,3,DCL,2.825
2025-10-08,3,DCH,0.843
2025-10-08,3,DML,1.117
2025-10-08,3,DMH,0.928
2025-10-08,3,DRL,2.191
2025-10-08,3,DRH,2.383
2025-10-08,4,DCL,4.359
2025-10-08,4,DCH,0.788
2025-10-08,4,DML,5.434
2025-10-08,4,DMH,1.575
2025-10-08,4,DRL,4.121
2025-10-08,4,DRH,2.581
2025-10-08,5,DCL,9.368
2025-10-08,5,DCH,1.855
2025-10-08,5,DML,4.805
2025-10-08,5,DMH,1.454
2025-10-08,5,DRL,3.29
2025-10-08,5,DRH,4.18
2025-10-08,6,DCL,2.82
2025-10-08,6,DCH,0.752
2025-10-08,6,DML,1.938
2025-10-08,6,DMH,0.979
2025-10-08,6,DRL,2.864
2025-10-08,6,DRH,1.444
2025-10-09,1,DCL,4.211
2025-10-09,1,DCH,1.65
2025-10-09,1,DML,1.451
2025-10-09,1,DMH,0.682
2025-10-09,1,DRL,4.309
2025-10-09,1,DRH,1.501
2025-10-09,2,DCL,1.358
2025-10-09,2,DCH,0.398
2025-10-09,2,DML,0.682
2025-10-09,2,DMH,0.425
2025-10-09,2,DRL,3.191
2025-10-09,2,DRH,1.377
2025-10-09,3,DCL,1.519
2025-10-09,3,DCH,0.871
2025-10-09,3,DML,2.692
2025-10-09,3,DMH,0.478
2025-10-09,3,DRL,1.325
2025-10-09,3,DRH,1.689
2025-10-09,4,DCL,2.858
2025-10-09,4,DCH,0.677
2025-10-09,4,DML,3.899
2025-10-09,4,DMH,0.719
2025-10-09,4,DRL,7.551
2025-10-09,4,DRH,0.74
2025-10-09,5,DCL,3.467
2025-10-09,5,DCH,2.583
2025-10-09,5,DML,2.892
2025-10-09,5,DMH,1.313
2025-10-09,5,DRL,10.987
2025-10-09,5,DRH,2.791
2025-10-09,6,DCL,3.33
2025-10-09,6,DCH,0.845
2025-10-09,6,DML,2.652
2025-10-09,6,DMH,1.246
2025-10-09,6,DRL,4.304
2025-10-09,6,DRH,0.805
2025-10-10,1,DCL,2.444
2025-10-10,1,DCH,0.622
2025-10-10,1,DML,1.654
2025-10-10,1,DMH,0.823
2025-10-10,1,DRL,2.825
2025-10-10,1,DRH,0.95
2025-10-10,2,DCL,1.435
2025-10-10,2,DCH,1.301
2025-10-10,2,DML,1.628
2025-10-10,2,DMH,0.74
2025-10-10,2,DRL,1.425
2025-10-10,2,DRH,0.801
2025-10-10,3,DCL,4.624
2025-10-10,3,DCH,1.135
2025-10-10,3,DML,1.84
2025-10-10,3,DMH,1.05
2025-10-10,3,DRL,9.284
2025-10-10,3,DRH,1.624
2025-10-10,4,DCL,2.686
2025-10-10,4,DCH,1.911
2025-10-10,4,DML,1.366
2025-10-10,4,DMH,1.306
2025-10-10,4,DRL,4.163
2025-10-10,4,DRH,2.468
2025-10-10,5,DCL,4.114
2025-10-10,5,DCH,4.897
2025-10-10,5,DML,2.277
2025-10-10,5,DMH,1.044
2025-10-10,5,DRL,8.932
2025-10-10,5,DRH,2.956
2025-10-10,6,DCL,6.63
2025-10-10,6,DCH,2.156
2025-10-10,6,DML,3.434
2025-10-10,6,DMH,2.871
2025-10-10,6,DRL,15.286
2025-10-10,6,DRH,1.912
2025-10-11,1,DCL,4.478
2025-10-11,1,DCH,1.154
2025-10-11,1,DML,1.117
2025-10-11,1,DMH,0.258
2025-10-11,1,DRL,7.94
2025-10-11,1,DRH,0.41
2025-10-11,2,DCL,3.571
2025-10-11,2,DCH,1.437
2025-10-11,2,DML,0.709
2025-10-11,2,DMH,0.488
2025-10-11,2,DRL,1.899
2025-10-11,2,DRH,1.271
2025-10-11,3,DCL,1.925
2025-10-11,3,DCH,0.764
2025-10-11,3,DML,2.218
2025-10-11,3,DMH,1.575
2025-10-11,3,DRL,2.278
2025-10-11,3,DRH,1.372
2025-10-11,4,DCL,2.29
2025-10-11,4,DCH,3.0
2025-10-11,4,DML,5.352
2025-10-11,4,DMH,2.323
2025-10-11,4,DRL,2.983
2025-10-11,4,DRH,2.963
2025-10-11,5,DCL,4.563
2025-10-11,5,DCH,1.333
2025-10-11,5,DML,3.082
2025-10-11,5,DMH,2.658
2025-10-11,5,DRL,1.358
2025-10-11,5,DRH,3.212
2025-10-11,6,DCL,1.839
2025-10-11,6,DCH,0.5
2025-10-11,6,DML,1.287
2025-10-11,6,DMH,0.963
2025-10-11,6,DRL,1.651
2025-10-11,6,DRH,2.085
2025-10-12,1,DCL,1.316
2025-10-12,1,DCH,0.727
2025-10-12,1,DML,1.506
2025-10-12,1,DMH,0.698
2025-10-12,1,DRL,2.617
2025-10-12,1,DRH,1.632
2025-10-12,2,DCL,2.407
2025-10-12,2,DCH,1.41
2025-10-12,2,DML,1.724
2025-10-12,2,DMH,0.372
2025-10-12,2,DRL,1.349
2025-10-12,2,DRH,1.896
2025-10-12,3,DCL,6.274
2025-10-12,3,DCH,2.019
2025-10-12,3,DML,2.859
2025-10-12,3,DMH,0.939
2025-10-12,3,DRL,3.448
2025-10-12,3,DRH,2.319
2025-10-12,4,DCL,2.426
2025-10-12,4,DCH,2.018
2025-10-12,4,DML,3.87
2025-10-12,4,DMH,1.312
2025-10-12,4,DRL,1.787
2025-10-12,4,DRH,2.39
2025-10-12,5,DCL,3.981
2025-10-12,5,DCH,0.893
2025-10-12,5,DML,3.517
2025-10-12,5,DMH,1.217
2025-10-12,5,DRL,8.591
2025-10-12,5,DRH,3.611
2025-10-12,6,DCL,4.27
2025-10-12,6,DCH,0.858
2025-10-12,6,DML,1.923
2025-10-12,6,DMH,1.329
2025-10-12,6,DRL,7.35
2025-10-12,6,DRH,1.847
2025-10-13,1,DCL,2.655
2025-10-13,1,DCH,0.724
2025-10-13,1,DML,4.755
2025-10-13,1,DMH,1.091
2025-10-13,1,DRL,1.656
2025-10-13,1,DRH,1.746
2025-10-13,2,DCL,1.689
2025-10-13,2,DCH,0.776
2025-10-13,2,DML,2.678
2025-10-13,2,DMH,0.546
2025-10-13,2,DRL,4.036
2025-10-13,2,DRH,1.204
2025-10-13,3,DCL,0.885
2025-10-13,3,DCH,1.494
2025-10-13,3,DML,2.88
2025-10-13,3,DMH,0.607
2025-10-13,3,DRL,3.478
2025-10-13,3,DRH,1.285
2025-10-13,4,DCL,3.74
2025-10-13,4,DCH,1.078
2025-10-13,4,DML,4.006
2025-10-13,4,DMH,1.755
2025-10-13,4,DRL,5.836
2025-10-13,4,DRH,2.19
2025-10-13,5,DCL,4.697
2025-10-13,5,DCH,1.864
2025-10-13,5,DML,5.051
2025-10-13,5,DMH,0.927
2025-10-13,5,DRL,9.052
2025-10-13,5,DRH,1.693
2025-10-13,6,DCL,4.059
2025-10-13,6,DCH,1.634
2025-10-13,6,DML,1.399
2025-10-13,6,DMH,1.879
2025-10-13,6,DRL,5.519
2025-10-13,6,DRH,0.949
2025-10-14,1,DCL,2.114
2025-10-14,1,DCH,1.537
2025-10-14,1,DML,1.158
2025-10-14,1,DMH,1.003
2025-10-14,1,DRL,2.073
2025-10-14,1,DRH,1.903
2025-10-14,2,DCL,1.457
2025-10-14,2,DCH,0.974
2025-10-14,2,DML,0.327
2025-10-14,2,DMH,1.314
2025-10-14,2,DRL,3.593
2025-10-14,2,DRH,0.971
2025-10-14,3,DCL,3.538
2025-10-14,3,DCH,0.888
2025-10-14,3,DML,1.845
2025-10-14,3,DMH,0.498
2025-10-14,3,DRL,1.785
2025-10-14,3,DRH,0.687
2025-10-14,4,DCL,4.876
2025-10-14,4,DCH,2.313
2025-10-14,4,DML,2.021
2025-10-14,4,DMH,0.908
2025-10-14,4,DRL,1.53
2025-10-14,4,DRH,0.86
2025-10-14,5,DCL,1.51
2025-10-14,5,DCH,1.142
2025-10-14,5,DML,8.148
2025-10-14,5,DMH,0.995
2025-10-14,5,DRL,10.576
2025-10-14,5,DRH,2.356
2025-10-14,6,DCL,11.661
2025-10-14,6,DCH,2.053
2025-10-14,6,DML,2.235
2025-10-14,6,DMH,3.017
2025-10-14,6,DRL,11.952
2025-10-14,6,DRH,1.425
2025-10-15,1,DCL,2.15
2025-10-15,1,DCH,0.936
2025-10-15,1,DML,2.533
2025-10-15,1,DMH,0.868
2025-10-15,1,DRL,2.712
2025-10-15,1,DRH,0.979
2025-10-15,2,DCL,2.661
2025-10-15,2,DCH,0.846
2025-10-15,2,DML,1.168
2025-10-15,2,DMH,0.488
2025-10-15,2,DRL,2.676
2025-10-15,2,DRH,0.96
2025-10-15,3,DCL,4.957
2025-10-15,3,DCH,1.201
2025-10-15,3,DML,4.029
2025-10-15,3,DMH,0.684
2025-10-15,3,DRL,5.398
2025-10-15,3,DRH,1.336
2025-10-15,4,DCL,1.79
2025-10-15,4,DCH,3.211
2025-10-15,4,DML,5.235
2025-10-15,4,DMH,0.222
2025-10-15,4,DRL,8.579
2025-10-15,4,DRH,1.214
2025-10-15,5,DCL,6.724
2025-10-15,5,DCH,1.898
2025-10-15,5,DML,4.612
2025-10-15,5,DMH,1.255
2025-10-15,5,DRL,8.844
2025-10-15,5,DRH,1.408
2025-10-15,6,DCL,2.041
2025-10-15,6,DCH,1.656
2025-10-15,6,DML,1.291
2025-10-15,6,DMH,1.344
2025-10-15,6,DRL,3.794
2025-10-15,6,DRH,1.728
2025-10-16,1,DCL,2.886
2025-10-16,1,DCH,0.65
2025-10-16,1,DML,0.864
2025-10-16,1,DMH,0.772
2025-10-16,1,DRL,4.878
2025-10-16,1,DRH,1.299
2025-10-16,2,DCL,2.779
2025-10-16,2,DCH,1.271
2025-10-16,2,DML,0.824
2025-10-16,2,DMH,0.69
2025-10-16,2,DRL,3.559
2025-10-16,2,DRH,0.606
2025-10-16,3,DCL,1.673
2025-10-16,3,DCH,1.768
2025-10-16,3,DML,1.409
2025-10-16,3,DMH,0.472
2025-10-16,3,DRL,2.998
2025-10-16,3,DRH,1.911
2025-10-16,4,DCL,4.685
2025-10-16,4,DCH,1.557
2025-10-16,4,DML,2.012
2025-10-16,4,DMH,0.838
2025-10-16,4,DRL,3.397
2025-10-16,4,DRH,2.068
2025-10-16,5,DCL,7.684
2025-10-16,5,DCH,2.316
2025-10-16,5,DML,3.689
2025-10-16,5,DMH,2.037
2025-10-16,5,DRL,4.95
2025-10-16,5,DRH,2.75
2025-10-16,6,DCL,1.298
2025-10-16,6,DCH,1.785
2025-10-16,6,DML,2.768
2025-10-16,6,DMH,2.312
2025-10-16,6,DRL,2.165
2025-10-16,6,DRH,1.194
2025-10-17,1,DCL,3.725
2025-10-17,1,DCH,1.445
2025-10-17,1,DML,1.351
2025-10-17,1,DMH,0.744
2025-10-17,1,DRL,2.433
2025-10-17,1,DRH,2.915
2025-10-17,2,DCL,1.767
2025-10-17,2,DCH,0.91
2025-10-17,2,DML,1.389
2025-10-17,2,DMH,0.439
2025-10-17,2,DRL,2.218
2025-10-17,2,DRH,0.919
2025-10-17,3,DCL,1.864
2025-10-17,3,DCH,0.895
2025-10-17,3,DML,1.264
2025-10-17,3,DMH,1.285
2025-10-17,3,DRL,1.356
2025-10-17,3,DRH,1.802
2025-10-17,4,DCL,1.62
2025-10-17,4,DCH,0.865
2025-10-17,4,DML,1.353
2025-10-17,4,DMH,0.972
2025-10-17,4,DRL,3.997
2025-10-17,4,DRH,0.962
2025-10-17,5,DCL,3.247
2025-10-17,5,DCH,1.582
2025-10-17,5,DML,1.522
2025-10-17,5,DMH,0.713
2025-10-17,5,DRL,3.736
2025-10-17,5,DRH,1.438
2025-10-17,6,DCL,4.048
2025-10-17,6,DCH,2.798
2025-10-17,6,DML,1.337
2025-10-17,6,DMH,1.192
2025-10-17,6,DRL,4.092
2025-10-17,6,DRH,1.68
2025-10-18,1,DCL,2.488
2025-10-18,1,DCH,1.134
2025-10-18,1,DML,1.125
2025-10-18,1,DMH,1.311
2025-10-18,1,DRL,4.057
2025-10-18,1,DRH,0.642
2025-10-18,2,DCL,1.065
2025-10-18,2,DCH,0.643
2025-10-18,2,DML,1.579
2025-10-18,2,DMH,0.819
2025-10-18,2,DRL,2.227
2025-10-18,2,DRH,1.449
2025-10-18,3,DCL,2.105
2025-10-18,3,DCH,1.437
2025-10-18,3,DML,1.461
2025-10-18,3,DMH,0.2
2025-10-18,3,DRL,2.597
2025-10-18,3,DRH,2.349
2025-10-18,4,DCL,3.469
2025-10-18,4,DCH,2.392
2025-10-18,4,DML,1.727
2025-10-18,4,DMH,0.489
2025-10-18,4,DRL,2.538
2025-10-18,4,DRH,5.884
2025-10-18,5,DCL,6.376
2025-10-18,5,DCH,0.924
2025-10-18,5,DML,4.679
2025-10-18,5,DMH,0.83
2025-10-18,5,DRL,4.836
2025-10-18,5,DRH,2.588
2025-10-18,6,DCL,3.587
2025-10-18,6,DCH,1.425
2025-10-18,6,DML,2.268
2025-10-18,6,DMH,1.942
2025-10-18,6,DRL,5.543
2025-10-18,6,DRH,2.127
2025-10-19,1,DCL,3.008
2025-10-19,1,DCH,0.629
2025-10-19,1,DML,1.0
2025-10-19,1,DMH,1.039
2025-10-19,1,DRL,3.79
2025-10-19,1,DRH,0.82
2025-10-19,2,DCL,1.882
2025-10-19,2,DCH,0.547
2025-10-19,2,DML,2.149
2025-10-19,2,DMH,1.009
2025-10-19,2,DRL,1.614
2025-10-19,2,DRH,2.077
2025-10-19,3,DCL,4.81
2025-10-19,3,DCH,0.76
2025-10-19,3,DML,0.852
2025-10-19,3,DMH,1.079
2025-10-19,3,DRL,2.239
2025-10-19,3,DRH,1.12
2025-10-19,4,DCL,4.289
2025-10-19,4,DCH,0.66
2025-10-19,4,DML,2.863
2025-10-19,4,DMH,0.959
2025-10-19,4,DRL,2.414
2025-10-19,4,DRH,2.269
2025-10-19,5,DCL,5.38
2025-10-19,5,DCH,0.439
2025-10-19,5,DML,4.266
2025-10-19,5,DMH,2.128
2025-10-19,5,DRL,8.347
2025-10-19,5,DRH,3.868
2025-10-19,6,DCL,3.404
2025-10-19,6,DCH,1.574
2025-10-19,6,DML,2.722
2025-10-19,6,DMH,1.126
2025-10-19,6,DRL,4.862
2025-10-19,6,DRH,1.676
2025-10-20,1,DCL,2.74
2025-10-20,1,DCH,0.899
2025-10-20,1,DML,2.272
2025-10-20,1,DMH,0.902
2025-10-20,1,DRL,5.886
2025-10-20,1,DRH,2.013
2025-10-20,2,DCL,0.823
2025-10-20,2,DCH,0.709
2025-10-20,2,DML,1.583
2025-10-20,2,DMH,0.477
2025-10-20,2,DRL,3.798
2025-10-20,2,DRH,1.689
2025-10-20,3,DCL,2.057
2025-10-20,3,DCH,3.058
2025-10-20,3,DML,2.48
2025-10-20,3,DMH,0.566
2025-10-20,3,DRL,3.35
2025-10-20,3,DRH,1.385
2025-10-20,4,DCL,4.806
2025-10-20,4,DCH,0.634
2025-10-20,4,DML,1.366
2025-10-20,4,DMH,1.06
2025-10-20,4,DRL,4.151
2025-10-20,4,DRH,1.397
2025-10-20,5,DCL,5.092
2025-10-20,5,DCH,0.728
2025-10-20,5,DML,10.639
2025-10-20,5,DMH,1.61
2025-10-20,5,DRL,6.571
2025-10-20,5,DRH,2.596
2025-10-20,6,DCL,2.999
2025-10-20,6,DCH,0.947
2025-10-20,6,DML,1.421
2025-10-20,6,DMH,0.874
2025-10-20,6,DRL,6.478
2025-10-20,6,DRH,2.34
2025-10-21,1,DCL,1.602
2025-10-21,1,DCH,1.163
2025-10-21,1,DML,1.897
2025-10-21,1,DMH,2.929
2025-10-21,1,DRL,2.523
2025-10-21,1,DRH,1.813
2025-10-21,2,DCL,2.385
2025-10-21,2,DCH,1.174
2025-10-21,2,DML,2.304
2025-10-21,2,DMH,0.681
2025-10-21,2,DRL,6.579
2025-10-21,2,DRH,2.598
2025-10-21,3,DCL,2.348
2025-10-21,3,DCH,1.192
2025-10-21,3,DML,1.13
2025-10-21,3,DMH,0.548
2025-10-21,3,DRL,6.271
2025-10-21,3,DRH,1.735
2025-10-21,4,DCL,3.432
2025-10-21,4,DCH,1.155
2025-10-21,4,DML,0.954
2025-10-21,4,DMH,1.05
2025-10-21,4,DRL,3.87
2025-10-21,4,DRH,1.319
2025-10-21,5,DCL,3.252
2025-10-21,5,DCH,3.505
2025-10-21,5,DML,3.021
2025-10-21,5,DMH,1.376
2025-10-21,5,DRL,3.771
2025-10-21,5,DRH,3.737
2025-10-21,6,DCL,6.422
2025-10-21,6,DCH,2.345
2025-10-21,6,DML,5.421
2025-10-21,6,DMH,1.251
2025-10-21,6,DRL,6.904
2025-10-21,6,DRH,3.672
2025-10-22,1,DCL,2.649
2025-10-22,1,DCH,1.475
2025-10-22,1,DML,1.319
2025-10-22,1,DMH,0.549
2025-10-22,1,DRL,2.993
2025-10-22,1,DRH,1.119
2025-10-22,2,DCL,1.748
2025-10-22,2,DCH,0.595
2025-10-22,2,DML,1.132
2025-10-22,2,DMH,1.413
2025-10-22,2,DRL,5.64
2025-10-22,2,DRH,1.047
2025-10-22,3,DCL,1.508
2025-10-22,3,DCH,2.547
2025-10-22,3,DML,3.105
2025-10-22,3,DMH,2.338
2025-10-22,3,DRL,2.415
2025-10-22,3,DRH,4.147
2025-10-22,4,DCL,4.333
2025-10-22,4,DCH,0.842
2025-10-22,4,DML,2.319
2025-10-22,4,DMH,0.892
2025-10-22,4,DRL,3.369
2025-10-22,4,DRH,2.835
2025-10-22,5,DCL,4.08
2025-10-22,5,DCH,2.321
2025-10-22,5,DML,2.777
2025-10-22,5,DMH,1.234
2025-10-22,5,DRL,4.692
2025-10-22,5,DRH,2.879
2025-10-22,6,DCL,8.778
2025-10-22,6,DCH,1.204
2025-10-22,6,DML,1.54
2025-10-22,6,DMH,1.087
2025-10-22,6,DRL,5.876
2025-10-22,6,DRH,1.818
2025-10-23,1,DCL,1.23
2025-10-23,1,DCH,0.501
2025-10-23,1,DML,1.727
2025-10-23,1,DMH,0.72
2025-10-23,1,DRL,1.933
2025-10-23,1,DRH,0.532
2025-10-23,2,DCL,2.182
2025-10-23,2,DCH,2.45
2025-10-23,2,DML,1.789
2025-10-23,2,DMH,1.518
2025-10-23,2,DRL,3.883
2025-10-23,2,DRH,0.831
2025-10-23,3,DCL,1.107
2025-10-23,3,DCH,0.785
2025-10-23,3,DML,1.374
2025-10-23,3,DMH,1.946
2025-10-23,3,DRL,4.563
2025-10-23,3,DRH,1.432
2025-10-23,4,DCL,1.57
2025-10-23,4,DCH,1.897
2025-10-23,4,DML,3.807
2025-10-23,4,DMH,2.957
2025-10-23,4,DRL,2.868
2025-10-23,4,DRH,3.524
2025-10-23,5,DCL,2.183
2025-10-23,5,DCH,2.705
2025-10-23,5,DML,2.237
2025-10-23,5,DMH,0.575
2025-10-23,5,DRL,6.255
2025-10-23,5,DRH,4.181
2025-10-23,6,DCL,5.269
2025-10-23,6,DCH,1.253
2025-10-23,6,DML,3.049
2025-10-23,6,DMH,1.265
2025-10-23,6,DRL,2.489
2025-10-23,6,DRH,0.845
2025-10-24,1,DCL,0.716
2025-10-24,1,DCH,0.591
2025-10-24,1,DML,1.419
2025-10-24,1,DMH,0.205
2025-10-24,1,DRL,6.056
2025-10-24,1,DRH,1.585
2025-10-24,2,DCL,2.558
2025-10-24,2,DCH,1.088
2025-10-24,2,DML,0.824
2025-10-24,2,DMH,0.252
2025-10-24,2,DRL,0.982
2025-10-24,2,DRH,1.852
2025-10-24,3,DCL,3.439
2025-10-24,3,DCH,3.426
2025-10-24,3,DML,1.249
2025-10-24,3,DMH,1.868
2025-10-24,3,DRL,3.581
2025-10-24,3,DRH,1.613
2025-10-24,4,DCL,4.437
2025-10-24,4,DCH,3.391
2025-10-24,4,DML,1.651
2025-10-24,4,DMH,1.258
2025-10-24,4,DRL,5.72
2025-10-24,4,DRH,2.247
2025-10-24,5,DCL,4.703
2025-10-24,5,DCH,0.765
2025-10-24,5,DML,2.375
2025-10-24,5,DMH,1.748
2025-10-24,5,DRL,3.259
2025-10-24,5,DRH,2.234
2025-10-24,6,DCL,1.555
2025-10-24,6,DCH,0.887
2025-10-24,6,DML,2.257
2025-10-24,6,DMH,1.458
2025-10-24,6,DRL,6.158
2025-10-24,6,DRH,3.222
2025-10-25,1,DCL,1.729
2025-10-25,1,DCH,0.927
2025-10-25,1,DML,3.375
2025-10-25,1,DMH,0.771
2025-10-25,1,DRL,2.249
2025-10-25,1,DRH,1.848
2025-10-25,2,DCL,2.463
2025-10-25,2,DCH,0.899
2025-10-25,2,DML,0.758
2025-10-25,2,DMH,0.539
2025-10-25,2,DRL,3.97
2025-10-25,2,DRH,1.546
2025-10-25,3,DCL,2.926
2025-10-25,3,DCH,1.063
2025-10-25,3,DML,1.685
2025-10-25,3,DMH,1.838
2025-10-25,3,DRL,3.622
2025-10-25,3,DRH,0.812
2025-10-25,4,DCL,3.242
2025-10-25,4,DCH,1.501
2025-10-25,4,DML,1.627
2025-10-25,4,DMH,1.575
2025-10-25,4,DRL,5.814
2025-10-25,4,DRH,2.562
2025-10-25,5,DCL,3.061
2025-10-25,5,DCH,4.594
2025-10-25,5,DML,1.808
2025-10-25,5,DMH,0.959
2025-10-25,5,DRL,4.143
2025-10-25,5,DRH,3.69
2025-10-25,6,DCL,4.876
2025-10-25,6,DCH,1.802
2025-10-25,6,DML,1.841
2025-10-25,6,DMH,0.675
2025-10-25,6,DRL,8.827
2025-10-25,6,DRH,1.303
2025-10-26,1,DCL,1.571
2025-10-26,1,DCH,1.398
2025-10-26,1,DML,2.227
2025-10-26,1,DMH,0.355
2025-10-26,1,DRL,2.109
2025-10-26,1,DRH,0.841
2025-10-26,2,DCL,4.77
2025-10-26,2,DCH,0.909
2025-10-26,2,DML,1.351
2025-10-26,2,DMH,0.464
2025-10-26,2,DRL,5.005
2025-10-26,2,DRH,1.194
2025-10-26,3,DCL,2.84
2025-10-26,3,DCH,1.972
2025-10-26,3,DML,2.618
2025-10-26,3,DMH,0.786
2025-10-26,3,DRL,6.623
2025-10-26,3,DRH,1.22
2025-10-26,4,DCL,7.225
2025-10-26,4,DCH,0.957
2025-10-26,4,DML,1.682
2025-10-26,4,DMH,0.538
2025-10-26,4,DRL,2.042
2025-10-26,4,DRH,1.265
2025-10-26,5,DCL,6.943
2025-10-26,5,DCH,1.198
2025-10-26,5,DML,2.799
2025-10-26,5,DMH,1.8
2025-10-26,5,DRL,7.242
2025-10-26,5,DRH,4.331
2025-10-26,6,DCL,2.112
2025-10-26,6,DCH,0.69
2025-10-26,6,DML,1.41
2025-10-26,6,DMH,0.602
2025-10-26,6,DRL,10.035
2025-10-26,6,DRH,1.605
2025-10-27,1,DCL,1.897
2025-10-27,1,DCH,1.095
2025-10-27,1,DML,2.022
2025-10-27,1,DMH,0.813
2025-10-27,1,DRL,4.977
2025-10-27,1,DRH,0.824
2025-10-27,2,DCL,0.85
2025-10-27,2,DCH,0.667
2025-10-27,2,DML,1.378
2025-10-27,2,DMH,2.196
2025-10-27,2,DRL,2.852
2025-10-27,2,DRH,0.996
2025-10-27,3,DCL,2.691
2025-10-27,3,DCH,1.044
2025-10-27,3,DML,4.704
2025-10-27,3,DMH,1.179
2025-10-27,3,DRL,2.948
2025-10-27,3,DRH,3.416
2025-10-27,4,DCL,3.842
2025-10-27,4,DCH,1.302
2025-10-27,4,DML,3.639
2025-10-27,4,DMH,2.265
2025-10-27,4,DRL,2.152
2025-10-27,4,DRH,1.739
2025-10-27,5,DCL,4.263
2025-10-27,5,DCH,2.322
2025-10-27,5,DML,7.437
2025-10-27,5,DMH,1.708
2025-10-27,5,DRL,9.802
2025-10-27,5,DRH,4.864
2025-10-27,6,DCL,4.249
2025-10-27,6,DCH,2.513
2025-10-27,6,DML,1.968
2025-10-27,6,DMH,1.403
2025-10-27,6,DRL,2.32
2025-10-27,6,DRH,1.393
2025-10-28,1,DCL,6.851
2025-10-28,1,DCH,0.564
2025-10-28,1,DML,0.989
2025-10-28,1,DMH,0.876
2025-10-28,1,DRL,3.095
2025-10-28,1,DRH,4.517
2025-10-28,2,DCL,3.997
2025-10-28,2,DCH,0.796
2025-10-28,2,DML,3.416
2025-10-28,2,DMH,0.891
2025-10-28,2,DRL,1.535
2025-10-28,2,DRH,0.547
2025-10-28,3,DCL,1.26
2025-10-28,3,DCH,1.821
2025-10-28,3,DML,2.279
2025-10-28,3,DMH,1.349
2025-10-28,3,DRL,2.739
2025-10-28,3,DRH,1.704
2025-10-28,4,DCL,6.625
2025-10-28,4,DCH,0.61
2025-10-28,4,DML,4.466
2025-10-28,4,DMH,1.507
2025-10-28,4,DRL,3.202
2025-10-28,4,DRH,2.973
2025-10-28,5,DCL,4.383
2025-10-28,5,DCH,2.401
2025-10-28,5,DML,2.95
2025-10-28,5,DMH,3.37
2025-10-28,5,DRL,2.348
2025-10-28,5,DRH,3.111
2025-10-28,6,DCL,2.63
2025-10-28,6,DCH,1.209
2025-10-28,6,DML,3.414
2025-10-28,6,DMH,2.148
2025-10-28,6,DRL,2.265
2025-10-28,6,DRH,1.695
2025-10-29,1,DCL,3.365
2025-10-29,1,DCH,0.693
2025-10-29,1,DML,1.196
2025-10-29,1,DMH,0.709
2025-10-29,1,DRL,5.027
2025-10-29,1,DRH,0.846
2025-10-29,2,DCL,1.731
2025-10-29,2,DCH,0.427
2025-10-29,2,DML,2.096
2025-10-29,2,DMH,0.988
2025-10-29,2,DRL,6.27
2025-10-29,2,DRH,1.555
2025-10-29,3,DCL,3.289
2025-10-29,3,DCH,1.051
2025-10-29,3,DML,1.307
2025-10-29,3,DMH,0.453
2025-10-29,3,DRL,2.768
2025-10-29,3,DRH,1.244
2025-10-29,4,DCL,2.62
2025-10-29,4,DCH,3.211
2025-10-29,4,DML,2.697
2025-10-29,4,DMH,1.654
2025-10-29,4,DRL,4.075
2025-10-29,4,DRH,2.093
2025-10-29,5,DCL,5.304
2025-10-29,5,DCH,1.401
2025-10-29,5,DML,10.561
2025-10-29,5,DMH,1.513
2025-10-29,5,DRL,6.8
2025-10-29,5,DRH,5.363
2025-10-29,6,DCL,2.84
2025-10-29,6,DCH,0.814
2025-10-29,6,DML,6.954
2025-10-29,6,DMH,0.929
2025-10-29,6,DRL,2.249
2025-10-29,6,DRH,3.767
2025-10-30,1,DCL,2.744
2025-10-30,1,DCH,0.475
2025-10-30,1,DML,6.501
2025-10-30,1,DMH,0.734
2025-10-30,1,DRL,2.065
2025-10-30,1,DRH,0.701
2025-10-30,2,DCL,1.336
2025-10-30,2,DCH,1.436
2025-10-30,2,DML,1.771
2025-10-30,2,DMH,1.237
2025-10-30,2,DRL,2.941
2025-10-30,2,DRH,2.102
2025-10-30,3,DCL,1.425
2025-10-30,3,DCH,0.807
2025-10-30,3,DML,0.927
2025-10-30,3,DMH,0.371
2025-10-30,3,DRL,2.813
2025-10-30,3,DRH,1.985
2025-10-30,4,DCL,5.129
2025-10-30,4,DCH,0.829
2025-10-30,4,DML,1.701
2025-10-30,4,DMH,1.286
2025-10-30,4,DRL,1.356
2025-10-30,4,DRH,3.789
2025-10-30,5,DCL,8.373
2025-10-30,5,DCH,0.671
2025-10-30,5,DML,6.259
2025-10-30,5,DMH,1.333
2025-10-30,5,DRL,9.654
2025-10-30,5,DRH,3.238
2025-10-30,6,DCL,7.067
2025-10-30,6,DCH,0.908
2025-10-30,6,DML,4.187
2025-10-30,6,DMH,1.768
2025-10-30,6,DRL,1.949
2025-10-30,6,DRH,3.126
2025-10-31,1,DCL,0.882
2025-10-31,1,DCH,1.612
2025-10-31,1,DML,3.038
2025-10-31,1,DMH,1.306
2025-10-31,1,DRL,6.036
2025-10-31,1,DRH,2.741
2025-10-31,2,DCL,2.101
2025-10-31,2,DCH,0.531
2025-10-31,2,DML,2.281
2025-10-31,2,DMH,1.703
2025-10-31,2,DRL,1.894
2025-10-31,2,DRH,0.593
2025-10-31,3,DCL,7.095
2025-10-31,3,DCH,1.874
2025-10-31,3,DML,1.386
2025-10-31,3,DMH,1.22
2025-10-31,3,DRL,4.91
2025-10-31,3,DRH,3.908
2025-10-31,4,DCL,0.786
2025-10-31,4,DCH,0.727
2025-10-31,4,DML,2.495
2025-10-31,4,DMH,1.022
2025-10-31,4,DRL,11.021
2025-10-31,4,DRH,1.928
2025-10-31,5,DCL,8.501
2025-10-31,5,DCH,1.817
2025-10-31,5,DML,2.672
2025-10-31,5,DMH,2.445
2025-10-31,5,DRL,2.241
2025-10-31,5,DRH,4.199
2025-10-31,6,DCL,1.01
2025-10-31,6,DCH,2.154
2025-10-31,6,DML,4.392
2025-10-31,6,DMH,1.447
2025-10-31,6,DRL,4.613
2025-10-31,6,DRH,3.487
2025-11-01,1,DCL,1.95
2025-11-01,1,DCH,0.918
2025-11-01,1,DML,1.209
2025-11-01,1,DMH,0.688
2025-11-01,1,DRL,1.373
2025-11-01,1,DRH,1.777
2025-11-01,2,DCL,1.24
2025-11-01,2,DCH,0.921
2025-11-01,2,DML,3.081
2025-11-01,2,DMH,1.59
2025-11-01,2,DRL,1.345
2025-11-01,2,DRH,0.925
2025-11-01,3,DCL,6.547
2025-11-01,3,DCH,0.947
2025-11-01,3,DML,2.041
2025-11-01,3,DMH,0.765
2025-11-01,3,DRL,3.858
2025-11-01,3,DRH,0.89
2025-11-01,4,DCL,2.503
2025-11-01,4,DCH,1.976
2025-11-01,4,DML,2.187
2025-11-01,4,DMH,3.075
2025-11-01,4,DRL,1.696
2025-11-01,4,DRH,1.733
2025-11-01,5,DCL,6.331
2025-11-01,5,DCH,2.394
2025-11-01,5,DML,1.561
2025-11-01,5,DMH,1.857
2025-11-01,5,DRL,6.595
2025-11-01,5,DRH,2.803
2025-11-01,6,DCL,3.417
2025-11-01,6,DCH,1.975
2025-11-01,6,DML,2.354
2025-11-01,6,DMH,1.666
2025-11-01,6,DRL,4.767
2025-11-01,6,DRH,3.12
2025-11-02,1,DCL,3.518
2025-11-02,1,DCH,2.177
2025-11-02,1,DML,1.491
2025-11-02,1,DMH,0.64
2025-11-02,1,DRL,2.413
2025-11-02,1,DRH,2.867
2025-11-02,2,DCL,2.448
2025-11-02,2,DCH,0.756
2025-11-02,2,DML,0.979
2025-11-02,2,DMH,0.888
2025-11-02,2,DRL,1.556
2025-11-02,2,DRH,1.938
2025-11-02,3,DCL,3.165
2025-11-02,3,DCH,0.947
2025-11-02,3,DML,2.674
2025-11-02,3,DMH,0.668
2025-11-02,3,DRL,4.069
2025-11-02,3,DRH,1.65
2025-11-02,4,DCL,4.411
2025-11-02,4,DCH,1.793
2025-11-02,4,DML,1.732
2025-11-02,4,DMH,1.754
2025-11-02,4,DRL,7.704
2025-11-02,4,DRH,1.216
2025-11-02,5,DCL,6.428
2025-11-02,5,DCH,1.684
2025-11-02,5,DML,4.265
2025-11-02,5,DMH,1.151
2025-11-02,5,DRL,4.494
2025-11-02,5,DRH,1.343
2025-11-02,6,DCL,3.524
2025-11-02,6,DCH,1.958
2025-11-02,6,DML,2.631
2025-11-02,6,DMH,1.349
2025-11-02,6,DRL,4.587
2025-11-02,6,DRH,3.816
2025-11-03,1,DCL,3.949
2025-11-03,1,DCH,1.55
2025-11-03,1,DML,1.531
2025-11-03,1,DMH,1.641
2025-11-03,1,DRL,5.525
2025-11-03,1,DRH,1.334
2025-11-03,2,DCL,1.644
2025-11-03,2,DCH,2.6
2025-11-03,2,DML,1.421
2025-11-03,2,DMH,0.912
2025-11-03,2,DRL,3.596
2025-11-03,2,DRH,1.655
2025-11-03,3,DCL,3.85
2025-11-03,3,DCH,1.552
2025-11-03,3,DML,2.385
2025-11-03,3,DMH,0.989
2025-11-03,3,DRL,3.515
2025-11-03,3,DRH,2.092
2025-11-03,4,DCL,6.214
2025-11-03,4,DCH,1.218
2025-11-03,4,DML,1.16
2025-11-03,4,DMH,0.655
2025-11-03,4,DRL,1.778
2025-11-03,4,DRH,0.856
2025-11-03,5,DCL,7.015
2025-11-03,5,DCH,0.915
2025-11-03,5,DML,1.866
2025-11-03,5,DMH,1.633
2025-11-03,5,DRL,1.16
2025-11-03,5,DRH,8.036
2025-11-03,6,DCL,6.361
2025-11-03,6,DCH,3.391
2025-11-03,6,DML,1.713
2025-11-03,6,DMH,0.634
2025-11-03,6,DRL,2.406
2025-11-03,6,DRH,2.364
2025-11-04,1,DCL,6.294
2025-11-04,1,DCH,2.726
2025-11-04,1,DML,1.902
2025-11-04,1,DMH,0.827
2025-11-04,1,DRL,2.434
2025-11-04,1,DRH,3.945
2025-11-04,2,DCL,1.261
2025-11-04,2,DCH,1.61
2025-11-04,2,DML,1.266
2025-11-04,2,DMH,0.411
2025-11-04,2,DRL,5.991
2025-11-04,2,DRH,1.595
2025-11-04,3,DCL,1.977
2025-11-04,3,DCH,0.597
2025-11-04,3,DML,5.229
2025-11-04,3,DMH,2.041
2025-11-04,3,DRL,3.175
2025-11-04,3,DRH,1.691
2025-11-04,4,DCL,6.946
2025-11-04,4,DCH,1.071
2025-11-04,4,DML,1.42
2025-11-04,4,DMH,1.839
2025-11-04,4,DRL,2.325
2025-11-04,4,DRH,0.987
2025-11-04,5,DCL,6.426
2025-11-04,5,DCH,2.459
2025-11-04,5,DML,3.625
2025-11-04,5,DMH,1.071
2025-11-04,5,DRL,9.023
2025-11-04,5,DRH,1.397
2025-11-04,6,DCL,2.78
2025-11-04,6,DCH,1.872
2025-11-04,6,DML,4.52
2025-11-04,6,DMH,1.946
2025-11-04,6,DRL,4.933
2025-11-04,6,DRH,2.368
2025-11-05,1,DCL,2.279
2025-11-05,1,DCH,2.036
2025-11-05,1,DML,4.385
2025-11-05,1,DMH,0.352
2025-11-05,1,DRL,1.328
2025-11-05,1,DRH,1.586
2025-11-05,2,DCL,3.77
2025-11-05,2,DCH,0.823
2025-11-05,2,DML,3.037
2025-11-05,2,DMH,1.153
2025-11-05,2,DRL,2.947
2025-11-05,2,DRH,0.362
2025-11-05,3,DCL,3.566
2025-11-05,3,DCH,1.459
2025-11-05,3,DML,3.001
2025-11-05,3,DMH,1.153
2025-11-05,3,DRL,3.719
2025-11-05,3,DRH,1.583
2025-11-05,4,DCL,4.329
2025-11-05,4,DCH,1.152
2025-11-05,4,DML,6.189
2025-11-05,4,DMH,1.523
2025-11-05,4,DRL,4.22
2025-11-05,4,DRH,2.383
2025-11-05,5,DCL,2.566
2025-11-05,5,DCH,1.83
2025-11-05,5,DML,7.34
2025-11-05,5,DMH,1.208
2025-11-05,5,DRL,3.746
2025-11-05,5,DRH,4.962
2025-11-05,6,DCL,8.586
2025-11-05,6,DCH,1.773
2025-11-05,6,DML,5.618
2025-11-05,6,DMH,1.034
2025-11-05,6,DRL,8.25
2025-11-05,6,DRH,1.419
2025-11-06,1,DCL,4.641
2025-11-06,1,DCH,1.104
2025-11-06,1,DML,1.236
2025-11-06,1,DMH,0.469
2025-11-06,1,DRL,2.726
2025-11-06,1,DRH,0.659
2025-11-06,2,DCL,1.385
2025-11-06,2,DCH,2.258
2025-11-06,2,DML,3.011
2025-11-06,2,DMH,0.82
2025-11-06,2,DRL,2.16
2025-11-06,2,DRH,4.319
2025-11-06,3,DCL,4.531
2025-11-06,3,DCH,1.081
2025-11-06,3,DML,1.683
2025-11-06,3,DMH,0.974
2025-11-06,3,DRL,4.413
2025-11-06,3,DRH,1.46
2025-11-06,4,DCL,2.246
2025-11-06,4,DCH,1.018
2025-11-06,4,DML,1.13
2025-11-06,4,DMH,0.739
2025-11-06,4,DRL,1.625
2025-11-06,4,DRH,1.737
2025-11-06,5,DCL,3.096
2025-11-06,5,DCH,3.069
2025-11-06,5,DML,4.47
2025-11-06,5,DMH,2.323
2025-11-06,5,DRL,2.911
2025-11-06,5,DRH,3.86
2025-11-06,6,DCL,2.005
2025-11-06,6,DCH,0.536
2025-11-06,6,DML,3.3
2025-11-06,6,DMH,1.351
2025-11-06,6,DRL,3.558
2025-11-06,6,DRH,1.72
2025-11-07,1,DCL,5.264
2025-11-07,1,DCH,1.148
2025-11-07,1,DML,0.874
2025-11-07,1,DMH,0.93
2025-11-07,1,DRL,4.1
2025-11-07,1,DRH,0.936
2025-11-07,2,DCL,1.208
2025-11-07,2,DCH,0.794
2025-11-07,2,DML,1.221
2025-11-07,2,DMH,0.876
2025-11-07,2,DRL,2.525
2025-11-07,2,DRH,1.775
2025-11-07,3,DCL,7.985
2025-11-07,3,DCH,2.21
2025-11-07,3,DML,1.015
2025-11-07,3,DMH,2.286
2025-11-07,3,DRL,5.553
2025-11-07,3,DRH,2.985
2025-11-07,4,DCL,1.357
2025-11-07,4,DCH,1.313
2025-11-07,4,DML,3.824
2025-11-07,4,DMH,1.273
2025-11-07,4,DRL,3.868
2025-11-07,4,DRH,3.896
2025-11-07,5,DCL,10.369
2025-11-07,5,DCH,0.717
2025-11-07,5,DML,4.057
2025-11-07,5,DMH,1.767
2025-11-07,5,DRL,5.515
2025-11-07,5,DRH,4.335
2025-11-07,6,DCL,8.432
2025-11-07,6,DCH,1.554
2025-11-07,6,DML,1.325
2025-11-07,6,DMH,1.365
2025-11-07,6,DRL,2.602
2025-11-07,6,DRH,2.496
2025-11-08,1,DCL,2.712
2025-11-08,1,DCH,0.672
2025-11-08,1,DML,1.478
2025-11-08,1,DMH,0.57
2025-11-08,1,DRL,2.428
2025-11-08,1,DRH,0.304
2025-11-08,2,DCL,3.9
2025-11-08,2,DCH,0.708
2025-11-08,2,DML,1.901
2025-11-08,2,DMH,0.37
2025-11-08,2,DRL,2.698
2025-11-08,2,DRH,1.178
2025-11-08,3,DCL,6.273
2025-11-08,3,DCH,1.062
2025-11-08,3,DML,1.675
2025-11-08,3,DMH,1.173
2025-11-08,3,DRL,3.427
2025-11-08,3,DRH,1.885
2025-11-08,4,DCL,5.719
2025-11-08,4,DCH,1.091
2025-11-08,4,DML,4.008
2025-11-08,4,DMH,1.578
2025-11-08,4,DRL,2.881
2025-11-08,4,DRH,3.538
2025-11-08,5,DCL,6.118
2025-11-08,5,DCH,1.529
2025-11-08,5,DML,5.825
2025-11-08,5,DMH,1.358
2025-11-08,5,DRL,5.696
2025-11-08,5,DRH,2.766
2025-11-08,6,DCL,6.523
2025-11-08,6,DCH,1.302
2025-11-08,6,DML,4.014
2025-11-08,6,DMH,2.371
2025-11-08,6,DRL,9.358
2025-11-08,6,DRH,3.47
2025-11-09,1,DCL,2.328
2025-11-09,1,DCH,0.607
2025-11-09,1,DML,2.693
2025-11-09,1,DMH,0.335
2025-11-09,1,DRL,4.254
2025-11-09,1,DRH,1.626
2025-11-09,2,DCL,1.77
2025-11-09,2,DCH,0.956
2025-11-09,2,DML,4.182
2025-11-09,2,DMH,0.339
2025-11-09,2,DRL,2.248
2025-11-09,2,DRH,1.019
2025-11-09,3,DCL,3.168
2025-11-09,3,DCH,1.881
2025-11-09,3,DML,2.397
2025-11-09,3,DMH,1.601
2025-11-09,3,DRL,6.04
2025-11-09,3,DRH,1.012
2025-11-09,4,DCL,2.325
2025-11-09,4,DCH,2.784
2025-11-09,4,DML,3.342
2025-11-09,4,DMH,0.949
2025-11-09,4,DRL,2.107
2025-11-09,4,DRH,1.723
2025-11-09,5,DCL,3.613
2025-11-09,5,DCH,4.376
2025-11-09,5,DML,4.717
2025-11-09,5,DMH,1.967
2025-11-09,5,DRL,7.968
2025-11-09,5,DRH,0.977
2025-11-09,6,DCL,5.192
2025-11-09,6,DCH,1.975
2025-11-09,6,DML,2.221
2025-11-09,6,DMH,1.375
2025-11-09,6,DRL,5.367
2025-11-09,6,DRH,4.139
2025-11-10,1,DCL,3.59
2025-11-10,1,DCH,0.629
2025-11-10,1,DML,1.554
2025-11-10,1,DMH,0.538
2025-11-10,1,DRL,2.864
2025-11-10,1,DRH,2.508
2025-11-10,2,DCL,2.618
2025-11-10,2,DCH,1.316
2025-11-10,2,DML,1.3
2025-11-10,2,DMH,1.475
2025-11-10,2,DRL,1.309
2025-11-10,2,DRH,1.125
2025-11-10,3,DCL,4.163
2025-11-10,3,DCH,1.274
2025-11-10,3,DML,1.705
2025-11-10,3,DMH,1.119
2025-11-10,3,DRL,7.12
2025-11-10,3,DRH,1.871
2025-11-10,4,DCL,4.964
2025-11-10,4,DCH,1.85
2025-11-10,4,DML,2.069
2025-11-10,4,DMH,0.855
2025-11-10,4,DRL,4.942
2025-11-10,4,DRH,2.242
2025-11-10,5,DCL,2.915
2025-11-10,5,DCH,1.725
2025-11-10,5,DML,5.927
2025-11-10,5,DMH,2.05
2025-11-10,5,DRL,3.868
2025-11-10,5,DRH,2.209
2025-11-10,6,DCL,6.461
2025-11-10,6,DCH,2.938
2025-11-10,6,DML,1.048
2025-11-10,6,DMH,1.774
2025-11-10,6,DRL,8.505
2025-11-10,6,DRH,1.491
2025-11-11,1,DCL,1.267
2025-11-11,1,DCH,1.479
2025-11-11,1,DML,1.273
2025-11-11,1,DMH,0.96
2025-11-11,1,DRL,5.396
2025-11-11,1,DRH,1.637
2025-11-11,2,DCL,3.304
2025-11-11,2,DCH,1.967
2025-11-11,2,DML,0.782
2025-11-11,2,DMH,0.972
2025-11-11,2,DRL,4.164
2025-11-11,2,DRH,1.131
2025-11-11,3,DCL,1.391
2025-11-11,3,DCH,1.138
2025-11-11,3,DML,3.035
2025-11-11,3,DMH,0.761
2025-11-11,3,DRL,3.297
2025-11-11,3,DRH,1.873
2025-11-11,4,DCL,1.146
2025-11-11,4,DCH,1.031
2025-11-11,4,DML,1.725
2025-11-11,4,DMH,0.723
2025-11-11,4,DRL,9.089
2025-11-11,4,DRH,2.728
2025-11-11,5,DCL,1.778
2025-11-11,5,DCH,2.588
2025-11-11,5,DML,1.707
2025-11-11,5,DMH,2.149
2025-11-11,5,DRL,10.773
2025-11-11,5,DRH,1.779
2025-11-11,6,DCL,2.856
2025-11-11,6,DCH,1.886
2025-11-11,6,DML,3.716
2025-11-11,6,DMH,2.667
2025-11-11,6,DRL,12.181
2025-11-11,6,DRH,0.857
2025-11-12,1,DCL,1.436
2025-11-12,1,DCH,1.423
2025-11-12,1,DML,0.902
2025-11-12,1,DMH,1.791
2025-11-12,1,DRL,1.853
2025-11-12,1,DRH,1.464
2025-11-12,2,DCL,0.846
2025-11-12,2,DCH,0.76
2025-11-12,2,DML,1.719
2025-11-12,2,DMH,0.65
2025-11-12,2,DRL,2.402
2025-11-12,2,DRH,1.848
2025-11-12,3,DCL,1.498
2025-11-12,3,DCH,1.642
2025-11-12,3,DML,2.07
2025-11-12,3,DMH,0.94
2025-11-12,3,DRL,5.882
2025-11-12,3,DRH,1.009
2025-11-12,4,DCL,1.59
2025-11-12,4,DCH,0.798
2025-11-12,4,DML,1.59
2025-11-12,4,DMH,1.829
2025-11-12,4,DRL,1.516
2025-11-12,4,DRH,2.97
2025-11-12,5,DCL,1.863
2025-11-12,5,DCH,1.128
2025-11-12,5,DML,6.846
2025-11-12,5,DMH,1.728
2025-11-12,5,DRL,8.411
2025-11-12,5,DRH,2.963
2025-11-12,6,DCL,1.61
2025-11-12,6,DCH,1.305
2025-11-12,6,DML,4.745
2025-11-12,6,DMH,1.29
2025-11-12,6,DRL,2.725
2025-11-12,6,DRH,1.925
2025-11-13,1,DCL,2.391
2025-11-13,1,DCH,2.578
2025-11-13,1,DML,2.126
2025-11-13,1,DMH,0.522
2025-11-13,1,DRL,3.889
2025-11-13,1,DRH,1.414
2025-11-13,2,DCL,2.686
2025-11-13,2,DCH,1.021
2025-11-13,2,DML,0.885
2025-11-13,2,DMH,0.289
2025-11-13,2,DRL,3.488
2025-11-13,2,DRH,1.647
2025-11-13,3,DCL,1.427
2025-11-13,3,DCH,1.356
2025-11-13,3,DML,3.063
2025-11-13,3,DMH,0.638
2025-11-13,3,DRL,8.99
2025-11-13,3,DRH,1.544
2025-11-13,4,DCL,2.976
2025-11-13,4,DCH,0.803
2025-11-13,4,DML,2.599
2025-11-13,4,DMH,0.95
2025-11-13,4,DRL,3.721
2025-11-13,4,DRH,1.121
2025-11-13,5,DCL,3.714
2025-11-13,5,DCH,1.044
2025-11-13,5,DML,1.652
2025-11-13,5,DMH,1.797
2025-11-13,5,DRL,4.967
2025-11-13,5,DRH,4.126
2025-11-13,6,DCL,2.084
2025-11-13,6,DCH,1.934
2025-11-13,6,DML,2.178
2025-11-13,6,DMH,1.135
2025-11-13,6,DRL,6.541
2025-11-13,6,DRH,3.264
2025-11-14,1,DCL,5.92
2025-11-14,1,DCH,0.881
2025-11-14,1,DML,3.242
2025-11-14,1,DMH,0.333
2025-11-14,1,DRL,1.717
2025-11-14,1,DRH,0.984
2025-11-14,2,DCL,4.624
2025-11-14,2,DCH,0.643
2025-11-14,2,DML,3.031
2025-11-14,2,DMH,1.158
2025-11-14,2,DRL,3.052
2025-11-14,2,DRH,1.548
2025-11-14,3,DCL,2.236
2025-11-14,3,DCH,0.419
2025-11-14,3,DML,0.62
2025-11-14,3,DMH,1.028
2025-11-14,3,DRL,1.954
2025-11-14,3,DRH,1.588
2025-11-14,4,DCL,2.117
2025-11-14,4,DCH,1.749
2025-11-14,4,DML,2.027
2025-11-14,4,DMH,2.161
2025-11-14,4,DRL,4.436
2025-11-14,4,DRH,2.146
2025-11-14,5,DCL,5.619
2025-11-14,5,DCH,2.4
2025-11-14,5,DML,2.756
2025-11-14,5,DMH,2.535
2025-11-14,5,DRL,4.568
2025-11-14,5,DRH,3.937
2025-11-14,6,DCL,4.103
2025-11-14,6,DCH,0.794
2025-11-14,6,DML,4.884
2025-11-14,6,DMH,1.873
2025-11-14,6,DRL,2.843
2025-11-14,6,DRH,1.184
2025-11-15,1,DCL,7.284
2025-11-15,1,DCH,1.469
2025-11-15,1,DML,3.153
2025-11-15,1,DMH,1.297
2025-11-15,1,DRL,5.765
2025-11-15,1,DRH,2.104
2025-11-15,2,DCL,1.305
2025-11-15,2,DCH,0.532
2025-11-15,2,DML,0.901
2025-11-15,2,DMH,1.165
2025-11-15,2,DRL,5.352
2025-11-15,2,DRH,1.166
2025-11-15,3,DCL,1.392
2025-11-15,3,DCH,2.407
2025-11-15,3,DML,2.607
2025-11-15,3,DMH,0.92
2025-11-15,3,DRL,2.633
2025-11-15,3,DRH,1.278
2025-11-15,4,DCL,2.13
2025-11-15,4,DCH,0.608
2025-11-15,4,DML,1.564
2025-11-15,4,DMH,2.316
2025-11-15,4,DRL,5.955
2025-11-15,4,DRH,1.849
2025-11-15,5,DCL,1.842
2025-11-15,5,DCH,2.524
2025-11-15,5,DML,3.341
2025-11-15,5,DMH,1.056
2025-11-15,5,DRL,9.057
2025-11-15,5,DRH,3.475
2025-11-15,6,DCL,6.917
2025-11-15,6,DCH,0.87
2025-11-15,6,DML,1.346
2025-11-15,6,DMH,0.917
2025-11-15,6,DRL,1.926
2025-11-15,6,DRH,1.033
2025-11-16,1,DCL,1.414
2025-11-16,1,DCH,0.584
2025-11-16,1,DML,2.706
2025-11-16,1,DMH,2.149
2025-11-16,1,DRL,3.023
2025-11-16,1,DRH,1.235
2025-11-16,2,DCL,1.821
2025-11-16,2,DCH,0.954
2025-11-16,2,DML,0.617
2025-11-16,2,DMH,0.367
2025-11-16,2,DRL,3.204
2025-11-16,2,DRH,0.794
2025-11-16,3,DCL,3.662
2025-11-16,3,DCH,1.937
2025-11-16,3,DML,2.243
2025-11-16,3,DMH,0.538
2025-11-16,3,DRL,2.665
2025-11-16,3,DRH,1.317
2025-11-16,4,DCL,1.585
2025-11-16,4,DCH,2.332
2025-11-16,4,DML,5.134
2025-11-16,4,DMH,0.739
2025-11-16,4,DRL,5.575
2025-11-16,4,DRH,3.257
2025-11-16,5,DCL,2.358
2025-11-16,5,DCH,0.834
2025-11-16,5,DML,2.519
2025-11-16,5,DMH,1.456
2025-11-16,5,DRL,11.601
2025-11-16,5,DRH,1.266
2025-11-16,6,DCL,6.829
2025-11-16,6,DCH,2.103
2025-11-16,6,DML,3.07
2025-11-16,6,DMH,1.604
2025-11-16,6,DRL,4.696
2025-11-16,6,DRH,1.484
2025-11-17,1,DCL,1.661
2025-11-17,1,DCH,2.346
2025-11-17,1,DML,4.074
2025-11-17,1,DMH,0.693
2025-11-17,1,DRL,18.729
2025-11-17,1,DRH,2.793
2025-11-17,2,DCL,1.886
2025-11-17,2,DCH,0.509
2025-11-17,2,DML,2.867
2025-11-17,2,DMH,0.858
2025-11-17,2,DRL,2.888
2025-11-17,2,DRH,3.403
2025-11-17,3,DCL,3.544
2025-11-17,3,DCH,2.017
2025-11-17,3,DML,13.681
2025-11-17,3,DMH,0.455
2025-11-17,3,DRL,2.849
2025-11-17,3,DRH,2.239
2025-11-17,4,DCL,5.103
2025-11-17,4,DCH,2.503
2025-11-17,4,DML,2.056
2025-11-17,4,DMH,1.822
2025-11-17,4,DRL,2.95
2025-11-17,4,DRH,2.271
2025-11-17,5,DCL,13.156
2025-11-17,5,DCH,4.586
2025-11-17,5,DML,1.611
2025-11-17,5,DMH,0.914
2025-11-17,5,DRL,16.482
2025-11-17,5,DRH,9.114
2025-11-17,6,DCL,2.331
2025-11-17,6,DCH,2.071
2025-11-17,6,DML,2.786
2025-11-17,6,DMH,2.152
2025-11-17,6,DRL,3.358
2025-11-17,6,DRH,1.184
2025-11-18,1,DCL,3.181
2025-11-18,1,DCH,1.814
2025-11-18,1,DML,4.375
2025-11-18,1,DMH,0.86
2025-11-18,1,DRL,13.808
2025-11-18,1,DRH,2.226
2025-11-18,2,DCL,3.913
2025-11-18,2,DCH,1.105
2025-11-18,2,DML,2.442
2025-11-18,2,DMH,1.101
2025-11-18,2,DRL,1.297
2025-11-18,2,DRH,2.6
2025-11-18,3,DCL,2.839
2025-11-18,3,DCH,1.418
2025-11-18,3,DML,2.009
2025-11-18,3,DMH,0.805
2025-11-18,3,DRL,7.265
2025-11-18,3,DRH,3.441
2025-11-18,4,DCL,2.654
2025-11-18,4,DCH,0.963
2025-11-18,4,DML,3.378
2025-11-18,4,DMH,1.716
2025-11-18,4,DRL,1.658
2025-11-18,4,DRH,1.405
2025-11-18,5,DCL,2.721
2025-11-18,5,DCH,0.855
2025-11-18,5,DML,3.67
2025-11-18,5,DMH,2.507
2025-11-18,5,DRL,5.299
2025-11-18,5,DRH,9.298
2025-11-18,6,DCL,2.602
2025-11-18,6,DCH,0.808
2025-11-18,6,DML,2.146
2025-11-18,6,DMH,0.97
2025-11-18,6,DRL,3.16
2025-11-18,6,DRH,1.659
2025-11-19,1,DCL,1.819
2025-11-19,1,DCH,1.293
2025-11-19,1,DML,2.385
2025-11-19,1,DMH,0.575
2025-11-19,1,DRL,2.385
2025-11-19,1,DRH,1.807
2025-11-19,2,DCL,1.925
2025-11-19,2,DCH,1.213
2025-11-19,2,DML,2.957
2025-11-19,2,DMH,0.798
2025-11-19,2,DRL,2.213
2025-11-19,2,DRH,1.752
2025-11-19,3,DCL,2.182
2025-11-19,3,DCH,1.925
2025-11-19,3,DML,2.812
2025-11-19,3,DMH,0.947
2025-11-19,3,DRL,3.864
2025-11-19,3,DRH,1.589
2025-11-19,4,DCL,1.525
2025-11-19,4,DCH,2.462
2025-11-19,4,DML,6.535
2025-11-19,4,DMH,1.308
2025-11-19,4,DRL,3.961
2025-11-19,4,DRH,3.637
2025-11-19,5,DCL,3.847
2025-11-19,5,DCH,1.442
2025-11-19,5,DML,1.765
2025-11-19,5,DMH,2.295
2025-11-19,5,DRL,7.799
2025-11-19,5,DRH,4.029
2025-11-19,6,DCL,2.02
2025-11-19,6,DCH,1.278
2025-11-19,6,DML,1.311
2025-11-19,6,DMH,0.912
2025-11-19,6,DRL,3.145
2025-11-19,6,DRH,1.998
2025-11-20,1,DCL,3.082
2025-11-20,1,DCH,1.473
2025-11-20,1,DML,1.596
2025-11-20,1,DMH,1.204
2025-11-20,1,DRL,2.039
2025-11-20,1,DRH,1.189
2025-11-20,2,DCL,1.824
2025-11-20,2,DCH,0.736
2025-11-20,2,DML,1.783
2025-11-20,2,DMH,0.78
2025-11-20,2,DRL,4.712
2025-11-20,2,DRH,0.931
2025-11-20,3,DCL,1.855
2025-11-20,3,DCH,1.153
2025-11-20,3,DML,3.239
2025-11-20,3,DMH,0.752
2025-11-20,3,DRL,1.723
2025-11-20,3,DRH,2.342
2025-11-20,4,DCL,4.124
2025-11-20,4,DCH,4.397
2025-11-20,4,DML,4.503
2025-11-20,4,DMH,0.822
2025-11-20,4,DRL,3.281
2025-11-20,4,DRH,1.41
2025-11-20,5,DCL,7.882
2025-11-20,5,DCH,1.951
2025-11-20,5,DML,6.454
2025-11-20,5,DMH,4.598
2025-11-20,5,DRL,8.561
2025-11-20,5,DRH,3.181
2025-11-20,6,DCL,5.591
2025-11-20,6,DCH,1.027
2025-11-20,6,DML,3.899
2025-11-20,6,DMH,0.954
2025-11-20,6,DRL,3.78
2025-11-20,6,DRH,1.64
2025-11-21,1,DCL,11.392
2025-11-21,1,DCH,0.752
2025-11-21,1,DML,5.717
2025-11-21,1,DMH,0.813
2025-11-21,1,DRL,2.525
2025-11-21,1,DRH,1.623
2025-11-21,2,DCL,3.414
2025-11-21,2,DCH,1.035
2025-11-21,2,DML,1.24
2025-11-21,2,DMH,3.937
2025-11-21,2,DRL,1.522
2025-11-21,2,DRH,1.508
2025-11-21,3,DCL,5.531
2025-11-21,3,DCH,1.396
2025-11-21,3,DML,2.085
2025-11-21,3,DMH,1.099
2025-11-21,3,DRL,5.119
2025-11-21,3,DRH,3.607
2025-11-21,4,DCL,2.227
2025-11-21,4,DCH,1.985
2025-11-21,4,DML,2.564
2025-11-21,4,DMH,0.653
2025-11-21,4,DRL,2.348
2025-11-21,4,DRH,2.06
2025-11-21,5,DCL,6.082
2025-11-21,5,DCH,4.036
2025-11-21,5,DML,7.739
2025-11-21,5,DMH,1.445
2025-11-21,5,DRL,4.87
2025-11-21,5,DRH,4.464
2025-11-21,6,DCL,1.658
2025-11-21,6,DCH,4.258
2025-11-21,6,DML,2.008
2025-11-21,6,DMH,1.292
2025-11-21,6,DRL,5.669
2025-11-21,6,DRH,3.504
2025-11-22,1,DCL,2.404
2025-11-22,1,DCH,0.51
2025-11-22,1,DML,0.738
2025-11-22,1,DMH,0.644
2025-11-22,1,DRL,4.933
2025-11-22,1,DRH,1.182
2025-11-22,2,DCL,1.412
2025-11-22,2,DCH,0.617
2025-11-22,2,DML,2.107
2025-11-22,2,DMH,0.447
2025-11-22,2,DRL,3.446
2025-11-22,2,DRH,0.988
2025-11-22,3,DCL,2.03
2025-11-22,3,DCH,0.57
2025-11-22,3,DML,1.601
2025-11-22,3,DMH,1.254
2025-11-22,3,DRL,2.676
2025-11-22,3,DRH,2.032
2025-11-22,4,DCL,1.993
2025-11-22,4,DCH,3.536
2025-11-22,4,DML,3.063
2025-11-22,4,DMH,0.846
2025-11-22,4,DRL,3.377
2025-11-22,4,DRH,4.04
2025-11-22,5,DCL,3.021
2025-11-22,5,DCH,1.995
2025-11-22,5,DML,4.89
2025-11-22,5,DMH,3.433
2025-11-22,5,DRL,5.322
2025-11-22,5,DRH,7.423
2025-11-22,6,DCL,2.969
2025-11-22,6,DCH,0.657
2025-11-22,6,DML,1.787
2025-11-22,6,DMH,1.264
2025-11-22,6,DRL,3.957
2025-11-22,6,DRH,2.689
2025-11-23,1,DCL,3.115
2025-11-23,1,DCH,0.992
2025-11-23,1,DML,3.193
2025-11-23,1,DMH,1.971
2025-11-23,1,DRL,2.376
2025-11-23,1,DRH,1.48
2025-11-23,2,DCL,2.11
2025-11-23,2,DCH,2.583
2025-11-23,2,DML,1.673
2025-11-23,2,DMH,0.392
2025-11-23,2,DRL,2.085
2025-11-23,2,DRH,1.941
2025-11-23,3,DCL,1.62
2025-11-23,3,DCH,0.85
2025-11-23,3,DML,1.654
2025-11-23,3,DMH,0.56
2025-11-23,3,DRL,2.079
2025-11-23,3,DRH,2.133
2025-11-23,4,DCL,4.449
2025-11-23,4,DCH,1.31
2025-11-23,4,DML,4.394
2025-11-23,4,DMH,0.595
2025-11-23,4,DRL,6.543
2025-11-23,4,DRH,1.497
2025-11-23,5,DCL,10.371
2025-11-23,5,DCH,1.644
2025-11-23,5,DML,3.258
2025-11-23,5,DMH,1.555
2025-11-23,5,DRL,5.595
2025-11-23,5,DRH,1.761
2025-11-23,6,DCL,5.33
2025-11-23,6,DCH,1.113
2025-11-23,6,DML,3.001
2025-11-23,6,DMH,1.447
2025-11-23,6,DRL,1.896
2025-11-23,6,DRH,2.2
2025-11-24,1,DCL,1.763
2025-11-24,1,DCH,2.214
2025-11-24,1,DML,1.41
2025-11-24,1,DMH,0.53
2025-11-24,1,DRL,7.62
2025-11-24,1,DRH,1.507
2025-11-24,2,DCL,4.621
2025-11-24,2,DCH,1.136
2025-11-24,2,DML,1.229
2025-11-24,2,DMH,0.651
2025-11-24,2,DRL,2.347
2025-11-24,2,DRH,1.647
2025-11-24,3,DCL,6.565
2025-11-24,3,DCH,1.216
2025-11-24,3,DML,2.814
2025-11-24,3,DMH,1.072
2025-11-24,3,DRL,2.89
2025-11-24,3,DRH,1.291
2025-11-24,4,DCL,2.674
2025-11-24,4,DCH,1.042
2025-11-24,4,DML,2.804
2025-11-24,4,DMH,1.495
2025-11-24,4,DRL,2.867
2025-11-24,4,DRH,2.452
2025-11-24,5,DCL,6.596
2025-11-24,5,DCH,0.933
2025-11-24,5,DML,6.539
2025-11-24,5,DMH,1.622
2025-11-24,5,DRL,12.221
2025-11-24,5,DRH,2.272
2025-11-24,6,DCL,2.196
2025-11-24,6,DCH,1.206
2025-11-24,6,DML,4.233
2025-11-24,6,DMH,1.506
2025-11-24,6,DRL,2.266
2025-11-24,6,DRH,0.95
2025-11-25,1,DCL,3.072
2025-11-25,1,DCH,0.773
2025-11-25,1,DML,1.901
2025-11-25,1,DMH,2.24
2025-11-25,1,DRL,2.095
2025-11-25,1,DRH,1.648
2025-11-25,2,DCL,2.978
2025-11-25,2,DCH,1.361
2025-11-25,2,DML,2.172
2025-11-25,2,DMH,0.33
2025-11-25,2,DRL,2.571
2025-11-25,2,DRH,1.271
2025-11-25,3,DCL,4.119
2025-11-25,3,DCH,0.833
2025-11-25,3,DML,2.887
2025-11-25,3,DMH,0.814
2025-11-25,3,DRL,1.571
2025-11-25,3,DRH,1.479
2025-11-25,4,DCL,2.027
2025-11-25,4,DCH,0.93
2025-11-25,4,DML,4.534
2025-11-25,4,DMH,2.813
2025-11-25,4,DRL,4.373
2025-11-25,4,DRH,2.417
2025-11-25,5,DCL,6.284
2025-11-25,5,DCH,0.946
2025-11-25,5,DML,4.903
2025-11-25,5,DMH,0.909
2025-11-25,5,DRL,4.841
2025-11-25,5,DRH,2.833
2025-11-25,6,DCL,4.846
2025-11-25,6,DCH,1.051
2025-11-25,6,DML,2.821
2025-11-25,6,DMH,2.061
2025-11-25,6,DRL,7.946
2025-11-25,6,DRH,1.821
2025-11-26,1,DCL,6.701
2025-11-26,1,DCH,1.224
2025-11-26,1,DML,1.563
2025-11-26,1,DMH,0.901
2025-11-26,1,DRL,1.837
2025-11-26,1,DRH,2.533
2025-11-26,2,DCL,3.497
2025-11-26,2,DCH,1.3
2025-11-26,2,DML,1.998
2025-11-26,2,DMH,0.779
2025-11-26,2,DRL,4.383
2025-11-26,2,DRH,1.462
2025-11-26,3,DCL,5.533
2025-11-26,3,DCH,0.736
2025-11-26,3,DML,1.426
2025-11-26,3,DMH,0.619
2025-11-26,3,DRL,6.574
2025-11-26,3,DRH,6.709
2025-11-26,4,DCL,4.385
2025-11-26,4,DCH,2.101
2025-11-26,4,DML,2.903
2025-11-26,4,DMH,0.532
2025-11-26,4,DRL,1.723
2025-11-26,4,DRH,1.05
2025-11-26,5,DCL,6.295
2025-11-26,5,DCH,3.185
2025-11-26,5,DML,2.736
2025-11-26,5,DMH,1.655
2025-11-26,5,DRL,6.402
2025-11-26,5,DRH,1.611
2025-11-26,6,DCL,2.16
2025-11-26,6,DCH,0.883
2025-11-26,6,DML,9.352
2025-11-26,6,DMH,1.995
2025-11-26,6,DRL,2.981
2025-11-26,6,DRH,2.436
2025-11-27,1,DCL,3.771
2025-11-27,1,DCH,0.906
2025-11-27,1,DML,2.215
2025-11-27,1,DMH,1.144
2025-11-27,1,DRL,2.262
2025-11-27,1,DRH,2.182
2025-11-27,2,DCL,1.598
2025-11-27,2,DCH,0.79
2025-11-27,2,DML,0.883
2025-11-27,2,DMH,0.569
2025-11-27,2,DRL,1.771
2025-11-27,2,DRH,0.69
2025-11-27,3,DCL,2.213
2025-11-27,3,DCH,1.026
2025-11-27,3,DML,2.515
2025-11-27,3,DMH,1.76
2025-11-27,3,DRL,1.237
2025-11-27,3,DRH,2.28
2025-11-27,4,DCL,4.602
2025-11-27,4,DCH,1.103
2025-11-27,4,DML,5.594
2025-11-27,4,DMH,0.809
2025-11-27,4,DRL,2.976
2025-11-27,4,DRH,2.187
2025-11-27,5,DCL,4.039
2025-11-27,5,DCH,4.241
2025-11-27,5,DML,1.934
2025-11-27,5,DMH,4.242
2025-11-27,5,DRL,6.159
2025-11-27,5,DRH,2.762
2025-11-27,6,DCL,3.768
2025-11-27,6,DCH,1.663
2025-11-27,6,DML,0.56
2025-11-27,6,DMH,1.08
2025-11-27,6,DRL,13.342
2025-11-27,6,DRH,3.85
2025-11-28,1,DCL,1.026
2025-11-28,1,DCH,0.675
2025-11-28,1,DML,2.786
2025-11-28,1,DMH,1.358
2025-11-28,1,DRL,1.574
2025-11-28,1,DRH,1.84
2025-11-28,2,DCL,4.049
2025-11-28,2,DCH,1.743
2025-11-28,2,DML,1.376
2025-11-28,2,DMH,1.125
2025-11-28,2,DRL,2.178
2025-11-28,2,DRH,1.391
2025-11-28,3,DCL,2.045
2025-11-28,3,DCH,0.625
2025-11-28,3,DML,1.215
2025-11-28,3,DMH,0.423
2025-11-28,3,DRL,2.644
2025-11-28,3,DRH,1.194
2025-11-28,4,DCL,4.717
2025-11-28,4,DCH,1.022
2025-11-28,4,DML,4.357
2025-11-28,4,DMH,0.979
2025-11-28,4,DRL,3.758
2025-11-28,4,DRH,2.508
2025-11-28,5,DCL,3.874
2025-11-28,5,DCH,3.275
2025-11-28,5,DML,3.78
2025-11-28,5,DMH,2.478
2025-11-28,5,DRL,8.712
2025-11-28,5,DRH,7.515
2025-11-28,6,DCL,3.481
2025-11-28,6,DCH,4.495
2025-11-28,6,DML,1.469
2025-11-28,6,DMH,2.087
2025-11-28,6,DRL,3.681
2025-11-28,6,DRH,5.535
2025-11-29,1,DCL,5.034
2025-11-29,1,DCH,1.035
2025-11-29,1,DML,3.285
2025-11-29,1,DMH,0.928
2025-11-29,1,DRL,3.999
2025-11-29,1,DRH,2.13
2025-11-29,2,DCL,1.315
2025-11-29,2,DCH,1.343
2025-11-29,2,DML,1.777
2025-11-29,2,DMH,1.437
2025-11-29,2,DRL,1.072
2025-11-29,2,DRH,1.228
2025-11-29,3,DCL,3.641
2025-11-29,3,DCH,0.629
2025-11-29,3,DML,3.102
2025-11-29,3,DMH,3.045
2025-11-29,3,DRL,7.691
2025-11-29,3,DRH,1.443
2025-11-29,4,DCL,4.303
2025-11-29,4,DCH,1.888
2025-11-29,4,DML,2.026
2025-11-29,4,DMH,1.812
2025-11-29,4,DRL,6.425
2025-11-29,4,DRH,3.108
2025-11-29,5,DCL,9.21
2025-11-29,5,DCH,1.102
2025-11-29,5,DML,3.881
2025-11-29,5,DMH,1.338
2025-11-29,5,DRL,12.159
2025-11-29,5,DRH,6.967
2025-11-29,6,DCL,6.13
2025-11-29,6,DCH,3.12
2025-11-29,6,DML,6.227
2025-11-29,6,DMH,0.787
2025-11-29,6,DRL,8.858
2025-11-29,6,DRH,2.264
2025-11-30,1,DCL,7.573
2025-11-30,1,DCH,2.794
2025-11-30,1,DML,1.996
2025-11-30,1,DMH,1.16
2025-11-30,1,DRL,2.645
2025-11-30,1,DRH,1.727
2025-11-30,2,DCL,2.339
2025-11-30,2,DCH,0.757
2025-11-30,2,DML,5.015
2025-11-30,2,DMH,1.561
2025-11-30,2,DRL,5.115
2025-11-30,2,DRH,1.155
2025-11-30,3,DCL,2.617
2025-11-30,3,DCH,1.876
2025-11-30,3,DML,2.003
2025-11-30,3,DMH,1.012
2025-11-30,3,DRL,9.323
2025-11-30,3,DRH,1.369
2025-11-30,4,DCL,6.851
2025-11-30,4,DCH,0.7
2025-11-30,4,DML,3.317
2025-11-30,4,DMH,1.086
2025-11-30,4,DRL,5.793
2025-11-30,4,DRH,0.706
2025-11-30,5,DCL,5.054
2025-11-30,5,DCH,3.56
2025-11-30,5,DML,6.881
2025-11-30,5,DMH,1.044
2025-11-30,5,DRL,6.439
2025-11-30,5,DRH,2.449
2025-11-30,6,DCL,2.26
2025-11-30,6,DCH,1.242
2025-11-30,6,DML,0.932
2025-11-30,6,DMH,1.292
2025-11-30,6,DRL,2.086
2025-11-30,6,DRH,1.83
2025-12-01,1,DCL,1.192
2025-12-01,1,DCH,0.569
2025-12-01,1,DML,1.639
2025-12-01,1,DMH,1.492
2025-12-01,1,DRL,4.805
2025-12-01,1,DRH,4.376
2025-12-01,2,DCL,4.233
2025-12-01,2,DCH,0.828
2025-12-01,2,DML,0.936
2025-12-01,2,DMH,0.424
2025-12-01,2,DRL,1.792
2025-12-01,2,DRH,1.885
2025-12-01,3,DCL,2.521
2025-12-01,3,DCH,1.521
2025-12-01,3,DML,2.207
2025-12-01,3,DMH,0.68
2025-12-01,3,DRL,4.203
2025-12-01,3,DRH,2.664
2025-12-01,4,DCL,2.811
2025-12-01,4,DCH,0.686
2025-12-01,4,DML,5.297
2025-12-01,4,DMH,0.463
2025-12-01,4,DRL,10.842
2025-12-01,4,DRH,2.81
2025-12-01,5,DCL,6.019
2025-12-01,5,DCH,1.359
2025-12-01,5,DML,10.027
2025-12-01,5,DMH,1.013
2025-12-01,5,DRL,8.589
2025-12-01,5,DRH,3.606
2025-12-01,6,DCL,1.601
2025-12-01,6,DCH,1.828
2025-12-01,6,DML,4.299
2025-12-01,6,DMH,1.81
2025-12-01,6,DRL,5.031
2025-12-01,6,DRH,4.236
2025-12-02,1,DCL,2.158
2025-12-02,1,DCH,0.428
2025-12-02,1,DML,2.473
2025-12-02,1,DMH,0.896
2025-12-02,1,DRL,4.34
2025-12-02,1,DRH,1.702
2025-12-02,2,DCL,0.917
2025-12-02,2,DCH,1.597
2025-12-02,2,DML,2.475
2025-12-02,2,DMH,3.326
2025-12-02,2,DRL,3.321
2025-12-02,2,DRH,1.309
2025-12-02,3,DCL,2.286
2025-12-02,3,DCH,2.817
2025-12-02,3,DML,3.319
2025-12-02,3,DMH,0.862
2025-12-02,3,DRL,4.333
2025-12-02,3,DRH,5.392
2025-12-02,4,DCL,2.338
2025-12-02,4,DCH,0.788
2025-12-02,4,DML,4.528
2025-12-02,4,DMH,0.669
2025-12-02,4,DRL,2.53
2025-12-02,4,DRH,1.477
2025-12-02,5,DCL,8.064
2025-12-02,5,DCH,8.395
2025-12-02,5,DML,2.737
2025-12-02,5,DMH,1.454
2025-12-02,5,DRL,13.506
2025-12-02,5,DRH,1.964
2025-12-02,6,DCL,2.072
2025-12-02,6,DCH,0.76
2025-12-02,6,DML,2.213
2025-12-02,6,DMH,1.32
2025-12-02,6,DRL,3.785
2025-12-02,6,DRH,2.723
2025-12-03,1,DCL,3.924
2025-12-03,1,DCH,1.337
2025-12-03,1,DML,0.863
2025-12-03,1,DMH,0.665
2025-12-03,1,DRL,3.887
2025-12-03,1,DRH,2.489
2025-12-03,2,DCL,4.511
2025-12-03,2,DCH,0.506
2025-12-03,2,DML,1.318
2025-12-03,2,DMH,1.392
2025-12-03,2,DRL,1.787
2025-12-03,2,DRH,2.017
2025-12-03,3,DCL,4.071
2025-12-03,3,DCH,1.283
2025-12-03,3,DML,2.346
2025-12-03,3,DMH,0.99
2025-12-03,3,DRL,3.067
2025-12-03,3,DRH,1.406
2025-12-03,4,DCL,2.36
2025-12-03,4,DCH,1.228
2025-12-03,4,DML,1.665
2025-12-03,4,DMH,1.112
2025-12-03,4,DRL,1.464
2025-12-03,4,DRH,4.514
2025-12-03,5,DCL,9.845
2025-12-03,5,DCH,3.255
2025-12-03,5,DML,2.02
2025-12-03,5,DMH,2.078
2025-12-03,5,DRL,4.23
2025-12-03,5,DRH,1.606
2025-12-03,6,DCL,3.325
2025-12-03,6,DCH,1.897
2025-12-03,6,DML,1.52
2025-12-03,6,DMH,3.74
2025-12-03,6,DRL,12.771
2025-12-03,6,DRH,0.645
2025-12-04,1,DCL,4.538
2025-12-04,1,DCH,1.088
2025-12-04,1,DML,1.452
2025-12-04,1,DMH,1.536
2025-12-04,1,DRL,3.178
2025-12-04,1,DRH,1.123
2025-12-04,2,DCL,3.811
2025-12-04,2,DCH,0.876
2025-12-04,2,DML,1.712
2025-12-04,2,DMH,0.85
2025-12-04,2,DRL,2.537
2025-12-04,2,DRH,2.682
2025-12-04,3,DCL,4.431
2025-12-04,3,DCH,0.913
2025-12-04,3,DML,7.87
2025-12-04,3,DMH,0.687
2025-12-04,3,DRL,5.399
2025-12-04,3,DRH,1.368
2025-12-04,4,DCL,3.039
2025-12-04,4,DCH,4.052
2025-12-04,4,DML,1.962
2025-12-04,4,DMH,1.152
2025-12-04,4,DRL,4.738
2025-12-04,4,DRH,5.126
2025-12-04,5,DCL,10.379
2025-12-04,5,DCH,1.8
2025-12-04,5,DML,7.686
2025-12-04,5,DMH,1.465
2025-12-04,5,DRL,4.45
2025-12-04,5,DRH,1.968
2025-12-04,6,DCL,1.328
2025-12-04,6,DCH,1.598
2025-12-04,6,DML,4.474
2025-12-04,6,DMH,2.951
2025-12-04,6,DRL,7.475
2025-12-04,6,DRH,1.06
2025-12-05,1,DCL,5.401
2025-12-05,1,DCH,2.214
2025-12-05,1,DML,2.937
2025-12-05,1,DMH,0.643
2025-12-05,1,DRL,4.708
2025-12-05,1,DRH,1.567
2025-12-05,2,DCL,2.298
2025-12-05,2,DCH,1.901
2025-12-05,2,DML,3.877
2025-12-05,2,DMH,0.539
2025-12-05,2,DRL,1.951
2025-12-05,2,DRH,1.127
2025-12-05,3,DCL,3.873
2025-12-05,3,DCH,3.622
2025-12-05,3,DML,1.856
2025-12-05,3,DMH,1.207
2025-12-05,3,DRL,3.23
2025-12-05,3,DRH,1.777
2025-12-05,4,DCL,4.122
2025-12-05,4,DCH,1.337
2025-12-05,4,DML,1.984
2025-12-05,4,DMH,1.555
2025-12-05,4,DRL,3.435
2025-12-05,4,DRH,1.882
2025-12-05,5,DCL,16.259
2025-12-05,5,DCH,1.407
2025-12-05,5,DML,3.82
2025-12-05,5,DMH,1.492
2025-12-05,5,DRL,5.211
2025-12-05,5,DRH,1.804
2025-12-05,6,DCL,4.149
2025-12-05,6,DCH,0.898
2025-12-05,6,DML,2.835
2025-12-05,6,DMH,1.463
2025-12-05,6,DRL,14.638
2025-12-05,6,DRH,1.366
2025-12-06,1,DCL,4.36
2025-12-06,1,DCH,1.423
2025-12-06,1,DML,2.466
2025-12-06,1,DMH,1.105
2025-12-06,1,DRL,4.841
2025-12-06,1,DRH,1.095
2025-12-06,2,DCL,2.631
2025-12-06,2,DCH,0.964
2025-12-06,2,DML,0.98
2025-12-06,2,DMH,0.971
2025-12-06,2,DRL,2.906
2025-12-06,2,DRH,2.33
2025-12-06,3,DCL,8.612
2025-12-06,3,DCH,1.697
2025-12-06,3,DML,1.523
2025-12-06,3,DMH,1.973
2025-12-06,3,DRL,11.42
2025-12-06,3,DRH,2.72
2025-12-06,4,DCL,5.48
2025-12-06,4,DCH,2.029
2025-12-06,4,DML,1.312
2025-12-06,4,DMH,1.143
2025-12-06,4,DRL,7.627
2025-12-06,4,DRH,2.001
2025-12-06,5,DCL,9.092
2025-12-06,5,DCH,1.635
2025-12-06,5,DML,4.087
2025-12-06,5,DMH,2.213
2025-12-06,5,DRL,11.321
2025-12-06,5,DRH,1.128
2025-12-06,6,DCL,2.674
2025-12-06,6,DCH,1.766
2025-12-06,6,DML,3.856
2025-12-06,6,DMH,1.511
2025-12-06,6,DRL,8.467
2025-12-06,6,DRH,1.684
2025-12-07,1,DCL,4.082
2025-12-07,1,DCH,0.671
2025-12-07,1,DML,1.331
2025-12-07,1,DMH,0.823
2025-12-07,1,DRL,2.683
2025-12-07,1,DRH,1.322
2025-12-07,2,DCL,2.413
2025-12-07,2,DCH,2.279
2025-12-07,2,DML,1.178
2025-12-07,2,DMH,2.187
2025-12-07,2,DRL,11.404
2025-12-07,2,DRH,2.319
2025-12-07,3,DCL,2.144
2025-12-07,3,DCH,1.518
2025-12-07,3,DML,2.475
2025-12-07,3,DMH,0.55
2025-12-07,3,DRL,8.25
2025-12-07,3,DRH,2.132
2025-12-07,4,DCL,3.683
2025-12-07,4,DCH,1.598
2025-12-07,4,DML,1.929
2025-12-07,4,DMH,0.999
2025-12-07,4,DRL,15.22
2025-12-07,4,DRH,1.706
2025-12-07,5,DCL,9.164
2025-12-07,5,DCH,1.709
2025-12-07,5,DML,3.655
2025-12-07,5,DMH,0.912
2025-12-07,5,DRL,10.07
2025-12-07,5,DRH,2.406
2025-12-07,6,DCL,3.88
2025-12-07,6,DCH,1.886
2025-12-07,6,DML,4.784
2025-12-07,6,DMH,0.391
2025-12-07,6,DRL,2.323
2025-12-07,6,DRH,2.342
2025-12-08,1,DCL,1.343
2025-12-08,1,DCH,1.291
2025-12-08,1,DML,1.814
2025-12-08,1,DMH,1.222
2025-12-08,1,DRL,5.167
2025-12-08,1,DRH,1.587
2025-12-08,2,DCL,2.46
2025-12-08,2,DCH,1.056
2025-12-08,2,DML,2.019
2025-12-08,2,DMH,0.287
2025-12-08,2,DRL,2.4
2025-12-08,2,DRH,1.359
2025-12-08,3,DCL,6.667
2025-12-08,3,DCH,5.568
2025-12-08,3,DML,2.809
2025-12-08,3,DMH,1.26
2025-12-08,3,DRL,5.021
2025-12-08,3,DRH,2.412
2025-12-08,4,DCL,5.707
2025-12-08,4,DCH,2.747
2025-12-08,4,DML,1.612
2025-12-08,4,DMH,1.833
2025-12-08,4,DRL,5.806
2025-12-08,4,DRH,1.048
2025-12-08,5,DCL,2.989
2025-12-08,5,DCH,2.496
2025-12-08,5,DML,3.753
2025-12-08,5,DMH,1.686
2025-12-08,5,DRL,5.424
2025-12-08,5,DRH,2.269
2025-12-08,6,DCL,7.6
2025-12-08,6,DCH,1.091
2025-12-08,6,DML,2.34
2025-12-08,6,DMH,0.6
2025-12-08,6,DRL,6.067
2025-12-08,6,DRH,6.57
2025-12-09,1,DCL,4.83
2025-12-09,1,DCH,1.188
2025-12-09,1,DML,2.553
2025-12-09,1,DMH,0.77
2025-12-09,1,DRL,3.192
2025-12-09,1,DRH,0.981
2025-12-09,2,DCL,3.209
2025-12-09,2,DCH,1.195
2025-12-09,2,DML,1.256
2025-12-09,2,DMH,0.814
2025-12-09,2,DRL,6.224
2025-12-09,2,DRH,1.872
2025-12-09,3,DCL,6.81
2025-12-09,3,DCH,0.795
2025-12-09,3,DML,7.774
2025-12-09,3,DMH,0.743
2025-12-09,3,DRL,5.749
2025-12-09,3,DRH,2.546
2025-12-09,4,DCL,2.746
2025-12-09,4,DCH,1.046
2025-12-09,4,DML,2.382
2025-12-09,4,DMH,1.011
2025-12-09,4,DRL,3.628
2025-12-09,4,DRH,1.296
2025-12-09,5,DCL,5.838
2025-12-09,5,DCH,2.889
2025-12-09,5,DML,2.337
2025-12-09,5,DMH,0.905
2025-12-09,5,DRL,17.72
2025-12-09,5,DRH,5.122
2025-12-09,6,DCL,3.074
2025-12-09,6,DCH,1.769
2025-12-09,6,DML,2.387
2025-12-09,6,DMH,1.889
2025-12-09,6,DRL,2.504
2025-12-09,6,DRH,2.591
2025-12-10,1,DCL,5.264
2025-12-10,1,DCH,0.758
2025-12-10,1,DML,2.061
2025-12-10,1,DMH,0.637
2025-12-10,1,DRL,5.21
2025-12-10,1,DRH,2.614
2025-12-10,2,DCL,2.311
2025-12-10,2,DCH,1.841
2025-12-10,2,DML,1.211
2025-12-10,2,DMH,0.992
2025-12-10,2,DRL,2.081
2025-12-10,2,DRH,0.839
2025-12-10,3,DCL,4.204
2025-12-10,3,DCH,0.586
2025-12-10,3,DML,1.837
2025-12-10,3,DMH,0.91
2025-12-10,3,DRL,5.173
2025-12-10,3,DRH,3.658
2025-12-10,4,DCL,1.405
2025-12-10,4,DCH,1.278
2025-12-10,4,DML,2.69
2025-12-10,4,DMH,1.172
2025-12-10,4,DRL,3.047
2025-12-10,4,DRH,3.334
2025-12-10,5,DCL,10.462
2025-12-10,5,DCH,2.235
2025-12-10,5,DML,2.692
2025-12-10,5,DMH,2.829
2025-12-10,5,DRL,14.311
2025-12-10,5,DRH,3.82
2025-12-10,6,DCL,5.284
2025-12-10,6,DCH,1.432
2025-12-10,6,DML,2.671
2025-12-10,6,DMH,1.758
2025-12-10,6,DRL,10.044
2025-12-10,6,DRH,3.283
2025-12-11,1,DCL,3.383
2025-12-11,1,DCH,0.921
2025-12-11,1,DML,3.159
2025-12-11,1,DMH,1.867
2025-12-11,1,DRL,2.533
2025-12-11,1,DRH,1.376
2025-12-11,2,DCL,1.673
2025-12-11,2,DCH,1.157
2025-12-11,2,DML,1.697
2025-12-11,2,DMH,0.498
2025-12-11,2,DRL,3.623
2025-12-11,2,DRH,1.578
2025-12-11,3,DCL,5.188
2025-12-11,3,DCH,2.009
2025-12-11,3,DML,1.184
2025-12-11,3,DMH,0.588
2025-12-11,3,DRL,3.204
2025-12-11,3,DRH,1.23
2025-12-11,4,DCL,3.821
2025-12-11,4,DCH,2.503
2025-12-11,4,DML,4.921
2025-12-11,4,DMH,0.584
2025-12-11,4,DRL,4.586
2025-12-11,4,DRH,3.435
2025-12-11,5,DCL,6.065
2025-12-11,5,DCH,1.829
2025-12-11,5,DML,5.536
2025-12-11,5,DMH,2.249
2025-12-11,5,DRL,5.376
2025-12-11,5,DRH,3.421
2025-12-11,6,DCL,1.765
2025-12-11,6,DCH,3.138
2025-12-11,6,DML,3.841
2025-12-11,6,DMH,1.093
2025-12-11,6,DRL,6.923
2025-12-11,6,DRH,4.179
2025-12-12,1,DCL,2.03
2025-12-12,1,DCH,2.706
2025-12-12,1,DML,1.194
2025-12-12,1,DMH,0.994
2025-12-12,1,DRL,1.713
2025-12-12,1,DRH,0.689
2025-12-12,2,DCL,1.764
2025-12-12,2,DCH,0.819
2025-12-12,2,DML,1.348
2025-12-12,2,DMH,0.687
2025-12-12,2,DRL,2.984
2025-12-12,2,DRH,0.807
2025-12-12,3,DCL,1.966
2025-12-12,3,DCH,1.717
2025-12-12,3,DML,1.985
2025-12-12,3,DMH,0.868
2025-12-12,3,DRL,3.868
2025-12-12,3,DRH,2.113
2025-12-12,4,DCL,7.812
2025-12-12,4,DCH,0.964
2025-12-12,4,DML,2.667
2025-12-12,4,DMH,1.982
2025-12-12,4,DRL,4.388
2025-12-12,4,DRH,1.872
2025-12-12,5,DCL,3.263
2025-12-12,5,DCH,1.613
2025-12-12,5,DML,2.4
2025-12-12,5,DMH,0.946
2025-12-12,5,DRL,15.345
2025-12-12,5,DRH,1.697
2025-12-12,6,DCL,13.188
2025-12-12,6,DCH,0.887
2025-12-12,6,DML,3.862
2025-12-12,6,DMH,0.388
2025-12-12,6,DRL,4.011
2025-12-12,6,DRH,2.31
2025-12-13,1,DCL,2.794
2025-12-13,1,DCH,0.603
2025-12-13,1,DML,4.114
2025-12-13,1,DMH,1.411
2025-12-13,1,DRL,8.6
2025-12-13,1,DRH,1.376
2025-12-13,2,DCL,4.784
2025-12-13,2,DCH,1.22
2025-12-13,2,DML,1.463
2025-12-13,2,DMH,1.546
2025-12-13,2,DRL,5.072
2025-12-13,2,DRH,1.666
2025-12-13,3,DCL,2.832
2025-12-13,3,DCH,2.544
2025-12-13,3,DML,1.831
2025-12-13,3,DMH,0.894
2025-12-13,3,DRL,4.456
2025-12-13,3,DRH,2.75
2025-12-13,4,DCL,2.398
2025-12-13,4,DCH,1.357
2025-12-13,4,DML,1.417
2025-12-13,4,DMH,1.422
2025-12-13,4,DRL,4.432
2025-12-13,4,DRH,1.365
2025-12-13,5,DCL,8.345
2025-12-13,5,DCH,3.189
2025-12-13,5,DML,5.593
2025-12-13,5,DMH,3.114
2025-12-13,5,DRL,5.925
2025-12-13,5,DRH,2.308
2025-12-13,6,DCL,5.888
2025-12-13,6,DCH,0.79
2025-12-13,6,DML,5.375
2025-12-13,6,DMH,1.39
2025-12-13,6,DRL,5.526
2025-12-13,6,DRH,2.154
2025-12-14,1,DCL,1.545
2025-12-14,1,DCH,0.847
2025-12-14,1,DML,0.727
2025-12-14,1,DMH,0.984
2025-12-14,1,DRL,4.467
2025-12-14,1,DRH,1.566
2025-12-14,2,DCL,5.587
2025-12-14,2,DCH,0.859
2025-12-14,2,DML,1.367
2025-12-14,2,DMH,1.355
2025-12-14,2,DRL,5.866
2025-12-14,2,DRH,3.826
2025-12-14,3,DCL,2.299
2025-12-14,3,DCH,0.956
2025-12-14,3,DML,3.651
2025-12-14,3,DMH,0.881
2025-12-14,3,DRL,5.68
2025-12-14,3,DRH,1.848
2025-12-14,4,DCL,2.45
2025-12-14,4,DCH,2.17
2025-12-14,4,DML,2.416
2025-12-14,4,DMH,0.747
2025-12-14,4,DRL,2.333
2025-12-14,4,DRH,0.947
2025-12-14,5,DCL,6.31
2025-12-14,5,DCH,1.053
2025-12-14,5,DML,4.308
2025-12-14,5,DMH,4.543
2025-12-14,5,DRL,8.246
2025-12-14,5,DRH,3.62
2025-12-14,6,DCL,6.77
2025-12-14,6,DCH,1.57
2025-12-14,6,DML,2.724
2025-12-14,6,DMH,2.232
2025-12-14,6,DRL,4.765
2025-12-14,6,DRH,4.372
2025-12-15,1,DCL,1.549
2025-12-15,1,DCH,1.154
2025-12-15,1,DML,1.184
2025-12-15,1,DMH,1.162
2025-12-15,1,DRL,6.052
2025-12-15,1,DRH,1.376
2025-12-15,2,DCL,2.489
2025-12-15,2,DCH,0.64
2025-12-15,2,DML,2.602
2025-12-15,2,DMH,1.241
2025-12-15,2,DRL,1.216
2025-12-15,2,DRH,6.519
2025-12-15,3,DCL,2.705
2025-12-15,3,DCH,0.878
2025-12-15,3,DML,4.276
2025-12-15,3,DMH,1.283
2025-12-15,3,DRL,6.596
2025-12-15,3,DRH,1.665
2025-12-15,4,DCL,3.711
2025-12-15,4,DCH,2.914
2025-12-15,4,DML,2.32
2025-12-15,4,DMH,1.012
2025-12-15,4,DRL,8.935
2025-12-15,4,DRH,1.799
2025-12-15,5,DCL,4.067
2025-12-15,5,DCH,1.368
2025-12-15,5,DML,4.797
2025-12-15,5,DMH,2.298
2025-12-15,5,DRL,5.11
2025-12-15,5,DRH,1.931
2025-12-15,6,DCL,2.248
2025-12-15,6,DCH,2.207
2025-12-15,6,DML,4.323
2025-12-15,6,DMH,1.999
2025-12-15,6,DRL,3.396
2025-12-15,6,DRH,2.531
2025-12-16,1,DCL,4.605
2025-12-16,1,DCH,0.742
2025-12-16,1,DML,3.904
2025-12-16,1,DMH,2.036
2025-12-16,1,DRL,3.284
2025-12-16,1,DRH,1.81
2025-12-16,2,DCL,1.946
2025-12-16,2,DCH,0.955
2025-12-16,2,DML,2.677
2025-12-16,2,DMH,0.554
2025-12-16,2,DRL,2.07
2025-12-16,2,DRH,1.958
2025-12-16,3,DCL,5.752
2025-12-16,3,DCH,1.052
2025-12-16,3,DML,7.214
2025-12-16,3,DMH,0.761
2025-12-16,3,DRL,4.188
2025-12-16,3,DRH,1.03
2025-12-16,4,DCL,2.406
2025-12-16,4,DCH,0.726
2025-12-16,4,DML,4.972
2025-12-16,4,DMH,1.485
2025-12-16,4,DRL,3.067
2025-12-16,4,DRH,1.396
2025-12-16,5,DCL,5.132
2025-12-16,5,DCH,1.058
2025-12-16,5,DML,4.16
2025-12-16,5,DMH,2.704
2025-12-16,5,DRL,3.418
2025-12-16,5,DRH,3.57
2025-12-16,6,DCL,1.722
2025-12-16,6,DCH,1.997
2025-12-16,6,DML,4.989
2025-12-16,6,DMH,1.149
2025-12-16,6,DRL,1.91
2025-12-16,6,DRH,1.339
2025-12-17,1,DCL,3.669
2025-12-17,1,DCH,2.003
2025-12-17,1,DML,2.691
2025-12-17,1,DMH,3.571
2025-12-17,1,DRL,6.512
2025-12-17,1,DRH,3.229
2025-12-17,2,DCL,1.779
2025-12-17,2,DCH,0.953
2025-12-17,2,DML,1.641
2025-12-17,2,DMH,4.083
2025-12-17,2,DRL,2.58
2025-12-17,2,DRH,1.603
2025-12-17,3,DCL,5.467
2025-12-17,3,DCH,2.624
2025-12-17,3,DML,3.343
2025-12-17,3,DMH,0.874
2025-12-17,3,DRL,3.219
2025-12-17,3,DRH,2.764
2025-12-17,4,DCL,2.107
2025-12-17,4,DCH,2.651
2025-12-17,4,DML,2.923
2025-12-17,4,DMH,3.551
2025-12-17,4,DRL,8.126
2025-12-17,4,DRH,2.717
2025-12-17,5,DCL,4.914
2025-12-17,5,DCH,1.94
2025-12-17,5,DML,1.678
2025-12-17,5,DMH,1.522
2025-12-17,5,DRL,10.311
2025-12-17,5,DRH,2.3
2025-12-17,6,DCL,2.12
2025-12-17,6,DCH,1.225
2025-12-17,6,DML,4.941
2025-12-17,6,DMH,0.772
2025-12-17,6,DRL,7.125
2025-12-17,6,DRH,7.86
2025-12-18,1,DCL,4.304
2025-12-18,1,DCH,1.211
2025-12-18,1,DML,2.416
2025-12-18,1,DMH,1.138
2025-12-18,1,DRL,4.223
2025-12-18,1,DRH,2.63
2025-12-18,2,DCL,1.907
2025-12-18,2,DCH,0.398
2025-12-18,2,DML,1.376
2025-12-18,2,DMH,1.013
2025-12-18,2,DRL,6.005
2025-12-18,2,DRH,1.076
2025-12-18,3,DCL,1.829
2025-12-18,3,DCH,1.216
2025-12-18,3,DML,2.496
2025-12-18,3,DMH,0.73
2025-12-18,3,DRL,7.45
2025-12-18,3,DRH,1.634
2025-12-18,4,DCL,3.636
2025-12-18,4,DCH,1.976
2025-12-18,4,DML,2.702
2025-12-18,4,DMH,0.923
2025-12-18,4,DRL,5.619
2025-12-18,4,DRH,1.397
2025-12-18,5,DCL,7.696
2025-12-18,5,DCH,2.693
2025-12-18,5,DML,2.828
2025-12-18,5,DMH,1.417
2025-12-18,5,DRL,6.025
2025-12-18,5,DRH,2.855
2025-12-18,6,DCL,3.057
2025-12-18,6,DCH,1.44
2025-12-18,6,DML,2.738
2025-12-18,6,DMH,0.749
2025-12-18,6,DRL,2.13
2025-12-18,6,DRH,1.778
2025-12-19,1,DCL,1.671
2025-12-19,1,DCH,0.873
2025-12-19,1,DML,1.353
2025-12-19,1,DMH,0.615
2025-12-19,1,DRL,3.143
2025-12-19,1,DRH,1.849
2025-12-19,2,DCL,3.31
2025-12-19,2,DCH,1.298
2025-12-19,2,DML,1.338
2025-12-19,2,DMH,0.803
2025-12-19,2,DRL,4.823
2025-12-19,2,DRH,1.807
2025-12-19,3,DCL,2.149
2025-12-19,3,DCH,1.128
2025-12-19,3,DML,1.763
2025-12-19,3,DMH,0.938
2025-12-19,3,DRL,4.896
2025-12-19,3,DRH,2.488
2025-12-19,4,DCL,4.721
2025-12-19,4,DCH,1.635
2025-12-19,4,DML,3.48
2025-12-19,4,DMH,2.349
2025-12-19,4,DRL,3.421
2025-12-19,4,DRH,2.465
2025-12-19,5,DCL,5.253
2025-12-19,5,DCH,2.098
2025-12-19,5,DML,3.318
2025-12-19,5,DMH,1.606
2025-12-19,5,DRL,7.3
2025-12-19,5,DRH,5.464
2025-12-19,6,DCL,2.76
2025-12-19,6,DCH,2.217
2025-12-19,6,DML,1.895
2025-12-19,6,DMH,0.848
2025-12-19,6,DRL,8.234
2025-12-19,6,DRH,1.167
2025-12-20,1,DCL,5.502
2025-12-20,1,DCH,0.914
2025-12-20,1,DML,1.046
2025-12-20,1,DMH,1.25
2025-12-20,1,DRL,4.162
2025-12-20,1,DRH,0.714
2025-12-20,2,DCL,2.669
2025-12-20,2,DCH,0.388
2025-12-20,2,DML,1.078
2025-12-20,2,DMH,0.965
2025-12-20,2,DRL,4.28
2025-12-20,2,DRH,3.032
2025-12-20,3,DCL,3.133
2025-12-20,3,DCH,1.314
2025-12-20,3,DML,1.3
2025-12-20,3,DMH,0.495
2025-12-20,3,DRL,2.64
2025-12-20,3,DRH,1.369
2025-12-20,4,DCL,3.402
2025-12-20,4,DCH,0.911
2025-12-20,4,DML,2.435
2025-12-20,4,DMH,0.996
2025-12-20,4,DRL,4.87
2025-12-20,4,DRH,2.067
2025-12-20,5,DCL,5.181
2025-12-20,5,DCH,2.404
2025-12-20,5,DML,3.051
2025-12-20,5,DMH,3.579
2025-12-20,5,DRL,11.12
2025-12-20,5,DRH,3.747
2025-12-20,6,DCL,3.726
2025-12-20,6,DCH,1.433
2025-12-20,6,DML,1.16
2025-12-20,6,DMH,0.634
2025-12-20,6,DRL,5.842
2025-12-20,6,DRH,8.865
2025-12-21,1,DCL,2.211
2025-12-21,1,DCH,2.201
2025-12-21,1,DML,3.145
2025-12-21,1,DMH,1.261
2025-12-21,1,DRL,2.199
2025-12-21,1,DRH,2.62
2025-12-21,2,DCL,1.453
2025-12-21,2,DCH,0.488
2025-12-21,2,DML,2.403
2025-12-21,2,DMH,1.433
2025-12-21,2,DRL,2.252
2025-12-21,2,DRH,0.961
2025-12-21,3,DCL,2.914
2025-12-21,3,DCH,1.135
2025-12-21,3,DML,2.652
2025-12-21,3,DMH,0.875
2025-12-21,3,DRL,3.653
2025-12-21,3,DRH,1.455
2025-12-21,4,DCL,6.506
2025-12-21,4,DCH,2.845
2025-12-21,4,DML,3.467
2025-12-21,4,DMH,0.553
2025-12-21,4,DRL,6.071
2025-12-21,4,DRH,1.884
2025-12-21,5,DCL,4.46
2025-12-21,5,DCH,2.84
2025-12-21,5,DML,5.787
2025-12-21,5,DMH,2.41
2025-12-21,5,DRL,9.366
2025-12-21,5,DRH,4.878
2025-12-21,6,DCL,3.668
2025-12-21,6,DCH,0.55
2025-12-21,6,DML,1.671
2025-12-21,6,DMH,1.064
2025-12-21,6,DRL,6.179
2025-12-21,6,DRH,2.001
2025-12-22,1,DCL,9.63
2025-12-22,1,DCH,0.753
2025-12-22,1,DML,3.071
2025-12-22,1,DMH,1.716
2025-12-22,1,DRL,4.703
2025-12-22,1,DRH,1.542
2025-12-22,2,DCL,3.125
2025-12-22,2,DCH,0.81
2025-12-22,2,DML,2.435
2025-12-22,2,DMH,2.212
2025-12-22,2,DRL,3.088
2025-12-22,2,DRH,1.251
2025-12-22,3,DCL,4.375
2025-12-22,3,DCH,1.637
2025-12-22,3,DML,3.11
2025-12-22,3,DMH,0.986
2025-12-22,3,DRL,6.514
2025-12-22,3,DRH,3.246
2025-12-22,4,DCL,2.357
2025-12-22,4,DCH,1.776
2025-12-22,4,DML,2.122
2025-12-22,4,DMH,0.946
2025-12-22,4,DRL,9.283
2025-12-22,4,DRH,1.2
2025-12-22,5,DCL,4.675
2025-12-22,5,DCH,0.795
2025-12-22,5,DML,6.667
2025-12-22,5,DMH,2.545
2025-12-22,5,DRL,9.813
2025-12-22,5,DRH,2.095
2025-12-22,6,DCL,2.507
2025-12-22,6,DCH,1.871
2025-12-22,6,DML,4.185
2025-12-22,6,DMH,2.378
2025-12-22,6,DRL,6.228
2025-12-22,6,DRH,1.781
2025-12-23,1,DCL,3.038
2025-12-23,1,DCH,2.658
2025-12-23,1,DML,4.66
2025-12-23,1,DMH,1.138
2025-12-23,1,DRL,5.791
2025-12-23,1,DRH,4.14
2025-12-23,2,DCL,2.801
2025-12-23,2,DCH,1.155
2025-12-23,2,DML,0.984
2025-12-23,2,DMH,0.611
2025-12-23,2,DRL,4.603
2025-12-23,2,DRH,1.562
2025-12-23,3,DCL,3.411
2025-12-23,3,DCH,0.955
2025-12-23,3,DML,1.701
2025-12-23,3,DMH,1.472
2025-12-23,3,DRL,6.947
2025-12-23,3,DRH,3.927
2025-12-23,4,DCL,4.262
2025-12-23,4,DCH,1.396
2025-12-23,4,DML,2.652
2025-12-23,4,DMH,1.464
2025-12-23,4,DRL,4.472
2025-12-23,4,DRH,1.093
2025-12-23,5,DCL,5.114
2025-12-23,5,DCH,3.579
2025-12-23,5,DML,4.375
2025-12-23,5,DMH,0.618
2025-12-23,5,DRL,11.82
2025-12-23,5,DRH,1.851
2025-12-23,6,DCL,3.023
2025-12-23,6,DCH,0.507
2025-12-23,6,DML,4.342
2025-12-23,6,DMH,2.393
2025-12-23,6,DRL,5.979
2025-12-23,6,DRH,1.162
2025-12-24,1,DCL,2.903
2025-12-24,1,DCH,1.059
2025-12-24,1,DML,1.908
2025-12-24,1,DMH,1.234
2025-12-24,1,DRL,4.809
2025-12-24,1,DRH,1.969
2025-12-24,2,DCL,4.129
2025-12-24,2,DCH,0.738
2025-12-24,2,DML,1.058
2025-12-24,2,DMH,1.498
2025-12-24,2,DRL,9.464
2025-12-24,2,DRH,1.258
2025-12-24,3,DCL,3.179
2025-12-24,3,DCH,0.622
2025-12-24,3,DML,1.592
2025-12-24,3,DMH,1.118
2025-12-24,3,DRL,5.101
2025-12-24,3,DRH,3.374
2025-12-24,4,DCL,4.881
2025-12-24,4,DCH,3.163
2025-12-24,4,DML,1.375
2025-12-24,4,DMH,0.373
2025-12-24,4,DRL,4.905
2025-12-24,4,DRH,3.18
2025-12-24,5,DCL,3.371
2025-12-24,5,DCH,2.24
2025-12-24,5,DML,3.022
2025-12-24,5,DMH,2.51
2025-12-24,5,DRL,6.338
2025-12-24,5,DRH,3.145
2025-12-24,6,DCL,4.975
2025-12-24,6,DCH,3.422
2025-12-24,6,DML,1.114
2025-12-24,6,DMH,0.996
2025-12-24,6,DRL,4.951
2025-12-24,6,DRH,3.185
2025-12-25,1,DCL,4.192
2025-12-25,1,DCH,1.41
2025-12-25,1,DML,1.291
2025-12-25,1,DMH,1.367
2025-12-25,1,DRL,5.085
2025-12-25,1,DRH,3.074
2025-12-25,2,DCL,3.569
2025-12-25,2,DCH,0.345
2025-12-25,2,DML,1.767
2025-12-25,2,DMH,0.634
2025-12-25,2,DRL,5.957
2025-12-25,2,DRH,1.367
2025-12-25,3,DCL,3.323
2025-12-25,3,DCH,1.076
2025-12-25,3,DML,2.01
2025-12-25,3,DMH,1.69
2025-12-25,3,DRL,5.037
2025-12-25,3,DRH,1.026
2025-12-25,4,DCL,3.383
2025-12-25,4,DCH,2.013
2025-12-25,4,DML,2.091
2025-12-25,4,DMH,2.661
2025-12-25,4,DRL,2.849
2025-12-25,4,DRH,2.592
2025-12-25,5,DCL,9.381
2025-12-25,5,DCH,1.884
2025-12-25,5,DML,4.305
2025-12-25,5,DMH,2.019
2025-12-25,5,DRL,3.248
2025-12-25,5,DRH,2.316
2025-12-25,6,DCL,8.259
2025-12-25,6,DCH,2.357
2025-12-25,6,DML,3.525
2025-12-25,6,DMH,1.608
2025-12-25,6,DRL,9.935
2025-12-25,6,DRH,1.789
2025-12-26,1,DCL,4.149
2025-12-26,1,DCH,1.417
2025-12-26,1,DML,3.52
2025-12-26,1,DMH,2.372
2025-12-26,1,DRL,2.789
2025-12-26,1,DRH,9.37
2025-12-26,2,DCL,2.914
2025-12-26,2,DCH,2.479
2025-12-26,2,DML,3.804
2025-12-26,2,DMH,0.673
2025-12-26,2,DRL,3.869
2025-12-26,2,DRH,2.513
2025-12-26,3,DCL,4.211
2025-12-26,3,DCH,0.937
2025-12-26,3,DML,4.426
2025-12-26,3,DMH,0.642
2025-12-26,3,DRL,3.974
2025-12-26,3,DRH,2.474
2025-12-26,4,DCL,3.272
2025-12-26,4,DCH,0.936
2025-12-26,4,DML,2.348
2025-12-26,4,DMH,1.104
2025-12-26,4,DRL,2.656
2025-12-26,4,DRH,4.563
2025-12-26,5,DCL,2.601
2025-12-26,5,DCH,1.363
2025-12-26,5,DML,2.968
2025-12-26,5,DMH,1.2
2025-12-26,5,DRL,25.157
2025-12-26,5,DRH,5.463
2025-12-26,6,DCL,7.975
2025-12-26,6,DCH,1.742
2025-12-26,6,DML,1.863
2025-12-26,6,DMH,1.392
2025-12-26,6,DRL,7.711
2025-12-26,6,DRH,3.866
2025-12-27,1,DCL,1.629
2025-12-27,1,DCH,0.783
2025-12-27,1,DML,1.506
2025-12-27,1,DMH,0.85
2025-12-27,1,DRL,3.373
2025-12-27,1,DRH,1.9
2025-12-27,2,DCL,2.052
2025-12-27,2,DCH,1.519
2025-12-27,2,DML,2.297
2025-12-27,2,DMH,0.656
2025-12-27,2,DRL,5.844
2025-12-27,2,DRH,2.672
2025-12-27,3,DCL,7.261
2025-12-27,3,DCH,3.648
2025-12-27,3,DML,1.425
2025-12-27,3,DMH,2.312
2025-12-27,3,DRL,1.837
2025-12-27,3,DRH,0.542
2025-12-27,4,DCL,3.659
2025-12-27,4,DCH,0.853
2025-12-27,4,DML,2.897
2025-12-27,4,DMH,2.59
2025-12-27,4,DRL,4.274
2025-12-27,4,DRH,1.134
2025-12-27,5,DCL,2.329
2025-12-27,5,DCH,1.537
2025-12-27,5,DML,1.959
2025-12-27,5,DMH,1.701
2025-12-27,5,DRL,9.133
2025-12-27,5,DRH,3.046
2025-12-27,6,DCL,2.988
2025-12-27,6,DCH,0.732
2025-12-27,6,DML,3.044
2025-12-27,6,DMH,2.17
2025-12-27,6,DRL,4.136
2025-12-27,6,DRH,1.755
2025-12-28,1,DCL,2.812
2025-12-28,1,DCH,1.147
2025-12-28,1,DML,1.592
2025-12-28,1,DMH,0.768
2025-12-28,1,DRL,3.454
2025-12-28,1,DRH,2.074
2025-12-28,2,DCL,1.736
2025-12-28,2,DCH,1.876
2025-12-28,2,DML,1.977
2025-12-28,2,DMH,1.342
2025-12-28,2,DRL,2.705
2025-12-28,2,DRH,1.07
2025-12-28,3,DCL,2.155
2025-12-28,3,DCH,0.343
2025-12-28,3,DML,1.334
2025-12-28,3,DMH,3.209
2025-12-28,3,DRL,4.49
2025-12-28,3,DRH,1.395
2025-12-28,4,DCL,3.148
2025-12-28,4,DCH,0.869
2025-12-28,4,DML,3.19
2025-12-28,4,DMH,1.143
2025-12-28,4,DRL,7.902
2025-12-28,4,DRH,1.205
2025-12-28,5,DCL,6.049
2025-12-28,5,DCH,4.94
2025-12-28,5,DML,3.187
2025-12-28,5,DMH,3.737
2025-12-28,5,DRL,10.011
2025-12-28,5,DRH,3.031
2025-12-28,6,DCL,4.896
2025-12-28,6,DCH,1.9
2025-12-28,6,DML,3.119
2025-12-28,6,DMH,1.339
2025-12-28,6,DRL,4.024
2025-12-28,6,DRH,1.639
2025-12-29,1,DCL,1.466
2025-12-29,1,DCH,0.888
2025-12-29,1,DML,2.612
2025-12-29,1,DMH,1.542
2025-12-29,1,DRL,6.058
2025-12-29,1,DRH,0.55
2025-12-29,2,DCL,2.154
2025-12-29,2,DCH,0.816
2025-12-29,2,DML,5.936
2025-12-29,2,DMH,1.158
2025-12-29,2,DRL,5.505
2025-12-29,2,DRH,1.397
2025-12-29,3,DCL,6.671
2025-12-29,3,DCH,1.432
2025-12-29,3,DML,0.998
2025-12-29,3,DMH,3.875
2025-12-29,3,DRL,5.131
2025-12-29,3,DRH,2.117
2025-12-29,4,DCL,7.997
2025-12-29,4,DCH,1.69
2025-12-29,4,DML,2.919
2025-12-29,4,DMH,1.453
2025-12-29,4,DRL,1.96
2025-12-29,4,DRH,1.7
2025-12-29,5,DCL,2.011
2025-12-29,5,DCH,1.036
2025-12-29,5,DML,6.547
2025-12-29,5,DMH,1.868
2025-12-29,5,DRL,12.509
2025-12-29,5,DRH,8.936
2025-12-29,6,DCL,1.75
2025-12-29,6,DCH,1.758
2025-12-29,6,DML,4.812
2025-12-29,6,DMH,2.605
2025-12-29,6,DRL,9.869
2025-12-29,6,DRH,1.05
2025-12-30,1,DCL,2.552
2025-12-30,1,DCH,1.088
2025-12-30,1,DML,2.088
2025-12-30,1,DMH,1.268
2025-12-30,1,DRL,2.273
2025-12-30,1,DRH,3.674
2025-12-30,2,DCL,4.783
2025-12-30,2,DCH,1.767
2025-12-30,2,DML,0.718
2025-12-30,2,DMH,1.145
2025-12-30,2,DRL,3.59
2025-12-30,2,DRH,0.923
2025-12-30,3,DCL,3.03
2025-12-30,3,DCH,0.602
2025-12-30,3,DML,7.746
2025-12-30,3,DMH,1.884
2025-12-30,3,DRL,6.666
2025-12-30,3,DRH,0.946
2025-12-30,4,DCL,3.147
2025-12-30,4,DCH,1.07
2025-12-30,4,DML,1.724
2025-12-30,4,DMH,0.979
2025-12-30,4,DRL,3.953
2025-12-30,4,DRH,2.809
2025-12-30,5,DCL,3.485
2025-12-30,5,DCH,1.076
2025-12-30,5,DML,6.368
2025-12-30,5,DMH,1.99
2025-12-30,5,DRL,11.26
2025-12-30,5,DRH,1.069
2025-12-30,6,DCL,3.326
2025-12-30,6,DCH,2.007
2025-12-30,6,DML,1.899
2025-12-30,6,DMH,1.129
2025-12-30,6,DRL,12.423
2025-12-30,6,DRH,1.737
2025-12-31,1,DCL,2.714
2025-12-31,1,DCH,1.253
2025-12-31,1,DML,1.518
2025-12-31,1,DMH,1.965
2025-12-31,1,DRL,3.948
2025-12-31,1,DRH,4.194
2025-12-31,2,DCL,1.807
2025-12-31,2,DCH,1.06
2025-12-31,2,DML,1.284
2025-12-31,2,DMH,1.686
2025-12-31,2,DRL,1.408
2025-12-31,2,DRH,0.575
2025-12-31,3,DCL,2.805
2025-12-31,3,DCH,3.561
2025-12-31,3,DML,3.032
2025-12-31,3,DMH,0.929
2025-12-31,3,DRL,4.004
2025-12-31,3,DRH,1.17
2025-12-31,4,DCL,3.807
2025-12-31,4,DCH,1.048
2025-12-31,4,DML,2.249
2025-12-31,4,DMH,1.69
2025-12-31,4,DRL,8.505
2025-12-31,4,DRH,2.604
2025-12-31,5,DCL,4.098
2025-12-31,5,DCH,3.155
2025-12-31,5,DML,7.194
2025-12-31,5,DMH,0.625
2025-12-31,5,DRL,18.222
2025-12-31,5,DRH,4.479
2025-12-31,6,DCL,9.699
2025-12-31,6,DCH,1.142
2025-12-31,6,DML,3.386
2025-12-31,6,DMH,0.687
2025-12-31,6,DRL,9.472
2025-12-31,6,DRH,2.491
2026-01-01,1,DCL,4.064
2026-01-01,1,DCH,1.984
2026-01-01,1,DML,1.8
2026-01-01,1,DMH,2.274
2026-01-01,1,DRL,3.689
2026-01-01,1,DRH,1.711
2026-01-01,2,DCL,1.89
2026-01-01,2,DCH,1.487
2026-01-01,2,DML,3.84
2026-01-01,2,DMH,0.498
2026-01-01,2,DRL,11.224
2026-01-01,2,DRH,0.972
2026-01-01,3,DCL,4.054
2026-01-01,3,DCH,1.885
2026-01-01,3,DML,1.29
2026-01-01,3,DMH,1.457
2026-01-01,3,DRL,3.274
2026-01-01,3,DRH,1.418
2026-01-01,4,DCL,3.725
2026-01-01,4,DCH,1.009
2026-01-01,4,DML,3.015
2026-01-01,4,DMH,1.451
2026-01-01,4,DRL,7.809
2026-01-01,4,DRH,4.006
2026-01-01,5,DCL,7.327
2026-01-01,5,DCH,3.993
2026-01-01,5,DML,5.039
2026-01-01,5,DMH,1.466
2026-01-01,5,DRL,13.109
2026-01-01,5,DRH,1.032
2026-01-01,6,DCL,1.668
2026-01-01,6,DCH,1.094
2026-01-01,6,DML,4.816
2026-01-01,6,DMH,1.08
2026-01-01,6,DRL,4.887
2026-01-01,6,DRH,2.126
